step,time,residual_inf,residual_rate_inf,iterations,linear_solves,residual_evaluations,jacobian_evaluations,decrease_rejections,phase_min,phase_max
1,1.3606250000000002,2.1955093992831465e-16,3.5128150388530344e-13,3,3,7,4,0,8.99085654213616e-08,0.9704144041451088
2,1.36125,2.1532932771919921e-16,3.4452692435071874e-13,3,3,7,4,0,8.947991638873654e-08,0.9704537799503802
3,1.3618750000000002,1.5975719011573908e-16,2.5561150418518253e-13,3,3,7,4,0,8.905321501122701e-08,0.9704877413227032
4,1.3625,2.1032844519860983e-16,3.365255123177757e-13,3,3,7,4,0,8.862845245834686e-08,0.9705164014850464
5,1.3631250000000001,2.020681798969859e-16,3.233090878351774e-13,3,3,7,4,0,8.820561997002827e-08,0.9705398716590463
6,1.36375,2.1215126010110108e-16,3.3944201616176173e-13,3,3,7,4,0,8.778470885535351e-08,0.9705582610589972
7,1.3643750000000001,2.116836979142167e-16,3.3869391666274673e-13,3,3,7,4,0,8.736571049128546e-08,0.9705716768888267
8,1.365,2.2325077984192143e-16,3.572012477470743e-13,3,3,7,4,0,8.694861632139421e-08,0.9705802243418196
9,1.365625,2.532018648568335e-16,4.051229837709336e-13,3,3,7,4,0,8.653341785458279e-08,0.9705840066028688
10,1.3662500000000002,1.8610330290713684e-16,2.9776528465141894e-13,3,3,7,4,0,8.612010666381491e-08,0.9705831248530555
11,1.366875,2.3510924110348164e-16,3.761747857655706e-13,3,3,7,4,0,8.570867438484259e-08,0.9705776782763722
12,1.3675000000000002,2.1684721076067892e-16,3.4695553721708627e-13,3,3,7,4,0,8.529911271493638e-08,0.970567764068427
13,1.368125,1.9512928599307866e-16,3.1220685758892586e-13,3,3,7,4,0,8.489141341161965e-08,0.97055347744697
14,1.3687500000000001,2.1978810915354585e-16,3.5166097464567336e-13,3,3,7,4,0,8.448556829140764e-08,0.9705349116641045
15,1.369375,2.13316777436523e-16,3.413068438984368e-13,3,3,7,4,0,8.408156922855218e-08,0.9705121580200552
16,1.37,1.6400929551095567e-16,2.6241487281752907e-13,3,3,7,4,0,8.367940815379346e-08,0.9704853058783706
17,1.3706250000000002,1.6988855119784776e-16,2.718216819165564e-13,3,3,7,4,0,8.327907705312057e-08,0.9704544426824543
18,1.37125,1.8344700758454735e-16,2.9351521213527576e-13,3,3,7,4,0,8.288056796654071e-08,0.9704196539733204
19,1.3718750000000002,2.2741140567883456e-16,3.638582490861353e-13,3,3,7,4,0,8.248387298685811e-08,0.9703810234084802
20,1.3725,2.0285422647203788e-16,3.245667623552606e-13,3,3,7,4,0,8.208898425846604e-08,0.9703386327818729
21,1.3731250000000002,1.850733108432756e-16,2.9611729734924097e-13,3,3,7,4,0,8.16958939761501e-08,0.9702925620447561
22,1.37375,2.0448052973076614e-16,3.271688475692258e-13,3,3,7,4,0,8.130459438390546e-08,0.970242889327483
23,1.3743750000000001,2.1820923973986384e-16,3.4913478358378214e-13,3,3,7,4,0,8.091507777376805e-08,0.9701896909620898
24,1.375,2.5286305167793177e-16,4.0458088268469083e-13,3,3,7,4,0,8.052733648466226e-08,0.970133041505628
25,1.375625,2.2199039481640703e-16,3.5518463170625125e-13,3,3,7,4,0,8.014136290126376e-08,0.9700730137641773
26,1.3762500000000002,9.426852596867551e-11,1.5082964154988082e-07,2,2,5,3,0,7.975714945818131e-08,0.9700096788174071
27,1.376875,8.717835713034899e-11,1.3948537140855838e-07,2,2,5,3,0,7.937468862290778e-08,0.9699431060439471
28,1.3775000000000002,8.059787907877761e-11,1.2895660652604418e-07,2,2,5,3,0,7.899397291073147e-08,0.9698733631469235
29,1.378125,7.449354531125461e-11,1.1918967249800738e-07,2,2,5,3,0,7.861499487832757e-08,0.9698005161801514
30,1.3787500000000001,6.883355436202235e-11,1.1013368697923576e-07,2,2,5,3,0,7.82377471227165e-08,0.9697246295746806
31,1.379375,6.358782714244691e-11,1.0174052342791506e-07,2,2,5,3,0,7.78622222802425e-08,0.9696457661656932
32,1.3800000000000001,5.872800366130658e-11,9.396480585809053e-08,2,2,5,3,0,7.74884130255761e-08,0.9695639872197052
33,1.380625,5.4227347560790486e-11,8.676375609726478e-08,2,2,5,3,0,7.711631207073707e-08,0.9694793524620264
34,1.38125,5.0060767231335963e-11,8.009722757013754e-08,2,2,5,3,0,7.674591216414191e-08,0.9693919201044365
35,1.3818750000000002,4.6204700669357814e-11,7.39275210709725e-08,2,2,5,3,0,7.637720608967504e-08,0.9693017468730338
36,1.3825,4.2637064167380494e-11,6.821930266780879e-08,2,2,5,3,0,7.601018666578288e-08,0.9692088880362166
37,1.3831250000000002,3.9337223691100764e-11,6.293955790576122e-08,2,2,5,3,0,7.56448467445943e-08,0.9691133974327599
38,1.38375,3.62858556949338e-11,5.8057369111894075e-08,2,2,5,3,0,7.528117921106522e-08,0.9690153274999462
39,1.3843750000000001,3.346496170453239e-11,5.354393872725183e-08,2,2,5,3,0,7.491917698214859e-08,0.9689147293017197
40,1.385,3.085772678774589e-11,4.9372362860393426e-08,2,2,5,3,0,7.455883300599052e-08,0.9688116525568233
41,1.385625,2.8448496718611917e-11,4.551759474977907e-08,2,2,5,3,0,7.420014026115272e-08,0.9687061456668906
42,1.3862500000000002,2.622269807165626e-11,4.1956316914650016e-08,2,2,5,3,0,7.384309175586068e-08,0.9685982557444573
43,1.386875,2.416674960191781e-11,3.8666799363068494e-08,2,2,5,3,0,7.348768052727877e-08,0.9684880286408638
44,1.3875000000000002,2.2268071311589213e-11,3.562891409854274e-08,2,2,5,3,0,7.313389964081211e-08,0.968375508974018
45,1.388125,2.0514928921215245e-11,3.282388627394439e-08,2,2,5,3,0,7.278174218943532e-08,0.9682607401559941
46,1.3887500000000002,1.889644641933294e-11,3.0234314270932705e-08,2,2,5,3,0,7.243120129304754e-08,0.9681437644204347
47,1.389375,1.7402531821727844e-11,2.784405091476455e-08,2,2,5,3,0,7.208227009785536e-08,0.9680246228497401
48,1.3900000000000001,1.6023816469664873e-11,2.5638106351463796e-08,2,2,5,3,0,7.17349417757826e-08,0.9679033554020128
49,1.390625,1.4751615632691874e-11,2.3602585012306998e-08,2,2,5,3,0,7.138920952390572e-08,0.9677800009377391
50,1.39125,1.357787588417668e-11,2.1724601414682687e-08,2,2,5,3,0,7.104506656391754e-08,0.9676545972461884
51,1.3918750000000002,1.249515444725572e-11,1.9992247115609152e-08,2,2,5,3,0,7.070250614161723e-08,0.9675271810715056
52,1.3925,1.1617538853668508e-11,1.8588062165869612e-08,2,2,5,3,0,7.036152152642632e-08,0.9673977881384824
53,1.3931250000000002,1.1565554070003259e-11,1.8504886512005214e-08,2,2,5,3,0,7.002210601093169e-08,0.9672664531779904
54,1.39375,1.150928202568735e-11,1.841485124109976e-08,2,2,5,3,0,6.968425291045397e-08,0.9671332099520565
55,1.3943750000000001,1.144921700849122e-11,1.831874721358595e-08,2,2,5,3,0,6.93479555626428e-08,0.9669980912785706
56,1.395,1.138525005609653e-11,1.8216400089754448e-08,2,2,5,3,0,6.90132073270959e-08,0.9668611290556095
57,1.3956250000000001,1.1317870902624594e-11,1.810859344419935e-08,2,2,5,3,0,6.868000158500515e-08,0.9667223542853655
58,1.39625,1.1247219301735445e-11,1.7995550882776712e-08,2,2,5,3,0,6.834833173882607e-08,0.9665817970976699
59,1.396875,1.1173195506829214e-11,1.7877112810926743e-08,2,2,5,3,0,6.801819121197246e-08,0.9664394867730981
60,1.3975000000000002,1.1096612452694832e-11,1.775457992431173e-08,2,2,5,3,0,6.768957344853429e-08,0.9662954517656528
61,1.398125,1.1017271296653863e-11,1.762763407464618e-08,2,2,5,3,0,6.736247191301899e-08,0.9661497197250128
62,1.3987500000000002,1.0935278073678778e-11,1.7496444917886045e-08,2,2,5,3,0,6.703688009011643e-08,0.9660023175183436
63,1.399375,1.0851069500404653e-11,1.7361711200647445e-08,2,2,5,3,0,6.671279148448553e-08,0.965853271251662
64,1.4000000000000001,1.0764785981012825e-11,1.722365756962052e-08,2,2,5,3,0,6.639019962056235e-08,0.9657026062907523
65,1.400625,1.0676360620229253e-11,1.7082176992366804e-08,2,2,5,3,0,6.606909804239054e-08,0.9655503472816287
66,1.40125,1.0586295728920447e-11,1.6938073166272716e-08,2,2,5,3,0,6.574948031347094e-08,0.9653965181705408
67,1.4018750000000002,1.0494477682698733e-11,1.6791164292317973e-08,2,2,5,3,0,6.543134001663225e-08,0.9652411422235213
68,1.4025,1.0400955812762958e-11,1.6641529300420732e-08,2,2,5,3,0,6.51146707539198e-08,0.9650842420454716
69,1.4031250000000002,1.0306408504412445e-11,1.6490253607059913e-08,2,2,5,3,0,6.479946614650414e-08,0.9649258395987909
70,1.40375,1.0210371719117373e-11,1.6336594750587796e-08,2,2,5,3,0,6.448571983460627e-08,0.9647659562215409
71,1.4043750000000002,1.0113416506161987e-11,1.618146640985918e-08,2,2,5,3,0,6.417342547744117e-08,0.9646046126451533
72,1.405,1.0015511965784374e-11,1.6024819145254998e-08,2,2,5,3,0,6.38625767531764e-08,0.9644418290116784
73,1.4056250000000001,9.916586757481582e-12,1.5866538811970532e-08,2,2,5,3,0,6.355316735890743e-08,0.9642776248905778
74,1.40625,9.816951830436682e-12,1.570712292869869e-08,2,2,5,3,0,6.324519101064714e-08,0.9641120192950634
75,1.406875,9.716886149868653e-12,1.5547017839789845e-08,2,2,5,3,0,6.293864144332995e-08,0.9639450306979864
76,1.4075000000000002,9.615947903392208e-12,1.5385516645427533e-08,2,2,5,3,0,6.263351241082831e-08,0.9637766770472797
77,1.408125,9.545864424441441e-12,1.5273383079106306e-08,2,2,5,3,0,6.23297976859833e-08,0.9636069757809573
78,1.4087500000000002,9.498899279994366e-12,1.5198238847990986e-08,2,2,5,3,0,6.202749106064499e-08,0.9634359438416767
79,1.409375,9.449961646534888e-12,1.511993863445582e-08,2,2,5,3,0,6.172658634572533e-08,0.9632635976908671
80,1.4100000000000001,9.398996880273514e-12,1.5038395008437622e-08,2,2,5,3,0,6.142707737126034e-08,0.9630899533224309
81,1.410625,9.346779318401832e-12,1.495484690944293e-08,2,2,5,3,0,6.112895798648217e-08,0.9629150262760223
82,1.4112500000000001,9.29255923511757e-12,1.4868094776188112e-08,2,2,5,3,0,6.083222205989878e-08,0.9627388316499115
83,1.4118750000000002,9.237115846522093e-12,1.4779385354435348e-08,2,2,5,3,0,6.053686347938277e-08,0.9625613841134362
84,1.4125,9.179983596202534e-12,1.4687973753924055e-08,2,2,5,3,0,6.02428761522658e-08,0.962382697919053
85,1.4131250000000002,9.121786767769813e-12,1.45948588284317e-08,2,2,5,3,0,5.99502540054399e-08,0.9622027869139901
86,1.41375,9.062428867230576e-12,1.4499886187568922e-08,2,2,5,3,0,5.965899098546499e-08,0.9620216645515117
87,1.4143750000000002,9.001975380396043e-12,1.440316060863367e-08,2,2,5,3,0,5.936908105867956e-08,0.961839343901799
88,1.415,8.94033545112416e-12,1.4304536721798655e-08,2,2,5,3,0,5.908051821131629e-08,0.9616558376624569
89,1.4156250000000001,8.877980056838652e-12,1.4204768090941844e-08,2,2,5,3,0,5.8793296449621484e-08,0.9614711581686521
90,1.41625,8.814838399137659e-12,1.4103741438620254e-08,2,2,5,3,0,5.850740979997606e-08,0.9612853174028929
91,1.416875,8.750594866768768e-12,1.400095178683003e-08,2,2,5,3,0,5.822285230901893e-08,0.9610983270044547
92,1.4175000000000002,8.685978802533412e-12,1.3897566084053459e-08,2,2,5,3,0,5.7939618043771776e-08,0.9609101982784624
93,1.418125,8.620617999825775e-12,1.379298879972124e-08,2,2,5,3,0,5.765770109176473e-08,0.9607209422046352
94,1.4187500000000002,8.554588461218149e-12,1.3687341537949038e-08,2,2,5,3,0,5.737709556116175e-08,0.9605305694457037
95,1.419375,8.48823713140573e-12,1.3581179410249167e-08,2,2,5,3,0,5.709779558088576e-08,0.9603390903555057
96,1.4200000000000002,8.421338930017508e-12,1.3474142288028013e-08,2,2,5,3,0,5.681979530074236e-08,0.9601465149867684
97,1.420625,8.35411666059993e-12,1.3366586656959889e-08,2,2,5,3,0,5.6543088891542855e-08,0.9599528530985882
98,1.4212500000000001,8.28666519084309e-12,1.3258664305348944e-08,2,2,5,3,0,5.6267670545224274e-08,0.9597581141636117
99,1.421875,8.218763994025102e-12,1.3150022390440164e-08,2,2,5,3,0,5.599353447496729e-08,0.95956230737493
100,1.4225,8.15073648765402e-12,1.3041178380246432e-08,2,2,5,3,0,5.572067491531197e-08,0.9593654416526904
101,1.4231250000000002,8.082422643489184e-12,1.2931876229582695e-08,2,2,5,3,0,5.544908612226877e-08,0.9591675256504383
102,1.42375,8.014317833503204e-12,1.2822908533605126e-08,2,2,5,3,0,5.517876237342699e-08,0.9589685677611919
103,1.4243750000000002,7.945813711857097e-12,1.2713301938971355e-08,2,2,5,3,0,5.4909697968058576e-08,0.9587685761232635
104,1.425,7.87745660802558e-12,1.2603930572840927e-08,2,2,5,3,0,5.464188722721791e-08,0.9585675586258292
105,1.4256250000000001,7.809024911084594e-12,1.2494439857735351e-08,2,2,5,3,0,5.437532449383701e-08,0.9583655229142601
106,1.42625,7.740606007729245e-12,1.2384969612366792e-08,2,2,5,3,0,5.4110004132815396e-08,0.95816247639522
107,1.4268750000000001,7.67227796051595e-12,1.227564473682552e-08,2,2,5,3,0,5.3845920531105585e-08,0.9579584262415375
108,1.4275000000000002,7.603946443855703e-12,1.2166314310169124e-08,2,2,5,3,0,5.358306809779251e-08,0.9577533793968617
109,1.428125,7.535822877172138e-12,1.2057316603475421e-08,2,2,5,3,0,5.332144126416827e-08,0.9575473425801079
110,1.4287500000000002,7.468155217502104e-12,1.1949048348003366e-08,2,2,5,3,0,5.306103448380065e-08,0.9573403222897006
111,1.429375,7.400458175953195e-12,1.1840733081525112e-08,2,2,5,3,0,5.280184223259635e-08,0.957132324807622
112,1.4300000000000002,7.332953038188816e-12,1.1732724861102106e-08,2,2,5,3,0,5.254385900885855e-08,0.9569233562032737
113,1.430625,7.265935140880753e-12,1.1625496225409204e-08,2,2,5,3,0,5.228707933333804e-08,0.9567134223371572
114,1.4312500000000001,7.19901493018843e-12,1.1518423888301488e-08,2,2,5,3,0,5.2031497749279556e-08,0.9565025288643819
115,1.431875,7.13246540821888e-12,1.1411944653150208e-08,2,2,5,3,0,5.177710882246092e-08,0.9562906812380084
116,1.4325,7.073310470326333e-12,1.1317296752522132e-08,2,2,5,3,0,5.1523907141227675e-08,0.9560778847122309
117,1.433125,7.020544302155374e-12,1.1232870883448598e-08,2,2,5,3,0,5.1271887316521526e-08,0.9558641443454091
118,1.43375,6.967784747617667e-12,1.1148455596188267e-08,2,2,5,3,0,5.1021043981902325e-08,0.9556494650029547
119,1.4343750000000002,6.9148433181655256e-12,1.1063749309064841e-08,2,2,5,3,0,5.0771371793565376e-08,0.9554338513600774
120,1.435,6.862115584961581e-12,1.097938493593853e-08,2,2,5,3,0,5.0522865430353083e-08,0.9552173079044023
121,1.4356250000000002,6.8092969956155824e-12,1.0894875192984932e-08,2,2,5,3,0,5.0275519593760595e-08,0.9549998389384584
122,1.43625,6.756649601792619e-12,1.081063936286819e-08,2,2,5,3,0,5.002932900793719e-08,0.9547814485820488
123,1.4368750000000001,6.7041280838418815e-12,1.072660493414701e-08,2,2,5,3,0,4.9784288419681006e-08,0.9545621407745086
124,1.4375,6.651458518084491e-12,1.0642333628935186e-08,2,2,5,3,0,4.954039259843079e-08,0.9543419192768537
125,1.438125,6.599451454064598e-12,1.0559122326503356e-08,2,2,5,3,0,4.929763633625131e-08,0.9541207876738301
126,1.4387500000000002,6.547280567096442e-12,1.0475648907354307e-08,2,2,5,3,0,4.9056014447814776e-08,0.9538987493758656
127,1.439375,6.495254095857661e-12,1.0392406553372258e-08,2,2,5,3,0,4.881552177037769e-08,0.9536758076209338
128,1.4400000000000002,6.443682176379695e-12,1.0309891482207512e-08,2,2,5,3,0,4.8576153163754005e-08,0.9534519654763322
129,1.440625,6.391987416795586e-12,1.0227179866872937e-08,2,2,5,3,0,4.8337903510283886e-08,0.9532272258403806
130,1.4412500000000001,6.3406974440925745e-12,1.014511591054812e-08,2,2,5,3,0,4.8100767714798554e-08,0.9530015914440481
131,1.441875,6.289780165886355e-12,1.0063648265418168e-08,2,2,5,3,0,4.786474070458239e-08,0.9527750648525077
132,1.4425000000000001,6.239257428850703e-12,9.982811886161125e-09,2,2,5,3,0,4.7629817429330675e-08,0.9525476484666314
133,1.4431250000000002,6.18869295003141e-12,9.901908720050256e-09,2,2,5,3,0,4.73959928611052e-08,0.9523193445244212
134,1.44375,6.138603134923232e-12,9.82176501587717e-09,2,2,5,3,0,4.7163261994286684e-08,0.9520901551023901
135,1.4443750000000002,6.08890276523541e-12,9.742244424376656e-09,2,2,5,3,0,4.69316198455247e-08,0.9518600821168908
136,1.445,6.03954988234387e-12,9.663279811750192e-09,2,2,5,3,0,4.670106145368521e-08,0.9516291273253987
137,1.4456250000000002,5.990416821442801e-12,9.584666914308482e-09,2,2,5,3,0,4.6471581879795754e-08,0.9513972923277552
138,1.44625,5.941726928179736e-12,9.506763085087577e-09,2,2,5,3,0,4.624317620698941e-08,0.9511645785673718
139,1.4468750000000001,5.893341370466487e-12,9.42934619274638e-09,2,2,5,3,0,4.601583954044651e-08,0.9509309873324026
140,1.4475,5.845440667964774e-12,9.352705068743639e-09,2,2,5,3,0,4.578956700733496e-08,0.9506965197568858
141,1.448125,5.7979793926035694e-12,9.276767028165711e-09,2,2,5,3,0,4.5564353756750194e-08,0.9504611768218602
142,1.44875,5.750717718862319e-12,9.201148350179711e-09,2,2,5,3,0,4.534019495965296e-08,0.9502249593564591
143,1.449375,5.704079027689379e-12,9.126526444303007e-09,2,2,5,3,0,4.511708580880709e-08,0.949987868038985
144,1.4500000000000002,5.657842033421345e-12,9.052547253474152e-09,2,2,5,3,0,4.489502151871655e-08,0.9497499033979692
145,1.450625,5.61162834950002e-12,8.978605359200031e-09,2,2,5,3,0,4.467399732556239e-08,0.949511065813217
146,1.4512500000000002,5.5661686197694404e-12,8.905869791631105e-09,2,2,5,3,0,4.445400848713901e-08,0.9492713555168462
147,1.451875,5.52142533083444e-12,8.834280529335103e-09,2,2,5,3,0,4.4235050282790726e-08,0.9490307725943157
148,1.4525000000000001,5.476560936516772e-12,8.762497498426836e-09,2,2,5,3,0,4.4017118013348645e-08,0.948789316985452
149,1.453125,5.4324078872444725e-12,8.691852619591156e-09,2,2,5,3,0,4.380020700106771e-08,0.9485469884854727
150,1.45375,5.388751402567171e-12,8.622002244107474e-09,2,2,5,3,0,4.3584312589564566e-08,0.9483037867460125
151,1.4543750000000002,5.345512877827363e-12,8.552820604523781e-09,2,2,5,3,0,4.3369430143755653e-08,0.9480597112761506
152,1.455,5.302762244065173e-12,8.484419590504277e-09,2,2,5,3,0,4.315555504979613e-08,0.9478147614434458
153,1.4556250000000002,5.260592742667436e-12,8.416948388267897e-09,2,2,5,3,0,4.2942682715020335e-08,0.9475689364749765
154,1.45625,5.218613627171187e-12,8.349781803473899e-09,2,2,5,3,0,4.273080856788244e-08,0.9473222354583923
155,1.4568750000000001,5.1771961284002854e-12,8.283513805440457e-09,2,2,5,3,0,4.2519928057899026e-08,0.9470746573429767
156,1.4575,5.1363289706521376e-12,8.21812635304342e-09,2,2,5,3,0,4.2310036655592236e-08,0.946826200940721
157,1.4581250000000001,5.09604814943887e-12,8.153677039102192e-09,2,2,5,3,0,4.21011298524345e-08,0.9465768649274164
158,1.4587500000000002,5.055931368014299e-12,8.089490188822879e-09,2,2,5,3,0,4.189320316079498e-08,0.9463266478437597
159,1.459375,5.0165247390127066e-12,8.02643958242033e-09,2,2,5,3,0,4.1686252113886466e-08,0.9460755480964779
160,1.4600000000000002,4.977448357992853e-12,7.963917372788565e-09,2,2,5,3,0,4.1480272265714956e-08,0.9458235639594712
161,1.460625,4.939012306776069e-12,7.902419690841711e-09,2,2,5,3,0,4.127525919102982e-08,0.9455706935749781
162,1.4612500000000002,4.901131475491816e-12,7.841810360786905e-09,2,2,5,3,0,4.107120848527611e-08,0.9453169349547601
163,1.461875,4.863592384732329e-12,7.781747815571727e-09,2,2,5,3,0,4.0868115764547733e-08,0.9450622859813097
164,1.4625000000000001,4.826344402256155e-12,7.722151043609848e-09,2,2,5,3,0,4.0665976665542547e-08,0.9448067444090821
165,1.463125,4.789553627836118e-12,7.66328580453779e-09,2,2,5,3,0,4.0464786845519296e-08,0.9445503078657511
166,1.46375,4.753431480895853e-12,7.605490369433365e-09,2,2,5,3,0,4.0264541982255e-08,0.9442929738534906
167,1.464375,4.717801778582331e-12,7.54848284573173e-09,2,2,5,3,0,4.0065237774004726e-08,0.944034739750281
168,1.465,4.68241949120457e-12,7.491871185927312e-09,2,2,5,3,0,3.9866869939462404e-08,0.943775602811243
169,1.4656250000000002,4.647703337641584e-12,7.436325340226535e-09,2,2,5,3,0,3.966943421772239e-08,0.9435155601699976
170,1.46625,4.6135477166017735e-12,7.381676346562838e-09,2,2,5,3,0,3.947292636824316e-08,0.9432546088400545
171,1.4668750000000002,4.579549304876973e-12,7.327278887803157e-09,2,2,5,3,0,3.927734217081163e-08,0.9429927457162265
172,1.4675,4.546226242685414e-12,7.273961988296662e-09,2,2,5,3,0,3.908267742550812e-08,0.9427299675760737
173,1.4681250000000001,4.513354750698695e-12,7.221367601117912e-09,2,2,5,3,0,3.888892795267316e-08,0.9424662710813746
174,1.46875,4.480756477659442e-12,7.1692103642551075e-09,2,2,5,3,0,3.869608959287392e-08,0.9422016527796258
175,1.469375,4.448816749019757e-12,7.1181067984316115e-09,2,2,5,3,0,3.850415820687212e-08,0.9419361091055705
176,1.4700000000000002,4.4174128330937146e-12,7.067860532949943e-09,2,2,5,3,0,3.831312967559221e-08,0.9416696363827536
177,1.470625,4.386058682047389e-12,7.0176938912758224e-09,2,2,5,3,0,3.8122999900089615e-08,0.9414022308251067
178,1.4712500000000002,4.355442981100743e-12,6.968708769761189e-09,2,2,5,3,0,3.793376480151939e-08,0.9411338885385588
179,1.471875,4.325281994545238e-12,6.920451191272381e-09,2,2,5,3,0,3.774542032110475e-08,0.940864605522677
180,1.4725000000000001,4.295325271679029e-12,6.8725204346864466e-09,2,2,5,3,0,3.755796242010545e-08,0.9405943776723314
181,1.473125,4.266133995546595e-12,6.825814392874552e-09,2,2,5,3,0,3.737138707978574e-08,0.9403232007793889
182,1.4737500000000001,4.237037045003167e-12,6.779259272005067e-09,2,2,5,3,0,3.718569030138179e-08,0.9400510705344319
183,1.4743750000000002,4.208573593789122e-12,6.7337177500625955e-09,2,2,5,3,0,3.7000868106068377e-08,0.9397779825285021
184,1.475,4.180380434176678e-12,6.688608694682685e-09,2,2,5,3,0,3.681691653492409e-08,0.9395039322548697
185,1.4756250000000002,4.152650120471668e-12,6.644240192754669e-09,2,2,5,3,0,3.663383164889627e-08,0.939228915110827
186,1.47625,4.125459847868773e-12,6.600735756590037e-09,2,2,5,3,0,3.645160952876357e-08,0.9389529263995037
187,1.4768750000000002,4.09844131289e-12,6.557506100624e-09,2,2,5,3,0,3.627024627509778e-08,0.938675961331705
188,1.4775,4.071915114117752e-12,6.515064182588404e-09,2,2,5,3,0,3.608973800822266e-08,0.938398015027772
189,1.4781250000000001,4.045846123401642e-12,6.473353797442627e-09,2,2,5,3,0,3.59100808681721e-08,0.9381190825194606
190,1.47875,4.020098598629673e-12,6.432157757807477e-09,2,2,5,3,0,3.5731271014644784e-08,0.9378391587518409
191,1.479375,3.994724147825257e-12,6.391558636520411e-09,2,2,5,3,0,3.55533046269571e-08,0.9375582385852126
192,1.48,3.9695492986407954e-12,6.351278877825273e-09,2,2,5,3,0,3.5376177903992934e-08,0.9372763167970392
193,1.480625,3.945140871972064e-12,6.312225395155302e-09,2,2,5,3,0,3.5199887064150614e-08,0.936993388083897
194,1.4812500000000002,3.921017698894913e-12,6.273628318231861e-09,2,2,5,3,0,3.5024428345287205e-08,0.9367094470634371
195,1.481875,3.896973455735919e-12,6.235157529177471e-09,2,2,5,3,0,3.484979800465853e-08,0.9364244882763613
196,1.4825000000000002,3.873528667958093e-12,6.197645868732948e-09,2,2,5,3,0,3.467599231885645e-08,0.9361385061884084
197,1.483125,3.8503907093950795e-12,6.160625135032127e-09,2,2,5,3,0,3.4503007583742126e-08,0.935851495192351
198,1.4837500000000001,3.8276248490176634e-12,6.1241997584282615e-09,2,2,5,3,0,3.4330840114375574e-08,0.9355634496099993
199,1.484375,3.804906368275185e-12,6.087850189240296e-09,2,2,5,3,0,3.415948624494072e-08,0.9352743636942135
200,1.485,3.788662038175378e-12,6.061859261080604e-09,2,2,5,3,0,3.398894232866703e-08,0.9349842316309194
201,1.4856250000000002,3.779515654438181e-12,6.04722504710109e-09,2,2,5,3,0,3.3819204737745784e-08,0.9346930475411284
202,1.48625,3.7704785582799716e-12,6.0327656932479545e-09,2,2,5,3,0,3.365026986324265e-08,0.9344008054829589
203,1.4868750000000002,3.761771113792306e-12,6.01883378206769e-09,2,2,5,3,0,3.348213411500561e-08,0.9341074994536583
204,1.4875,3.753074782376908e-12,6.0049196518030534e-09,2,2,5,3,0,3.3314793921567546e-08,0.9338131233916235
205,1.4881250000000001,3.744544659154553e-12,5.9912714546472845e-09,2,2,5,3,0,3.314824573004485e-08,0.9335176711784168
206,1.48875,3.736584175753621e-12,5.978534681205794e-09,2,2,5,3,0,3.298248600603057e-08,0.9332211366407788
207,1.4893750000000001,3.72839590147625e-12,5.965433442362e-09,2,2,5,3,0,3.281751123348303e-08,0.932923513552633
208,1.4900000000000002,3.720428424971306e-12,5.95268547995409e-09,2,2,5,3,0,3.2653317914609454e-08,0.9326247956370832
209,1.490625,3.712752815691195e-12,5.940404505105912e-09,2,2,5,3,0,3.2489902569744414e-08,0.9323249765683996
210,1.4912500000000002,3.705047119800797e-12,5.928075391681276e-09,2,2,5,3,0,3.232726173722353e-08,0.9320240499739945
211,1.491875,3.697785187859598e-12,5.916456300575357e-09,2,2,5,3,0,3.216539197325217e-08,0.9317220094363828
212,1.4925000000000002,3.690440097611769e-12,5.9047041561788305e-09,2,2,5,3,0,3.200428985176966e-08,0.931418848495129
213,1.493125,3.683736638209617e-12,5.893978621135387e-09,2,2,5,3,0,3.1843951964307846e-08,0.9311145606487761
214,1.4937500000000001,3.676674307888372e-12,5.882678892621396e-09,2,2,5,3,0,3.168437491984592e-08,0.930809139356757
215,1.494375,3.669905687935654e-12,5.871849100697046e-09,2,2,5,3,0,3.152555534466001e-08,0.930502578041285
216,1.495,3.663434247798414e-12,5.861494796477462e-09,2,2,5,3,0,3.1367489882168456e-08,0.9301948700892232
217,1.495625,3.657111560199239e-12,5.851378496318782e-09,2,2,5,3,0,3.121017519277292e-08,0.9298860088539306
218,1.49625,3.650782042126377e-12,5.841251267402203e-09,2,2,5,3,0,3.105360795369498e-08,0.9295759876570836
219,1.4968750000000002,3.644692674834721e-12,5.831508279735553e-09,2,2,5,3,0,3.0897784858809425e-08,0.9292647997904714
220,1.4975,3.638897993693546e-12,5.822236789909674e-09,2,2,5,3,0,3.074270261847283e-08,0.9289524385177639
221,1.4981250000000002,3.633064118643836e-12,5.812902589830138e-09,2,2,5,3,0,3.058835795934961e-08,0.9286388970762508
222,1.49875,3.627526176577106e-12,5.80404188252337e-09,2,2,5,3,0,3.043474762423418e-08,0.9283241686785509
223,1.4993750000000001,3.621893583660718e-12,5.795029733857149e-09,2,2,5,3,0,3.028186837187014e-08,0.9280082465142894
224,1.5,3.6166082064900684e-12,5.7865731303841095e-09,2,2,5,3,0,3.0129716976767215e-08,0.9276911237517427
225,1.500625,3.6114406278854594e-12,5.778305004616735e-09,2,2,5,3,0,2.997829022901494e-08,0.9273727935394506
226,1.5012500000000002,3.606211087126693e-12,5.7699377394027085e-09,2,2,5,3,0,2.982758493409514e-08,0.9270532490077923
227,1.501875,3.6014954039875757e-12,5.762392646380121e-09,2,2,5,3,0,2.9677597912691788e-08,0.9267324832705278
228,1.5025000000000002,3.5966185541955187e-12,5.75458968671283e-09,2,2,5,3,0,2.952832600050023e-08,0.9264104894263024
229,1.503125,3.591798950278169e-12,5.74687832044507e-09,2,2,5,3,0,2.9379766048034332e-08,0.9260872605601131
230,1.5037500000000001,3.5872087093304084e-12,5.739533934928653e-09,2,2,5,3,0,2.9231914920433586e-08,0.9257627897447375
231,1.504375,3.5825659929974996e-12,5.732105588795999e-09,2,2,5,3,0,2.9084769497269685e-08,0.9254370700421224
232,1.5050000000000001,3.5784894470390627e-12,5.7255831152625e-09,2,2,5,3,0,2.8938326672352935e-08,0.9251100945047347
233,1.5056250000000002,3.574120437544598e-12,5.7185927000713566e-09,2,2,5,3,0,2.8792583353538673e-08,0.9247818561768701
234,1.50625,3.5698891759361473e-12,5.711822681497836e-09,2,2,5,3,0,2.864753646253517e-08,0.9244523480959224
235,1.5068750000000002,3.5660694232622636e-12,5.705711077219622e-09,2,2,5,3,0,2.8503182934711964e-08,0.924121563293609
236,1.5075,3.561974500077003e-12,5.699159200123205e-09,2,2,5,3,0,2.835951971890961e-08,0.9237894947971587
237,1.5081250000000002,3.558219040591948e-12,5.6931504649471165e-09,2,2,5,3,0,2.8216543777251865e-08,0.9234561356304544
238,1.50875,3.554458322726356e-12,5.6871333163621696e-09,2,2,5,3,0,2.807425208495945e-08,0.923121478815133
239,1.5093750000000001,3.5507955083169396e-12,5.681272813307103e-09,2,2,5,3,0,2.793264163016627e-08,0.9227855173716458
240,1.51,3.5472790069907e-12,5.67564641118512e-09,2,2,5,3,0,2.779170941373906e-08,0.9224482443202738
241,1.510625,3.5437738897872717e-12,5.670038223659635e-09,2,2,5,3,0,2.7651452449099882e-08,0.9221096526821014
242,1.51125,3.540514235955694e-12,5.6648227775291105e-09,2,2,5,3,0,2.7511867762052126e-08,0.9217697354799468
243,1.511875,3.53718351267171e-12,5.659493620274736e-09,2,2,5,3,0,2.7372952390610313e-08,0.9214284857392501
244,1.5125000000000002,3.5340287554003202e-12,5.654446008640512e-09,2,2,5,3,0,2.7234142239982883e-08,0.9210858964889179
245,1.513125,3.5307598858502764e-12,5.649215817360442e-09,2,2,5,3,0,2.7095293732612226e-08,0.9207419607621279
246,1.5137500000000002,3.5273914865407985e-12,5.6438263784652776e-09,2,2,5,3,0,2.6957120502254284e-08,0.9203966715970875
247,1.514375,3.524534776446625e-12,5.6392556423146e-09,2,2,5,3,0,2.6819619521999392e-08,0.9200500220377544
248,1.5150000000000001,3.521655243896721e-12,5.634648390234753e-09,2,2,5,3,0,2.6682787777589563e-08,0.9197020051345128
249,1.515625,3.518772621370625e-12,5.630036194193e-09,2,2,5,3,0,2.6546622267280884e-08,0.9193526139448088
250,1.51625,3.5160109958069785e-12,5.625617593291166e-09,2,2,5,3,0,2.6411120001710453e-08,0.9190018415337463
251,1.5168750000000002,3.513136559007285e-12,5.621018494411656e-09,2,2,5,3,0,2.627627800376906e-08,0.9186496809746404
252,1.5175,3.5105950806947617e-12,5.616952129111619e-09,2,2,5,3,0,2.6142093308478388e-08,0.9182961253495324
253,1.5181250000000002,3.5078472787088144e-12,5.612555645934103e-09,2,2,5,3,0,2.6008562962873958e-08,0.9179411677496654
254,1.51875,3.5051619267680023e-12,5.608259082828804e-09,2,2,5,3,0,2.587568402589277e-08,0.9175848012759183
255,1.5193750000000001,3.5026810011468124e-12,5.6042896018349e-09,2,2,5,3,0,2.5743453568266675e-08,0.9172270190392059
256,1.52,3.500011858028479e-12,5.600018972845566e-09,2,2,5,3,0,2.5611868672420803e-08,0.9168678141608373
257,1.5206250000000001,3.497698604273264e-12,5.596317766837222e-09,2,2,5,3,0,2.54809264323771e-08,0.9165071797728396
258,1.5212500000000002,3.495058788823696e-12,5.592094062117914e-09,2,2,5,3,0,2.53506239536631e-08,0.9161451090182445
259,1.521875,3.4929503408588636e-12,5.588720545374182e-09,2,2,5,3,0,2.522095835322602e-08,0.9157815950513393
260,1.5225000000000002,3.4903896179577787e-12,5.584623388732446e-09,2,2,5,3,0,2.509192675935157e-08,0.9154166310378824
261,1.523125,3.4878071568031355e-12,5.580491450885017e-09,2,2,5,3,0,2.496352631158776e-08,0.9150502101552855
262,1.5237500000000002,3.485632030404695e-12,5.577011248647512e-09,2,2,5,3,0,2.4835754160673467e-08,0.914682325592762
263,1.524375,3.4834255705634698e-12,5.573480912901552e-09,2,2,5,3,0,2.470860746847176e-08,0.9143129705514424
264,1.5250000000000001,3.4810437952309536e-12,5.569670072369526e-09,2,2,5,3,0,2.4582083407907372e-08,0.9139421382444587
265,1.525625,3.4788033998617296e-12,5.566085439778767e-09,2,2,5,3,0,2.445617916290885e-08,0.913569821896997
266,1.52625,3.4765807854081343e-12,5.562529256653015e-09,2,2,5,3,0,2.4330891928354522e-08,0.9131960147463201
267,1.526875,3.4744895762578443e-12,5.559183322012551e-09,2,2,5,3,0,2.420621891002256e-08,0.9128207100417616
268,1.5275,3.4721501932302723e-12,5.555440309168436e-09,2,2,5,3,0,2.4082157324544373e-08,0.9124439010446903
269,1.5281250000000002,3.470107773177744e-12,5.5521724370843906e-09,2,2,5,3,0,2.3958704399361884e-08,0.9120655810284478
270,1.52875,3.4678340928018248e-12,5.54853454848292e-09,2,2,5,3,0,2.383585737268784e-08,0.9116857432782589
271,1.5293750000000002,3.4655425230900594e-12,5.544868036944095e-09,2,2,5,3,0,2.3713613493469072e-08,0.9113043810911173
272,1.53,3.463472022201264e-12,5.541555235522022e-09,2,2,5,3,0,2.359197002135229e-08,0.9109214877756452
273,1.5306250000000001,3.4613055694202033e-12,5.538088911072325e-09,2,2,5,3,0,2.3470924226652786e-08,0.9105370566519293
274,1.53125,3.4591541870493403e-12,5.5346466992789445e-09,2,2,5,3,0,2.335047339032509e-08,0.910151081051334
275,1.531875,3.456769701211393e-12,5.530831521938229e-09,2,2,5,3,0,2.323061480393547e-08,0.9097635543162929
276,1.5325000000000002,3.454871263207371e-12,5.527794021131793e-09,2,2,5,3,0,2.311134576963638e-08,0.9093744698000772
277,1.533125,3.4524532755222936e-12,5.52392524083567e-09,2,2,5,3,0,2.299266360014212e-08,0.9089838208665469
278,1.5337500000000002,3.4504030492141236e-12,5.520644878742598e-09,2,2,5,3,0,2.2874565618705848e-08,0.9085916008898801
279,1.534375,3.448194312548336e-12,5.517110900077338e-09,2,2,5,3,0,2.275704915909726e-08,0.9081978032542851
280,1.5350000000000001,3.4459750591214755e-12,5.513560094594361e-09,2,2,5,3,0,2.2640111565581427e-08,0.9078024213536953
281,1.535625,3.4434825867471486e-12,5.509572138795438e-09,2,2,5,3,0,2.2523750192897358e-08,0.9074054485914467
282,1.5362500000000001,3.4414375646094064e-12,5.50630010337505e-09,2,2,5,3,0,2.2407962406237437e-08,0.907006878379941
283,1.5368750000000002,3.439284772775719e-12,5.502855636441151e-09,2,2,5,3,0,2.2292745581226277e-08,0.9066067041402942
284,1.5375,3.436938667694678e-12,5.4991018683114845e-09,2,2,5,3,0,2.2178097103899794e-08,0.90620491930197
285,1.5381250000000002,3.4345210052702524e-12,5.495233608432404e-09,2,2,5,3,0,2.2064014370683524e-08,0.9058015173024037
286,1.53875,3.432163949747269e-12,5.49146231959563e-09,2,2,5,3,0,2.1950494788370043e-08,0.9053964915866107
287,1.5393750000000002,3.429776536563456e-12,5.487642458501529e-09,2,2,5,3,0,2.1837535774096327e-08,0.9049898356067886
288,1.54,3.4273999654013676e-12,5.483839944642188e-09,2,2,5,3,0,2.1725134755319125e-08,0.9045815428219057
289,1.5406250000000001,3.4250300078725315e-12,5.4800480125960505e-09,2,2,5,3,0,2.161328916978988e-08,0.9041716066972836
290,1.54125,3.4224454867337606e-12,5.475912778774017e-09,2,2,5,3,0,2.150199646552806e-08,0.9037600207041706
291,1.541875,3.4200131875800066e-12,5.4720211001280106e-09,2,2,5,3,0,2.139125410079281e-08,0.9033467783193088
292,1.5425,3.41756364961171e-12,5.468101839378736e-09,2,2,5,3,0,2.1281059544053487e-08,0.9029318730244961
293,1.543125,3.41486994931417e-12,5.463791918902672e-09,2,2,5,3,0,2.11714102739581e-08,0.9025152983061423
294,1.5437500000000002,3.4123685864820286e-12,5.459789738371246e-09,2,2,5,3,0,2.106230377930023e-08,0.9020970476548217
295,1.544375,3.4097725728002293e-12,5.455636116480367e-09,2,2,5,3,0,2.0953737558983924e-08,0.9016771145648226
296,1.5450000000000002,3.4071029417909182e-12,5.451364706865469e-09,2,2,5,3,0,2.084570912198697e-08,0.9012554925336959
297,1.545625,3.404440141255294e-12,5.44710422600847e-09,2,2,5,3,0,2.0738215987321825e-08,0.9008321750618008
298,1.5462500000000001,3.4017135896319273e-12,5.442741743411084e-09,2,2,5,3,0,2.063125568399506e-08,0.9004071556518517
299,1.546875,3.398831888677678e-12,5.438131021884285e-09,2,2,5,3,0,2.0524825750964268e-08,0.8999804278084655
300,1.5475,3.39589142396568e-12,5.433426278345088e-09,2,2,5,3,0,2.041892373709353e-08,0.8995519850377106
301,1.5481250000000002,3.3932333939196146e-12,5.4291734302713834e-09,2,2,5,3,0,2.031354720110659e-08,0.8991218208466579
302,1.54875,3.3901894963203616e-12,5.4243031941125786e-09,2,2,5,3,0,2.020869371153806e-08,0.8986899287429362
303,1.5493750000000002,3.3871638133176063e-12,5.41946210130817e-09,2,2,5,3,0,2.010436084668306e-08,0.8982563022342912
304,1.55,3.3841283724952986e-12,5.414605395992478e-09,2,2,5,3,0,2.0000546194544726e-08,0.8978209348281494
305,1.5506250000000001,3.3809422275710155e-12,5.409507564113625e-09,2,2,5,3,0,1.989724735277979e-08,0.8973838200311884
306,1.55125,3.3779106898765288e-12,5.404657103802446e-09,2,2,5,3,0,1.97944619286431e-08,0.8969449513489144
307,1.5518750000000001,3.374663612790152e-12,5.399461780464243e-09,2,2,5,3,0,1.9692187538929754e-08,0.8965043222852455
308,1.5525000000000002,3.3715336295384035e-12,5.394453807261446e-09,2,2,5,3,0,1.95904218099163e-08,0.8960619263421055
309,1.553125,3.368193853166279e-12,5.389110165066047e-09,2,2,5,3,0,1.948916237730022e-08,0.895617757019024
310,1.5537500000000002,3.364617720720553e-12,5.383388353152885e-09,2,2,5,3,0,1.9388406886138184e-08,0.89517180781275
311,1.554375,3.3614437188606017e-12,5.378309950176963e-09,2,2,5,3,0,1.9288152990783193e-08,0.8947240722168714
312,1.5550000000000002,3.3578287719771005e-12,5.372526035163361e-09,2,2,5,3,0,1.9188398354820574e-08,0.8942745437214495
313,1.555625,3.3542968749800117e-12,5.366874999968019e-09,2,2,5,3,0,1.9089140651003138e-08,0.8938232158126626
314,1.5562500000000001,3.350786878866807e-12,5.3612590061868914e-09,2,2,5,3,0,1.899037756118556e-08,0.8933700819724633
315,1.556875,3.3468523091828573e-12,5.354963694692572e-09,2,2,5,3,0,1.8892106776257986e-08,0.8929151356782484
316,1.5575,3.3432090646226542e-12,5.349134503396247e-09,2,2,5,3,0,1.8794325996079416e-08,0.892458370402542
317,1.558125,3.3395981292871912e-12,5.343357006859506e-09,2,2,5,3,0,1.869703292941044e-08,0.8919997796126924
318,1.55875,3.3355834370626947e-12,5.3369334993003115e-09,2,2,5,3,0,1.860022529384587e-08,0.8915393567705843
319,1.5593750000000002,3.3316050656109764e-12,5.330568104977562e-09,2,2,5,3,0,1.8503900815747404e-08,0.8910770953323651
320,1.56,3.3277926855118656e-12,5.324468296818985e-09,2,2,5,3,0,1.8408057230176406e-08,0.8906129887481868
321,1.5606250000000002,3.3236286986482177e-12,5.317805917837148e-09,2,2,5,3,0,1.831269228082672e-08,0.8901470304619635
322,1.56125,3.3195374617503437e-12,5.31125993880055e-09,2,2,5,3,0,1.8217803719958062e-08,0.8896792139111457
323,1.5618750000000001,3.3153623076043193e-12,5.304579692166911e-09,2,2,5,3,0,1.812338930832989e-08,0.8892095325265097
324,1.5625,3.3110469661173925e-12,5.297675145787828e-09,2,2,5,3,0,1.802944681513605e-08,0.888737979731965
325,1.563125,3.30681380715514e-12,5.290902091448224e-09,2,2,5,3,0,1.7935974017939924e-08,0.8882645489443778
326,1.5637500000000002,3.3022563633230972e-12,5.283610181316956e-09,2,2,5,3,0,1.78429687026109e-08,0.8877892335734117
327,1.564375,3.297986558327415e-12,5.276778493323864e-09,2,2,5,3,0,1.7750428663261716e-08,0.8873120270213863
328,1.5650000000000002,3.293363737104371e-12,5.269381979366994e-09,2,2,5,3,0,1.7658351702186992e-08,0.8868329226831531
329,1.565625,3.2886118958228017e-12,5.261779033316483e-09,2,2,5,3,0,1.756602065932399e-08,0.8863568295994281
330,1.5662500000000001,3.2839652221519633e-12,5.254344355443141e-09,2,2,5,3,0,1.7474037145947827e-08,0.885904206179686
331,1.566875,3.2792611941862004e-12,5.246817910697921e-09,2,2,5,3,0,1.7382520983959235e-08,0.8854498092061075
332,1.5675000000000001,3.2742932714116546e-12,5.238869234258647e-09,2,2,5,3,0,1.7291469919173032e-08,0.8849936325679219
333,1.5681250000000002,3.2693370580205716e-12,5.230939292832915e-09,2,2,5,3,0,1.7200881705548317e-08,0.8845356701383227
334,1.56875,3.264393638215124e-12,5.223029821144198e-09,2,2,5,3,0,1.7110754105136113e-08,0.88407591577456
335,1.5693750000000002,3.2592313179910515e-12,5.214770108785682e-09,2,2,5,3,0,1.7021084888029177e-08,0.8836143633180548
336,1.57,3.254318581107085e-12,5.206909729771336e-09,2,2,5,3,0,1.6931871832314536e-08,0.8831510065945367
337,1.5706250000000002,3.2489613213323998e-12,5.19833811413184e-09,2,2,5,3,0,1.684311272402825e-08,0.8826858394142068
338,1.57125,3.2436285645268126e-12,5.1898057032429e-09,2,2,5,3,0,1.675480535711293e-08,0.8822188555719204
339,1.5718750000000001,3.238220130409586e-12,5.1811522086553374e-09,2,2,5,3,0,1.666694753337776e-08,0.881750048847393
340,1.5725,3.2327114075914043e-12,5.172338252146247e-09,2,2,5,3,0,1.6579537062461286e-08,0.8812794130054288
341,1.573125,3.2272631832544474e-12,5.163621093207116e-09,2,2,5,3,0,1.64925717617967e-08,0.8808069417961683
342,1.57375,3.2215606050878254e-12,5.154496968140521e-09,2,2,5,3,0,1.6406049456579965e-08,0.8803326289553574
343,1.574375,3.215811623068221e-12,5.145298596909154e-09,2,2,5,3,0,1.6319967979740553e-08,0.8798564682046375
344,1.5750000000000002,3.209949341921592e-12,5.135918947074547e-09,2,2,5,3,0,1.6234325171915047e-08,0.8793784532518528
345,1.575625,3.204132055165121e-12,5.1266112882641934e-09,2,2,5,3,0,1.6149118881423308e-08,0.8788985777913775
346,1.5762500000000002,3.1980815565213483e-12,5.116930490434157e-09,2,2,5,3,0,1.606434696424754e-08,0.8784168355044598
347,1.576875,3.192149019073942e-12,5.107438430518307e-09,2,2,5,3,0,1.598000728401383e-08,0.877933220059584
348,1.5775000000000001,3.186086485786055e-12,5.097738377257688e-09,2,2,5,3,0,1.5896097711976684e-08,0.8774477251128477
349,1.578125,3.179518063764486e-12,5.0872289020231776e-09,2,2,5,3,0,1.581261612700598e-08,0.8769603443083547
350,1.57875,3.1732158133762622e-12,5.0771453014020196e-09,2,2,5,3,0,1.572956041557676e-08,0.8764710712786218
351,1.5793750000000002,3.1668402709211785e-12,5.0669444334738856e-09,2,2,5,3,0,1.5646928471761642e-08,0.8759798996450002
352,1.58,3.1604641863650085e-12,5.0567426981840136e-09,2,2,5,3,0,1.556471819722557e-08,0.8754868230181079
353,1.5806250000000002,3.1537779115672904e-12,5.046044658507665e-09,2,2,5,3,0,1.548292750122355e-08,0.8749918349982742
354,1.58125,3.147289612086268e-12,5.035663379338029e-09,2,2,5,3,0,1.5401554300600566e-08,0.874494929175995
355,1.5818750000000001,3.140646163274363e-12,5.025033861238981e-09,2,2,5,3,0,1.53205965197939e-08,0.8739960991323973
356,1.5825,3.1337206050571775e-12,5.013952968091484e-09,2,2,5,3,0,1.5240052090838258e-08,0.873495338439711
357,1.5831250000000001,3.1268206340112625e-12,5.00291301441802e-09,2,2,5,3,0,1.5159918953372797e-08,0.8729926406617496
358,1.5837500000000002,3.1243498456803853e-12,4.9989597530886165e-09,2,2,5,3,0,1.5080195054650767e-08,0.8724879993543957
359,1.584375,3.125700653167085e-12,5.001121045067336e-09,2,2,5,3,0,1.50008783495512e-08,0.8719814080660921
360,1.5850000000000002,3.1272556159228637e-12,5.003608985476582e-09,2,2,5,3,0,1.4921966800592922e-08,0.8714728603383369
361,1.585625,3.128605881308477e-12,5.0057694100935635e-09,2,2,5,3,0,1.4843458377950392e-08,0.8709623497061806
362,1.5862500000000002,3.12999084116361e-12,5.007985345861776e-09,2,2,5,3,0,1.4765351059471976e-08,0.8704498696987254
363,1.586875,3.1311355418173203e-12,5.0098168669077126e-09,2,2,5,3,0,1.4687642830699774e-08,0.8699354138396244
364,1.5875000000000001,3.1326361860442575e-12,5.012217897670812e-09,2,2,5,3,0,1.461033168489153e-08,0.8694189756475805
365,1.588125,3.1336679128315947e-12,5.0138686605305516e-09,2,2,5,3,0,1.453341562304441e-08,0.8689005486368433
366,1.58875,3.134690532320683e-12,5.015504851713093e-09,2,2,5,3,0,1.4456892653920301e-08,0.8683801263177018
367,1.589375,3.1357268127571447e-12,5.0171629004114315e-09,2,2,5,3,0,1.4380760794072968e-08,0.867857702196975
368,1.59,3.136777729922935e-12,5.018844367876696e-09,2,2,5,3,0,1.430501806787652e-08,0.8673332697784953
369,1.5906250000000002,3.137611372973359e-12,5.0201781967573744e-09,2,2,5,3,0,1.4229662507555602e-08,0.8668068225635862
370,1.59125,3.138294095081373e-12,5.021270552130197e-09,2,2,5,3,0,1.4154692153216896e-08,0.8662783540515321
371,1.5918750000000002,3.1391461695687295e-12,5.022633871309967e-09,2,2,5,3,0,1.4080105052881833e-08,0.8657478577400401
372,1.5925,3.1395971976724835e-12,5.0233555162759735e-09,2,2,5,3,0,1.4005899262520537e-08,0.8652153271256917
373,1.5931250000000001,3.1402034835273374e-12,5.02432557364374e-09,2,2,5,3,0,1.3932072846087018e-08,0.8646807557043836
374,1.59375,3.1407427656879316e-12,5.025188425100691e-09,2,2,5,3,0,1.3858623875555371e-08,0.8641441369717573
375,1.594375,3.1409971195175967e-12,5.025595391228155e-09,2,2,5,3,0,1.3785550430956727e-08,0.8636054644236162
376,1.5950000000000002,3.1412584122411658e-12,5.026013459585865e-09,2,2,5,3,0,1.3712850600417351e-08,0.8630647315563292
377,1.595625,3.141720932887948e-12,5.026753492620717e-09,2,2,5,3,0,1.3640522480197251e-08,0.8625219318672196
378,1.5962500000000002,3.141812873232175e-12,5.02690059717148e-09,2,2,5,3,0,1.3568564174729623e-08,0.8619770588549397
379,1.596875,3.141976913020872e-12,5.027163060833395e-09,2,2,5,3,0,1.3496973796660678e-08,0.8614301060198297
380,1.5975000000000001,3.1418377014619248e-12,5.02694032233908e-09,2,2,5,3,0,1.3425749466890159e-08,0.8608810668642596
381,1.598125,3.1418284857434586e-12,5.026925577189534e-09,2,2,5,3,0,1.3354889314612244e-08,0.8603299348929545
382,1.5987500000000001,3.1416804921469144e-12,5.026688787435063e-09,2,2,5,3,0,1.3284391477356381e-08,0.8597767036133034
383,1.5993750000000002,3.1412944077532923e-12,5.026071052405268e-09,2,2,5,3,0,1.3214254101028882e-08,0.8592213665356486
384,1.6,3.1410523054081763e-12,5.025683688653082e-09,2,2,5,3,0,1.3144475339954075e-08,0.8586639171735581
385,1.6006250000000002,3.1406830261482277e-12,5.025092841837164e-09,2,2,5,3,0,1.3075053356915788e-08,0.8581043490440793
386,1.60125,3.1401746437495492e-12,5.024279429999279e-09,2,2,5,3,0,1.3005986323198685e-08,0.8575426556679739
387,1.6018750000000002,3.1397312050610027e-12,5.023569928097604e-09,2,2,5,3,0,1.2937272418629374e-08,0.8569788305699354
388,1.6025,3.1390745038051282e-12,5.022519206088205e-09,2,2,5,3,0,1.2868909831617206e-08,0.8564128672787856
389,1.6031250000000001,3.1384037079210114e-12,5.021445932673618e-09,2,2,5,3,0,1.2800896759194664e-08,0.8558447593276558
390,1.60375,3.1375635596575524e-12,5.020101695452084e-09,2,2,5,3,0,1.2733231407057563e-08,0.8552745002541466
391,1.604375,3.1364905247674435e-12,5.01838483962791e-09,2,2,5,3,0,1.2665911989604312e-08,0.8547020836004727
392,1.605,3.1356212114655446e-12,5.016993938344871e-09,2,2,5,3,0,1.2598936729974756e-08,0.8541275029135889
393,1.605625,3.134441382661446e-12,5.0151062122583134e-09,2,2,5,3,0,1.2532303860088142e-08,0.853550751745299
394,1.6062500000000002,3.1334025001397703e-12,5.0134440002236325e-09,2,2,5,3,0,1.2466011620680395e-08,0.8529718236523499
395,1.606875,3.131969835389048e-12,5.011151736622477e-09,2,2,5,3,0,1.2400058261340325e-08,0.8523907121965089
396,1.6075000000000002,3.130556903117865e-12,5.008891044988584e-09,2,2,5,3,0,1.2334442040545015e-08,0.851807410944628
397,1.608125,3.1293380430355566e-12,5.006940868856891e-09,2,2,5,3,0,1.226916122569374e-08,0.8512219134686941
398,1.6087500000000001,3.1275988743306726e-12,5.004158198929076e-09,2,2,5,3,0,1.2204214093141192e-08,0.8506342133458669
399,1.609375,3.126140297148028e-12,5.001824475436845e-09,2,2,5,3,0,1.213959892822901e-08,0.8500443041585061
400,1.61,3.1244083925976995e-12,4.999053428156319e-09,2,2,5,3,0,1.2075314025316177e-08,0.8494521794941896
401,1.6106250000000002,3.1223049319628604e-12,4.995687891140577e-09,2,2,5,3,0,1.201135768780791e-08,0.8488578329457223
402,1.61125,3.1205632695929797e-12,4.9929012313487675e-09,2,2,5,3,0,1.194772822818318e-08,0.8482612581111395
403,1.6118750000000002,3.1186343655079107e-12,4.989814984812657e-09,2,2,5,3,0,1.1884423968020364e-08,0.8476624485937058
404,1.6125,3.1163991743091146e-12,4.986238678894583e-09,2,2,5,3,0,1.1821443238021548e-08,0.8470613980019093
405,1.6131250000000001,3.1141091224803907e-12,4.982574595968625e-09,2,2,5,3,0,1.175878437803485e-08,0.8464580999494573
406,1.61375,3.1120478373100613e-12,4.979276539696098e-09,2,2,5,3,0,1.1696445737075137e-08,0.8458525480552702
407,1.6143750000000001,3.1095478839407442e-12,4.975276614305191e-09,2,2,5,3,0,1.1634425673342695e-08,0.8452447359434807
408,1.6150000000000002,3.1071785769332116e-12,4.971485723093139e-09,2,2,5,3,0,1.1572722554240123e-08,0.8446346572434368
409,1.615625,3.1045940557944407e-12,4.967350489271105e-09,2,2,5,3,0,1.1511334756387204e-08,0.8440223055897128
410,1.61625,3.1018523253406594e-12,4.962963720545055e-09,2,2,5,3,0,1.1450260665633649e-08,0.8434076746221295
411,1.616875,3.0991313031483725e-12,4.958610085037396e-09,2,2,5,3,0,1.1389498677069768e-08,0.8427907579857875
412,1.6175000000000002,3.0961732743611803e-12,4.9538772389778885e-09,2,2,5,3,0,1.1329047195035186e-08,0.8421715493311133
413,1.618125,3.0932594810226255e-12,4.949215169636201e-09,2,2,5,3,0,1.1268904633124943e-08,0.8415500423139244
414,1.6187500000000001,3.0902591683507064e-12,4.94441466936113e-09,2,2,5,3,0,1.1209069414193801e-08,0.8409262305955123
415,1.6193750000000002,3.087073890788161e-12,4.939318225261058e-09,2,2,5,3,0,1.1149539970358025e-08,0.8403001078427471
416,1.62,3.083901623651686e-12,4.934242597842697e-09,2,2,5,3,0,1.1090314742994851e-08,0.8396716677282084
417,1.620625,3.0802799547147153e-12,4.9284479275435444e-09,2,2,5,3,0,1.1031392182739747e-08,0.8390409039303416
418,1.62125,3.076871223084421e-12,4.922993956935073e-09,2,2,5,3,0,1.0972770749481069e-08,0.8384078101336436
419,1.6218750000000002,3.0733669732427304e-12,4.917387157188369e-09,2,2,5,3,0,1.0914448912352531e-08,0.8377723800288811
420,1.6225,3.0695664109472998e-12,4.91130625751568e-09,2,2,5,3,0,1.0856425149723201e-08,0.8371346073133432
421,1.6231250000000002,3.0657568497738374e-12,4.90521095963814e-09,2,2,5,3,0,1.0798697949185007e-08,0.8364944856911302
422,1.62375,3.0621022210908233e-12,4.899363553745317e-09,2,2,5,3,0,1.0741265807537753e-08,0.8358520088734815
423,1.6243750000000001,3.0579208869924157e-12,4.892673419187865e-09,2,2,5,3,0,1.0684127230771824e-08,0.8352071705791455
424,1.625,3.0538583814521125e-12,4.88617341032338e-09,2,2,5,3,0,1.0627280734048253e-08,0.8345599645347919
425,1.625625,3.0495081286552317e-12,4.879213005848371e-09,2,2,5,3,0,1.0570724841676536e-08,0.8339103844754703
426,1.6262500000000002,3.045437600018852e-12,4.872700160030163e-09,2,2,5,3,0,1.0514458087089753e-08,0.8332584241451164
427,1.626875,3.040945099896941e-12,4.865512159835106e-09,2,2,5,3,0,1.0458479012817419e-08,0.8326040772971078
428,1.6275000000000002,3.0363733445962215e-12,4.8581973513539545e-09,2,2,5,3,0,1.0402786170455829e-08,0.8319473376948691
429,1.628125,3.0318385605895837e-12,4.850941696943334e-09,2,2,5,3,0,1.0347378120635974e-08,0.831288199112532
430,1.6287500000000001,3.0270806477758483e-12,4.843329036441357e-09,2,2,5,3,0,1.029225343298909e-08,0.8306266553356485
431,1.629375,3.022269175374792e-12,4.835630680599667e-09,2,2,5,3,0,1.0237410686109761e-08,0.8299627001619592
432,1.6300000000000001,3.017461280840905e-12,4.827938049345448e-09,2,2,5,3,0,1.0182848467516795e-08,0.8292963274022183
433,1.6306250000000002,3.012307851074647e-12,4.819692561719435e-09,2,2,5,3,0,1.0128565373611636e-08,0.8286275308810763
434,1.63125,3.007375164870707e-12,4.811800263793131e-09,2,2,5,3,0,1.007456000963466e-08,0.827956304438021
435,1.6318750000000002,3.0018695862388256e-12,4.802991337982121e-09,2,2,5,3,0,1.0020830989619004e-08,0.8272826419283765
436,1.6325,2.996574234408189e-12,4.794518775053103e-09,2,2,5,3,0,9.967376936342468e-09,0.8266065372243613
437,1.6331250000000002,2.99113555105035e-12,4.78581688168056e-09,2,2,5,3,0,9.914196481277037e-09,0.8259279842162071
438,1.63375,2.985477858853669e-12,4.7767645741658704e-09,2,2,5,3,0,9.8612882645364e-09,0.8252469768133346
439,1.6343750000000001,2.979827647651978e-12,4.767724236243165e-09,2,2,5,3,0,9.80865093482146e-09,0.82456350894559
440,1.6350000000000002,2.9740157819063695e-12,4.758425251050191e-09,2,2,5,3,0,9.756283149363666e-09,0.8238775745645391
441,1.635625,2.9679829557580084e-12,4.7487727292128135e-09,2,2,5,3,0,9.70418357386663e-09,0.8231891676448194
442,1.63625,2.9619541411576855e-12,4.739126625852297e-09,2,2,5,3,0,9.652350882445684e-09,0.8224982821855492
443,1.636875,2.9558485650435506e-12,4.729357704069681e-09,2,2,5,3,0,9.600783757565755e-09,0.8218049122117923
444,1.6375000000000002,2.949651482266058e-12,4.719442371625693e-09,2,2,5,3,0,9.549480889977332e-09,0.8211090517760775
445,1.638125,2.943212188723232e-12,4.709139501957171e-09,2,2,5,3,0,9.498440978650938e-09,0.8204106949599715
446,1.6387500000000002,2.936740585955666e-12,4.698784937529066e-09,2,2,5,3,0,9.447662730709773e-09,0.8197098358757017
447,1.639375,2.93006211741359e-12,4.688099387861744e-09,2,2,5,3,0,9.397144861360985e-09,0.8190064686678307
448,1.6400000000000001,2.923348954401994e-12,4.677358327043191e-09,2,2,5,3,0,9.34688609382536e-09,0.8183005875149757
449,1.640625,2.9165177217738147e-12,4.666428354838104e-09,2,2,5,3,0,9.29688515926568e-09,0.8175921866315753
450,1.64125,2.9095981266685778e-12,4.655357002669724e-09,2,2,5,3,0,9.247140796713673e-09,0.8168812602696977
451,1.6418750000000002,2.902487928821418e-12,4.6439806861142685e-09,2,2,5,3,0,9.197651752995801e-09,0.816167802720889
452,1.6425,2.895325906110413e-12,4.632521449776661e-09,2,2,5,3,0,9.148416782657809e-09,0.8154518083180599
453,1.6431250000000002,2.8879126737560434e-12,4.6206602780096695e-09,2,2,5,3,0,9.099434647888155e-09,0.8147332714374057
454,1.64375,2.880656650716684e-12,4.609050641146695e-09,2,2,5,3,0,9.050704118440554e-09,0.8140121865003587
455,1.6443750000000001,2.872951334297047e-12,4.596722134875275e-09,2,2,5,3,0,9.002223971555454e-09,0.8132885479755682
456,1.645,2.8652606546067383e-12,4.584417047370781e-09,2,2,5,3,0,8.953992991880615e-09,0.8125623503809069
457,1.6456250000000001,2.857619414535495e-12,4.572191063256792e-09,2,2,5,3,0,8.906009971391092e-09,0.8118335882854976
458,1.6462500000000002,2.849857502762454e-12,4.559772004419926e-09,2,2,5,3,0,8.858273709308317e-09,0.8111022563117591
459,1.646875,2.8417277211922887e-12,4.546764353907662e-09,2,2,5,3,0,8.81078301201866e-09,0.8103683491374674
460,1.6475000000000002,2.8335937112336507e-12,4.533749937973841e-09,2,2,5,3,0,8.763536692991454e-09,0.8096318614978265
461,1.648125,2.825125767005887e-12,4.5202012272094194e-09,2,2,5,3,0,8.716533572696422e-09,0.80889278818755
462,1.6487500000000002,2.8166717005659314e-12,4.50667472090549e-09,2,2,5,3,0,8.669772478520928e-09,0.8081511240629428
463,1.649375,2.8084466176248046e-12,4.493514588199687e-09,2,2,5,3,0,8.623252244686656e-09,0.8074068640439879
464,1.6500000000000001,2.7996871314328597e-12,4.479499410292576e-09,2,2,5,3,0,8.576971712166262e-09,0.8066600031164262
465,1.6506250000000002,2.790923742113094e-12,4.46547798738095e-09,2,2,5,3,0,8.530929728599726e-09,0.8059105363338315
466,1.65125,2.7821103710731765e-12,4.451376593717082e-09,2,2,5,3,0,8.485125148210691e-09,0.8051584588196741
467,1.651875,2.7730031812445155e-12,4.436805089991225e-09,2,2,5,3,0,8.439556831722667e-09,0.8044037657693717
468,1.6525,2.7638788610215292e-12,4.422206177634447e-09,2,2,5,3,0,8.394223646275454e-09,0.8036464524523214
469,1.6531250000000002,2.7547904278904523e-12,4.407664684624724e-09,2,2,5,3,0,8.349124465341494e-09,0.8028865142139111
470,1.65375,2.7514046813462145e-12,4.402247490153943e-09,2,2,5,3,0,8.304258168642528e-09,0.8021239464775071
471,1.6543750000000002,2.7580491059400747e-12,4.4128785695041195e-09,2,2,5,3,0,8.259623642066482e-09,0.8013587447464124
472,1.655,2.7646628476124535e-12,4.423460556179926e-09,2,2,5,3,0,8.215219777584684e-09,0.8005909046057954
473,1.6556250000000001,2.771181396334088e-12,4.433890234134541e-09,2,2,5,3,0,8.17104547316936e-09,0.7998204217245828
474,1.65625,2.777625460366473e-12,4.444200736586357e-09,2,2,5,3,0,8.127099632711642e-09,0.7990472918573166
475,1.656875,2.7839393117179423e-12,4.454302898748708e-09,2,2,5,3,0,8.083381165940168e-09,0.7982715108459694
476,1.6575000000000002,2.790315721534764e-12,4.4645051544556225e-09,2,2,5,3,0,8.039888988340003e-09,0.7974930746217163
477,1.658125,2.796495457077497e-12,4.474392731323995e-09,2,2,5,3,0,7.996622021072447e-09,0.7967119792066624
478,1.6587500000000002,2.802643425496576e-12,4.4842294807945215e-09,2,2,5,3,0,7.953579190895279e-09,0.7959282207155189
479,1.659375,2.8087099703325014e-12,4.493935952532002e-09,2,2,5,3,0,7.910759430083834e-09,0.7951417953572305
480,1.6600000000000001,2.8147406280765175e-12,4.503585004922428e-09,2,2,5,3,0,7.868161676352796e-09,0.7943526994365471
481,1.660625,2.8206304479583277e-12,4.513008716733324e-09,2,2,5,3,0,7.825784872778933e-09,0.7935609293555408
482,1.6612500000000001,2.826460094619565e-12,4.522336151391304e-09,2,2,5,3,0,7.783627967724482e-09,0.7927664816150646
483,1.6618750000000002,2.8322318448847916e-12,4.531570951815667e-09,2,2,5,3,0,7.741689914761622e-09,0.7919693528161504
484,1.6625,2.837934097790762e-12,4.540694556465219e-09,2,2,5,3,0,7.699969672597829e-09,0.7911695396613457
485,1.6631250000000002,2.8435227263090557e-12,4.549636362094489e-09,2,2,5,3,0,7.658466205002184e-09,0.7903670389559858
486,1.66375,2.8490743835332677e-12,4.558519013653228e-09,2,2,5,3,0,7.617178480732823e-09,0.7895618476094022
487,1.6643750000000002,2.8545455929562813e-12,4.56727294873005e-09,2,2,5,3,0,7.576105473465278e-09,0.7887539626360627
488,1.665,2.8599350535354895e-12,4.575896085656783e-09,2,2,5,3,0,7.535246161722125e-09,0.7879433811566441
489,1.6656250000000001,2.8652283453819982e-12,4.584365352611197e-09,2,2,5,3,0,7.49459952880362e-09,0.7871301003990362
490,1.6662500000000002,2.8704712218274864e-12,4.592753954923978e-09,2,2,5,3,0,7.454164562719548e-09,0.7863141176992743
491,1.666875,2.8755753203948964e-12,4.600920512631834e-09,2,2,5,3,0,7.413940256122281e-09,0.7854954305024013
492,1.6675,2.8806723716481852e-12,4.609075794637096e-09,2,2,5,3,0,7.373925606241018e-09,0.784674036363258
493,1.668125,2.8856578584979253e-12,4.6170525735966805e-09,2,2,5,3,0,7.334119614817339e-09,0.7838499329471998
494,1.6687500000000002,2.8905356840719376e-12,4.6248570945151e-09,2,2,5,3,0,7.29452128804203e-09,0.7830231180307408
495,1.669375,2.8953661300110123e-12,4.63258580801762e-09,2,2,5,3,0,7.255129636493101e-09,0.7821935895021239
496,1.6700000000000002,2.9001031177228187e-12,4.64016498835651e-09,2,2,5,3,0,7.215943675075261e-09,0.7813613453618176
497,1.670625,2.90476898177211e-12,4.647630370835376e-09,2,2,5,3,0,7.1769624229606536e-09,0.780526383722937
498,1.6712500000000001,2.909328702428715e-12,4.654925923885944e-09,2,2,5,3,0,7.138184903531026e-09,0.7796887028115925
499,1.671875,2.9138710216404518e-12,4.662193634624723e-09,2,2,5,3,0,7.0996101443211575e-09,0.7788483009671628
500,1.6725,2.918288603392244e-12,4.66926176542759e-09,2,2,5,3,0,7.061237176963779e-09,0.7780051766424941
501,1.6731250000000002,2.9226608654932262e-12,4.676257384789162e-09,2,2,5,3,0,7.0230650371358016e-09,0.7771593284040256
502,1.67375,2.9269067638310053e-12,4.6830508221296085e-09,2,2,5,3,0,6.985092764506115e-09,0.7763107549318408
503,1.6743750000000002,2.9310839779611575e-12,4.689734364737852e-09,2,2,5,3,0,6.947319402684667e-09,0.7754594550196464
504,1.675,2.935205572519861e-12,4.696328916031778e-09,2,2,5,3,0,6.909743999173004e-09,0.7746054275746777
505,1.6756250000000001,2.9391885518308125e-12,4.7027016829293e-09,2,2,5,3,0,6.8723656053163065e-09,0.773748671617532
506,1.67625,2.9431434503054965e-12,4.7090295204887944e-09,2,2,5,3,0,6.835183276256906e-09,0.7728891862819317
507,1.6768750000000001,2.9470344350621125e-12,4.71525509609938e-09,2,2,5,3,0,6.798196070889095e-09,0.7720269708144151
508,1.6775000000000002,2.9508505014486097e-12,4.7213608023177756e-09,2,2,5,3,0,6.761403051815573e-09,0.7711620245739581
509,1.678125,2.9545027448868444e-12,4.727204391818951e-09,2,2,5,3,0,6.724803285305287e-09,0.7702943470315275
510,1.6787500000000002,2.958144579984223e-12,4.733031327974757e-09,2,2,5,3,0,6.688395841252676e-09,0.7694239377695664
511,1.679375,2.9616950168384615e-12,4.738712026941538e-09,2,2,5,3,0,6.652179793138472e-09,0.7685507964814117
512,1.6800000000000002,2.9651436471087034e-12,4.744229835373925e-09,2,2,5,3,0,6.616154217991938e-09,0.7676749229706479
513,1.680625,2.9685863684771052e-12,4.749738189563368e-09,2,2,5,3,0,6.580318196354492e-09,0.7667963171503955
514,1.6812500000000001,2.9718555632878008e-12,4.754968901260481e-09,2,2,5,3,0,6.544670812244858e-09,0.7659149790425368
515,1.6818750000000002,2.975106164031238e-12,4.760169862449981e-09,2,2,5,3,0,6.509211153125649e-09,0.7650309087768794
516,1.6825,2.9782472603552546e-12,4.765195616568407e-09,2,2,5,3,0,6.473938309871399e-09,0.7641441065902617
517,1.683125,2.9813546922018153e-12,4.7701675075229044e-09,2,2,5,3,0,6.438851376737928e-09,0.7632545728255978
518,1.68375,2.9843225330186685e-12,4.7749160528298695e-09,2,2,5,3,0,6.403949451333287e-09,0.7623623079308669
519,1.6843750000000002,2.9872498246742707e-12,4.779599719478833e-09,2,2,5,3,0,6.369231634589981e-09,0.7614673124580471
520,1.685,2.990096289057914e-12,4.784154062492663e-09,2,2,5,3,0,6.334697030738677e-09,0.7605695870619957
521,1.6856250000000002,2.99287054557687e-12,4.788592872922992e-09,2,2,5,3,0,6.300344747283208e-09,0.7596691324992786
522,1.68625,2.995551614919101e-12,4.792882583870561e-09,2,2,5,3,0,6.266173894977031e-09,0.7587659496269498
523,1.6868750000000001,2.9982031397521314e-12,4.79712502360341e-09,2,2,5,3,0,6.23218358780094e-09,0.7578600394012827
524,1.6875,3.000688022711251e-12,4.8011008363380014e-09,2,2,5,3,0,6.198372942942254e-09,0.7569514028764573
525,1.688125,3.0031993059932705e-12,4.805118889589233e-09,2,2,5,3,0,6.164741080775127e-09,0.7560400412032031
526,1.6887500000000002,3.0056053674544503e-12,4.8089685879271205e-09,2,2,5,3,0,6.131287124842319e-09,0.7551259556273997
527,1.689375,3.007872217356683e-12,4.812595547770693e-09,2,2,5,3,0,6.098010201838145e-09,0.7542091474886403
528,1.6900000000000002,3.0101370614848966e-12,4.8162192983758345e-09,2,2,5,3,0,6.064909441592686e-09,0.7532896182187575
529,1.690625,3.012293268555427e-12,4.819669229688683e-09,2,2,5,3,0,6.031983977057295e-09,0.7523673693403138
530,1.6912500000000001,3.014383068242893e-12,4.823012909188629e-09,2,2,5,3,0,5.999232944291138e-09,0.7514424024650618
531,1.691875,3.016446142346807e-12,4.826313827754891e-09,2,2,5,3,0,5.966655482449051e-09,0.7505147192923736
532,1.6925000000000001,3.0183838826795817e-12,4.829414212287331e-09,2,2,5,3,0,5.9342507337705345e-09,0.7495843216076432
533,1.6931250000000002,3.0202677923744925e-12,4.832428467799188e-09,2,2,5,3,0,5.902017843569752e-09,0.748651211280664
534,1.69375,3.0220927756813287e-12,4.835348441090126e-09,2,2,5,3,0,5.869955960226672e-09,0.7477153902639853
535,1.6943750000000002,3.0238142718908012e-12,4.838102835025282e-09,2,2,5,3,0,5.838064235179297e-09,0.7467768605912475
536,1.695,3.0254674091532985e-12,4.8407478546452776e-09,2,2,5,3,0,5.806341822916855e-09,0.7458356243755023
537,1.6956250000000002,3.0270605358255487e-12,4.843296857320878e-09,2,2,5,3,0,5.77478788097396e-09,0.7448916838075171
538,1.69625,3.0285660047521534e-12,4.8457056076034455e-09,2,2,5,3,0,5.743401569925795e-09,0.7439450411540685
539,1.6968750000000001,3.030059547454861e-12,4.848095275927777e-09,2,2,5,3,0,5.71218205338414e-09,0.7429956987562254
540,1.6975000000000002,3.0415990906473844e-12,4.866558545035815e-09,2,2,5,3,0,5.681128497994244e-09,0.7420436590276289
541,1.698125,3.053622133798728e-12,4.885795414077965e-09,2,2,5,3,0,5.650240073432648e-09,0.7410889244527641
542,1.69875,3.0655008696409136e-12,4.904801391425462e-09,2,2,5,3,0,5.619515952405683e-09,0.7401314975852346
543,1.699375,3.0773115175866672e-12,4.9236984281386675e-09,2,2,5,3,0,5.588955310648834e-09,0.7391713810460359
544,1.7000000000000002,3.089041934571657e-12,4.942467095314651e-09,2,2,5,3,0,5.55855732692672e-09,0.7382085775218344
545,1.700625,3.10062208113554e-12,4.960995329816864e-09,2,2,5,3,0,5.528321183033828e-09,0.7372430897632524
546,1.7012500000000002,3.112144114462978e-12,4.979430583140765e-09,2,2,5,3,0,5.498246063795848e-09,0.7362749205831616
547,1.701875,3.1236402353584936e-12,4.99782437657359e-09,2,2,5,3,0,5.468331157071584e-09,0.7353040728549907
548,1.7025000000000001,3.135008420397656e-12,5.016013472636249e-09,2,2,5,3,0,5.438575653755473e-09,0.7343305495110438
549,1.703125,3.146247043277206e-12,5.03399526924353e-09,2,2,5,3,0,5.408978747780591e-09,0.7333543535408384
550,1.70375,3.1574267939787903e-12,5.0518828703660645e-09,2,2,5,3,0,5.379539636122098e-09,0.7323754879894597
551,1.7043750000000002,3.168573910194983e-12,5.0697182563119725e-09,2,2,5,3,0,5.350257518801146e-09,0.7313939559559381
552,1.705,3.179574767538107e-12,5.087319628060971e-09,2,2,5,3,0,5.321131598889172e-09,0.730409760591649
553,1.7056250000000002,3.1905335578369387e-12,5.104853692539102e-09,2,2,5,3,0,5.2921610825124915e-09,0.729422905098738
554,1.70625,3.2014203571115174e-12,5.122272571378428e-09,2,2,5,3,0,5.263345178857232e-09,0.7284333927285743
555,1.7068750000000001,3.212177160545615e-12,5.139483456872984e-09,2,2,5,3,0,5.234683100174509e-09,0.7274412267802336
556,1.7075,3.222872489716533e-12,5.1565959835464525e-09,2,2,5,3,0,5.206174061785849e-09,0.7264464105990117
557,1.7081250000000001,3.2334618923351988e-12,5.173539027736318e-09,2,2,5,3,0,5.177817282088713e-09,0.7254489475749726
558,1.7087500000000002,3.2439591377692034e-12,5.1903346204307255e-09,2,2,5,3,0,5.149611982562244e-09,0.7244488411415306
559,1.709375,3.254338638847276e-12,5.206941822155642e-09,2,2,5,3,0,5.121557387773054e-09,0.7234460947740701
560,1.7100000000000002,3.264683770716481e-12,5.22349403314637e-09,2,2,5,3,0,5.0936527253810835e-09,0.7224407119886032
561,1.710625,3.2749601641679504e-12,5.239936262668721e-09,2,2,5,3,0,5.0658972261454975e-09,0.7214326963404669
562,1.7112500000000002,3.285083576692882e-12,5.256133722708611e-09,2,2,5,3,0,5.038290123930512e-09,0.7204220514230621
563,1.711875,3.2951514780665825e-12,5.272242364906532e-09,2,2,5,3,0,5.010830655711253e-09,0.7194087808666354
564,1.7125000000000001,3.3051171391754175e-12,5.288187422680668e-09,2,2,5,3,0,4.98351806157944e-09,0.7183928883371035
565,1.7131250000000002,3.3150120018823892e-12,5.304019203011823e-09,2,2,5,3,0,4.956351584749001e-09,0.7173743775349241
566,1.71375,3.324813081101441e-12,5.3197009297623055e-09,2,2,5,3,0,4.929330471561507e-09,0.7163532521940126
567,1.714375,3.3345391335301566e-12,5.335262613648251e-09,2,2,5,3,0,4.9024539714914235e-09,0.715329516080705
568,1.715,3.3441286849053564e-12,5.35060589584857e-09,2,2,5,3,0,4.875721337151167e-09,0.714303172992771
569,1.7156250000000002,3.3536651103741044e-12,5.365864176598567e-09,2,2,5,3,0,4.8491318242958935e-09,0.7132742267584737
570,1.71625,3.3631204375203505e-12,5.380992700032561e-09,2,2,5,3,0,4.822684691828006e-09,0.7122426812356821
571,1.7168750000000002,3.372478186471073e-12,5.395965098353717e-09,2,2,5,3,0,4.796379201801444e-09,0.7112085403110321
572,1.7175,3.381772075913836e-12,5.4108353214621374e-09,2,2,5,3,0,4.770214619425523e-09,0.710171807899141
573,1.7181250000000001,3.3908869635779215e-12,5.4254191417246744e-09,2,2,5,3,0,4.744190213068549e-09,0.7091324879418732
574,1.71875,3.4000134522052528e-12,5.440021523528404e-09,2,2,5,3,0,4.718305254260991e-09,0.7080905844076598
575,1.719375,3.4089936819595157e-12,5.454389891135225e-09,2,2,5,3,0,4.692559017698363e-09,0.707046101290872
576,1.7200000000000002,3.4179153647964644e-12,5.468664583674343e-09,2,2,5,3,0,4.666950781243591e-09,0.705999042611249
577,1.720625,3.4267132317453153e-12,5.4827411707925044e-09,2,2,5,3,0,4.641479825929061e-09,0.7049494124133818
578,1.7212500000000002,3.4354798736715986e-12,5.496767797874558e-09,2,2,5,3,0,4.616145435958197e-09,0.7038972147662528
579,1.721875,3.4441277954599947e-12,5.5106044727359915e-09,2,2,5,3,0,4.59094689870663e-09,0.7028424537628313
580,1.7225000000000001,3.4526599244563694e-12,5.524255879130191e-09,2,2,5,3,0,4.5658835047229004e-09,0.7017851335197288
581,1.723125,3.461127109742612e-12,5.5378033755881795e-09,2,2,5,3,0,4.540954547728686e-09,0.7007252581769107
582,1.7237500000000001,3.4694711296620606e-12,5.551153807459297e-09,2,2,5,3,0,4.516159324618594e-09,0.6996628318974673
583,1.7243750000000002,3.4777241850192375e-12,5.56435869603078e-09,2,2,5,3,0,4.491497135459512e-09,0.6985978588674459
584,1.725,3.485932137566039e-12,5.5774914201056625e-09,2,2,5,3,0,4.466967283489436e-09,0.6975303432957427
585,1.7256250000000002,3.4940257067836433e-12,5.590441130853829e-09,2,2,5,3,0,4.442569075115855e-09,0.6964602894140565
586,1.72625,3.502042622907653e-12,5.603268196652245e-09,2,2,5,3,0,4.418301819913661e-09,0.6953877014769047
587,1.7268750000000002,3.509933663159437e-12,5.615893861055099e-09,2,2,5,3,0,4.394164830622606e-09,0.6943125837617032
588,1.7275,3.5177556397328336e-12,5.628409023572534e-09,2,2,5,3,0,4.3701574231442606e-09,0.6932349405689109
589,1.7281250000000001,3.5254676782059402e-12,5.640748285129504e-09,2,2,5,3,0,4.346278916538588e-09,0.6921547762222382
590,1.7287500000000002,3.5331507684810415e-12,5.653041229569666e-09,2,2,5,3,0,4.322528633019955e-09,0.691072095068924
591,1.729375,3.5406613621905003e-12,5.6650581795048005e-09,2,2,5,3,0,4.298905897952786e-09,0.6899869014800784
592,1.73,3.5481118910996035e-12,5.6769790257593655e-09,2,2,5,3,0,4.2754100398467875e-09,0.6888991998510946
593,1.730625,3.5554872847981533e-12,5.688779655677045e-09,2,2,5,3,0,4.252040390351697e-09,0.6878089946021313
594,1.7312500000000002,3.5627555593220617e-12,5.700408894915299e-09,2,2,5,3,0,4.228796284251656e-09,0.686716290178664
595,1.731875,3.569943928145858e-12,5.7119102850333725e-09,2,2,5,3,0,4.2056770594592e-09,0.6856210910521093
596,1.7325000000000002,3.5770329840506543e-12,5.723252774481047e-09,2,2,5,3,0,4.182682057008814e-09,0.6845234017205221
597,1.733125,3.583998766168439e-12,5.734398025869503e-09,2,2,5,3,0,4.159810621050239e-09,0.6834232267093661
598,1.7337500000000001,3.590908711874341e-12,5.745453938998946e-09,2,2,5,3,0,4.137062098841315e-09,0.6823205705723605
599,1.734375,3.5977003711232247e-12,5.7563205937971595e-09,2,2,5,3,0,4.11443584074054e-09,0.6812154378924014
600,1.735,3.6044104983687375e-12,5.76705679738998e-09,2,2,5,3,0,4.091931200199358e-09,0.6801078332825604
601,1.7356250000000002,3.6110653313034535e-12,5.777704530085526e-09,2,2,5,3,0,4.0695475337541404e-09,0.6789977613871628
602,1.73625,3.617600034637458e-12,5.788160055419933e-09,2,2,5,3,0,4.0472842010178484e-09,0.6778852268829416
603,1.7368750000000002,3.6240225230466105e-12,5.798436036874577e-09,2,2,5,3,0,4.025140564671578e-09,0.6767702344802738
604,1.7375,3.6303736709528134e-12,5.808597873524501e-09,2,2,5,3,0,4.003115990455764e-09,0.6756527889244951
605,1.7381250000000001,3.636610869210688e-12,5.818577390737101e-09,2,2,5,3,0,3.981209847161256e-09,0.6745328949972961
606,1.73875,3.642790930014073e-12,5.828465488022516e-09,2,2,5,3,0,3.9594215066201965e-09,0.6734105575181991
607,1.7393750000000001,3.648850210695442e-12,5.838160337112708e-09,2,2,5,3,0,3.937750343696772e-09,0.6722857813461168
608,1.7400000000000002,3.654810937399333e-12,5.847697499838933e-09,2,2,5,3,0,3.9161957362778666e-09,0.6711585713809928
609,1.740625,3.660715394010472e-12,5.857144630416755e-09,2,2,5,3,0,3.894757065263537e-09,0.6700289325655225
610,1.7412500000000002,3.666483566408529e-12,5.866373706253647e-09,2,2,5,3,0,3.8734337145575014e-09,0.6688968698869568
611,1.741875,3.672157521637798e-12,5.875452034620476e-09,2,2,5,3,0,3.852225071057561e-09,0.6677623883789856
612,1.7425000000000002,3.677789084562122e-12,5.884462535299395e-09,2,2,5,3,0,3.8311305246459455e-09,0.6666254931237028
613,1.743125,3.683272979150554e-12,5.893236766640886e-09,2,2,5,3,0,3.8101494681797635e-09,0.6654861892536499
614,1.7437500000000001,3.688704832034706e-12,5.90192773125553e-09,2,2,5,3,0,3.789281297481374e-09,0.6643444819539398
615,1.7443750000000002,3.694052008729187e-12,5.9104832139667e-09,2,2,5,3,0,3.768525411328909e-09,0.6632003764644562
616,1.745,3.6992661538171046e-12,5.918825846107367e-09,2,2,5,3,0,3.7478812114467644e-09,0.6620538780821307
617,1.745625,3.704403320550775e-12,5.927045312881241e-09,2,2,5,3,0,3.727348102496297e-09,0.6609049921632933
618,1.74625,3.7094416080463155e-12,5.935106572874105e-09,2,2,5,3,0,3.706925492066541e-09,0.6597537241260966
619,1.7468750000000002,3.714388605718932e-12,5.943021769150292e-09,2,2,5,3,0,3.6866127906651456e-09,0.6586000794530082
620,1.7475,3.719278465937059e-12,5.950845545499295e-09,2,2,5,3,0,3.6664094117094076e-09,0.6574440636933736
621,1.7481250000000002,3.724040065038181e-12,5.95846410406109e-09,2,2,5,3,0,3.646314771517514e-09,0.6562856824660421
622,1.74875,3.728750056115893e-12,5.966000089785428e-09,2,2,5,3,0,3.6263282892999507e-09,0.6551249414620575
623,1.7493750000000001,3.733273239159285e-12,5.973237182654856e-09,2,2,5,3,0,3.6064493871511396e-09,0.6539618464474055
624,1.75,3.737777448664659e-12,5.980443917863454e-09,2,2,5,3,0,3.586677490041273e-09,0.6527964032658188
625,1.750625,3.742186031538419e-12,5.987497650461471e-09,2,2,5,3,0,3.567012025808367e-09,0.6516286178416337
626,1.7512500000000002,3.746503216169039e-12,5.994405145870463e-09,2,2,5,3,0,3.547452425150623e-09,0.6504584961826956
627,1.751875,3.7507306288597775e-12,6.001169006175644e-09,2,2,5,3,0,3.5279981216189237e-09,0.6492860443833074
628,1.7525000000000002,3.754805494304847e-12,6.007688790887755e-09,2,2,5,3,0,3.508648551609674e-09,0.6481112686272198
629,1.753125,3.758891418612076e-12,6.014226269779321e-09,2,2,5,3,0,3.4894031543578337e-09,0.6469341751906555
630,1.7537500000000001,3.762795522214979e-12,6.020472835543966e-09,2,2,5,3,0,3.4702613719302298e-09,0.645754770445365
631,1.754375,3.766651053560555e-12,6.026641685696887e-09,2,2,5,3,0,3.4512226492191353e-09,0.6445730608617074
632,1.7550000000000001,3.770378757469994e-12,6.032606011951991e-09,2,2,5,3,0,3.432286433936029e-09,0.6433890530117532
633,1.7556250000000002,3.774055503877327e-12,6.038488806203723e-09,2,2,5,3,0,3.413452176605703e-09,0.6422027535724011
634,1.75625,3.77763727417435e-12,6.04421963867896e-09,2,2,5,3,0,3.3947193305605e-09,0.6410141693285055
635,1.7568750000000002,3.781069316151353e-12,6.049710905842165e-09,2,2,5,3,0,3.3760873519348318e-09,0.6398233071760098
636,1.7575,3.784514910655512e-12,6.055223857048819e-09,2,2,5,3,0,3.3575556996598757e-09,0.638630174125076
637,1.7581250000000002,3.787768276114489e-12,6.060429241783183e-09,2,2,5,3,0,3.339123835458525e-09,0.6374347773032104
638,1.75875,3.790947590565086e-12,6.065516144904137e-09,2,2,5,3,0,3.320791223840431e-09,0.6362371239583757
639,1.7593750000000001,3.794066623374892e-12,6.070506597399827e-09,2,2,5,3,0,3.3025573320972748e-09,0.635037221462084
640,1.7600000000000002,3.797066881836703e-12,6.075307010938724e-09,2,2,5,3,0,3.2844216302981557e-09,0.6338350773124669
641,1.760625,3.799999757133493e-12,6.079999611413589e-09,2,2,5,3,0,3.2663835912851183e-09,0.6326306991373155
642,1.76125,3.802823832742275e-12,6.08451813238764e-09,2,2,5,3,0,3.248442690668732e-09,0.6314240946970838
643,1.761875,3.805612075469256e-12,6.088979320750809e-09,2,2,5,3,0,3.230598406823798e-09,0.630215271887851
644,1.7625000000000002,3.808272599180318e-12,6.093236158688509e-09,2,2,5,3,0,3.2128502208850562e-09,0.6290042387442363
645,1.763125,3.810810499625672e-12,6.097296799401075e-09,2,2,5,3,0,3.1951976167429743e-09,0.6277910034422614
646,1.7637500000000002,3.813238949861714e-12,6.101182319778742e-09,2,2,5,3,0,3.1776400810394833e-09,0.6265755743021528
647,1.764375,3.815610750534243e-12,6.104977200854789e-09,2,2,5,3,0,3.1601771031637235e-09,0.6253579597910816
648,1.7650000000000001,3.817907849677088e-12,6.108652559483341e-09,2,2,5,3,0,3.1428081752476865e-09,0.6241381685258324
649,1.765625,3.820103846967349e-12,6.112166155147758e-09,2,2,5,3,0,3.1255327921618633e-09,0.6229162092753986
650,1.76625,3.822234087395848e-12,6.115574539833357e-09,2,2,5,3,0,3.108350451510679e-09,0.6216920909634982
651,1.7668750000000002,3.82420505852521e-12,6.1187280936403354e-09,2,2,5,3,0,3.0912606536279217e-09,0.6204658226710038
652,1.7675,3.826145129892655e-12,6.121832207828248e-09,2,2,5,3,0,3.0742629015718795e-09,0.6192374136382849
653,1.7681250000000002,3.827950814400821e-12,6.124721303041314e-09,2,2,5,3,0,3.057356701120427e-09,0.6180068732674558
654,1.76875,3.829722021279902e-12,6.127555234047843e-09,2,2,5,3,0,3.0405415607658616e-09,0.6167742111245266
655,1.7693750000000001,3.83134637297472e-12,6.130154196759552e-09,2,2,5,3,0,3.023816991709476e-09,0.6155394369414514
656,1.77,3.832911960911789e-12,6.132659137458862e-09,2,2,5,3,0,3.0071825078559852e-09,0.6143025606180726
657,1.7706250000000001,3.834377151727686e-12,6.1350034427642974e-09,2,2,5,3,0,2.990637625807624e-09,0.6130635922239556
658,1.7712500000000002,3.8357663399712916e-12,6.1372261439540665e-09,2,2,5,3,0,2.9741818648580054e-09,0.6118225420001115
659,1.771875,3.8370204366242056e-12,6.139232698598729e-09,2,2,5,3,0,2.957814746985686e-09,0.6105794203606065
660,1.7725000000000002,3.838258216034424e-12,6.141213145655078e-09,2,2,5,3,0,2.9415357968474324e-09,0.6093342378940522
661,1.773125,3.841996490915045e-12,6.147194385464072e-09,2,2,5,3,0,2.9253445417711754e-09,0.6080870053649775
662,1.7737500000000002,3.8487313379700905e-12,6.157970140752145e-09,2,2,5,3,0,2.909240511748655e-09,0.6068377337150792
663,1.774375,3.855305831523825e-12,6.1684893304381205e-09,2,2,5,3,0,2.89322323942775e-09,0.6055864340643489
664,1.7750000000000001,3.861845196927172e-12,6.178952315083475e-09,2,2,5,3,0,2.877292260104441e-09,0.6043331177120757
665,1.7756250000000002,3.868268986378931e-12,6.18923037820629e-09,2,2,5,3,0,2.8614471117144737e-09,0.603077796137723
666,1.77625,3.874546083276753e-12,6.199273733242805e-09,2,2,5,3,0,2.845687334824693e-09,0.6018204810016804
667,1.776875,3.880753574395102e-12,6.2092057190321626e-09,2,2,5,3,0,2.8300124726240037e-09,0.6005611841458861
668,1.7775,3.886894278659625e-12,6.2190308458554e-09,2,2,5,3,0,2.8144220709140385e-09,0.5992999175943253
669,1.7781250000000002,3.892829851873114e-12,6.228527762996983e-09,2,2,5,3,0,2.798915678099482e-09,0.5980366935533996
670,1.77875,3.898750463096623e-12,6.238000740954597e-09,2,2,5,3,0,2.7834928451780593e-09,0.5967715244121713
671,1.7793750000000002,3.904552787863114e-12,6.247284460580982e-09,2,2,5,3,0,2.7681531257302176e-09,0.5955044227424813
672,1.78,3.910219695778261e-12,6.2563515132452174e-09,2,2,5,3,0,2.7528960759085097e-09,0.594235401298942
673,1.7806250000000001,3.915778400316594e-12,6.2652454405065505e-09,2,2,5,3,0,2.73772125442662e-09,0.5929644730188073
674,1.78125,3.92126056018155e-12,6.27401689629048e-09,2,2,5,3,0,2.7226282225481788e-09,0.5916916510217192
675,1.781875,3.926629420919481e-12,6.282607073471169e-09,2,2,5,3,0,2.7076165440751984e-09,0.5904169486093352
676,1.7825000000000002,3.931886175152777e-12,6.291017880244443e-09,2,2,5,3,0,2.6926857853363166e-09,0.5891403792648363
677,1.783125,3.937033858647521e-12,6.299254173836033e-09,2,2,5,3,0,2.6778355151747124e-09,0.5878619566523184
678,1.7837500000000002,3.942085048148913e-12,6.307336077038261e-09,2,2,5,3,0,2.663065304935795e-09,0.5865816946160702
679,1.784375,3.947029010055447e-12,6.315246416088716e-09,2,2,5,3,0,2.648374728454665e-09,0.5852996071797387
680,1.7850000000000001,3.9518957767673e-12,6.32303324282768e-09,2,2,5,3,0,2.6337633620433155e-09,0.5840157085453866
681,1.785625,3.95659676896698e-12,6.330554830347168e-09,2,2,5,3,0,2.6192307844776312e-09,0.582730013092443
682,1.7862500000000001,3.961245827882598e-12,6.337993324612157e-09,2,2,5,3,0,2.604776576984174e-09,0.5814425353765513
683,1.7868750000000002,3.9657717214314214e-12,6.345234754290274e-09,2,2,5,3,0,2.590400323226784e-09,0.5801532901283183
684,1.7875,3.9701757506560575e-12,6.352281201049692e-09,2,2,5,3,0,2.5760739860380662e-09,0.5788622922519653
685,1.7881250000000002,3.975761993929572e-12,6.361219190287315e-09,2,2,5,3,0,2.5616578909979135e-09,0.5775695568238873
686,1.78875,3.99087457959163e-12,6.385399327346608e-09,2,2,5,3,0,2.547321056187736e-09,0.5762750990911235
687,1.7893750000000002,4.005862156743201e-12,6.409379450789121e-09,2,2,5,3,0,2.5330630575673474e-09,0.5749789344697401
688,1.79,4.020791186977457e-12,6.433265899163931e-09,2,2,5,3,0,2.5188834731342306e-09,0.5736810785431334
689,1.7906250000000001,4.035512917756334e-12,6.456820668410135e-09,2,2,5,3,0,2.504781882920057e-09,0.5723815470602546
690,1.7912500000000002,4.050136745079036e-12,6.4802187921264576e-09,2,2,5,3,0,2.4907578689872567e-09,0.5710803559337596
691,1.791875,4.064737695735898e-12,6.503580313177437e-09,2,2,5,3,0,2.4768110154255926e-09,0.5697775212380899
692,1.7925,4.079113023920666e-12,6.526580838273066e-09,2,2,5,3,0,2.4629409083488274e-09,0.5684730592074871
693,1.793125,4.093406603261629e-12,6.549450565218606e-09,2,2,5,3,0,2.4491471358913336e-09,0.5671669862339468
694,1.7937500000000002,4.10756389838951e-12,6.572102237423216e-09,2,2,5,3,0,2.4354292882047344e-09,0.5658593188651128
695,1.794375,4.121602473379504e-12,6.594563957407207e-09,2,2,5,3,0,2.4217869574545327e-09,0.5645500738021206
696,1.7950000000000002,4.1355691657654625e-12,6.61691066522474e-09,2,2,5,3,0,2.4082197378167154e-09,0.5632392678973905
697,1.795625,4.149380166719452e-12,6.639008266751123e-09,2,2,5,3,0,2.3947272254743455e-09,0.5619269181523754
698,1.7962500000000001,4.163056726604053e-12,6.660890762566485e-09,2,2,5,3,0,2.381309018614086e-09,0.5606130417152688
699,1.796875,4.176638527218779e-12,6.682621643550046e-09,2,2,5,3,0,2.3679647174227113e-09,0.5592976558786767
700,1.7975,4.190097704567797e-12,6.704156327308475e-09,2,2,5,3,0,2.3546939240835065e-09,0.5579807780772562
701,1.7981250000000002,4.203385144292693e-12,6.7254162308683085e-09,2,2,5,3,0,2.341496242772687e-09,0.5566624258853272
702,1.79875,4.216579776311624e-12,6.746527642098599e-09,2,2,5,3,0,2.328371279655648e-09,0.55534261701446
703,1.7993750000000002,4.229664795490917e-12,6.7674636727854676e-09,2,2,5,3,0,2.3153186428832066e-09,0.5540213693110425
704,1.8,4.242634130298406e-12,6.78821460847745e-09,2,2,5,3,0,2.3023379425877097e-09,0.5526987007538327
705,1.8006250000000001,4.255412862363972e-12,6.808660579782355e-09,2,2,5,3,0,2.2894287908790963e-09,0.5513746294514993
706,1.80125,4.268126650719406e-12,6.82900264115105e-09,2,2,5,3,0,2.2765908018407864e-09,0.5500491736401544
707,1.8018750000000001,4.280659485732252e-12,6.8490551771716035e-09,2,2,5,3,0,2.2638235915255264e-09,0.5487223516808819
708,1.8025000000000002,4.2931615294034e-12,6.86905844704544e-09,2,2,5,3,0,2.2511267779511146e-09,0.5473941820572669
709,1.803125,4.305415073936614e-12,6.888664118298582e-09,2,2,5,3,0,2.238499981095952e-09,0.5460646833729274
710,1.8037500000000002,4.317567896088004e-12,6.908108633740806e-09,2,2,5,3,0,2.2259428228945585e-09,0.5447338743490542
711,1.804375,4.329684072205964e-12,6.927494515529542e-09,2,2,5,3,0,2.213454927232873e-09,0.5434017738219603
712,1.8050000000000002,4.341588720480072e-12,6.946541952768115e-09,2,2,5,3,0,2.201035919943501e-09,0.5420684007406451
713,1.805625,4.353417366181889e-12,6.965467785891022e-09,2,2,5,3,0,2.1886854288007766e-09,0.5407337741643748
714,1.8062500000000001,4.365057252285476e-12,6.984091603656761e-09,2,2,5,3,0,2.176403083515707e-09,0.5393979132602832
715,1.8068750000000002,4.3765783098309585e-12,7.002525295729534e-09,2,2,5,3,0,2.164188515730781e-09,0.5380608373009951
716,1.8075,4.387997994473314e-12,7.020796791157302e-09,2,2,5,3,0,2.1520413590146275e-09,0.5367225656622758
717,1.808125,4.399300260020389e-12,7.038880416032622e-09,2,2,5,3,0,2.1399612488565404e-09,0.535383117820709
718,1.80875,4.41040487551142e-12,7.056647800818272e-09,2,2,5,3,0,2.127947822660857e-09,0.5340425133514036
719,1.8093750000000002,4.4214219958871315e-12,7.07427519341941e-09,2,2,5,3,0,2.1160007197411773e-09,0.5327007719257353
720,1.81,4.432260222904383e-12,7.0916163566470125e-09,2,2,5,3,0,2.1041195813144646e-09,0.5313579133091213
721,1.8106250000000002,4.4430575754997315e-12,7.10889212079957e-09,2,2,5,3,0,2.092304050494981e-09,0.5300139573588326
722,1.81125,4.453664759034026e-12,7.125863614454442e-09,2,2,5,3,0,2.08055377228809e-09,0.5286689240218432
723,1.8118750000000001,4.464113323790486e-12,7.142581318064778e-09,2,2,5,3,0,2.0688683935838938e-09,0.5273228333327203
724,1.8125,4.474488054379e-12,7.1591808870064e-09,2,2,5,3,0,2.0572475631507607e-09,0.5259757054115539
725,1.813125,4.484651582384314e-12,7.175442531814902e-09,2,2,5,3,0,2.0456909316286657e-09,0.5246275604619279
726,1.8137500000000002,4.494772609664466e-12,7.191636175463145e-09,2,2,5,3,0,2.034198151522437e-09,0.5232784187689352
727,1.814375,4.5047036847239985e-12,7.207525895558398e-09,2,2,5,3,0,2.0227688771948333e-09,0.5219283006972335
728,1.8150000000000002,4.514460528494413e-12,7.2231368455910605e-09,2,2,5,3,0,2.0114027648594667e-09,0.5205772266891465
729,1.815625,4.524132587654939e-12,7.238612140247902e-09,2,2,5,3,0,2.00009947257364e-09,0.5192252172628063
730,1.8162500000000001,4.53367952988476e-12,7.253887247815616e-09,2,2,5,3,0,1.9888586602310153e-09,0.5178722930103413
731,1.816875,4.54306297442697e-12,7.268900759083152e-09,2,2,5,3,0,1.9776799895541516e-09,0.516518474596105
732,1.8175000000000001,4.552302870601543e-12,7.283684592962469e-09,2,2,5,3,0,1.9665631240869287e-09,0.5151637827549488
733,1.8181250000000002,4.561399001568045e-12,7.298238402508872e-09,2,2,5,3,0,1.9555077291868405e-09,0.5138082382905357
734,1.81875,4.57035234310843e-12,7.3125637489734885e-09,2,2,5,3,0,1.9445134720171456e-09,0.5124518620736953
735,1.8193750000000002,4.579191084479184e-12,7.326705735166694e-09,2,2,5,3,0,1.933580021538952e-09,0.5110946750408187
736,1.82,4.587906985743795e-12,7.340651177190072e-09,2,2,5,3,0,1.922707048503121e-09,0.5097366981922916
737,1.8206250000000002,4.5964246948512755e-12,7.354279511762041e-09,2,2,5,3,0,1.9118942254421167e-09,0.5083779525909649
738,1.82125,4.604847969949533e-12,7.367756751919252e-09,2,2,5,3,0,1.9011412266617036e-09,0.5070184593606607
739,1.8218750000000001,4.613130081924932e-12,7.381008131079891e-09,2,2,5,3,0,1.890447728232573e-09,0.505658239684713
740,1.8225000000000002,4.6212738497031225e-12,7.394038159524996e-09,2,2,5,3,0,1.879813407981843e-09,0.5042973148045397
741,1.823125,4.629215847457013e-12,7.406745355931221e-09,2,2,5,3,0,1.869237945484488e-09,0.502935706018245
742,1.82375,4.637053870222563e-12,7.4192861923561004e-09,2,2,5,3,0,1.8587210220546496e-09,0.5015734346792509
743,1.824375,4.644787917999771e-12,7.431660668799633e-09,2,2,5,3,0,1.8482623207368812e-09,0.5002105221949533
744,1.8250000000000002,4.652335591423529e-12,7.443736946277646e-09,2,2,5,3,0,1.837861526297309e-09,0.4988469900254032
745,1.825625,4.659732235484659e-12,7.455571576775455e-09,2,2,5,3,0,1.8275183252146885e-09,0.497482859682009
746,1.8262500000000002,4.6669904269283635e-12,7.467184683085382e-09,2,2,5,3,0,1.8172324056714246e-09,0.4961181527262582
747,1.826875,4.674110816275945e-12,7.478577306041512e-09,2,2,5,3,0,1.8070034575444936e-09,0.4947528907684564
748,1.8275000000000001,4.6810891751389305e-12,7.489742680222289e-09,2,2,5,3,0,1.7968311723963074e-09,0.49338709546648063
749,1.828125,4.687946537039467e-12,7.500714459263147e-09,2,2,5,3,0,1.7867152434655262e-09,0.49202078852454456
750,1.82875,4.694582288015947e-12,7.511331660825515e-09,2,2,5,3,0,1.7766553656578026e-09,0.49065399169197493
751,1.8293750000000002,4.701131519659063e-12,7.521810431454501e-09,2,2,5,3,0,1.7666512355364793e-09,0.48928672676199425
752,1.83,4.707555851211909e-12,7.532089361939054e-09,2,2,5,3,0,1.7567025513132575e-09,0.4879190155705098
753,1.8306250000000002,4.713795651554997e-12,7.542073042487996e-09,2,2,5,3,0,1.7468090128387842e-09,0.48655087999490526
754,1.83125,4.719870111066782e-12,7.551792177706851e-09,2,2,5,3,0,1.7369703215932483e-09,0.4851823419528333
755,1.8318750000000001,4.7258491607873876e-12,7.56135865725982e-09,2,2,5,3,0,1.7271861806769128e-09,0.48381342340100697
756,1.8325,4.731636631984115e-12,7.570618611174584e-09,2,2,5,3,0,1.7174562948006411e-09,0.4824441463339886
757,1.8331250000000001,4.737290204212541e-12,7.579664326740065e-09,2,2,5,3,0,1.7077803702763812e-09,0.48107453278297235
758,1.8337500000000002,4.742828742590466e-12,7.588525988144745e-09,2,2,5,3,0,1.698158115007662e-09,0.47970460481456123
759,1.834375,4.748136996426955e-12,7.597019194283128e-09,2,2,5,3,0,1.6885892384800399e-09,0.4783343845295341
760,1.8350000000000002,4.753397653788072e-12,7.605436246060915e-09,2,2,5,3,0,1.6790734517515737e-09,0.4769638940616035
761,1.835625,4.758456649545106e-12,7.61353063927217e-09,2,2,5,3,0,1.6696104674432772e-09,0.4755931555761612
762,1.8362500000000002,4.763347377124971e-12,7.621355803399954e-09,2,2,5,3,0,1.6601999997295844e-09,0.4742221912690112
763,1.836875,4.768107349922834e-12,7.628971759876535e-09,2,2,5,3,0,1.6508417643288116e-09,0.4728510233650875
764,1.8375000000000001,4.7727207385869774e-12,7.636353181739164e-09,2,2,5,3,0,1.6415354784936427e-09,0.4714796741171576
765,1.8381250000000002,4.777210528203457e-12,7.643536845125531e-09,2,2,5,3,0,1.6322808610016313e-09,0.4701081658045091
766,1.83875,4.781522508663649e-12,7.650436013861839e-09,2,2,5,3,0,1.6230776321457083e-09,0.46873652073161964
767,1.839375,4.785645187424525e-12,7.65703229987924e-09,2,2,5,3,0,1.6139255137247462e-09,0.46736476122680864
768,1.84,4.789669962729226e-12,7.663471940366762e-09,2,2,5,3,0,1.6048242290341257e-09,0.4659929096408709
769,1.8406250000000002,4.79355867066128e-12,7.669693873058048e-09,2,2,5,3,0,1.5957735028563602e-09,0.46462098834569177
770,1.84125,4.797958471497443e-12,7.67673355439591e-09,2,2,5,3,0,1.5867730614517376e-09,0.46324901973284327
771,1.8418750000000002,4.81317394794567e-12,7.701078316713073e-09,2,2,5,3,0,1.5778226325490313e-09,0.4618770262121613
772,1.8425,4.828290653575984e-12,7.725265045721574e-09,2,2,5,3,0,1.5689219453362362e-09,0.4605050302103039
773,1.8431250000000001,4.843166449483571e-12,7.749066319173714e-09,2,2,5,3,0,1.560070730451381e-09,0.45913305416929023
774,1.84375,4.8579350177963e-12,7.77269602847408e-09,2,2,5,3,0,1.5512687199733737e-09,0.45776112054502177
775,1.844375,4.872412477825716e-12,7.795859964521146e-09,2,2,5,3,0,1.5425156474129228e-09,0.45638925180578455
776,1.8450000000000002,4.886803310101551e-12,7.818885296162481e-09,2,2,5,3,0,1.5338112477035199e-09,0.45501747043073404
777,1.845625,4.900996383901124e-12,7.841594214241798e-09,2,2,5,3,0,1.5251552571924858e-09,0.4536457989083627
778,1.8462500000000002,4.914990072921177e-12,7.863984116673883e-09,2,2,5,3,0,1.5165474136320921e-09,0.45227425973495117
779,1.846875,4.928821782136661e-12,7.886114851418657e-09,2,2,5,3,0,1.5079874561707505e-09,0.4509028754130038
780,1.8475000000000001,4.942494113632789e-12,7.907990581812463e-09,2,2,5,3,0,1.4994751253442785e-09,0.449531668449669
781,1.848125,4.95593388376292e-12,7.929494214020671e-09,2,2,5,3,0,1.4910101630672476e-09,0.44816066135514615
782,1.8487500000000001,4.96923140656802e-12,7.950770250508832e-09,2,2,5,3,0,1.48259231262443e-09,0.4467898766410787
783,1.8493750000000002,4.982334423503376e-12,7.971735077605402e-09,2,2,5,3,0,1.4742213186622787e-09,0.44541933681893625
784,1.85,4.995222551568146e-12,7.992356082509033e-09,2,2,5,3,0,1.4658969271805613e-09,0.4440490643983847
785,1.8506250000000002,5.007939050429011e-12,8.012702480686418e-09,2,2,5,3,0,1.4576188855240155e-09,0.442679081885648
786,1.85125,5.020519156656578e-12,8.032830650650524e-09,2,2,5,3,0,1.449386942374142e-09,0.4413094117818595
787,1.8518750000000002,5.032873531991833e-12,8.052597651186932e-09,2,2,5,3,0,1.4412008477410715e-09,0.43994007658140777
788,1.8525,5.04505248341558e-12,8.072083973464927e-09,2,2,5,3,0,1.433060352955508e-09,0.4385710987702747
789,1.8531250000000001,5.057052324640432e-12,8.091283719424691e-09,2,2,5,3,0,1.4249652106607796e-09,0.4372025008243697
790,1.8537500000000002,5.068823941307976e-12,8.110118306092762e-09,2,2,5,3,0,1.4169151748049874e-09,0.4358343052078588
791,1.854375,5.080419266702274e-12,8.128670826723638e-09,2,2,5,3,0,1.4089100006332337e-09,0.4344665343714927
792,1.855,5.091877765782404e-12,8.147004425251847e-09,2,2,5,3,0,1.4009494446799435e-09,0.43309921075093233
793,1.855625,5.103127122263462e-12,8.16500339562154e-09,2,2,5,3,0,1.393033264761282e-09,0.43173235676507504
794,1.8562500000000002,5.114170263491313e-12,8.182672421586101e-09,2,2,5,3,0,1.385161219967675e-09,0.43036599481438115
795,1.856875,5.1249962390240156e-12,8.199993982438425e-09,2,2,5,3,0,1.3773330706563944e-09,0.42900014727920344
796,1.8575000000000002,5.1356598010712795e-12,8.217055681714047e-09,2,2,5,3,0,1.369548578444259e-09,0.4276348365181197
797,1.858125,5.1461633348778846e-12,8.233861335804615e-09,2,2,5,3,0,1.3618075062004122e-09,0.42627008486626966
798,1.8587500000000001,5.156475940681915e-12,8.250361505091064e-09,2,2,5,3,0,1.3541096180391877e-09,0.42490591463369826
799,1.859375,5.166580271248611e-12,8.266528433997777e-09,2,2,5,3,0,1.3464546793130701e-09,0.4235423481037052
800,1.86,5.1764646171945095e-12,8.282343387511215e-09,2,2,5,3,0,1.3388424566057267e-09,0.4221794075312022
801,1.8606250000000002,5.186211161044285e-12,8.297937857670856e-09,2,2,5,3,0,1.3312727177251313e-09,0.4208171151410793
802,1.86125,5.195762331662579e-12,8.313219730660126e-09,2,2,5,3,0,1.3237452316967742e-09,0.4194554931265811
803,1.861875,5.205075845164664e-12,8.328121352263462e-09,2,2,5,3,0,1.3162597687569322e-09,0.4180945636476938
804,1.8625000000000003,5.214238871405208e-12,8.342782194248333e-09,2,2,5,3,0,1.3088161003460393e-09,0.4167343488295435
805,1.8631250000000001,5.223215306451867e-12,8.357144490322987e-09,2,2,5,3,0,1.301413999102112e-09,0.4153748707608076
806,1.86375,5.231975985266202e-12,8.371161576425923e-09,2,2,5,3,0,1.294053238854261e-09,0.4140161514921392
807,1.8643750000000001,5.240579888446395e-12,8.384927821514232e-09,2,2,5,3,0,1.2867335946162537e-09,0.4126582130346059
808,1.8650000000000002,5.248987334192934e-12,8.398379734708694e-09,2,2,5,3,0,1.2794548425801683e-09,0.4113010773581433
809,1.865625,5.25719550358017e-12,8.411512805728272e-09,2,2,5,3,0,1.2722167601101004e-09,0.4099447663900247
810,1.86625,5.265242777365009e-12,8.424388443784014e-09,2,2,5,3,0,1.2650191257359175e-09,0.4085893020133463
811,1.866875,5.273053695076246e-12,8.436885912121994e-09,2,2,5,3,0,1.2578617191471026e-09,0.40723470606553014
812,1.8675000000000002,5.280693417264448e-12,8.449109467623117e-09,2,2,5,3,0,1.2507443211866261e-09,0.405881000336844
813,1.868125,5.288168340722432e-12,8.461069345155892e-09,2,2,5,3,0,1.2436667138449033e-09,0.40452820656893934
814,1.8687500000000001,5.295432278437651e-12,8.472691645500241e-09,2,2,5,3,0,1.2366286802537637e-09,0.40317634645340833
815,1.8693750000000002,5.302558630897181e-12,8.484093809435489e-09,2,2,5,3,0,1.229630004680509e-09,0.40182544163035905
816,1.87,5.309431388468566e-12,8.495090221549706e-09,2,2,5,3,0,1.2226704725219931e-09,0.4004755136870105
817,1.870625,5.316186726944672e-12,8.505898763111475e-09,2,2,5,3,0,1.2157498702987548e-09,0.39912658415630736
818,1.87125,5.322710046155865e-12,8.516336073849384e-09,2,2,5,3,0,1.2088679856491924e-09,0.3977786745155541
819,1.8718750000000002,5.329052412024471e-12,8.526483859239153e-09,2,2,5,3,0,1.2020246073237895e-09,0.39643180618506996
820,1.8725,5.335206343555499e-12,8.536330149688798e-09,2,2,5,3,0,1.1952195251793598e-09,0.39508600052686377
821,1.8731250000000002,5.341213474112372e-12,8.545941558579795e-09,2,2,5,3,0,1.188452530173337e-09,0.39374127884332955
822,1.8737500000000002,5.347015039937342e-12,8.555224063899747e-09,2,2,5,3,0,1.1817234143581107e-09,0.39239766237596213
823,1.8743750000000001,5.3526245935575645e-12,8.564199349692103e-09,2,2,5,3,0,1.1750319708753793e-09,0.3910551723040938
824,1.875,5.358074227357346e-12,8.572918763771753e-09,2,2,5,3,0,1.1683779939505313e-09,0.3897138297436511
825,1.875625,5.363326102680865e-12,8.581321764289385e-09,2,2,5,3,0,1.1617612788870877e-09,0.38837365574593186
826,1.8762500000000002,5.3684066740611325e-12,8.589450678497812e-09,2,2,5,3,0,1.155181622061127e-09,0.3870346712964027
827,1.876875,5.3733188688440126e-12,8.59731019015042e-09,2,2,5,3,0,1.148638820915778e-09,0.3856968973135158
828,1.8775,5.3780390514221454e-12,8.604862482275433e-09,2,2,5,3,0,1.1421326739557152e-09,0.38436035464754614
829,1.8781250000000003,5.382602566786354e-12,8.612164106858167e-09,2,2,5,3,0,1.13566298074168e-09,0.3830250640794473
830,1.8787500000000001,5.386961926881484e-12,8.619139083010374e-09,2,2,5,3,0,1.1292295418850456e-09,0.38169104631972606
831,1.879375,5.39115670508683e-12,8.625850728138929e-09,2,2,5,3,0,1.1228321590423826e-09,0.3803583220073361
832,1.8800000000000001,5.395117620883572e-12,8.632188193413715e-09,2,2,5,3,0,1.1164706349100607e-09,0.3790269117085885
833,1.8806250000000002,5.398995378373683e-12,8.638392605397893e-09,2,2,5,3,0,1.1101447732188623e-09,0.3776968359160803
834,1.88125,5.402656512269732e-12,8.644250419631572e-09,2,2,5,3,0,1.1038543787286333e-09,0.37636811504763973
835,1.881875,5.406156858983602e-12,8.649850974373763e-09,2,2,5,3,0,1.0975992572229376e-09,0.3750407694452868
836,1.8825,5.409504333191151e-12,8.655206933105841e-09,2,2,5,3,0,1.0913792155037422e-09,0.37371481937421
837,1.8831250000000002,5.412617186048574e-12,8.660187497677718e-09,2,2,5,3,0,1.0851940613861276e-09,0.3723902850217569
838,1.88375,5.415627581800697e-12,8.665004130881115e-09,2,2,5,3,0,1.0790436036930015e-09,0.37106718649643916
839,1.8843750000000001,5.418409102474209e-12,8.669454563958734e-09,2,2,5,3,0,1.0729276522498572e-09,0.3697455438269503
840,1.8850000000000002,5.421051736849425e-12,8.67368277895908e-09,2,2,5,3,0,1.0668460178795313e-09,0.3684253769611954
841,1.885625,5.4235223083398676e-12,8.677635693343788e-09,2,2,5,3,0,1.0607985123969908e-09,0.36710670576533305
842,1.88625,5.425811601227071e-12,8.681298561963313e-09,2,2,5,3,0,1.0547849486041479e-09,0.3657895500228271
843,1.886875,5.427961790975544e-12,8.68473886556087e-09,2,2,5,3,0,1.04880514028468e-09,0.36447392943350837
844,1.8875000000000002,5.429911078061456e-12,8.687857724898329e-09,2,2,5,3,0,1.0428589021988865e-09,0.36315986361264585
845,1.888125,5.431704565295181e-12,8.69072730447229e-09,2,2,5,3,0,1.0369460500785557e-09,0.3618473720900249
846,1.8887500000000002,5.433339759011724e-12,8.693343614418758e-09,2,2,5,3,0,1.0310664006218652e-09,0.36053647430903374
847,1.8893750000000002,5.434815900269563e-12,8.6957054404313e-09,2,2,5,3,0,1.0252197714882862e-09,0.359227189625756
848,1.8900000000000001,5.436152504707803e-12,8.697844007532485e-09,2,2,5,3,0,1.01940598129353e-09,0.35791953730806875
849,1.890625,5.4372977474625994e-12,8.699676395940159e-09,2,2,5,3,0,1.0136248496045127e-09,0.3566135365347462
850,1.89125,5.43831711434517e-12,8.701307382952272e-09,2,2,5,3,0,1.0078761969343316e-09,0.35530920639456676
851,1.8918750000000002,5.439119749213461e-12,8.702591598741538e-09,2,2,5,3,0,1.0021598447372837e-09,0.3540065658854245
852,1.8925,5.439779919916288e-12,8.70364787186606e-09,2,2,5,3,0,9.964756154038925e-10,0.3527056339134431
853,1.893125,5.440281363421062e-12,8.7044501814737e-09,2,2,5,3,0,9.908233322559656e-10,0.35140642929209226
854,1.8937500000000003,5.4406348133292926e-12,8.705015701326868e-09,2,2,5,3,0,9.852028195416824e-10,0.350108970741306
855,1.8943750000000001,5.440855340051176e-12,8.705368544081882e-09,2,2,5,3,0,9.796139024307026e-10,0.3488132768866024
856,1.895,5.452309827583268e-12,8.723695724133229e-09,2,2,5,3,0,9.740564070092987e-10,0.34751936625820434
857,1.8956250000000001,5.474132865751491e-12,8.758612585202386e-09,2,2,5,3,0,9.685301602755273e-10,0.3462272572901602
858,1.8962500000000002,5.4956439789546896e-12,8.793030366327503e-09,2,2,5,3,0,9.630349901344043e-10,0.34493696831946546
859,1.896875,5.517030083647401e-12,8.827248133835841e-09,2,2,5,3,0,9.57570725393137e-10,0.34364851758518467
860,1.8975,5.538145788318294e-12,8.86103326130927e-09,2,2,5,3,0,9.521371957563584e-10,0.342361923227572
861,1.898125,5.559070131305743e-12,8.89451221008919e-09,2,2,5,3,0,9.467342318214076e-10,0.34107720328719227
862,1.8987500000000002,5.579804305232139e-12,8.927686888371422e-09,2,2,5,3,0,9.413616650736288e-10,0.3397943757040419
863,1.899375,5.60022893943829e-12,8.960366303101264e-09,2,2,5,3,0,9.36019327881699e-10,0.33851345831666907
864,1.9000000000000001,5.6205609827789105e-12,8.992897572446257e-09,2,2,5,3,0,9.307070534929992e-10,0.3372344688612932
865,1.9006250000000002,5.640628914470314e-12,9.025006263152502e-09,2,2,5,3,0,9.254246760289966e-10,0.3359574249709248
866,1.90125,5.660436203959451e-12,9.056697926335122e-09,2,2,5,3,0,9.201720304806692e-10,0.33468234417448517
867,1.901875,5.68006850321795e-12,9.08810960514872e-09,2,2,5,3,0,9.149489527039582e-10,0.3334092438959265
868,1.9025,5.699446665487218e-12,9.119114664779548e-09,2,2,5,3,0,9.097552794152499e-10,0.33213814145335174
869,1.9031250000000002,5.7186288040037e-12,9.14980608640592e-09,2,2,5,3,0,9.045908481868881e-10,0.3308690540581359
870,1.90375,5.737565045467463e-12,9.180104072747941e-09,2,2,5,3,0,8.994554974427182e-10,0.32960199881404845
871,1.9043750000000002,5.756268291884359e-12,9.210029267014974e-09,2,2,5,3,0,8.943490664536673e-10,0.32833699271637734
872,1.9050000000000002,5.77475697469132e-12,9.239611159506111e-09,2,2,5,3,0,8.892713953333453e-10,0.3270740526510546
873,1.9056250000000001,5.792989026844053e-12,9.268782442950485e-09,2,2,5,3,0,8.84222325033691e-10,0.32581319539378534
874,1.90625,5.811079156932408e-12,9.297726651091853e-09,2,2,5,3,0,8.792016973406375e-10,0.32455443760917924
875,1.906875,5.828853242087484e-12,9.326165187339974e-09,2,2,5,3,0,8.742093548698217e-10,0.32329779584988616
876,1.9075000000000002,5.846428267723691e-12,9.354285228357906e-09,2,2,5,3,0,8.692451410623178e-10,0.32204328655573566
877,1.908125,5.863780489813453e-12,9.382048783701524e-09,2,2,5,3,0,8.643089001804048e-10,0.32079092605288184
878,1.90875,5.880905246287427e-12,9.409448394059883e-09,2,2,5,3,0,8.59400477303366e-10,0.3195407305529534
879,1.9093750000000003,5.897763505867404e-12,9.436421609387846e-09,2,2,5,3,0,8.545197183233196e-10,0.31829271615221033
880,1.9100000000000001,5.914381723086393e-12,9.463010756938228e-09,2,2,5,3,0,8.496664699410891e-10,0.3170468988307073
881,1.910625,5.930831780548429e-12,9.489330848877486e-09,2,2,5,3,0,8.448405796620956e-10,0.31580329445146443
882,1.9112500000000001,5.947018593722986e-12,9.515229749956777e-09,2,2,5,3,0,8.400418957922922e-10,0.31456191875964706
883,1.9118750000000002,5.962960377206561e-12,9.540736603530497e-09,2,2,5,3,0,8.352702674341168e-10,0.31332278738175395
884,1.9125,5.978687597080201e-12,9.565900155328322e-09,2,2,5,3,0,8.305255444824987e-10,0.3120859158248155
885,1.913125,5.994167835698949e-12,9.590668537118319e-09,2,2,5,3,0,8.258075776208686e-10,0.3108513194756025
886,1.91375,6.009396864674332e-12,9.615034983478932e-09,2,2,5,3,0,8.211162183172336e-10,0.3096190135998459
887,1.9143750000000002,6.024403632204356e-12,9.63904581152697e-09,2,2,5,3,0,8.164513188202564e-10,0.3083890133414682
888,1.915,6.039196269805314e-12,9.662714031688502e-09,2,2,5,3,0,8.118127321553776e-10,0.307161333721828
889,1.9156250000000001,6.053707014841425e-12,9.68593122374628e-09,2,2,5,3,0,8.072003121209704e-10,0.3059359896389777
890,1.9162500000000002,6.06799972682065e-12,9.70879956291304e-09,2,2,5,3,0,8.026139132845296e-10,0.3047129958669342
891,1.916875,6.082017268288498e-12,9.731227629261596e-09,2,2,5,3,0,7.980533909788796e-10,0.30349236705496524
892,1.9175,6.09594124310886e-12,9.753505988974176e-09,2,2,5,3,0,7.935186012984294e-10,0.3022741177268907
893,1.918125,6.109473062003434e-12,9.775156899205495e-09,2,2,5,3,0,7.890094010954438e-10,0.30105826228039906
894,1.9187500000000002,6.122864043035803e-12,9.796582468857284e-09,2,2,5,3,0,7.845256479763559e-10,0.29984481498638077
895,1.919375,6.13595480848661e-12,9.817527693578576e-09,2,2,5,3,0,7.800672002981069e-10,0.29863378998827866
896,1.9200000000000002,6.1488462975781144e-12,9.838154076124983e-09,2,2,5,3,0,7.756339171645129e-10,0.29742520130145533
897,1.9206250000000002,6.161505442144055e-12,9.858408707430488e-09,2,2,5,3,0,7.712256584226667e-10,0.2962190628125791
898,1.9212500000000001,6.173896355092523e-12,9.878234168148037e-09,2,2,5,3,0,7.668422846593628e-10,0.2950153882790278
899,1.921875,6.186052646690865e-12,9.897684234705384e-09,2,2,5,3,0,7.624836571975613e-10,0.29381419132831216
900,1.9225,6.198017793446198e-12,9.916828469513916e-09,2,2,5,3,0,7.581496380928718e-10,0.29261548545751775
901,1.9231250000000002,6.209676761508021e-12,9.935482818412833e-09,2,2,5,3,0,7.538400901300688e-10,0.2914192840327676
902,1.92375,6.221134067965761e-12,9.953814508745218e-09,2,2,5,3,0,7.495548768196396e-10,0.2902256002887042
903,1.924375,6.232351982583817e-12,9.971763172134107e-09,2,2,5,3,0,7.452938623943595e-10,0.2890344473279917
904,1.9250000000000003,6.243372247145829e-12,9.989395595433326e-09,2,2,5,3,0,7.410569118058848e-10,0.2878458381208402
905,1.9256250000000001,6.25410920968017e-12,1.0006574735488272e-08,2,2,5,3,0,7.36843890721386e-10,0.2866597855045492
906,1.92625,6.264595504672232e-12,1.0023352807475572e-08,2,2,5,3,0,7.326546655202048e-10,0.28547630218307335
907,1.9268750000000001,6.274920361960812e-12,1.0039872579137299e-08,2,2,5,3,0,7.284891032905342e-10,0.28429540072660975
908,1.9275000000000002,6.284921259640253e-12,1.0055874015424404e-08,2,2,5,3,0,7.243470718261238e-10,0.2831170935712059
909,1.928125,6.2947716700581524e-12,1.0071634672093044e-08,2,2,5,3,0,7.202284396230184e-10,0.28194139301839016
910,1.92875,6.304378134987243e-12,1.0087005015979589e-08,2,2,5,3,0,7.161330758763223e-10,0.2807683112348235
911,1.929375,6.313692407430849e-12,1.0101907851889358e-08,2,2,5,3,0,7.120608504769735e-10,0.27959786025197325
912,1.9300000000000002,6.322836460133374e-12,1.0116538336213399e-08,2,2,5,3,0,7.080116340085613e-10,0.27843005196580867
913,1.930625,6.3317261590062346e-12,1.0130761854409975e-08,2,2,5,3,0,7.039852977441605e-10,0.27726489813651833
914,1.9312500000000001,6.340372779752024e-12,1.0144596447603238e-08,2,2,5,3,0,6.999817136431851e-10,0.27610241038824934
915,1.9318750000000002,6.3488244609472e-12,1.015811913751552e-08,2,2,5,3,0,6.960007543482734e-10,0.274942600208868
916,1.9325,6.357000863210782e-12,1.0171201381137251e-08,2,2,5,3,0,6.920422931821886e-10,0.27378547894974276
917,1.933125,6.364937765214462e-12,1.018390042434314e-08,2,2,5,3,0,6.881062041447516e-10,0.2726310578255475
918,1.93375,6.372692521253165e-12,1.0196308034005064e-08,2,2,5,3,0,6.84192361909784e-10,0.27147934791408723
919,1.9343750000000002,6.380197585531544e-12,1.020831613685047e-08,2,2,5,3,0,6.8030064182208e-10,0.2703303601561443
920,1.935,6.387449705443082e-12,1.0219919528708932e-08,2,2,5,3,0,6.764309198943945e-10,0.26918410535534554
921,1.9356250000000002,6.394552855976121e-12,1.0231284569561794e-08,2,2,5,3,0,6.725830728044579e-10,0.2680405941780499
922,1.9362500000000002,6.401358176172378e-12,1.0242173081875805e-08,2,2,5,3,0,6.687569778920032e-10,0.26689983715325655
923,1.9368750000000001,6.407952185365218e-12,1.0252723496584348e-08,2,2,5,3,0,6.649525131558209e-10,0.2657618446725333
924,1.9375,6.414314934234666e-12,1.0262903894775466e-08,2,2,5,3,0,6.611695572508207e-10,0.26462662698996386
925,1.938125,6.4204621437122245e-12,1.0272739429939559e-08,2,2,5,3,0,6.574079894851257e-10,0.2634941942221154
926,1.9387500000000002,6.4264016200535345e-12,1.0282242592085655e-08,2,2,5,3,0,6.536676898171726e-10,0.2623645563480241
927,1.939375,6.4321207865133956e-12,1.0291393258421433e-08,2,2,5,3,0,6.499485388528332e-10,0.2612377232092002
928,1.94,6.437618016788549e-12,1.0300188826861678e-08,2,2,5,3,0,6.462504178425485e-10,0.2601137045096502
929,1.9406250000000003,6.442819585131265e-12,1.0308511336210024e-08,2,2,5,3,0,6.42573208678488e-10,0.2589925098159176
930,1.9412500000000001,6.447918045847378e-12,1.0316668873355805e-08,2,2,5,3,0,6.389167938917135e-10,0.2578741485571402
931,1.941875,6.4527282172058276e-12,1.0324365147529324e-08,2,2,5,3,0,6.352810566493648e-10,0.2567586300251248
932,1.9425000000000001,6.457303333533282e-12,1.0331685333653251e-08,2,2,5,3,0,6.316658807518534e-10,0.2556459633744373
933,1.9431250000000002,6.4616696325223155e-12,1.0338671412035705e-08,2,2,5,3,0,6.280711506300716e-10,0.2545361576225095
934,1.94375,6.465884143207201e-12,1.0345414629131522e-08,2,2,5,3,0,6.244967513426176e-10,0.2534292216497606
935,1.944375,6.46983844537069e-12,1.0351741512593104e-08,2,2,5,3,0,6.209425685730246e-10,0.2523251641997337
936,1.945,6.473572220812296e-12,1.0357715553299673e-08,2,2,5,3,0,6.174084886270088e-10,0.2512239938792462
937,1.9456250000000002,6.477133824948911e-12,1.0363414119918257e-08,2,2,5,3,0,6.13894398429728e-10,0.25012571915855436
938,1.94625,6.48039814084983e-12,1.0368637025359728e-08,2,2,5,3,0,6.10400185523041e-10,0.24903034837153068
939,1.9468750000000001,6.483494405414014e-12,1.0373591048662423e-08,2,2,5,3,0,6.06925738062784e-10,0.24793788971585398
940,1.9475000000000002,6.486397573571279e-12,1.0378236117714046e-08,2,2,5,3,0,6.034709448160593e-10,0.2468483512532116
941,1.948125,6.4890675298412415e-12,1.0382508047745986e-08,2,2,5,3,0,6.00035695158519e-10,0.24576174090951314
942,1.94875,6.491513489942369e-12,1.038642158390779e-08,2,2,5,3,0,5.966198790716692e-10,0.244678066475115
943,1.949375,6.493781532466991e-12,1.0390050451947186e-08,2,2,5,3,0,5.932233871401688e-10,0.24359733560505561
944,1.9500000000000002,6.495827638806906e-12,1.039332422209105e-08,2,2,5,3,0,5.89846110549148e-10,0.2425195558193004
945,1.950625,6.497689322357281e-12,1.0396302915771649e-08,2,2,5,3,0,5.864879410815225e-10,0.24144473450299636
946,1.9512500000000002,6.4992888458223486e-12,1.0398862153315758e-08,2,2,5,3,0,5.831487711153125e-10,0.240372878906735
947,1.9518750000000002,6.500737231504572e-12,1.0401179570407315e-08,2,2,5,3,0,5.798284936209713e-10,0.23930399614682432
948,1.9525000000000001,6.5029970340926835e-12,1.0404795254548294e-08,2,2,5,3,0,5.765270021587095e-10,0.23823809320556794
949,1.953125,6.519591832544747e-12,1.0431346932071595e-08,2,2,5,3,0,5.732441908758372e-10,0.237175176931552
950,1.95375,6.535915797294123e-12,1.0457465275670597e-08,2,2,5,3,0,5.699799545040866e-10,0.23611525403993858
951,1.9543750000000002,6.552067807578943e-12,1.0483308492126309e-08,2,2,5,3,0,5.667341883569596e-10,0.2350583311127658
952,1.955,6.567856935396632e-12,1.0508571096634611e-08,2,2,5,3,0,5.635067883270553e-10,0.23400441459925359
953,1.955625,6.583455460472398e-12,1.0533528736755837e-08,2,2,5,3,0,5.602976508834192e-10,0.23295351081611498
954,1.9562500000000003,6.598765804610718e-12,1.0558025287377149e-08,2,2,5,3,0,5.571066730688783e-10,0.23190562594787242
955,1.9568750000000001,6.6138633198625785e-12,1.0582181311780126e-08,2,2,5,3,0,5.539337524973752e-10,0.23086076604717867
956,1.9575,6.6286460912237666e-12,1.0605833745958027e-08,2,2,5,3,0,5.50778787351318e-10,0.22981893703514203
957,1.9581250000000001,6.6432250325765274e-12,1.0629160052122444e-08,2,2,5,3,0,5.476416763789083e-10,0.2287801447016552
958,1.9587500000000002,6.6574363209725984e-12,1.0651898113556157e-08,2,2,5,3,0,5.445223188914847e-10,0.2277443947057277
959,1.959375,6.671452452977622e-12,1.0674323924764195e-08,2,2,5,3,0,5.414206147608548e-10,0.22671169257582152
960,1.96,6.685216182716891e-12,1.0696345892347026e-08,2,2,5,3,0,5.383364644166323e-10,0.22568204371018935
961,1.960625,6.700608167278799e-12,1.0720973067646078e-08,2,2,5,3,0,5.352697688435665e-10,0.22465545337721562
962,1.9612500000000002,6.716892775489314e-12,1.0747028440782902e-08,2,2,5,3,0,5.322204295788677e-10,0.2236319267157595
963,1.961875,6.732813850711394e-12,1.0772502161138231e-08,2,2,5,3,0,5.291883487095418e-10,0.22261146873549992
964,1.9625000000000001,6.7485471421172005e-12,1.0797675427387521e-08,2,2,5,3,0,5.26173428869709e-10,0.2215940843172825
965,1.9631250000000002,6.764010033501189e-12,1.0822416053601902e-08,2,2,5,3,0,5.231755732379233e-10,0.22057977821346797
966,1.96375,6.779215860550081e-12,1.084674537688013e-08,2,2,5,3,0,5.201946855344971e-10,0.21956855504828154
967,1.964375,6.794138168730868e-12,1.0870621069969388e-08,2,2,5,3,0,5.172306700188114e-10,0.218560419318164
968,1.965,6.808731746812957e-12,1.0893970794900731e-08,2,2,5,3,0,5.14283431486629e-10,0.21755537539212358
969,1.9656250000000002,6.8231137970511946e-12,1.0916982075281911e-08,2,2,5,3,0,5.113528752674049e-10,0.21655342751208867
970,1.96625,6.8372181831130585e-12,1.0939549092980894e-08,2,2,5,3,0,5.084389072215892e-10,0.21555457979326142
971,1.9668750000000002,6.8510416523920314e-12,1.096166664382725e-08,2,2,5,3,0,5.055414337379359e-10,0.21455883622447208
972,1.9675000000000002,6.8645511367218526e-12,1.0983281818754964e-08,2,2,5,3,0,5.026603617307968e-10,0.21356620066853405
973,1.9681250000000001,6.877787402104207e-12,1.1004459843366732e-08,2,2,5,3,0,4.997955986374249e-10,0.21257667686259935
974,1.96875,6.890826776372039e-12,1.1025322842195262e-08,2,2,5,3,0,4.96947052415267e-10,0.2115902684185152
975,1.969375,6.9035216996096715e-12,1.1045634719375474e-08,2,2,5,3,0,4.9411463153926e-10,0.21060697882318066
976,1.9700000000000002,6.915937657628324e-12,1.1065500252205318e-08,2,2,5,3,0,4.912982449991199e-10,0.20962681143890446
977,1.970625,6.928113790126422e-12,1.1084982064202276e-08,2,2,5,3,0,4.884978022966327e-10,0.20864976950376318
978,1.97125,6.93999794697947e-12,1.1103996715167153e-08,2,2,5,3,0,4.857132134429472e-10,0.2076758561319606
979,1.9718750000000003,6.951611486970266e-12,1.1122578379152426e-08,2,2,5,3,0,4.829443889558545e-10,0.20670507431418766
980,1.9725000000000001,6.962940640731219e-12,1.114070502516995e-08,2,2,5,3,0,4.801912398570856e-10,0.2057374269179837
981,1.973125,6.973979336730163e-12,1.115836693876826e-08,2,2,5,3,0,4.774536776695939e-10,0.20477291668809844
982,1.9737500000000001,6.984748500069027e-12,1.1175597600110443e-08,2,2,5,3,0,4.747316144148444e-10,0.2038115462468556
983,1.9743750000000002,6.995243468678469e-12,1.119238954988555e-08,2,2,5,3,0,4.720249626101038e-10,0.20285331809451815
984,1.975,7.005476494043039e-12,1.1208762390468863e-08,2,2,5,3,0,4.693336352657298e-10,0.20189823460965453
985,1.975625,7.015396835501064e-12,1.1224634936801703e-08,2,2,5,3,0,4.66657545882468e-10,0.20094629804950728
986,1.97625,7.0250515474268305e-12,1.1240082475882929e-08,2,2,5,3,0,4.6399660844874585e-10,0.19999751055036347
987,1.9768750000000002,7.0344460508312e-12,1.125511368132992e-08,2,2,5,3,0,4.613507374379697e-10,0.19905187412792744
988,1.9775,7.043546084925523e-12,1.1269673735880836e-08,2,2,5,3,0,4.5871984780583244e-10,0.198109390677696
989,1.9781250000000001,7.052354034954578e-12,1.1283766455927324e-08,2,2,5,3,0,4.5610385498761516e-10,0.1971700619753361
990,1.9787500000000002,7.060928339415462e-12,1.129748534306474e-08,2,2,5,3,0,4.5350267489550704e-10,0.19623388967706612
991,1.979375,7.069229316508663e-12,1.131076690641386e-08,2,2,5,3,0,4.5091622391592016e-10,0.1953008753200396
992,1.98,7.077194624609262e-12,1.132351139937482e-08,2,2,5,3,0,4.483444189068125e-10,0.19437102032273298
993,1.980625,7.084932141833422e-12,1.1335891426933475e-08,2,2,5,3,0,4.4578717719502555e-10,0.19344432598533695
994,1.9812500000000002,7.0924120526214e-12,1.134785928419424e-08,2,2,5,3,0,4.4324441657362347e-10,0.19252079349015175
995,1.981875,7.0995845920934775e-12,1.1359335347349564e-08,2,2,5,3,0,4.407160552992381e-10,0.191600423901987
996,1.9825000000000002,7.106496055682421e-12,1.1370393689091873e-08,2,2,5,3,0,4.3820201208943187e-10,0.1906832181685659
997,1.9831250000000002,7.113109255253713e-12,1.1380974808405941e-08,2,2,5,3,0,4.3570220612006397e-10,0.18976917712093447
998,1.9837500000000001,7.122917381786886e-12,1.1396667810859018e-08,2,2,5,3,0,4.332165570226694e-10,0.18885830147387583
999,1.984375,7.138634301739888e-12,1.142181488278382e-08,2,2,5,3,0,4.3074498488185274e-10,0.1879505918263302
1000,1.985,7.154044609318511e-12,1.1446471374909617e-08,2,2,5,3,0,4.2828741023268484e-10,0.1870460486618205
1001,1.9856250000000002,7.1691827821518395e-12,1.1470692451442943e-08,2,2,5,3,0,4.2584375405812235e-10,0.18614467234888374
1002,1.98625,7.183993309088643e-12,1.1494389294541829e-08,2,2,5,3,0,4.2341393778643616e-10,0.1852464631415093
1003,1.986875,7.198525955008639e-12,1.1517641528013822e-08,2,2,5,3,0,4.2099788328865113e-10,0.18435142117958336
1004,1.9875000000000003,7.212693224796507e-12,1.1540309159674411e-08,2,2,5,3,0,4.1859551287600896e-10,0.18345954648934026
1005,1.9881250000000001,7.226599093440589e-12,1.1562558549504942e-08,2,2,5,3,0,4.1620674929743653e-10,0.18257083898382134
1006,1.98875,7.240139043851457e-12,1.1584222470162331e-08,2,2,5,3,0,4.138315157370361e-10,0.18168529846334086
1007,1.9893750000000001,7.25337379135077e-12,1.1605398066161232e-08,2,2,5,3,0,4.1146973581158995e-10,0.1808029246159597
1008,1.9900000000000002,7.26635331765868e-12,1.1626165308253888e-08,2,2,5,3,0,4.091213335680868e-10,0.17992371701796708
1009,1.990625,7.279030676821119e-12,1.164644908291379e-08,2,2,5,3,0,4.0678623348125863e-10,0.17904767513437053
1010,1.99125,7.29135957340532e-12,1.1666175317448513e-08,2,2,5,3,0,4.044643604511372e-10,0.17817479831939395
1011,1.991875,7.303408637408804e-12,1.1685453819854086e-08,2,2,5,3,0,4.02155639800637e-10,0.17730508581698495
1012,1.9925000000000002,7.315098505232542e-12,1.1704157608372068e-08,2,2,5,3,0,3.998599972731474e-10,0.17643853676133042
1013,1.993125,7.326507998374476e-12,1.1722412797399162e-08,2,2,5,3,0,3.9757735903014817e-10,0.17557515017738168
1014,1.9937500000000001,7.337614673849635e-12,1.1740183478159416e-08,2,2,5,3,0,3.9530765164884965e-10,0.17471492498138885
1015,1.9943750000000002,7.34841885691867e-12,1.1757470171069873e-08,2,2,5,3,0,3.9305080211984367e-10,0.17385785998144465
1016,1.995,7.358857880696013e-12,1.177417260911362e-08,2,2,5,3,0,3.9080673784478326e-10,0.17300395387803805
1017,1.995625,7.369050573739766e-12,1.1790480917983626e-08,2,2,5,3,0,3.8857538663408293e-10,0.17215320526461783
1018,1.99625,7.378922668201116e-12,1.1806276269121785e-08,2,2,5,3,0,3.8635667670463346e-10,0.17130561262816615
1019,1.9968750000000002,7.388471778835282e-12,1.182155484613645e-08,2,2,5,3,0,3.841505366775465e-10,0.17046117434978258
1020,1.9975,7.397735635877867e-12,1.1836377017404587e-08,2,2,5,3,0,3.8195689557591433e-10,0.16961988870527825
1021,1.9981250000000002,7.40663628519267e-12,1.185061805630827e-08,2,2,5,3,0,3.7977568282259724e-10,0.16878175386578098
1022,1.9987500000000002,7.41529743424757e-12,1.1864475894796112e-08,2,2,5,3,0,3.776068282380288e-10,0.1679467678983507
1023,1.9993750000000001,7.423607627059237e-12,1.1877772203294779e-08,2,2,5,3,0,3.754502620380423e-10,0.1671149287666062
1024,2.0,7.431660755535807e-12,1.1890657208857291e-08,2,2,5,3,0,3.7330591483172497e-10,0.1662862343313625
1025,2.0006250000000003,7.439358265699803e-12,1.1902973225119684e-08,2,2,5,3,0,3.711737176192903e-10,0.16546068235127975
1026,2.00125,7.446828960769314e-12,1.1914926337230902e-08,2,2,5,3,0,3.690536017899727e-10,0.1646382704835229
1027,2.001875,7.453910318838686e-12,1.1926256510141897e-08,2,2,5,3,0,3.669454991199442e-10,0.16381899628443294
1028,2.0025,7.460678125639775e-12,1.193708500102364e-08,2,2,5,3,0,3.6484934177025315e-10,0.16300285721020996
1029,2.0031250000000003,7.467216406840949e-12,1.1947546250945518e-08,2,2,5,3,0,3.627650622847878e-10,0.16218985061760707
1030,2.00375,7.473424331640166e-12,1.1957478930624266e-08,2,2,5,3,0,3.6069259358825587e-10,0.1613799737646366
1031,2.004375,7.479352315438448e-12,1.1966963704701516e-08,2,2,5,3,0,3.586318689841903e-10,0.16057322381128758
1032,2.005,7.484971626878223e-12,1.1975954603005157e-08,2,2,5,3,0,3.565828221529715e-10,0.15976959782025535
1033,2.005625,7.490266219767339e-12,1.1984425951627742e-08,2,2,5,3,0,3.5454538714987803e-10,0.1589690927576828
1034,2.00625,7.495240105653833e-12,1.1992384169046133e-08,2,2,5,3,0,3.5251949840314673e-10,0.15817170549391382
1035,2.006875,7.500003656318865e-12,1.2000005850110185e-08,2,2,5,3,0,3.5050509071206174e-10,0.15737743280425842
1036,2.0075000000000003,7.50440063822938e-12,1.2007041021167009e-08,2,2,5,3,0,3.485020992450612e-10,0.1565862713697702
1037,2.008125,7.508569937683673e-12,1.2013711900293877e-08,2,2,5,3,0,3.465104595378613e-10,0.1557982177780359
1038,2.00875,7.512413651225569e-12,1.201986184196091e-08,2,2,5,3,0,3.445301074915952e-10,0.15501326852397676
1039,2.0093750000000004,7.515962136515897e-12,1.2025539418425435e-08,2,2,5,3,0,3.4256097937098134e-10,0.15423142001066265
1040,2.0100000000000002,7.51917939804253e-12,1.2030687036868049e-08,2,2,5,3,0,3.4060301180249786e-10,0.15345266855013773
1041,2.010625,7.522158026671e-12,1.20354528426736e-08,2,2,5,3,0,3.3865614177257776e-10,0.15267701036425882
1042,2.01125,7.524827332419659e-12,1.2039723731871455e-08,2,2,5,3,0,3.3672030662582356e-10,0.15190444158554578
1043,2.011875,7.527249982174078e-12,1.2043599971478525e-08,2,2,5,3,0,3.3479544406322974e-10,0.1511349582580443
1044,2.0125,7.529347262856534e-12,1.2046955620570454e-08,2,2,5,3,0,3.3288149214043195e-10,0.15036855633820057
1045,2.013125,7.531186720262373e-12,1.2049898752419796e-08,2,2,5,3,0,3.3097838926595573e-10,0.14960523169574844
1046,2.01375,7.532694303383214e-12,1.2052310885413142e-08,2,2,5,3,0,3.290860741994893e-10,0.14884498011460873
1047,2.0143750000000002,7.53399361126672e-12,1.2054389778026753e-08,2,2,5,3,0,3.2720448605016544e-10,0.14808779729380048
1048,2.015,7.53496928480174e-12,1.2055950855682784e-08,2,2,5,3,0,3.25333564274855e-10,0.1473336788483645
1049,2.015625,7.542775215182984e-12,1.2068440344292775e-08,2,2,5,3,0,3.234732486764712e-10,0.14658262031029878
1050,2.0162500000000003,7.556079676881988e-12,1.2089727483011181e-08,2,2,5,3,0,3.2162347940228385e-10,0.1458346171295057
1051,2.016875,7.56899252475629e-12,1.2110388039610065e-08,2,2,5,3,0,3.1978419694224265e-10,0.14508966467475143
1052,2.0175,7.581581521441672e-12,1.2130530434306674e-08,2,2,5,3,0,3.1795534212730875e-10,0.14434775823463653
1053,2.018125,7.593863797332456e-12,1.215018207573193e-08,2,2,5,3,0,3.161368561277966e-10,0.14360889301857874
1054,2.0187500000000003,7.605794574878921e-12,1.2169271319806274e-08,2,2,5,3,0,3.1432868045171656e-10,0.14287306415780646
1055,2.019375,7.617438906211416e-12,1.2187902249938265e-08,2,2,5,3,0,3.125307569431285e-10,0.14214026670636398
1056,2.02,7.628704634145278e-12,1.2205927414632445e-08,2,2,5,3,0,3.1074302778049674e-10,0.1414104956421275
