reference,reader,protocol,seed,comparison,metric,candidate_error,control_error,signed_candidate_minus_control,difference_percentage_points,relative_error_reduction
old,coarse,original,29,E_vs_F,S,0.001030078125,0.001225,-0.000194921875,,0.1591198979591837
old,coarse,original,29,E_vs_F,Ephi,0.020042062839986767,0.023986713579712493,-0.003944650739725726,,0.16445148797132578
old,coarse,original,29,E_vs_F,ET,0.010600719518901736,0.010930770446400033,-0.00033005092749829705,-0.033005092749829705,0.03019466277484556
old,coarse,original,29,E_vs_F,EV,0.001295806378420051,0.0026037742743953525,-0.0013079678959753015,,0.5023353632599498
old,coarse,original,29,E_vs_F,EI,0.008582725577116241,0.016878445249982235,-0.008295719672865994,-0.8295719672865994,0.4914978571782093
old,coarse,original,29,E_vs_F,bottom_current_NRMSE,0.008582725577119891,0.01687844524998299,-0.0082957196728631,-0.82957196728631,0.49149785717801586
old,coarse,original,29,E_vs_F,power_trace_NRMSE,0.008624890741396128,0.01727433882661583,-0.008649448085219703,-0.8649448085219703,0.5007108041607282
old,coarse,original,29,E_vs_F,energy_error,0.0027517159515824587,0.0016092828994405844,0.0011424330521418744,0.11424330521418744,-0.7099019398882599
old,coarse,original,29,E_vs_F,local_joule_NRMSE,0.04735616535447262,0.0926130912791254,-0.04525692592465278,,0.4886666161293927
old,coarse,original,29,E_vs_B_E,S,0.001030078125,0.0014084375000000002,-0.0003783593750000002,,0.2686376747282007
old,coarse,original,29,E_vs_B_E,Ephi,0.020042062839986767,0.023769782205783657,-0.00372771936579689,,0.15682597903189296
old,coarse,original,29,E_vs_B_E,ET,0.010600719518901736,0.013278255127362866,-0.0026775356084611304,-0.267753560846113,0.20164815201836717
old,coarse,original,29,E_vs_B_E,EV,0.001295806378420051,0.002558449869505918,-0.0012626434910858672,,0.4935189491634268
old,coarse,original,29,E_vs_B_E,EI,0.008582725577116241,0.01728228938076691,-0.008699563803650669,-0.869956380365067,0.5033802878762247
old,coarse,original,29,E_vs_B_E,bottom_current_NRMSE,0.008582725577119891,0.017282289380764062,-0.00869956380364417,-0.869956380364417,0.5033802878759317
old,coarse,original,29,E_vs_B_E,power_trace_NRMSE,0.008624890741396128,0.017562292993545878,-0.00893740225214975,-0.893740225214975,0.5088972297315751
old,coarse,original,29,E_vs_B_E,energy_error,0.0027517159515824587,0.011849409958004114,-0.009097694006421655,-0.9097694006421655,0.7677761203861706
old,coarse,original,29,E_vs_B_E,local_joule_NRMSE,0.04735616535447262,0.0981319028410548,-0.050775737486582186,,0.517423345686307
old,coarse,original,43,E_vs_F,S,0.0011316406249999998,0.0012525000000000001,-0.00012085937500000031,,0.09649451097804415
old,coarse,original,43,E_vs_F,Ephi,0.021619161166716246,0.02448208540577694,-0.002862924239060694,,0.11693955770553523
old,coarse,original,43,E_vs_F,ET,0.010330845552147926,0.010446690661100185,-0.00011584510895225851,-0.011584510895225851,0.011089168111737538
old,coarse,original,43,E_vs_F,EV,0.0023572941029588812,0.00464752889807411,-0.0022902347951152284,,0.4927854878028363
old,coarse,original,43,E_vs_F,EI,0.015717843041697634,0.030696582612246257,-0.014978739570548624,-1.4978739570548623,0.4879611440712272
old,coarse,original,43,E_vs_F,bottom_current_NRMSE,0.01571784304170005,0.030696582612248655,-0.014978739570548606,-1.4978739570548607,0.4879611440711885
old,coarse,original,43,E_vs_F,power_trace_NRMSE,0.01592750502299147,0.03175752257654098,-0.015830017553549507,-1.5830017553549507,0.49846512792036907
old,coarse,original,43,E_vs_F,energy_error,0.006568905729493914,0.012191155965982461,-0.005622250236488547,-0.5622250236488547,0.46117449831472657
old,coarse,original,43,E_vs_F,local_joule_NRMSE,0.07846803668388758,0.12783682347357958,-0.049368786789692004,,0.3861859630757737
old,coarse,original,43,E_vs_B_E,S,0.0011316406249999998,0.0014084375000000002,-0.00027679687500000035,,0.19652762369647236
old,coarse,original,43,E_vs_B_E,Ephi,0.021619161166716246,0.023769782205783657,-0.002150621039067411,,0.0904771032586122
old,coarse,original,43,E_vs_B_E,ET,0.010330845552147926,0.013278255127362866,-0.0029474095752149397,-0.294740957521494,0.22197265732160332
old,coarse,original,43,E_vs_B_E,EV,0.0023572941029588812,0.002558449869505918,-0.00020115576654703695,,0.07862407973851904
old,coarse,original,43,E_vs_B_E,EI,0.015717843041697634,0.01728228938076691,-0.0015644463390692767,-0.15644463390692767,0.09052309590477726
old,coarse,original,43,E_vs_B_E,bottom_current_NRMSE,0.01571784304170005,0.017282289380764062,-0.0015644463390640136,-0.15644463390640134,0.09052309590448765
old,coarse,original,43,E_vs_B_E,power_trace_NRMSE,0.01592750502299147,0.017562292993545878,-0.0016347879705544063,-0.16347879705544063,0.09308510973795898
old,coarse,original,43,E_vs_B_E,energy_error,0.006568905729493914,0.011849409958004114,-0.0052805042285102,-0.52805042285102,0.4456343604639395
old,coarse,original,43,E_vs_B_E,local_joule_NRMSE,0.07846803668388758,0.0981319028410548,-0.019663866157167226,,0.2003819918688113
old,coarse,shorter,29,E_vs_F,S,0.0010861718750000001,0.0012612500000000002,-0.0001750781250000001,,0.13881318136769083
old,coarse,shorter,29,E_vs_F,Ephi,0.01900241378176963,0.023818465166233878,-0.004816051384464247,,0.2021982252362632
old,coarse,shorter,29,E_vs_F,ET,0.011021722601211524,0.011691428007149965,-0.0006697054059384405,-0.06697054059384405,0.05728174569683686
old,coarse,shorter,29,E_vs_F,EV,0.001568101323932456,0.0037235134756986397,-0.0021554121517661836,,0.5788651406348853
old,coarse,shorter,29,E_vs_F,EI,0.009942974635239722,0.022699139664465462,-0.01275616502922574,-1.275616502922574,0.5619668946834568
old,coarse,shorter,29,E_vs_F,bottom_current_NRMSE,0.009942974635242439,0.02269913966446679,-0.012756165029224352,-1.2756165029224351,0.5619668946833628
old,coarse,shorter,29,E_vs_F,power_trace_NRMSE,0.00999332058970384,0.023353161120948644,-0.013359840531244805,-1.3359840531244804,0.5720784634702211
old,coarse,shorter,29,E_vs_F,energy_error,0.00287606086266471,0.007066266554761794,-0.0041902056920970834,-0.4190205692097083,0.592987210378216
old,coarse,shorter,29,E_vs_F,local_joule_NRMSE,0.056357927738193946,0.11271435174216146,-0.056356424003967516,,0.49999332944650265
old,coarse,shorter,29,E_vs_B_E,S,0.0010861718750000001,0.0015754687500000003,-0.0004892968750000001,,0.31057225032232477
old,coarse,shorter,29,E_vs_B_E,Ephi,0.01900241378176963,0.02552352964250399,-0.00652111586073436,,0.2554942812405865
old,coarse,shorter,29,E_vs_B_E,ET,0.011021722601211524,0.012800189053165364,-0.00177846645195384,-0.177846645195384,0.1389406394364185
old,coarse,shorter,29,E_vs_B_E,EV,0.001568101323932456,0.003005663306483679,-0.001437561982551223,,0.47828443706591495
old,coarse,shorter,29,E_vs_B_E,EI,0.009942974635239722,0.020031855675185353,-0.010088881039945631,-1.0088881039945632,0.503641859423105
old,coarse,shorter,29,E_vs_B_E,bottom_current_NRMSE,0.009942974635242439,0.020031855675185704,-0.010088881039943265,-1.0088881039943265,0.5036418594229781
old,coarse,shorter,29,E_vs_B_E,power_trace_NRMSE,0.00999332058970384,0.020489387231699213,-0.010496066641995374,-1.0496066641995374,0.512268450164135
old,coarse,shorter,29,E_vs_B_E,energy_error,0.00287606086266471,0.015059309720727837,-0.012183248858063126,-1.2183248858063127,0.8090177494187492
old,coarse,shorter,29,E_vs_B_E,local_joule_NRMSE,0.056357927738193946,0.1133849836004611,-0.05702705586226716,,0.5029506911004682
old,coarse,shorter,29,E_vs_D_E,S,0.0010861718750000001,0.0010574999999999998,2.867187500000027e-05,,-0.02711288416075676
old,coarse,shorter,29,E_vs_D_E,Ephi,0.01900241378176963,0.018570546502962307,0.0004318672788073234,,-0.023255496478708018
old,coarse,shorter,29,E_vs_D_E,ET,0.011021722601211524,0.010904924970924842,0.0001167976302866823,0.01167976302866823,-0.010710539558785863
old,coarse,shorter,29,E_vs_D_E,EV,0.001568101323932456,0.0014612692374090363,0.00010683208652341979,,-0.07310910528222905
old,coarse,shorter,29,E_vs_D_E,EI,0.009942974635239722,0.009314881011217182,0.0006280936240225399,0.06280936240225399,-0.06742905499986268
old,coarse,shorter,29,E_vs_D_E,bottom_current_NRMSE,0.009942974635242439,0.009314881011217219,0.0006280936240252201,0.06280936240252201,-0.06742905500015015
old,coarse,shorter,29,E_vs_D_E,power_trace_NRMSE,0.00999332058970384,0.009350194548018671,0.0006431260416851683,0.06431260416851683,-0.06878210270196444
old,coarse,shorter,29,E_vs_D_E,energy_error,0.00287606086266471,0.003045758192766017,-0.0001696973301013073,-0.01696973301013073,0.0557159562122678
old,coarse,shorter,29,E_vs_D_E,local_joule_NRMSE,0.056357927738193946,0.053819461639502186,0.0025384660986917593,,-0.0471663227643397
old,coarse,shorter,29,D_E_vs_E,S,0.0010574999999999998,0.0010861718750000001,-2.867187500000027e-05,,0.026397180464648163
old,coarse,shorter,29,D_E_vs_E,Ephi,0.018570546502962307,0.01900241378176963,-0.0004318672788073234,,0.022726969519085226
old,coarse,shorter,29,D_E_vs_E,ET,0.010904924970924842,0.011021722601211524,-0.0001167976302866823,-0.01167976302866823,0.010597039547506279
old,coarse,shorter,29,D_E_vs_E,EV,0.0014612692374090363,0.001568101323932456,-0.00010683208652341979,,0.06812830580074265
old,coarse,shorter,29,D_E_vs_E,EI,0.009314881011217182,0.009942974635239722,-0.0006280936240225399,-0.06280936240225399,0.06316958928935222
old,coarse,shorter,29,D_E_vs_E,bottom_current_NRMSE,0.009314881011217219,0.009942974635242439,-0.0006280936240252201,-0.06280936240252201,0.06316958928960452
old,coarse,shorter,29,D_E_vs_E,power_trace_NRMSE,0.009350194548018671,0.00999332058970384,-0.0006431260416851683,-0.06431260416851683,0.06435558990750119
old,coarse,shorter,29,D_E_vs_E,energy_error,0.003045758192766017,0.00287606086266471,0.0001696973301013073,0.01696973301013073,-0.05900338629971843
old,coarse,shorter,29,D_E_vs_E,local_joule_NRMSE,0.053819461639502186,0.056357927738193946,-0.0025384660986917593,,0.045041863683916696
old,coarse,shorter,29,D_E_vs_F,S,0.0010574999999999998,0.0012612500000000002,-0.00020375000000000037,,0.16154608523290412
old,coarse,shorter,29,D_E_vs_F,Ephi,0.018570546502962307,0.023818465166233878,-0.00524791866327157,,0.22032984185359075
old,coarse,shorter,29,D_E_vs_F,ET,0.010904924970924842,0.011691428007149965,-0.0007865030362251228,-0.07865030362251227,0.06727176831984356
old,coarse,shorter,29,D_E_vs_F,EV,0.0014612692374090363,0.0037235134756986397,-0.0022622442382896034,,0.6075563451170646
old,coarse,shorter,29,D_E_vs_F,EI,0.009314881011217182,0.022699139664465462,-0.01338425865324828,-1.338425865324828,0.5896372660414424
old,coarse,shorter,29,D_E_vs_F,bottom_current_NRMSE,0.009314881011217219,0.02269913966446679,-0.013384258653249572,-1.3384258653249572,0.5896372660414648
old,coarse,shorter,29,D_E_vs_F,power_trace_NRMSE,0.009350194548018671,0.023353161120948644,-0.014002966572929973,-1.4002966572929973,0.5996176063877192
old,coarse,shorter,29,D_E_vs_F,energy_error,0.003045758192766017,0.007066266554761794,-0.004020508361995776,-0.4020508361995776,0.5689720775232359
old,coarse,shorter,29,D_E_vs_F,local_joule_NRMSE,0.053819461639502186,0.11271435174216146,-0.058894890102659275,,0.5225145617426223
old,coarse,shorter,29,D_E_vs_B_E,S,0.0010574999999999998,0.0015754687500000003,-0.0005179687500000004,,0.32877119904790264
old,coarse,shorter,29,D_E_vs_B_E,Ephi,0.018570546502962307,0.02552352964250399,-0.006952983139541683,,0.2724146400176163
old,coarse,shorter,29,D_E_vs_B_E,ET,0.010904924970924842,0.012800189053165364,-0.0018952640822405224,-0.18952640822405223,0.14806531953306123
old,coarse,shorter,29,D_E_vs_B_E,EV,0.0014612692374090363,0.003005663306483679,-0.0015443940690746429,,0.5138280344784949
old,coarse,shorter,29,D_E_vs_B_E,EI,0.009314881011217182,0.020031855675185353,-0.010716974663968171,-1.071697466396817,0.5349965993037741
old,coarse,shorter,29,D_E_vs_B_E,bottom_current_NRMSE,0.009314881011217219,0.020031855675185704,-0.010716974663968485,-1.0716974663968486,0.5349965993037804
old,coarse,shorter,29,D_E_vs_B_E,power_trace_NRMSE,0.009350194548018671,0.020489387231699213,-0.011139192683680542,-1.113919268368054,0.543656701770322
old,coarse,shorter,29,D_E_vs_B_E,energy_error,0.003045758192766017,0.015059309720727837,-0.01201355152796182,-1.2013551527961819,0.797749149911314
old,coarse,shorter,29,D_E_vs_B_E,local_joule_NRMSE,0.053819461639502186,0.1133849836004611,-0.05956552196095892,,0.5253387183161059
old,coarse,shorter,43,E_vs_F,S,0.0010735156249999998,0.001197734375,-0.0001242187500000002,,0.1037114343487054
old,coarse,shorter,43,E_vs_F,Ephi,0.018619221717954475,0.0233632244353989,-0.004744002717444424,,0.20305428005290768
old,coarse,shorter,43,E_vs_F,ET,0.010960980041449084,0.0114088216040331,-0.00044784156258401674,-0.044784156258401674,0.03925397189361796
old,coarse,shorter,43,E_vs_F,EV,0.0010802508400533871,0.004585264153895475,-0.0035050133138420877,,0.7644081553871558
old,coarse,shorter,43,E_vs_F,EI,0.006821188750453961,0.029917345965851373,-0.02309615721539741,-2.3096157215397413,0.7719988678728424
old,coarse,shorter,43,E_vs_F,bottom_current_NRMSE,0.006821188750454754,0.029917345965852445,-0.023096157215397692,-2.3096157215397692,0.7719988678728242
old,coarse,shorter,43,E_vs_F,power_trace_NRMSE,0.006727584643777657,0.03094686326770039,-0.024219278623922733,-2.4219278623922733,0.7826085123528717
old,coarse,shorter,43,E_vs_F,energy_error,0.0016271789511990613,0.002573604184872598,-0.0009464252336735366,-0.09464252336735365,0.36774312042097795
old,coarse,shorter,43,E_vs_F,local_joule_NRMSE,0.04770874623981139,0.14365656952342049,-0.0959478232836091,,0.6678972190545496
old,coarse,shorter,43,E_vs_B_E,S,0.0010735156249999998,0.0015754687500000003,-0.0005019531250000004,,0.31860557373797505
old,coarse,shorter,43,E_vs_B_E,Ephi,0.018619221717954475,0.02552352964250399,-0.006904307924549515,,0.27050756777196927
old,coarse,shorter,43,E_vs_B_E,ET,0.010960980041449084,0.012800189053165364,-0.0018392090117162804,-0.18392090117162804,0.14368608182872591
old,coarse,shorter,43,E_vs_B_E,EV,0.0010802508400533871,0.003005663306483679,-0.001925412466430292,,0.6405948604678643
old,coarse,shorter,43,E_vs_B_E,EI,0.006821188750453961,0.020031855675185353,-0.013210666924731392,-1.3210666924731391,0.6594829325321182
old,coarse,shorter,43,E_vs_B_E,bottom_current_NRMSE,0.006821188750454754,0.020031855675185704,-0.013210666924730951,-1.3210666924730952,0.6594829325320847
old,coarse,shorter,43,E_vs_B_E,power_trace_NRMSE,0.006727584643777657,0.020489387231699213,-0.013761802587921555,-1.3761802587921554,0.6716551565110066
old,coarse,shorter,43,E_vs_B_E,energy_error,0.0016271789511990613,0.015059309720727837,-0.013432130769528774,-1.3432130769528774,0.8919486363336169
old,coarse,shorter,43,E_vs_B_E,local_joule_NRMSE,0.04770874623981139,0.1133849836004611,-0.06567623736064972,,0.5792322340679213
old,coarse,shorter,43,E_vs_D_E,S,0.0010735156249999998,0.0010828125,-9.29687500000019e-06,,0.00858585858585876
old,coarse,shorter,43,E_vs_D_E,Ephi,0.018619221717954475,0.0185697479002711,4.9473817683377136e-05,,-0.0026642159036878938
old,coarse,shorter,43,E_vs_D_E,ET,0.010960980041449084,0.010868800491784725,9.217954966435869e-05,0.00921795496643587,-0.008481115255913786
old,coarse,shorter,43,E_vs_D_E,EV,0.0010802508400533871,0.001010674376087227,6.957646396616021e-05,,-0.06884162259611434
old,coarse,shorter,43,E_vs_D_E,EI,0.006821188750453961,0.006344564455702311,0.00047662429475164945,0.04766242947516494,-0.07512324889745163
old,coarse,shorter,43,E_vs_D_E,bottom_current_NRMSE,0.006821188750454754,0.006344564455700387,0.0004766242947543669,0.04766242947543669,-0.07512324889790273
old,coarse,shorter,43,E_vs_D_E,power_trace_NRMSE,0.006727584643777657,0.006127244448712128,0.0006003401950655293,0.060034019506552926,-0.09797882230595736
old,coarse,shorter,43,E_vs_D_E,energy_error,0.0016271789511990613,0.0007076818925486962,0.0009194970586503651,0.09194970586503651,-1.2993084439942677
old,coarse,shorter,43,E_vs_D_E,local_joule_NRMSE,0.04770874623981139,0.047444145863793204,0.0002646003760181856,,-0.005577092203911173
old,coarse,shorter,43,D_E_vs_E,S,0.0010828125,0.0010735156249999998,9.29687500000019e-06,,-0.008660213958227383
old,coarse,shorter,43,D_E_vs_E,Ephi,0.0185697479002711,0.018619221717954475,-4.9473817683377136e-05,,0.0026571367177860954
old,coarse,shorter,43,D_E_vs_E,ET,0.010868800491784725,0.010960980041449084,-9.217954966435869e-05,-0.00921795496643587,0.008409790850433134
old,coarse,shorter,43,D_E_vs_E,EV,0.001010674376087227,0.0010802508400533871,-6.957646396616021e-05,,0.06440769253437624
old,coarse,shorter,43,D_E_vs_E,EI,0.006344564455702311,0.006821188750453961,-0.00047662429475164945,-0.04766242947516494,0.06987408092466718
old,coarse,shorter,43,D_E_vs_E,bottom_current_NRMSE,0.006344564455700387,0.006821188750454754,-0.0004766242947543669,-0.04766242947543669,0.06987408092505744
old,coarse,shorter,43,D_E_vs_E,power_trace_NRMSE,0.006127244448712128,0.006727584643777657,-0.0006003401950655293,-0.060034019506552926,0.08923562123009242
old,coarse,shorter,43,D_E_vs_E,energy_error,0.0007076818925486962,0.0016271789511990613,-0.0009194970586503651,-0.09194970586503651,0.5650866230618283
old,coarse,shorter,43,D_E_vs_E,local_joule_NRMSE,0.047444145863793204,0.04770874623981139,-0.0002646003760181856,,0.0055461607540083545
old,coarse,shorter,43,D_E_vs_F,S,0.0010828125,0.001197734375,-0.000114921875,,0.09594938360185246
old,coarse,shorter,43,D_E_vs_F,Ephi,0.0185697479002711,0.0233632244353989,-0.004793476535127801,,0.20517187378746157
old,coarse,shorter,43,D_E_vs_F,ET,0.010868800491784725,0.0114088216040331,-0.0005400211122483754,-0.05400211122483754,0.04733364505037699
old,coarse,shorter,43,D_E_vs_F,EV,0.001010674376087227,0.004585264153895475,-0.003574589777808248,,0.7795820824785864
old,coarse,shorter,43,D_E_vs_F,EI,0.006344564455702311,0.029917345965851373,-0.023572781510149063,-2.3572781510149063,0.7879302374300113
old,coarse,shorter,43,D_E_vs_F,bottom_current_NRMSE,0.006344564455700387,0.029917345965852445,-0.023572781510152057,-2.3572781510152057,0.7879302374300832
old,coarse,shorter,43,D_E_vs_F,power_trace_NRMSE,0.006127244448712128,0.03094686326770039,-0.024819618818988264,-2.4819618818988265,0.8020075768031972
old,coarse,shorter,43,D_E_vs_F,energy_error,0.0007076818925486962,0.002573604184872598,-0.0018659222923239015,-0.18659222923239016,0.7250230254098965
old,coarse,shorter,43,D_E_vs_F,local_joule_NRMSE,0.047444145863793204,0.14365656952342049,-0.09621242365962729,,0.6697391144645263
old,coarse,shorter,43,D_E_vs_B_E,S,0.0010828125,0.0015754687500000003,-0.0004926562500000003,,0.3127045522166023
old,coarse,shorter,43,D_E_vs_B_E,Ephi,0.0185697479002711,0.02552352964250399,-0.006953781742232892,,0.27244592889898944
old,coarse,shorter,43,D_E_vs_B_E,ET,0.010868800491784725,0.012800189053165364,-0.001931388561380639,-0.19313885613806392,0.15088750278286125
old,coarse,shorter,43,D_E_vs_B_E,EV,0.001010674376087227,0.003005663306483679,-0.001994988930396452,,0.6637433161901246
old,coarse,shorter,43,D_E_vs_B_E,EI,0.006344564455702311,0.020031855675185353,-0.013687291219483042,-1.3687291219483042,0.6832762496605994
old,coarse,shorter,43,D_E_vs_B_E,bottom_current_NRMSE,0.006344564455700387,0.020031855675185704,-0.013687291219485316,-1.3687291219485316,0.683276249660701
old,coarse,shorter,43,D_E_vs_B_E,power_trace_NRMSE,0.006127244448712128,0.020489387231699213,-0.014362142782987086,-1.4362142782987086,0.7009552125974444
old,coarse,shorter,43,D_E_vs_B_E,energy_error,0.0007076818925486962,0.015059309720727837,-0.01435162782817914,-1.435162782817914,0.9530070165450789
old,coarse,shorter,43,D_E_vs_B_E,local_joule_NRMSE,0.047444145863793204,0.1133849836004611,-0.0659408377366679,,0.5815658797378856
old,fine,original,29,E_vs_F,S,0.001030078125,0.001225,-0.000194921875,,0.1591198979591837
old,fine,original,29,E_vs_F,Ephi,0.020042062839986767,0.023986713579712493,-0.003944650739725726,,0.16445148797132578
old,fine,original,29,E_vs_F,ET,0.010600719518901736,0.010930770446400033,-0.00033005092749829705,-0.033005092749829705,0.03019466277484556
old,fine,original,29,E_vs_F,EV,0.001380786940585424,0.002639409276793822,-0.001258622336208398,,0.4768575860039745
old,fine,original,29,E_vs_F,EI,0.009075323065351125,0.017075570072470302,-0.008000247007119177,-0.8000247007119177,0.4685200536887136
old,fine,original,29,E_vs_F,bottom_current_NRMSE,0.009075323065352796,0.017075570072470646,-0.00800024700711785,-0.800024700711785,0.4685200536886264
old,fine,original,29,E_vs_F,power_trace_NRMSE,0.00916386824303848,0.017498091086127942,-0.008334222843089462,-0.8334222843089462,0.4762932597657255
old,fine,original,29,E_vs_F,energy_error,0.004062426958068074,0.002945495250170261,0.0011169317078978127,0.11169317078978126,-0.37919996911665355
old,fine,original,29,E_vs_F,local_joule_NRMSE,0.06522075304494974,0.10150926672466454,-0.03628851367971479,,0.35748966425050016
old,fine,original,29,E_vs_B_E,S,0.001030078125,0.0014084375000000002,-0.0003783593750000002,,0.2686376747282007
old,fine,original,29,E_vs_B_E,Ephi,0.020042062839986767,0.023769782205783657,-0.00372771936579689,,0.15682597903189296
old,fine,original,29,E_vs_B_E,ET,0.010600719518901736,0.013278255127362866,-0.0026775356084611304,-0.267753560846113,0.20164815201836717
old,fine,original,29,E_vs_B_E,EV,0.001380786940585424,0.0024037770202610122,-0.0010229900796755883,,0.42557611253164723
old,fine,original,29,E_vs_B_E,EI,0.009075323065351125,0.01620006478777624,-0.007124741722425115,-0.7124741722425115,0.4397971128980354
old,fine,original,29,E_vs_B_E,bottom_current_NRMSE,0.009075323065352796,0.016200064787774512,-0.007124741722421717,-0.7124741722421717,0.43979711289787254
old,fine,original,29,E_vs_B_E,power_trace_NRMSE,0.00916386824303848,0.01646429046914172,-0.007300422226103241,-0.7300422226103241,0.44340946485280336
old,fine,original,29,E_vs_B_E,energy_error,0.004062426958068074,0.010278021503871767,-0.0062155945458036935,-0.6215594545803693,0.6047462095172944
old,fine,original,29,E_vs_B_E,local_joule_NRMSE,0.06522075304494974,0.09946828750972929,-0.034247534464779544,,0.3443060629894698
old,fine,original,43,E_vs_F,S,0.0011316406249999998,0.0012525000000000001,-0.00012085937500000031,,0.09649451097804415
old,fine,original,43,E_vs_F,Ephi,0.021619161166716246,0.02448208540577694,-0.002862924239060694,,0.11693955770553523
old,fine,original,43,E_vs_F,ET,0.010330845552147926,0.010446690661100185,-0.00011584510895225851,-0.011584510895225851,0.011089168111737538
old,fine,original,43,E_vs_F,EV,0.0024518187970058486,0.004728587543504541,-0.0022767687464986925,,0.4814902390093618
old,fine,original,43,E_vs_F,EI,0.016310545317658975,0.03122235378817548,-0.014911808470516506,-1.4911808470516505,0.47760039398963894
old,fine,original,43,E_vs_F,bottom_current_NRMSE,0.016310545317660338,0.031222353788175655,-0.014911808470515316,-1.4911808470515315,0.4776003939895982
old,fine,original,43,E_vs_F,power_trace_NRMSE,0.01657408779940339,0.032316980116363005,-0.015742892316959616,-1.5742892316959616,0.4871399573931273
old,fine,original,43,E_vs_F,energy_error,0.007876623153903587,0.013512494192532771,-0.005635871038629184,-0.5635871038629183,0.4170859175461226
old,fine,original,43,E_vs_F,local_joule_NRMSE,0.09385792874669568,0.13912667460334038,-0.0452687458566447,,0.32537790460175214
old,fine,original,43,E_vs_B_E,S,0.0011316406249999998,0.0014084375000000002,-0.00027679687500000035,,0.19652762369647236
old,fine,original,43,E_vs_B_E,Ephi,0.021619161166716246,0.023769782205783657,-0.002150621039067411,,0.0904771032586122
old,fine,original,43,E_vs_B_E,ET,0.010330845552147926,0.013278255127362866,-0.0029474095752149397,-0.294740957521494,0.22197265732160332
old,fine,original,43,E_vs_B_E,EV,0.0024518187970058486,0.0024037770202610122,4.804177674483639e-05,,-0.01998595391332088
old,fine,original,43,E_vs_B_E,EI,0.016310545317658975,0.01620006478777624,0.00011048052988273452,0.011048052988273452,-0.00681975852134231
old,fine,original,43,E_vs_B_E,bottom_current_NRMSE,0.016310545317660338,0.016200064787774512,0.0001104805298858258,0.01104805298858258,-0.0068197585215338564
old,fine,original,43,E_vs_B_E,power_trace_NRMSE,0.01657408779940339,0.01646429046914172,0.00010979733026166699,0.0109797330261667,-0.006668816397976894
old,fine,original,43,E_vs_B_E,energy_error,0.007876623153903587,0.010278021503871767,-0.00240139834996818,-0.240139834996818,0.23364402857724756
old,fine,original,43,E_vs_B_E,local_joule_NRMSE,0.09385792874669568,0.09946828750972929,-0.005610358763033604,,0.05640349204247473
old,fine,shorter,29,E_vs_F,S,0.0010861718750000001,0.0012612500000000002,-0.0001750781250000001,,0.13881318136769083
old,fine,shorter,29,E_vs_F,Ephi,0.01900241378176963,0.023818465166233878,-0.004816051384464247,,0.2021982252362632
old,fine,shorter,29,E_vs_F,ET,0.011021722601211524,0.011691428007149965,-0.0006697054059384405,-0.06697054059384405,0.05728174569683686
old,fine,shorter,29,E_vs_F,EV,0.0016533823136455007,0.003780216766383053,-0.002126834452737552,,0.562622353207678
old,fine,shorter,29,E_vs_F,EI,0.010448642699665498,0.023106924135775406,-0.012658281436109907,-1.2658281436109908,0.5478133464121113
old,fine,shorter,29,E_vs_F,bottom_current_NRMSE,0.010448642699662858,0.023106924135777012,-0.012658281436114154,-1.2658281436114154,0.547813346412257
old,fine,shorter,29,E_vs_F,power_trace_NRMSE,0.010551637555618387,0.023788971381223406,-0.013237333825605019,-1.3237333825605018,0.5564483479959635
old,fine,shorter,29,E_vs_F,energy_error,0.004189372580586636,0.008368691143883939,-0.0041793185632973025,-0.41793185632973023,0.49939930766254403
old,fine,shorter,29,E_vs_F,local_joule_NRMSE,0.07057617668703768,0.11869391286830613,-0.04811773618126845,,0.40539346137030874
old,fine,shorter,29,E_vs_B_E,S,0.0010861718750000001,0.0015754687500000003,-0.0004892968750000001,,0.31057225032232477
old,fine,shorter,29,E_vs_B_E,Ephi,0.01900241378176963,0.02552352964250399,-0.00652111586073436,,0.2554942812405865
old,fine,shorter,29,E_vs_B_E,ET,0.011021722601211524,0.012800189053165364,-0.00177846645195384,-0.177846645195384,0.1389406394364185
old,fine,shorter,29,E_vs_B_E,EV,0.0016533823136455007,0.002829521752748709,-0.0011761394391032083,,0.4156672193668983
old,fine,shorter,29,E_vs_B_E,EI,0.010448642699665498,0.018834335606125907,-0.008385692906460409,-0.8385692906460409,0.4452343359397793
old,fine,shorter,29,E_vs_B_E,bottom_current_NRMSE,0.010448642699662858,0.018834335606125185,-0.008385692906462327,-0.8385692906462328,0.4452343359398982
old,fine,shorter,29,E_vs_B_E,power_trace_NRMSE,0.010551637555618387,0.019271423256033596,-0.00871978570041521,-0.8719785700415209,0.4524723257108254
old,fine,shorter,29,E_vs_B_E,energy_error,0.004189372580586636,0.01349806333613533,-0.009308690755548694,-0.9308690755548694,0.6896315807489678
old,fine,shorter,29,E_vs_B_E,local_joule_NRMSE,0.07057617668703768,0.11209514399081504,-0.041518967303777354,,0.37039041858208754
old,fine,shorter,29,E_vs_D_E,S,0.0010861718750000001,0.0010574999999999998,2.867187500000027e-05,,-0.02711288416075676
old,fine,shorter,29,E_vs_D_E,Ephi,0.01900241378176963,0.018570546502962307,0.0004318672788073234,,-0.023255496478708018
old,fine,shorter,29,E_vs_D_E,ET,0.011021722601211524,0.010904924970924842,0.0001167976302866823,0.01167976302866823,-0.010710539558785863
old,fine,shorter,29,E_vs_D_E,EV,0.0016533823136455007,0.001556720435325388,9.666187832011266e-05,,-0.06209328028761198
old,fine,shorter,29,E_vs_D_E,EI,0.010448642699665498,0.009878379299122032,0.0005702634005434661,0.05702634005434661,-0.05772843735552347
old,fine,shorter,29,E_vs_D_E,bottom_current_NRMSE,0.010448642699662858,0.00987837929912347,0.0005702634005393878,0.05702634005393878,-0.05772843735510221
old,fine,shorter,29,E_vs_D_E,power_trace_NRMSE,0.010551637555618387,0.009971691831054548,0.0005799457245638396,0.05799457245638396,-0.05815921053213173
old,fine,shorter,29,E_vs_D_E,energy_error,0.004189372580586636,0.004361532031933101,-0.0001721594513464644,-0.01721594513464644,0.039472242800463984
old,fine,shorter,29,E_vs_D_E,local_joule_NRMSE,0.07057617668703768,0.06865083146055373,0.0019253452264839516,,-0.028045475714161466
old,fine,shorter,29,D_E_vs_E,S,0.0010574999999999998,0.0010861718750000001,-2.867187500000027e-05,,0.026397180464648163
old,fine,shorter,29,D_E_vs_E,Ephi,0.018570546502962307,0.01900241378176963,-0.0004318672788073234,,0.022726969519085226
old,fine,shorter,29,D_E_vs_E,ET,0.010904924970924842,0.011021722601211524,-0.0001167976302866823,-0.01167976302866823,0.010597039547506279
old,fine,shorter,29,D_E_vs_E,EV,0.001556720435325388,0.0016533823136455007,-9.666187832011266e-05,,0.05846311377734853
old,fine,shorter,29,D_E_vs_E,EI,0.009878379299122032,0.010448642699665498,-0.0005702634005434661,-0.05702634005434661,0.054577749180926866
old,fine,shorter,29,D_E_vs_E,bottom_current_NRMSE,0.00987837929912347,0.010448642699662858,-0.0005702634005393878,-0.05702634005393878,0.05457774918055033
old,fine,shorter,29,D_E_vs_E,power_trace_NRMSE,0.009971691831054548,0.010551637555618387,-0.0005799457245638396,-0.05799457245638396,0.05496262750752259
old,fine,shorter,29,D_E_vs_E,energy_error,0.004361532031933101,0.004189372580586636,0.0001721594513464644,0.01721594513464644,-0.04109432809682374
old,fine,shorter,29,D_E_vs_E,local_joule_NRMSE,0.06865083146055373,0.07057617668703768,-0.0019253452264839516,,0.02728038435719866
old,fine,shorter,29,D_E_vs_F,S,0.0010574999999999998,0.0012612500000000002,-0.00020375000000000037,,0.16154608523290412
old,fine,shorter,29,D_E_vs_F,Ephi,0.018570546502962307,0.023818465166233878,-0.00524791866327157,,0.22032984185359075
old,fine,shorter,29,D_E_vs_F,ET,0.010904924970924842,0.011691428007149965,-0.0007865030362251228,-0.07865030362251227,0.06727176831984356
old,fine,shorter,29,D_E_vs_F,EV,0.001556720435325388,0.003780216766383053,-0.002223496331057665,,0.5881928123357665
old,fine,shorter,29,D_E_vs_F,EI,0.009878379299122032,0.023106924135775406,-0.013228544836653373,-1.3228544836653373,0.5724926761745938
old,fine,shorter,29,D_E_vs_F,bottom_current_NRMSE,0.00987837929912347,0.023106924135777012,-0.013228544836653542,-1.3228544836653542,0.5724926761745612
old,fine,shorter,29,D_E_vs_F,power_trace_NRMSE,0.009971691831054548,0.023788971381223406,-0.013817279550168858,-1.381727955016886,0.5808271122254076
old,fine,shorter,29,D_E_vs_F,energy_error,0.004361532031933101,0.008368691143883939,-0.004007159111950838,-0.4007159111950838,0.47882745856613146
old,fine,shorter,29,D_E_vs_F,local_joule_NRMSE,0.06865083146055373,0.11869391286830613,-0.050043081407752404,,0.4216145562854302
old,fine,shorter,29,D_E_vs_B_E,S,0.0010574999999999998,0.0015754687500000003,-0.0005179687500000004,,0.32877119904790264
old,fine,shorter,29,D_E_vs_B_E,Ephi,0.018570546502962307,0.02552352964250399,-0.006952983139541683,,0.2724146400176163
old,fine,shorter,29,D_E_vs_B_E,ET,0.010904924970924842,0.012800189053165364,-0.0018952640822405224,-0.18952640822405223,0.14806531953306123
old,fine,shorter,29,D_E_vs_B_E,EV,0.001556720435325388,0.002829521752748709,-0.001272801317423321,,0.44982913320488577
old,fine,shorter,29,D_E_vs_B_E,EI,0.009878379299122032,0.018834335606125907,-0.008955956307003875,-0.8955956307003875,0.47551219720704835
old,fine,shorter,29,D_E_vs_B_E,bottom_current_NRMSE,0.00987837929912347,0.018834335606125185,-0.008955956307001715,-0.8955956307001715,0.47551219720695187
old,fine,shorter,29,D_E_vs_B_E,power_trace_NRMSE,0.009971691831054548,0.019271423256033596,-0.009299731424979049,-0.9299731424979049,0.4825658853228415
old,fine,shorter,29,D_E_vs_B_E,energy_error,0.004361532031933101,0.01349806333613533,-0.00913653130420223,-0.9136531304202229,0.6768771990973733
old,fine,shorter,29,D_E_vs_B_E,local_joule_NRMSE,0.06865083146055373,0.11209514399081504,-0.043444312530261306,,0.3875664099581431
old,fine,shorter,43,E_vs_F,S,0.0010735156249999998,0.001197734375,-0.0001242187500000002,,0.1037114343487054
old,fine,shorter,43,E_vs_F,Ephi,0.018619221717954475,0.0233632244353989,-0.004744002717444424,,0.20305428005290768
old,fine,shorter,43,E_vs_F,ET,0.010960980041449084,0.0114088216040331,-0.00044784156258401674,-0.044784156258401674,0.03925397189361796
old,fine,shorter,43,E_vs_F,EV,0.0011580398553303196,0.004608750413529318,-0.003450710558198999,,0.7487301868352839
old,fine,shorter,43,E_vs_F,EI,0.007261687336759391,0.03005196815083642,-0.02279028081407703,-2.279028081407703,0.7583623375243967
old,fine,shorter,43,E_vs_F,bottom_current_NRMSE,0.007261687336763054,0.030051968150835065,-0.02279028081407201,-2.2790280814072013,0.758362337524264
old,fine,shorter,43,E_vs_F,power_trace_NRMSE,0.007233155372117967,0.031099994333820886,-0.02386683896170292,-2.386683896170292,0.7674226144712832
old,fine,shorter,43,E_vs_F,energy_error,0.002893814756030272,0.003848431958668747,-0.0009546172026384751,-0.0954617202638475,0.24805354827390455
old,fine,shorter,43,E_vs_F,local_joule_NRMSE,0.06328570035750694,0.1507221633029725,-0.08743646294546556,,0.5801168257498144
old,fine,shorter,43,E_vs_B_E,S,0.0010735156249999998,0.0015754687500000003,-0.0005019531250000004,,0.31860557373797505
old,fine,shorter,43,E_vs_B_E,Ephi,0.018619221717954475,0.02552352964250399,-0.006904307924549515,,0.27050756777196927
old,fine,shorter,43,E_vs_B_E,ET,0.010960980041449084,0.012800189053165364,-0.0018392090117162804,-0.18392090117162804,0.14368608182872591
old,fine,shorter,43,E_vs_B_E,EV,0.0011580398553303196,0.002829521752748709,-0.0016714818974183894,,0.5907294742635026
old,fine,shorter,43,E_vs_B_E,EI,0.007261687336759391,0.018834335606125907,-0.011572648269366517,-1.1572648269366517,0.6144441997519938
old,fine,shorter,43,E_vs_B_E,bottom_current_NRMSE,0.007261687336763054,0.018834335606125185,-0.011572648269362131,-1.1572648269362131,0.6144441997517845
old,fine,shorter,43,E_vs_B_E,power_trace_NRMSE,0.007233155372117967,0.019271423256033596,-0.01203826788391563,-1.203826788391563,0.6246693730908861
old,fine,shorter,43,E_vs_B_E,energy_error,0.002893814756030272,0.01349806333613533,-0.010604248580105058,-1.0604248580105058,0.7856125961208589
old,fine,shorter,43,E_vs_B_E,local_joule_NRMSE,0.06328570035750694,0.11209514399081504,-0.048809443633308094,,0.4354287072177497
old,fine,shorter,43,E_vs_D_E,S,0.0010735156249999998,0.0010828125,-9.29687500000019e-06,,0.00858585858585876
old,fine,shorter,43,E_vs_D_E,Ephi,0.018619221717954475,0.0185697479002711,4.9473817683377136e-05,,-0.0026642159036878938
old,fine,shorter,43,E_vs_D_E,ET,0.010960980041449084,0.010868800491784725,9.217954966435869e-05,0.00921795496643587,-0.008481115255913786
old,fine,shorter,43,E_vs_D_E,EV,0.0011580398553303196,0.001070946524642066,8.709333068825358e-05,,-0.08132369701406156
old,fine,shorter,43,E_vs_D_E,EI,0.007261687336759391,0.006659981180908426,0.0006017061558509654,0.06017061558509654,-0.09034652493851225
old,fine,shorter,43,E_vs_D_E,bottom_current_NRMSE,0.007261687336763054,0.006659981180909493,0.0006017061558535614,0.06017061558535614,-0.09034652493888758
old,fine,shorter,43,E_vs_D_E,power_trace_NRMSE,0.007233155372117967,0.006509792322315597,0.00072336304980237,0.07233630498023699,-0.1111192207042732
old,fine,shorter,43,E_vs_D_E,energy_error,0.002893814756030272,0.001975066600994578,0.000918748155035694,0.0918748155035694,-0.465173252675653
old,fine,shorter,43,E_vs_D_E,local_joule_NRMSE,0.06328570035750694,0.06229747382641537,0.0009882265310915683,,-0.01586302734915297
old,fine,shorter,43,D_E_vs_E,S,0.0010828125,0.0010735156249999998,9.29687500000019e-06,,-0.008660213958227383
old,fine,shorter,43,D_E_vs_E,Ephi,0.0185697479002711,0.018619221717954475,-4.9473817683377136e-05,,0.0026571367177860954
old,fine,shorter,43,D_E_vs_E,ET,0.010868800491784725,0.010960980041449084,-9.217954966435869e-05,-0.00921795496643587,0.008409790850433134
old,fine,shorter,43,D_E_vs_E,EV,0.001070946524642066,0.0011580398553303196,-8.709333068825358e-05,,0.07520754168120669
old,fine,shorter,43,D_E_vs_E,EI,0.006659981180908426,0.007261687336759391,-0.0006017061558509654,-0.06017061558509654,0.08286037775340015
old,fine,shorter,43,D_E_vs_E,bottom_current_NRMSE,0.006659981180909493,0.007261687336763054,-0.0006017061558535614,-0.06017061558535614,0.08286037775371584
old,fine,shorter,43,D_E_vs_E,power_trace_NRMSE,0.006509792322315597,0.007233155372117967,-0.00072336304980237,-0.07233630498023699,0.10000656872251859
old,fine,shorter,43,D_E_vs_E,energy_error,0.001975066600994578,0.002893814756030272,-0.000918748155035694,-0.0918748155035694,0.31748685817610195
old,fine,shorter,43,D_E_vs_E,local_joule_NRMSE,0.06229747382641537,0.06328570035750694,-0.0009882265310915683,,0.015615321083735862
old,fine,shorter,43,D_E_vs_F,S,0.0010828125,0.001197734375,-0.000114921875,,0.09594938360185246
old,fine,shorter,43,D_E_vs_F,Ephi,0.0185697479002711,0.0233632244353989,-0.004793476535127801,,0.20517187378746157
old,fine,shorter,43,D_E_vs_F,ET,0.010868800491784725,0.0114088216040331,-0.0005400211122483754,-0.05400211122483754,0.04733364505037699
old,fine,shorter,43,D_E_vs_F,EV,0.001070946524642066,0.004608750413529318,-0.0035378038888872524,,0.7676275717820984
old,fine,shorter,43,D_E_vs_F,EI,0.006659981180908426,0.03005196815083642,-0.023391986969927996,-2.3391986969927996,0.7783845255165738
old,fine,shorter,43,D_E_vs_F,bottom_current_NRMSE,0.006659981180909493,0.030051968150835065,-0.023391986969925574,-2.3391986969925576,0.7783845255165284
old,fine,shorter,43,D_E_vs_F,power_trace_NRMSE,0.006509792322315597,0.031099994333820886,-0.02459020201150529,-2.459020201150529,0.7906818807604645
old,fine,shorter,43,D_E_vs_F,energy_error,0.001975066600994578,0.003848431958668747,-0.001873365357674169,-0.1873365357674169,0.4867866647490905
old,fine,shorter,43,D_E_vs_F,local_joule_NRMSE,0.06229747382641537,0.1507221633029725,-0.08842468947655713,,0.5866734363333892
old,fine,shorter,43,D_E_vs_B_E,S,0.0010828125,0.0015754687500000003,-0.0004926562500000003,,0.3127045522166023
old,fine,shorter,43,D_E_vs_B_E,Ephi,0.0185697479002711,0.02552352964250399,-0.006953781742232892,,0.27244592889898944
old,fine,shorter,43,D_E_vs_B_E,ET,0.010868800491784725,0.012800189053165364,-0.001931388561380639,-0.19313885613806392,0.15088750278286125
old,fine,shorter,43,D_E_vs_B_E,EV,0.001070946524642066,0.002829521752748709,-0.001758575228106643,,0.6215097043867196
old,fine,shorter,43,D_E_vs_B_E,EI,0.006659981180908426,0.018834335606125907,-0.012174354425217481,-1.2174354425217482,0.646391499005558
old,fine,shorter,43,D_E_vs_B_E,bottom_current_NRMSE,0.006659981180909493,0.018834335606125185,-0.012174354425215693,-1.2174354425215692,0.6463914990054879
old,fine,shorter,43,D_E_vs_B_E,power_trace_NRMSE,0.006509792322315597,0.019271423256033596,-0.012761630933717998,-1.2761630933717998,0.6622049012245383
old,fine,shorter,43,D_E_vs_B_E,energy_error,0.001975066600994578,0.01349806333613533,-0.011522996735140753,-1.1522996735140754,0.8536777794109784
old,fine,shorter,43,D_E_vs_B_E,local_joule_NRMSE,0.06229747382641537,0.11209514399081504,-0.04979767016439966,,0.44424466922920436
refined,coarse,original,29,E_vs_F,S,0.001026328125,0.001220625,-0.00019429687500000003,,0.1591781874039939
refined,coarse,original,29,E_vs_F,Ephi,0.020042740206674476,0.023948308537485443,-0.003905568330810967,,0.16308326430226663
refined,coarse,original,29,E_vs_F,ET,0.010657336493552662,0.010986504586469876,-0.00032916809291721333,-0.03291680929172133,0.02996113006884748
refined,coarse,original,29,E_vs_F,EV,0.0013198739890158714,0.0025971506208735166,-0.0012772766318576451,,0.49179921318080905
refined,coarse,original,29,E_vs_F,EI,0.008779977108918058,0.016845376811265418,-0.00806539970234736,-0.806539970234736,0.478790103226043
refined,coarse,original,29,E_vs_F,bottom_current_NRMSE,0.008779977108921682,0.01684537681126619,-0.008065399702344506,-0.8065399702344507,0.4787901032258517
refined,coarse,original,29,E_vs_F,power_trace_NRMSE,0.008845132418566175,0.01725040462306236,-0.008405272204496184,-0.8405272204496184,0.48725072762983385
refined,coarse,original,29,E_vs_F,energy_error,0.0031181809841656855,0.001975330419135011,0.0011428505650306745,0.11428505650306746,-0.5785617200848474
refined,coarse,original,29,E_vs_F,local_joule_NRMSE,0.047710979452963986,0.09218301284505061,-0.04447203339208662,,0.4824319798143196
refined,coarse,original,29,E_vs_B_E,S,0.001026328125,0.0014003125,-0.0003739843750000002,,0.2670720821245259
refined,coarse,original,29,E_vs_B_E,Ephi,0.020042740206674476,0.023631555075184097,-0.003588814868509621,,0.15186537056455915
refined,coarse,original,29,E_vs_B_E,ET,0.010657336493552662,0.01342231856258858,-0.0027649820690359185,-0.27649820690359184,0.2059988411199409
refined,coarse,original,29,E_vs_B_E,EV,0.0013198739890158714,0.0024878868372018702,-0.0011680128481859988,,0.4694798938281552
refined,coarse,original,29,E_vs_B_E,EI,0.008779977108918058,0.016784115904325957,-0.008004138795407898,-0.8004138795407898,0.4768877217622707
refined,coarse,original,29,E_vs_B_E,bottom_current_NRMSE,0.008779977108921682,0.016784115904323122,-0.00800413879540144,-0.800413879540144,0.4768877217619664
refined,coarse,original,29,E_vs_B_E,power_trace_NRMSE,0.008845132418566175,0.017056146529135074,-0.008211014110568899,-0.8211014110568898,0.4814108565814065
refined,coarse,original,29,E_vs_B_E,energy_error,0.0031181809841656855,0.011488281044020427,-0.008370100059854741,-0.8370100059854741,0.7285772369062403
refined,coarse,original,29,E_vs_B_E,local_joule_NRMSE,0.047710979452963986,0.09640622759371782,-0.048695248140753836,,0.5051047982705942
refined,coarse,original,43,E_vs_F,S,0.001128359375,0.0012490625000000002,-0.00012070312500000015,,0.09663497623217424
refined,coarse,original,43,E_vs_F,Ephi,0.021642673019008584,0.024490240646485043,-0.0028475676274764584,,0.11627356662520812
refined,coarse,original,43,E_vs_F,ET,0.010380526649104068,0.010511225718101758,-0.00013069906899768925,-0.013069906899768925,0.012434236739166177
refined,coarse,original,43,E_vs_F,EV,0.002383562069163395,0.004664011170049807,-0.0022804491008864116,,0.4889458917959793
refined,coarse,original,43,E_vs_F,EI,0.01592263658522475,0.03083367519089245,-0.014911038605667698,-1.4911038605667697,0.4835958903164444
refined,coarse,original,43,E_vs_F,bottom_current_NRMSE,0.015922636585227124,0.030833675190894857,-0.014911038605667733,-1.4911038605667732,0.48359589031640776
refined,coarse,original,43,E_vs_F,power_trace_NRMSE,0.016155682579659596,0.03190837367974663,-0.015752691100087035,-1.5752691100087035,0.4936851767561511
refined,coarse,original,43,E_vs_F,energy_error,0.006936765789933076,0.012561070730575535,-0.005624304940642459,-0.562430494064246,0.44775680841857335
refined,coarse,original,43,E_vs_F,local_joule_NRMSE,0.07909094342969357,0.1280579437250869,-0.04896700029539332,,0.38238159126242904
refined,coarse,original,43,E_vs_B_E,S,0.001128359375,0.0014003125,-0.00027195312500000006,,0.19420888194599423
refined,coarse,original,43,E_vs_B_E,Ephi,0.021642673019008584,0.023631555075184097,-0.001988882056175513,,0.08416213193959768
refined,coarse,original,43,E_vs_B_E,ET,0.010380526649104068,0.01342231856258858,-0.0030417919134845123,-0.3041791913484512,0.22662194309429973
refined,coarse,original,43,E_vs_B_E,EV,0.002383562069163395,0.0024878868372018702,-0.00010432476803847509,,0.04193308412524474
refined,coarse,original,43,E_vs_B_E,EI,0.01592263658522475,0.016784115904325957,-0.0008614793191012056,-0.08614793191012056,0.05132705970406025
refined,coarse,original,43,E_vs_B_E,bottom_current_NRMSE,0.015922636585227124,0.016784115904323122,-0.000861479319095998,-0.0861479319095998,0.05132705970375865
refined,coarse,original,43,E_vs_B_E,power_trace_NRMSE,0.016155682579659596,0.017056146529135074,-0.0009004639494754781,-0.0900463949475478,0.05279410257981297
refined,coarse,original,43,E_vs_B_E,energy_error,0.006936765789933076,0.011488281044020427,-0.004551515254087352,-0.45515152540873516,0.3961876660787633
refined,coarse,original,43,E_vs_B_E,local_joule_NRMSE,0.07909094342969357,0.09640622759371782,-0.017315284164024253,,0.17960752739953265
refined,coarse,shorter,29,E_vs_F,S,0.001082265625,0.0012585937500000002,-0.00017632812500000027,,0.14009931719428945
refined,coarse,shorter,29,E_vs_F,Ephi,0.018985544417578576,0.023830201907113074,-0.0048446574895344985,,0.2032990533784952
refined,coarse,shorter,29,E_vs_F,ET,0.011058679432145979,0.011745700496220432,-0.0006870210640744535,-0.06870210640744535,0.05849128064311918
refined,coarse,shorter,29,E_vs_F,EV,0.001588242723186819,0.003741229158240637,-0.0021529864350538185,,0.5754756910069334
refined,coarse,shorter,29,E_vs_F,EI,0.010094377330916192,0.02284658276942876,-0.012752205438512569,-1.275220543851257,0.5581668631676691
refined,coarse,shorter,29,E_vs_F,bottom_current_NRMSE,0.010094377330918839,0.022846582769430086,-0.012752205438511247,-1.2752205438511248,0.5581668631675788
refined,coarse,shorter,29,E_vs_F,power_trace_NRMSE,0.010169127395583616,0.023513727210381478,-0.013344599814797862,-1.3344599814797862,0.5675237998383398
refined,coarse,shorter,29,E_vs_F,energy_error,0.0031642290476377893,0.007355638760865776,-0.004191409713227987,-0.4191409713227987,0.5698226693142621
refined,coarse,shorter,29,E_vs_F,local_joule_NRMSE,0.05650492306594186,0.11304663409087722,-0.056541711024935354,,0.5001627114300631
refined,coarse,shorter,29,E_vs_B_E,S,0.001082265625,0.00157453125,-0.0004922656250000001,,0.3126426515828124
refined,coarse,shorter,29,E_vs_B_E,Ephi,0.018985544417578576,0.025504228959598335,-0.006518684542019759,,0.25559230009839207
refined,coarse,shorter,29,E_vs_B_E,ET,0.011058679432145979,0.01291774799709429,-0.0018590685649483105,-0.18590685649483105,0.14391584085449632
refined,coarse,shorter,29,E_vs_B_E,EV,0.001588242723186819,0.0029573788575261973,-0.0013691361343393783,,0.46295594859450645
refined,coarse,shorter,29,E_vs_B_E,EI,0.010094377330916192,0.019691426256249034,-0.009597048925332842,-0.9597048925332842,0.487371955715358
refined,coarse,shorter,29,E_vs_B_E,bottom_current_NRMSE,0.010094377330918839,0.019691426256249388,-0.009597048925330549,-0.9597048925330549,0.4873719557152328
refined,coarse,shorter,29,E_vs_B_E,power_trace_NRMSE,0.010169127395583616,0.020142086809430332,-0.009972959413846716,-0.9972959413846716,0.4951303957828973
refined,coarse,shorter,29,E_vs_B_E,energy_error,0.0031642290476377893,0.01477629511692948,-0.011612066069291691,-1.161206606929169,0.7858577523933945
refined,coarse,shorter,29,E_vs_B_E,local_joule_NRMSE,0.05650492306594186,0.11229127154546015,-0.055786348479518286,,0.49680039874634124
refined,coarse,shorter,29,E_vs_D_E,S,0.001082265625,0.00105375,2.8515624999999895e-05,,-0.02706109134045067
refined,coarse,shorter,29,E_vs_D_E,Ephi,0.018985544417578576,0.01856234832609093,0.00042319609148764453,,-0.02279862892632001
refined,coarse,shorter,29,E_vs_D_E,ET,0.011058679432145979,0.010947855893840926,0.00011082353830505279,0.011082353830505279,-0.01012285322164317
refined,coarse,shorter,29,E_vs_D_E,EV,0.001588242723186819,0.00148434103353818,0.00010390168964863897,,-0.06999852951647613
refined,coarse,shorter,29,E_vs_D_E,EI,0.010094377330916192,0.009487114703114433,0.0006072626278017593,0.06072626278017593,-0.06400920056362415
refined,coarse,shorter,29,E_vs_D_E,bottom_current_NRMSE,0.010094377330918839,0.009487114703114427,0.0006072626278044117,0.060726262780441166,-0.06400920056390376
refined,coarse,shorter,29,E_vs_D_E,power_trace_NRMSE,0.010169127395583616,0.009548851348813068,0.0006202760467705487,0.06202760467705487,-0.06495818440483417
refined,coarse,shorter,29,E_vs_D_E,energy_error,0.0031642290476377893,0.0033339751388707243,-0.00016974609123293497,-0.016974609123293495,0.05091402429906269
refined,coarse,shorter,29,E_vs_D_E,local_joule_NRMSE,0.05650492306594186,0.054010120379563,0.002494802686378861,,-0.046191392813908154
refined,coarse,shorter,29,D_E_vs_E,S,0.00105375,0.001082265625,-2.8515624999999895e-05,,0.026348083447628578
refined,coarse,shorter,29,D_E_vs_E,Ephi,0.01856234832609093,0.018985544417578576,-0.00042319609148764453,,0.022290437512859015
refined,coarse,shorter,29,D_E_vs_E,ET,0.010947855893840926,0.011058679432145979,-0.00011082353830505279,-0.011082353830505279,0.010021407979591562
refined,coarse,shorter,29,D_E_vs_E,EV,0.00148434103353818,0.001588242723186819,-0.00010390168964863897,,0.06541927636863941
refined,coarse,shorter,29,D_E_vs_E,EI,0.009487114703114433,0.010094377330916192,-0.0006072626278017593,-0.06072626278017593,0.060158502886739476
refined,coarse,shorter,29,D_E_vs_E,bottom_current_NRMSE,0.009487114703114427,0.010094377330918839,-0.0006072626278044117,-0.060726262780441166,0.06015850288698646
refined,coarse,shorter,29,D_E_vs_E,power_trace_NRMSE,0.009548851348813068,0.010169127395583616,-0.0006202760467705487,-0.06202760467705487,0.060995995294535345
refined,coarse,shorter,29,D_E_vs_E,energy_error,0.0033339751388707243,0.0031642290476377893,0.00016974609123293497,0.016974609123293495,-0.05364532360881287
refined,coarse,shorter,29,D_E_vs_E,local_joule_NRMSE,0.054010120379563,0.05650492306594186,-0.002494802686378861,,0.04415195262663041
refined,coarse,shorter,29,D_E_vs_F,S,0.00105375,0.0012585937500000002,-0.00020484375000000016,,0.1627560521415271
refined,coarse,shorter,29,D_E_vs_F,Ephi,0.01856234832609093,0.023830201907113074,-0.005267853581022143,,0.22105786604559746
refined,coarse,shorter,29,D_E_vs_F,ET,0.010947855893840926,0.011745700496220432,-0.0007978446023795063,-0.07978446023795063,0.06792652363613726
refined,coarse,shorter,29,D_E_vs_F,EV,0.00148434103353818,0.003741229158240637,-0.002256888124702457,,0.6032477641021564
refined,coarse,shorter,29,D_E_vs_F,EI,0.009487114703114433,0.02284658276942876,-0.013359468066314328,-1.3359468066314328,0.584746883205254
refined,coarse,shorter,29,D_E_vs_F,bottom_current_NRMSE,0.009487114703114427,0.022846582769430086,-0.013359468066315659,-1.3359468066315658,0.5847468832052783
refined,coarse,shorter,29,D_E_vs_F,power_trace_NRMSE,0.009548851348813068,0.023513727210381478,-0.01396487586156841,-1.396487586156841,0.593903116108399
refined,coarse,shorter,29,D_E_vs_F,energy_error,0.0033339751388707243,0.007355638760865776,-0.004021663621995052,-0.4021663621995052,0.5467456672004503
refined,coarse,shorter,29,D_E_vs_F,local_joule_NRMSE,0.054010120379563,0.11304663409087722,-0.059036513711314215,,0.5222315037160263
refined,coarse,shorter,29,D_E_vs_B_E,S,0.00105375,0.00157453125,-0.00052078125,,0.33075320035724914
refined,coarse,shorter,29,D_E_vs_B_E,Ephi,0.01856234832609093,0.025504228959598335,-0.006941880633507404,,0.27218547341713994
refined,coarse,shorter,29,D_E_vs_B_E,ET,0.010947855893840926,0.01291774799709429,-0.0019698921032533633,-0.19698921032533634,0.15249500947815903
refined,coarse,shorter,29,D_E_vs_B_E,EV,0.00148434103353818,0.0029573788575261973,-0.0014730378239880173,,0.4980889818155362
refined,coarse,shorter,29,D_E_vs_B_E,EI,0.009487114703114433,0.019691426256249034,-0.010204311553134601,-1.0204311553134602,0.5182108913972793
refined,coarse,shorter,29,D_E_vs_B_E,bottom_current_NRMSE,0.009487114703114427,0.019691426256249388,-0.01020431155313496,-1.020431155313496,0.5182108913972882
refined,coarse,shorter,29,D_E_vs_B_E,power_trace_NRMSE,0.009548851348813068,0.020142086809430332,-0.010593235460617264,-1.0593235460617265,0.5259254197860777
refined,coarse,shorter,29,D_E_vs_B_E,energy_error,0.0033339751388707243,0.01477629511692948,-0.011442319978058755,-1.1442319978058755,0.7743700222222195
refined,coarse,shorter,29,D_E_vs_B_E,local_joule_NRMSE,0.054010120379563,0.11229127154546015,-0.058281151165897147,,0.5190176437026321
refined,coarse,shorter,43,E_vs_F,S,0.0010675781250000002,0.0011950781250000004,-0.00012750000000000023,,0.10668758580113763
refined,coarse,shorter,43,E_vs_F,Ephi,0.018581117433486314,0.02333617624104989,-0.0047550588075635745,,0.2037634082999043
refined,coarse,shorter,43,E_vs_F,ET,0.010990276367360127,0.011446278806350622,-0.0004560024389904955,-0.04560024389904955,0.039838487835670774
refined,coarse,shorter,43,E_vs_F,EV,0.0010965397647056808,0.004595274780679757,-0.003498735015974076,,0.7613766712458759
refined,coarse,shorter,43,E_vs_F,EI,0.0069550749659885586,0.02999654983492931,-0.023041474868940752,-2.3041474868940752,0.7681375023373601
refined,coarse,shorter,43,E_vs_F,bottom_current_NRMSE,0.0069550749659893695,0.029996549834930386,-0.023041474868941016,-2.3041474868941014,0.7681375023373413
refined,coarse,shorter,43,E_vs_F,power_trace_NRMSE,0.006891598773290862,0.03103574748176868,-0.024144148708477815,-2.4144148708477817,0.7779464220302993
refined,coarse,shorter,43,E_vs_F,energy_error,0.0019149882802299975,0.002861685461407761,-0.0009466971811777636,-0.09466971811777636,0.3308180420052352
refined,coarse,shorter,43,E_vs_F,local_joule_NRMSE,0.04783553686306185,0.14397305760965676,-0.0961375207465949,,0.6677466071967804
refined,coarse,shorter,43,E_vs_B_E,S,0.0010675781250000002,0.00157453125,-0.0005069531249999998,,0.3219708246501934
refined,coarse,shorter,43,E_vs_B_E,Ephi,0.018581117433486314,0.025504228959598335,-0.006923111526112021,,0.2714495520362147
refined,coarse,shorter,43,E_vs_B_E,ET,0.010990276367360127,0.01291774799709429,-0.0019274716297341624,-0.19274716297341624,0.14921111870023526
refined,coarse,shorter,43,E_vs_B_E,EV,0.0010965397647056808,0.0029573788575261973,-0.0018608390928205164,,0.6292190424249804
refined,coarse,shorter,43,E_vs_B_E,EI,0.0069550749659885586,0.019691426256249034,-0.012736351290260475,-1.2736351290260475,0.6467967898576479
refined,coarse,shorter,43,E_vs_B_E,bottom_current_NRMSE,0.0069550749659893695,0.019691426256249388,-0.012736351290260017,-1.2736351290260017,0.6467967898576129
refined,coarse,shorter,43,E_vs_B_E,power_trace_NRMSE,0.006891598773290862,0.020142086809430332,-0.01325048803613947,-1.325048803613947,0.6578508057037922
refined,coarse,shorter,43,E_vs_B_E,energy_error,0.0019149882802299975,0.01477629511692948,-0.012861306836699483,-1.2861306836699484,0.8704013242104268
refined,coarse,shorter,43,E_vs_B_E,local_joule_NRMSE,0.04783553686306185,0.11229127154546015,-0.06445573468239829,,0.5740048518045674
refined,coarse,shorter,43,E_vs_D_E,S,0.0010675781250000002,0.0010759375,-8.359374999999903e-06,,0.007769387162358318
refined,coarse,shorter,43,E_vs_D_E,Ephi,0.018581117433486314,0.01852352016924103,5.7597264245284885e-05,,-0.003109412450713726
refined,coarse,shorter,43,E_vs_D_E,ET,0.010990276367360127,0.010899241148844796,9.103521851533056e-05,0.009103521851533056,-0.008352436401040574
refined,coarse,shorter,43,E_vs_D_E,EV,0.0010965397647056808,0.001017826961636769,7.871280306891181e-05,,-0.07733416979083914
refined,coarse,shorter,43,E_vs_D_E,EI,0.0069550749659885586,0.006410764956458992,0.0005443100095295665,0.05443100095295665,-0.08490562565098596
refined,coarse,shorter,43,E_vs_D_E,bottom_current_NRMSE,0.0069550749659893695,0.006410764956456984,0.0005443100095323854,0.05443100095323854,-0.08490562565145227
refined,coarse,shorter,43,E_vs_D_E,power_trace_NRMSE,0.006891598773290862,0.006222855090869951,0.0006687436824209117,0.06687436824209117,-0.10746573279555861
refined,coarse,shorter,43,E_vs_D_E,energy_error,0.0019149882802299975,0.0009952270116649477,0.0009197612685650498,0.09197612685650498,-0.9241723323268238
refined,coarse,shorter,43,E_vs_D_E,local_joule_NRMSE,0.04783553686306185,0.04739457316653451,0.00044096369652733836,,-0.009304096799814721
refined,coarse,shorter,43,D_E_vs_E,S,0.0010759375,0.0010675781250000002,8.359374999999903e-06,,-0.007830223197950879
refined,coarse,shorter,43,D_E_vs_E,Ephi,0.01852352016924103,0.018581117433486314,-5.7597264245284885e-05,,0.0030997739749217064
refined,coarse,shorter,43,D_E_vs_E,ET,0.010899241148844796,0.010990276367360127,-9.103521851533056e-05,-0.009103521851533056,0.008283251073257341
refined,coarse,shorter,43,D_E_vs_E,EV,0.001017826961636769,0.0010965397647056808,-7.871280306891181e-05,,0.07178289889928333
refined,coarse,shorter,43,D_E_vs_E,EI,0.006410764956458992,0.0069550749659885586,-0.0005443100095295665,-0.05443100095295665,0.0782608400615853
refined,coarse,shorter,43,D_E_vs_E,bottom_current_NRMSE,0.006410764956456984,0.0069550749659893695,-0.0005443100095323854,-0.05443100095323854,0.07826084006198149
refined,coarse,shorter,43,D_E_vs_E,power_trace_NRMSE,0.006222855090869951,0.006891598773290862,-0.0006687436824209117,-0.06687436824209117,0.09703752415371311
refined,coarse,shorter,43,D_E_vs_E,energy_error,0.0009952270116649477,0.0019149882802299975,-0.0009197612685650498,-0.09197612685650498,0.480296030038671
refined,coarse,shorter,43,D_E_vs_E,local_joule_NRMSE,0.04739457316653451,0.04783553686306185,-0.00044096369652733836,,0.009218328578388892
refined,coarse,shorter,43,D_E_vs_F,S,0.0010759375,0.0011950781250000004,-0.00011914062500000032,,0.0996927502124602
refined,coarse,shorter,43,D_E_vs_F,Ephi,0.01852352016924103,0.02333617624104989,-0.004812656071808859,,0.20623156176473662
refined,coarse,shorter,43,D_E_vs_F,ET,0.010899241148844796,0.011446278806350622,-0.000547037657505826,-0.054703765750582604,0.047791746711806346
refined,coarse,shorter,43,D_E_vs_F,EV,0.001017826961636769,0.004595274780679757,-0.003577447819042988,,0.7785057455288438
refined,coarse,shorter,43,D_E_vs_F,EI,0.006410764956458992,0.02999654983492931,-0.02358578487847032,-2.3585784878470317,0.7862832561832157
refined,coarse,shorter,43,D_E_vs_F,bottom_current_NRMSE,0.006410764956456984,0.029996549834930386,-0.023585784878473404,-2.3585784878473404,0.7862832561832903
refined,coarse,shorter,43,D_E_vs_F,power_trace_NRMSE,0.006222855090869951,0.03103574748176868,-0.02481289239089873,-2.481289239089873,0.7994939514659526
refined,coarse,shorter,43,D_E_vs_F,energy_error,0.0009952270116649477,0.002861685461407761,-0.0018664584497428134,-0.18664584497428133,0.6522234798036255
refined,coarse,shorter,43,D_E_vs_F,local_joule_NRMSE,0.04739457316653451,0.14397305760965676,-0.09657848444312225,,0.6708094281429251
refined,coarse,shorter,43,D_E_vs_B_E,S,0.0010759375,0.00157453125,-0.0004985937499999999,,0.31666170487248185
refined,coarse,shorter,43,D_E_vs_B_E,Ephi,0.01852352016924103,0.025504228959598335,-0.006980708790357306,,0.2737078937542304
refined,coarse,shorter,43,D_E_vs_B_E,ET,0.010899241148844796,0.01291774799709429,-0.002018506848249493,-0.2018506848249493,0.15625841661437695
refined,coarse,shorter,43,D_E_vs_B_E,EV,0.001017826961636769,0.0029573788575261973,-0.0019395518958894283,,0.6558347744163675
refined,coarse,shorter,43,D_E_vs_B_E,EI,0.006410764956458992,0.019691426256249034,-0.013280661299790043,-1.3280661299790042,0.6744387697958371
refined,coarse,shorter,43,D_E_vs_B_E,bottom_current_NRMSE,0.006410764956456984,0.019691426256249388,-0.013280661299792404,-1.3280661299792405,0.6744387697959447
refined,coarse,shorter,43,D_E_vs_B_E,power_trace_NRMSE,0.006222855090869951,0.020142086809430332,-0.013919231718560382,-1.391923171856038,0.691052116409484
refined,coarse,shorter,43,D_E_vs_B_E,energy_error,0.0009952270116649477,0.01477629511692948,-0.013781068105264532,-1.3781068105264531,0.9326470536904276
refined,coarse,shorter,43,D_E_vs_B_E,local_joule_NRMSE,0.04739457316653451,0.11229127154546015,-0.06489669837892564,,0.5779318150534325
refined,fine,original,29,E_vs_F,S,0.001026328125,0.001220625,-0.00019429687500000003,,0.1591781874039939
refined,fine,original,29,E_vs_F,Ephi,0.020042740206674476,0.023948308537485443,-0.003905568330810967,,0.16308326430226663
refined,fine,original,29,E_vs_F,ET,0.010657336493552662,0.010986504586469876,-0.00032916809291721333,-0.03291680929172133,0.02996113006884748
refined,fine,original,29,E_vs_F,EV,0.0014091331533632478,0.002636120491379572,-0.0012269873380163243,,0.46545191770585564
refined,fine,original,29,E_vs_F,EI,0.009305364296894176,0.017067695416740025,-0.007762331119845849,-0.7762331119845849,0.45479667467187995
refined,fine,original,29,E_vs_F,bottom_current_NRMSE,0.009305364296896037,0.017067695416740435,-0.007762331119844397,-0.7762331119844398,0.4547966746717839
refined,fine,original,29,E_vs_F,power_trace_NRMSE,0.00941556504008618,0.017499474030033272,-0.008083908989947092,-0.8083908989947092,0.4619515407190625
refined,fine,original,29,E_vs_F,energy_error,0.004429371002299008,0.003312031101218161,0.0011173399010808468,0.11173399010808469,-0.3373579132967352
refined,fine,original,29,E_vs_F,local_joule_NRMSE,0.06568583953403288,0.10125032799620112,-0.03556448846216824,,0.35125306916045357
refined,fine,original,29,E_vs_B_E,S,0.001026328125,0.0014003125,-0.0003739843750000002,,0.2670720821245259
refined,fine,original,29,E_vs_B_E,Ephi,0.020042740206674476,0.023631555075184097,-0.003588814868509621,,0.15186537056455915
refined,fine,original,29,E_vs_B_E,ET,0.010657336493552662,0.01342231856258858,-0.0027649820690359185,-0.27649820690359184,0.2059988411199409
refined,fine,original,29,E_vs_B_E,EV,0.0014091331533632478,0.002333738095838483,-0.0009246049424752353,,0.3961905340294992
refined,fine,original,29,E_vs_B_E,EI,0.009305364296894176,0.01570459754391195,-0.006399233247017775,-0.6399233247017775,0.4074751504535373
refined,fine,original,29,E_vs_B_E,bottom_current_NRMSE,0.009305364296896037,0.015704597543910265,-0.0063992332470142275,-0.6399233247014228,0.4074751504533552
refined,fine,original,29,E_vs_B_E,power_trace_NRMSE,0.00941556504008618,0.015960880520290426,-0.006545315480204246,-0.6545315480204246,0.41008486166433294
refined,fine,original,29,E_vs_B_E,energy_error,0.004429371002299008,0.00991631831121881,-0.005486947308919802,-0.5486947308919802,0.5533250483409909
refined,fine,original,29,E_vs_B_E,local_joule_NRMSE,0.06568583953403288,0.09793961295127307,-0.032253773417240186,,0.3293230639300881
refined,fine,original,43,E_vs_F,S,0.001128359375,0.0012490625000000002,-0.00012070312500000015,,0.09663497623217424
refined,fine,original,43,E_vs_F,Ephi,0.021642673019008584,0.024490240646485043,-0.0028475676274764584,,0.11627356662520812
refined,fine,original,43,E_vs_F,ET,0.010380526649104068,0.010511225718101758,-0.00013069906899768925,-0.013069906899768925,0.012434236739166177
refined,fine,original,43,E_vs_F,EV,0.0024803575077648435,0.004746542266500061,-0.0022661847587352175,,0.4774390770159991
refined,fine,original,43,E_vs_F,EI,0.01653270585741702,0.03137066354592941,-0.014837957688512392,-1.483795768851239,0.4729883276707971
refined,fine,original,43,E_vs_F,bottom_current_NRMSE,0.01653270585741838,0.031370663545929614,-0.014837957688511233,-1.4837957688511234,0.47298832767075716
refined,fine,original,43,E_vs_F,power_trace_NRMSE,0.01681855988843464,0.032478719998547005,-0.015660160110112366,-1.5660160110112367,0.4821667883097903
refined,fine,original,43,E_vs_F,energy_error,0.00824496113195777,0.013882891852590935,-0.005637930720633165,-0.5637930720633165,0.4061063631768456
refined,fine,original,43,E_vs_F,local_joule_NRMSE,0.09452026372448184,0.13942392119122593,-0.04490365746674409,,0.3220656619258096
refined,fine,original,43,E_vs_B_E,S,0.001128359375,0.0014003125,-0.00027195312500000006,,0.19420888194599423
refined,fine,original,43,E_vs_B_E,Ephi,0.021642673019008584,0.023631555075184097,-0.001988882056175513,,0.08416213193959768
refined,fine,original,43,E_vs_B_E,ET,0.010380526649104068,0.01342231856258858,-0.0030417919134845123,-0.3041791913484512,0.22662194309429973
refined,fine,original,43,E_vs_B_E,EV,0.0024803575077648435,0.002333738095838483,0.00014661941192636039,,-0.06282599242297661
refined,fine,original,43,E_vs_B_E,EI,0.01653270585741702,0.01570459754391195,0.0008281083135050701,0.08281083135050701,-0.05273031105633744
refined,fine,original,43,E_vs_B_E,bottom_current_NRMSE,0.01653270585741838,0.015704597543910265,0.0008281083135081163,0.08281083135081163,-0.05273031105653707
refined,fine,original,43,E_vs_B_E,power_trace_NRMSE,0.01681855988843464,0.015960880520290426,0.0008576793681442131,0.08576793681442131,-0.05373634412298744
refined,fine,original,43,E_vs_B_E,energy_error,0.00824496113195777,0.00991631831121881,-0.00167135717926104,-0.16713571792610402,0.16854614049350886
refined,fine,original,43,E_vs_B_E,local_joule_NRMSE,0.09452026372448184,0.09793961295127307,-0.0034193492267912268,,0.0349128317312467
refined,fine,shorter,29,E_vs_F,S,0.001082265625,0.0012585937500000002,-0.00017632812500000027,,0.14009931719428945
refined,fine,shorter,29,E_vs_F,Ephi,0.018985544417578576,0.023830201907113074,-0.0048446574895344985,,0.2032990533784952
refined,fine,shorter,29,E_vs_F,ET,0.011058679432145979,0.011745700496220432,-0.0006870210640744535,-0.06870210640744535,0.05849128064311918
refined,fine,shorter,29,E_vs_F,EV,0.0016766039644284742,0.003799421802304657,-0.002122817837876183,,0.5587212866411732
refined,fine,shorter,29,E_vs_F,EI,0.01062486409330813,0.02326614683704054,-0.01264128274373241,-1.264128274373241,0.5433337471938857
refined,fine,shorter,29,E_vs_F,bottom_current_NRMSE,0.0106248640933055,0.0232661468370422,-0.012641282743736701,-1.2641282743736701,0.5433337471940314
refined,fine,shorter,29,E_vs_F,power_trace_NRMSE,0.01075128438766661,0.02396113369097898,-0.013209849303312371,-1.320984930331237,0.5513031843015711
refined,fine,shorter,29,E_vs_F,energy_error,0.00447791813487665,0.008658437590977968,-0.004180519456101318,-0.4180519456101318,0.4828260771270547
refined,fine,shorter,29,E_vs_F,local_joule_NRMSE,0.07081203162264514,0.11906426984882493,-0.048252238226179786,,0.40526211841256254
refined,fine,shorter,29,E_vs_B_E,S,0.001082265625,0.00157453125,-0.0004922656250000001,,0.3126426515828124
refined,fine,shorter,29,E_vs_B_E,Ephi,0.018985544417578576,0.025504228959598335,-0.006518684542019759,,0.25559230009839207
refined,fine,shorter,29,E_vs_B_E,ET,0.011058679432145979,0.01291774799709429,-0.0018590685649483105,-0.18590685649483105,0.14391584085449632
refined,fine,shorter,29,E_vs_B_E,EV,0.0016766039644284742,0.002781517003844739,-0.0011049130394162649,,0.3972339690496243
refined,fine,shorter,29,E_vs_B_E,EI,0.01062486409330813,0.018495641250604506,-0.007870777157296376,-0.7870777157296376,0.425547676376948
refined,fine,shorter,29,E_vs_B_E,bottom_current_NRMSE,0.0106248640933055,0.018495641250603746,-0.007870777157298246,-0.7870777157298247,0.4255476763770666
refined,fine,shorter,29,E_vs_B_E,power_trace_NRMSE,0.01075128438766661,0.018925925881032354,-0.008174641493365744,-0.8174641493365744,0.43192822083058063
refined,fine,shorter,29,E_vs_B_E,energy_error,0.00447791813487665,0.013214600121033444,-0.008736681986156795,-0.8736681986156795,0.661138582033275
refined,fine,shorter,29,E_vs_B_E,local_joule_NRMSE,0.07081203162264514,0.11106886924052557,-0.04025683761788043,,0.3624493334014421
refined,fine,shorter,29,E_vs_D_E,S,0.001082265625,0.00105375,2.8515624999999895e-05,,-0.02706109134045067
refined,fine,shorter,29,E_vs_D_E,Ephi,0.018985544417578576,0.01856234832609093,0.00042319609148764453,,-0.02279862892632001
refined,fine,shorter,29,E_vs_D_E,ET,0.011058679432145979,0.010947855893840926,0.00011082353830505279,0.011082353830505279,-0.01012285322164317
refined,fine,shorter,29,E_vs_D_E,EV,0.0016766039644284742,0.0015827705824150754,9.383338201339876e-05,,-0.059284259548356526
refined,fine,shorter,29,E_vs_D_E,EI,0.01062486409330813,0.010074920589432214,0.0005499435038759156,0.05499435038759156,-0.05458539340277901
refined,fine,shorter,29,E_vs_D_E,bottom_current_NRMSE,0.0106248640933055,0.010074920589433566,0.0005499435038719344,0.05499435038719344,-0.05458539340237653
refined,fine,shorter,29,E_vs_D_E,power_trace_NRMSE,0.01075128438766661,0.010193188011896644,0.0005580963757699665,0.05580963757699665,-0.05475189657235819
refined,fine,shorter,29,E_vs_D_E,energy_error,0.00447791813487665,0.004650127054825024,-0.0001722089199483745,-0.01722089199483745,0.03703316445293438
refined,fine,shorter,29,E_vs_D_E,local_joule_NRMSE,0.07081203162264514,0.06892490643608463,0.0018871251865605065,,-0.027379437769864415
refined,fine,shorter,29,D_E_vs_E,S,0.00105375,0.001082265625,-2.8515624999999895e-05,,0.026348083447628578
refined,fine,shorter,29,D_E_vs_E,Ephi,0.01856234832609093,0.018985544417578576,-0.00042319609148764453,,0.022290437512859015
refined,fine,shorter,29,D_E_vs_E,ET,0.010947855893840926,0.011058679432145979,-0.00011082353830505279,-0.011082353830505279,0.010021407979591562
refined,fine,shorter,29,D_E_vs_E,EV,0.0015827705824150754,0.0016766039644284742,-9.383338201339876e-05,,0.055966336716485675
refined,fine,shorter,29,D_E_vs_E,EI,0.010074920589432214,0.01062486409330813,-0.0005499435038759156,-0.05499435038759156,0.05176005067418106
refined,fine,shorter,29,D_E_vs_E,bottom_current_NRMSE,0.010074920589433566,0.0106248640933055,-0.0005499435038719344,-0.05499435038719344,0.05176005067381917
refined,fine,shorter,29,D_E_vs_E,power_trace_NRMSE,0.010193188011896644,0.01075128438766661,-0.0005580963757699665,-0.05580963757699665,0.05190973986421469
refined,fine,shorter,29,D_E_vs_E,energy_error,0.004650127054825024,0.00447791813487665,0.0001722089199483745,0.01722089199483745,-0.038457362274470934
refined,fine,shorter,29,D_E_vs_E,local_joule_NRMSE,0.06892490643608463,0.07081203162264514,-0.0018871251865605065,,0.026649781729423203
refined,fine,shorter,29,D_E_vs_F,S,0.00105375,0.0012585937500000002,-0.00020484375000000016,,0.1627560521415271
refined,fine,shorter,29,D_E_vs_F,Ephi,0.01856234832609093,0.023830201907113074,-0.005267853581022143,,0.22105786604559746
refined,fine,shorter,29,D_E_vs_F,ET,0.010947855893840926,0.011745700496220432,-0.0007978446023795063,-0.07978446023795063,0.06792652363613726
refined,fine,shorter,29,D_E_vs_F,EV,0.0015827705824150754,0.003799421802304657,-0.0022166512198895814,,0.5834180396988308
refined,fine,shorter,29,D_E_vs_F,EI,0.010074920589432214,0.02326614683704054,-0.013191226247608325,-1.3191226247608325,0.5669708155803186
refined,fine,shorter,29,D_E_vs_F,bottom_current_NRMSE,0.010074920589433566,0.0232661468370422,-0.013191226247608635,-1.3191226247608636,0.5669708155802915
refined,fine,shorter,29,D_E_vs_F,power_trace_NRMSE,0.010193188011896644,0.02396113369097898,-0.013767945679082337,-1.3767945679082338,0.574594919282378
refined,fine,shorter,29,D_E_vs_F,energy_error,0.004650127054825024,0.008658437590977968,-0.004008310536152943,-0.40083105361529436,0.46293693221622056
refined,fine,shorter,29,D_E_vs_F,local_joule_NRMSE,0.06892490643608463,0.11906426984882493,-0.05013936341274029,,0.4211117531430873
refined,fine,shorter,29,D_E_vs_B_E,S,0.00105375,0.00157453125,-0.00052078125,,0.33075320035724914
refined,fine,shorter,29,D_E_vs_B_E,Ephi,0.01856234832609093,0.025504228959598335,-0.006941880633507404,,0.27218547341713994
refined,fine,shorter,29,D_E_vs_B_E,ET,0.010947855893840926,0.01291774799709429,-0.0019698921032533633,-0.19698921032533634,0.15249500947815903
refined,fine,shorter,29,D_E_vs_B_E,EV,0.0015827705824150754,0.002781517003844739,-0.0011987464214296636,,0.43096857569905267
refined,fine,shorter,29,D_E_vs_B_E,EI,0.010074920589432214,0.018495641250604506,-0.008420720661172292,-0.8420720661172292,0.4552813577575782
refined,fine,shorter,29,D_E_vs_B_E,bottom_current_NRMSE,0.010074920589433566,0.018495641250603746,-0.00842072066117018,-0.842072066117018,0.4552813577574828
refined,fine,shorter,29,D_E_vs_B_E,power_trace_NRMSE,0.010193188011896644,0.018925925881032354,-0.00873273786913571,-0.873273786913571,0.4614166791114668
refined,fine,shorter,29,D_E_vs_B_E,energy_error,0.004650127054825024,0.013214600121033444,-0.00856447306620842,-0.856447306620842,0.6481068657216877
refined,fine,shorter,29,D_E_vs_B_E,local_joule_NRMSE,0.06892490643608463,0.11106886924052557,-0.04214396280444094,,0.3794399195077419
refined,fine,shorter,43,E_vs_F,S,0.0010675781250000002,0.0011950781250000004,-0.00012750000000000023,,0.10668758580113763
refined,fine,shorter,43,E_vs_F,Ephi,0.018581117433486314,0.02333617624104989,-0.0047550588075635745,,0.2037634082999043
refined,fine,shorter,43,E_vs_F,ET,0.010990276367360127,0.011446278806350622,-0.0004560024389904955,-0.04560024389904955,0.039838487835670774
refined,fine,shorter,43,E_vs_F,EV,0.0011786904323377728,0.004620058526540493,-0.0034413680942027205,,0.7448754327317195
refined,fine,shorter,43,E_vs_F,EI,0.007430369163148216,0.030141146397592092,-0.022710777234443875,-2.2710777234443875,0.7534808707958828
refined,fine,shorter,43,E_vs_F,bottom_current_NRMSE,0.007430369163151914,0.03014114639759072,-0.022710777234438807,-2.271077723443881,0.7534808707957489
refined,fine,shorter,43,E_vs_F,power_trace_NRMSE,0.007430462496268339,0.03119881750414356,-0.023768355007875223,-2.3768355007875224,0.761835124190797
refined,fine,shorter,43,E_vs_F,energy_error,0.0031819880424385407,0.004136879546476125,-0.0009548915040375845,-0.09548915040375845,0.23082410142953758
refined,fine,shorter,43,E_vs_F,local_joule_NRMSE,0.06349392344131341,0.15106087899875156,-0.08756695555743815,,0.5796799021549573
refined,fine,shorter,43,E_vs_B_E,S,0.0010675781250000002,0.00157453125,-0.0005069531249999998,,0.3219708246501934
refined,fine,shorter,43,E_vs_B_E,Ephi,0.018581117433486314,0.025504228959598335,-0.006923111526112021,,0.2714495520362147
refined,fine,shorter,43,E_vs_B_E,ET,0.010990276367360127,0.01291774799709429,-0.0019274716297341624,-0.19274716297341624,0.14921111870023526
refined,fine,shorter,43,E_vs_B_E,EV,0.0011786904323377728,0.002781517003844739,-0.0016028265715069662,,0.5762418742331852
refined,fine,shorter,43,E_vs_B_E,EI,0.007430369163148216,0.018495641250604506,-0.01106527208745629,-1.106527208745629,0.5982637713139378
refined,fine,shorter,43,E_vs_B_E,bottom_current_NRMSE,0.007430369163151914,0.018495641250603746,-0.011065272087451831,-1.1065272087451832,0.5982637713137214
refined,fine,shorter,43,E_vs_B_E,power_trace_NRMSE,0.007430462496268339,0.018925925881032354,-0.011495463384764017,-1.1495463384764018,0.6073923916337863
refined,fine,shorter,43,E_vs_B_E,energy_error,0.0031819880424385407,0.013214600121033444,-0.010032612078594903,-1.0032612078594902,0.7592066340793902
refined,fine,shorter,43,E_vs_B_E,local_joule_NRMSE,0.06349392344131341,0.11106886924052557,-0.04757494579921216,,0.42833735613339213
refined,fine,shorter,43,E_vs_D_E,S,0.0010675781250000002,0.0010759375,-8.359374999999903e-06,,0.007769387162358318
refined,fine,shorter,43,E_vs_D_E,Ephi,0.018581117433486314,0.01852352016924103,5.7597264245284885e-05,,-0.003109412450713726
refined,fine,shorter,43,E_vs_D_E,ET,0.010990276367360127,0.010899241148844796,9.103521851533056e-05,0.009103521851533056,-0.008352436401040574
refined,fine,shorter,43,E_vs_D_E,EV,0.0011786904323377728,0.0010836272525398824,9.506317979789038e-05,,-0.08772682633726178
refined,fine,shorter,43,E_vs_D_E,EI,0.007430369163148216,0.0067699933372236355,0.0006603758259245808,0.06603758259245808,-0.09754453114357126
refined,fine,shorter,43,E_vs_D_E,bottom_current_NRMSE,0.007430369163151914,0.006769993337224805,0.0006603758259271092,0.06603758259271092,-0.09754453114392787
refined,fine,shorter,43,E_vs_D_E,power_trace_NRMSE,0.007430462496268339,0.006649581571776879,0.0007808809244914594,0.07808809244914594,-0.1174330920017265
refined,fine,shorter,43,E_vs_D_E,energy_error,0.0031819880424385407,0.0022629758926794533,0.0009190121497590874,0.09190121497590874,-0.40610779493145216
refined,fine,shorter,43,E_vs_D_E,local_joule_NRMSE,0.06349392344131341,0.06237407454145363,0.0011198488998597836,,-0.017953755756576963
refined,fine,shorter,43,D_E_vs_E,S,0.0010759375,0.0010675781250000002,8.359374999999903e-06,,-0.007830223197950879
refined,fine,shorter,43,D_E_vs_E,Ephi,0.01852352016924103,0.018581117433486314,-5.7597264245284885e-05,,0.0030997739749217064
refined,fine,shorter,43,D_E_vs_E,ET,0.010899241148844796,0.010990276367360127,-9.103521851533056e-05,-0.009103521851533056,0.008283251073257341
refined,fine,shorter,43,D_E_vs_E,EV,0.0010836272525398824,0.0011786904323377728,-9.506317979789038e-05,,0.08065152408961651
refined,fine,shorter,43,D_E_vs_E,EI,0.0067699933372236355,0.007430369163148216,-0.0006603758259245808,-0.06603758259245808,0.08887523774724301
refined,fine,shorter,43,D_E_vs_E,bottom_current_NRMSE,0.006769993337224805,0.007430369163151914,-0.0006603758259271092,-0.06603758259271092,0.08887523774753905
refined,fine,shorter,43,D_E_vs_E,power_trace_NRMSE,0.006649581571776879,0.007430462496268339,-0.0007808809244914594,-0.07808809244914594,0.10509183309701468
refined,fine,shorter,43,D_E_vs_E,energy_error,0.0022629758926794533,0.0031819880424385407,-0.0009190121497590874,-0.09190121497590874,0.2888169714977293
refined,fine,shorter,43,D_E_vs_E,local_joule_NRMSE,0.06237407454145363,0.06349392344131341,-0.0011198488998597836,,0.017637103507941905
refined,fine,shorter,43,D_E_vs_F,S,0.0010759375,0.0011950781250000004,-0.00011914062500000032,,0.0996927502124602
refined,fine,shorter,43,D_E_vs_F,Ephi,0.01852352016924103,0.02333617624104989,-0.004812656071808859,,0.20623156176473662
refined,fine,shorter,43,D_E_vs_F,ET,0.010899241148844796,0.011446278806350622,-0.000547037657505826,-0.054703765750582604,0.047791746711806346
refined,fine,shorter,43,D_E_vs_F,EV,0.0010836272525398824,0.004620058526540493,-0.003536431274000611,,0.7654516179146102
refined,fine,shorter,43,D_E_vs_F,EI,0.0067699933372236355,0.030141146397592092,-0.023371153060368455,-2.3371153060368455,0.775390317013142
refined,fine,shorter,43,D_E_vs_F,bottom_current_NRMSE,0.006769993337224805,0.03014114639759072,-0.023371153060365916,-2.3371153060365915,0.775390317013093
refined,fine,shorter,43,D_E_vs_F,power_trace_NRMSE,0.006649581571776879,0.03119881750414356,-0.02454923593236668,-2.4549235932366678,0.786864307568909
refined,fine,shorter,43,D_E_vs_F,energy_error,0.0022629758926794533,0.004136879546476125,-0.0018739036537966719,-0.1873903653796672,0.4529751550037031
refined,fine,shorter,43,D_E_vs_F,local_joule_NRMSE,0.06237407454145363,0.15106087899875156,-0.08868680445729793,,0.5870931312271186
refined,fine,shorter,43,D_E_vs_B_E,S,0.0010759375,0.00157453125,-0.0004985937499999999,,0.31666170487248185
refined,fine,shorter,43,D_E_vs_B_E,Ephi,0.01852352016924103,0.025504228959598335,-0.006980708790357306,,0.2737078937542304
refined,fine,shorter,43,D_E_vs_B_E,ET,0.010899241148844796,0.01291774799709429,-0.002018506848249493,-0.2018506848249493,0.15625841661437695
refined,fine,shorter,43,D_E_vs_B_E,EV,0.0010836272525398824,0.002781517003844739,-0.0016978897513048566,,0.6104186129216382
refined,fine,shorter,43,D_E_vs_B_E,EI,0.0067699933372236355,0.018495641250604506,-0.01172564791338087,-1.172564791338087,0.6339681741500923
refined,fine,shorter,43,D_E_vs_B_E,bottom_current_NRMSE,0.006769993337224805,0.018495641250603746,-0.01172564791337894,-1.172564791337894,0.6339681741500142
refined,fine,shorter,43,D_E_vs_B_E,power_trace_NRMSE,0.006649581571776879,0.018925925881032354,-0.012276344309255475,-1.2276344309255476,0.6486522448848265
refined,fine,shorter,43,D_E_vs_B_E,energy_error,0.0022629758926794533,0.013214600121033444,-0.01095162422835399,-1.095162422835399,0.8287518447813252
refined,fine,shorter,43,D_E_vs_B_E,local_joule_NRMSE,0.06237407454145363,0.11106886924052557,-0.048694794699071946,,0.4384198293548912
spatial,coarse,original,29,E_vs_F,S,0.0011057031250000001,0.0012865625,-0.00018085937499999981,,0.1405756618897254
spatial,coarse,original,29,E_vs_F,Ephi,0.021062069554395317,0.02474980346122313,-0.003687733906827813,,0.14900053297819463
spatial,coarse,original,29,E_vs_F,ET,0.01102030069488648,0.011331634042679697,-0.00031133334779321654,-0.031133334779321654,0.02747470899789071
spatial,coarse,original,29,E_vs_F,EV,0.0012999153788749982,0.002568755182945587,-0.0012688398040705887,,0.4939512385199793
spatial,coarse,original,29,E_vs_F,EI,0.008465441888275452,0.016541657641857315,-0.008076215753581863,-0.8076215753581863,0.48823497187764653
spatial,coarse,original,29,E_vs_F,bottom_current_NRMSE,0.008465441888279055,0.016541657641858172,-0.008076215753579117,-0.8076215753579117,0.48823497187745524
spatial,coarse,original,29,E_vs_F,power_trace_NRMSE,0.008486387674130609,0.016910838300866635,-0.008424450626736026,-0.8424450626736026,0.4981687174138668
spatial,coarse,original,29,E_vs_F,energy_error,0.0019827251193337754,0.0008411681769303136,0.0011415569424034619,0.11415569424034619,-1.3571090463376314
spatial,coarse,original,29,E_vs_F,local_joule_NRMSE,0.05802674878083643,0.09729879506202313,-0.0392720462811867,,0.4036231513057559
spatial,coarse,original,29,E_vs_B_E,S,0.0011057031250000001,0.00136015625,-0.0002544531249999999,,0.18707639287765646
spatial,coarse,original,29,E_vs_B_E,Ephi,0.021062069554395317,0.023309587224554878,-0.0022475176701595607,,0.09642031188746113
spatial,coarse,original,29,E_vs_B_E,ET,0.01102030069488648,0.013568044818113542,-0.0025477441232270616,-0.25477441232270615,0.18777533221483653
spatial,coarse,original,29,E_vs_B_E,EV,0.0012999153788749982,0.0025779520204230275,-0.0012780366415480293,,0.49575656622899855
spatial,coarse,original,29,E_vs_B_E,EI,0.008465441888275452,0.017264567500705853,-0.008799125612430401,-0.8799125612430401,0.5096638309688704
spatial,coarse,original,29,E_vs_B_E,bottom_current_NRMSE,0.008465441888279055,0.0172645675007028,-0.008799125612423745,-0.8799125612423745,0.509663830968575
spatial,coarse,original,29,E_vs_B_E,power_trace_NRMSE,0.008486387674130609,0.01753497508336308,-0.009048587409232473,-0.9048587409232473,0.5160308107775776
spatial,coarse,original,29,E_vs_B_E,energy_error,0.0019827251193337754,0.01260720347013221,-0.010624478350798435,-1.0624478350798434,0.8427307749866131
spatial,coarse,original,29,E_vs_B_E,local_joule_NRMSE,0.05802674878083643,0.10622455176669056,-0.048197802985854125,,0.4537350563899276
spatial,coarse,original,43,E_vs_F,S,0.001189140625,0.0013009375,-0.00011179687499999992,,0.08593562334854665
spatial,coarse,original,43,E_vs_F,Ephi,0.022457532935059307,0.025164809697257158,-0.0027072767621978515,,0.10758184920798076
spatial,coarse,original,43,E_vs_F,ET,0.010742079394001928,0.010795154574735361,-5.307518073343308e-05,-0.005307518073343308,0.004916574409934671
spatial,coarse,original,43,E_vs_F,EV,0.0023299300023880204,0.004589386972153883,-0.002259456969765863,,0.4923221736312766
spatial,coarse,original,43,E_vs_F,EI,0.01544880144102157,0.030253100315378777,-0.014804298874357207,-1.4804298874357207,0.4893481567187225
spatial,coarse,original,43,E_vs_F,bottom_current_NRMSE,0.01544880144102405,0.030253100315381233,-0.014804298874357183,-1.4804298874357182,0.489348156718682
spatial,coarse,original,43,E_vs_F,power_trace_NRMSE,0.015630704964583457,0.0312907269680883,-0.015660022003504845,-1.5660022003504845,0.5004684620934389
spatial,coarse,original,43,E_vs_F,energy_error,0.005796987568478327,0.01141492621036206,-0.005617938641883733,-0.5617938641883733,0.49215724555310486
spatial,coarse,original,43,E_vs_F,local_joule_NRMSE,0.08175342149722084,0.12847378003769064,-0.0467203585404698,,0.3636567595875465
spatial,coarse,original,43,E_vs_B_E,S,0.001189140625,0.00136015625,-0.00017101562499999994,,0.12573233773693276
spatial,coarse,original,43,E_vs_B_E,Ephi,0.022457532935059307,0.023309587224554878,-0.0008520542894955713,,0.03655381287052552
spatial,coarse,original,43,E_vs_B_E,ET,0.010742079394001928,0.013568044818113542,-0.0028259654241116136,-0.2825965424111614,0.20828096177416128
spatial,coarse,original,43,E_vs_B_E,EV,0.0023299300023880204,0.0025779520204230275,-0.00024802201803500717,,0.09620893487160717
spatial,coarse,original,43,E_vs_B_E,EI,0.01544880144102157,0.017264567500705853,-0.0018157660596842835,-0.18157660596842834,0.10517298273530726
spatial,coarse,original,43,E_vs_B_E,bottom_current_NRMSE,0.01544880144102405,0.0172645675007028,-0.0018157660596787497,-0.18157660596787498,0.10517298273500533
spatial,coarse,original,43,E_vs_B_E,power_trace_NRMSE,0.015630704964583457,0.01753497508336308,-0.0019042701187796246,-0.19042701187796246,0.10859839319568622
spatial,coarse,original,43,E_vs_B_E,energy_error,0.005796987568478327,0.01260720347013221,-0.006810215901653883,-0.6810215901653883,0.5401844999002356
spatial,coarse,original,43,E_vs_B_E,local_joule_NRMSE,0.08175342149722084,0.10622455176669056,-0.024471130269469718,,0.23037169714980402
spatial,coarse,shorter,29,E_vs_F,S,0.0011464843750000002,0.0013104687500000004,-0.00016398437500000028,,0.12513413616310975
spatial,coarse,shorter,29,E_vs_F,Ephi,0.01993633340127953,0.024449647007894794,-0.004513313606615263,,0.18459626861516296
spatial,coarse,shorter,29,E_vs_F,ET,0.011343039201857766,0.012000917463713005,-0.0006578782618552395,-0.06578782618552395,0.0548189972845373
spatial,coarse,shorter,29,E_vs_F,EV,0.0015605316421785141,0.003691950463208173,-0.0021314188210296587,,0.57731511900556
spatial,coarse,shorter,29,E_vs_F,EI,0.00975298738683878,0.02240498706115694,-0.01265199967431816,-1.265199967431816,0.5646956920699441
spatial,coarse,shorter,29,E_vs_F,bottom_current_NRMSE,0.00975298738684141,0.022404987061158316,-0.012651999674316905,-1.2651999674316905,0.5646956920698534
spatial,coarse,shorter,29,E_vs_F,power_trace_NRMSE,0.00978039076253178,0.02303996812831894,-0.013259577365787159,-1.3259577365787159,0.5755032859394243
spatial,coarse,shorter,29,E_vs_F,energy_error,0.0020785450110838125,0.006265418531249344,-0.004186873520165531,-0.4186873520165531,0.6682512108781112
spatial,coarse,shorter,29,E_vs_F,local_joule_NRMSE,0.06476795516469876,0.11771442321870611,-0.05294646805400735,,0.4497874313637513
spatial,coarse,shorter,29,E_vs_B_E,S,0.0011464843750000002,0.0015368750000000003,-0.0003903906250000001,,0.25401586010573407
spatial,coarse,shorter,29,E_vs_B_E,Ephi,0.01993633340127953,0.025216843763017884,-0.005280510361738353,,0.20940409558640163
spatial,coarse,shorter,29,E_vs_B_E,ET,0.011343039201857766,0.013065281860570451,-0.0017222426587126857,-0.17222426587126857,0.1318182552119461
spatial,coarse,shorter,29,E_vs_B_E,EV,0.0015605316421785141,0.0030660242077629758,-0.0015054925655844616,,0.4910243571373805
spatial,coarse,shorter,29,E_vs_B_E,EI,0.00975298738683878,0.020285904848959126,-0.010532917462120346,-1.0532917462120346,0.5192234480317398
spatial,coarse,shorter,29,E_vs_B_E,bottom_current_NRMSE,0.00975298738684141,0.020285904848959445,-0.010532917462118034,-1.0532917462118034,0.5192234480316176
spatial,coarse,shorter,29,E_vs_B_E,power_trace_NRMSE,0.00978039076253178,0.020738172495798728,-0.010957781733266947,-1.0957781733266947,0.5283870473874612
spatial,coarse,shorter,29,E_vs_B_E,energy_error,0.0020785450110838125,0.015842562850420724,-0.013764017839336912,-1.3764017839336913,0.8687999517055024
spatial,coarse,shorter,29,E_vs_B_E,local_joule_NRMSE,0.06476795516469876,0.12165501816270842,-0.05688706299800966,,0.46760967083105137
spatial,coarse,shorter,29,E_vs_D_E,S,0.0011464843750000002,0.00111796875,2.8515625000000112e-05,,-0.025506638714185983
spatial,coarse,shorter,29,E_vs_D_E,Ephi,0.01993633340127953,0.01946825523555875,0.0004680781657207811,,-0.02404314922201332
spatial,coarse,shorter,29,E_vs_D_E,ET,0.011343039201857766,0.011236606277455402,0.00010643292440236374,0.010643292440236374,-0.009471981288149764
spatial,coarse,shorter,29,E_vs_D_E,EV,0.0015605316421785141,0.0014540006629015047,0.00010653097927700939,,-0.07326749017048137
spatial,coarse,shorter,29,E_vs_D_E,EI,0.00975298738683878,0.009125847587117182,0.0006271397997215968,0.06271397997215968,-0.06872126602321524
spatial,coarse,shorter,29,E_vs_D_E,bottom_current_NRMSE,0.00975298738684141,0.009125847587117005,0.0006271397997244053,0.06271397997244052,-0.06872126602352432
spatial,coarse,shorter,29,E_vs_D_E,power_trace_NRMSE,0.00978039076253178,0.009137111634992113,0.0006432791275396681,0.06432791275396682,-0.07040289680560781
spatial,coarse,shorter,29,E_vs_D_E,energy_error,0.0020785450110838125,0.0022481073929936043,-0.00016956238190979182,-0.016956238190979182,0.07542450260083025
spatial,coarse,shorter,29,E_vs_D_E,local_joule_NRMSE,0.06476795516469876,0.06260526652200725,0.002162688642691507,,-0.03454483564783276
spatial,coarse,shorter,29,D_E_vs_E,S,0.00111796875,0.0011464843750000002,-2.8515625000000112e-05,,0.024872231686541832
spatial,coarse,shorter,29,D_E_vs_E,Ephi,0.01946825523555875,0.01993633340127953,-0.0004680781657207811,,0.02347864857089215
spatial,coarse,shorter,29,D_E_vs_E,ET,0.011236606277455402,0.011343039201857766,-0.00010643292440236374,-0.010643292440236374,0.009383104696044083
spatial,coarse,shorter,29,D_E_vs_E,EV,0.0014540006629015047,0.0015605316421785141,-0.00010653097927700939,,0.0682658245418794
spatial,coarse,shorter,29,D_E_vs_E,EI,0.009125847587117182,0.00975298738683878,-0.0006271397997215968,-0.06271397997215968,0.0643023285939951
spatial,coarse,shorter,29,D_E_vs_E,bottom_current_NRMSE,0.009125847587117005,0.00975298738684141,-0.0006271397997244053,-0.06271397997244052,0.06430232859426571
spatial,coarse,shorter,29,D_E_vs_E,power_trace_NRMSE,0.009137111634992113,0.00978039076253178,-0.0006432791275396681,-0.06432791275396682,0.0657723339648187
spatial,coarse,shorter,29,D_E_vs_E,energy_error,0.0022481073929936043,0.0020785450110838125,0.00016956238190979182,0.016956238190979182,-0.08157744047186988
spatial,coarse,shorter,29,D_E_vs_E,local_joule_NRMSE,0.06260526652200725,0.06476795516469876,-0.002162688642691507,,0.03339133738577967
spatial,coarse,shorter,29,D_E_vs_F,S,0.00111796875,0.0013104687500000004,-0.0001925000000000004,,0.14689400262310745
spatial,coarse,shorter,29,D_E_vs_F,Ephi,0.01946825523555875,0.024449647007894794,-0.004981391772336044,,0.2037408462677417
spatial,coarse,shorter,29,D_E_vs_F,ET,0.011236606277455402,0.012000917463713005,-0.0007643111862576032,-0.07643111862576032,0.06368772958972842
spatial,coarse,shorter,29,D_E_vs_F,EV,0.0014540006629015047,0.003691950463208173,-0.0022379498003066685,,0.6061700509280317
spatial,coarse,shorter,29,D_E_vs_F,EI,0.009125847587117182,0.02240498706115694,-0.013279139474039756,-1.3279139474039756,0.5926867727168441
spatial,coarse,shorter,29,D_E_vs_F,bottom_current_NRMSE,0.009125847587117005,0.022404987061158316,-0.01327913947404131,-1.327913947404131,0.5926867727168771
spatial,coarse,shorter,29,D_E_vs_F,power_trace_NRMSE,0.009137111634992113,0.02303996812831894,-0.013902856493326827,-1.3902856493326827,0.6034234255835847
spatial,coarse,shorter,29,D_E_vs_F,energy_error,0.0022481073929936043,0.006265418531249344,-0.004017311138255739,-0.4017311138255739,0.6411879937819054
spatial,coarse,shorter,29,D_E_vs_F,local_joule_NRMSE,0.06260526652200725,0.11771442321870611,-0.05510915669669886,,0.4681597648769808
spatial,coarse,shorter,29,D_E_vs_B_E,S,0.00111796875,0.0015368750000000003,-0.0004189062500000002,,0.27257015046766986
spatial,coarse,shorter,29,D_E_vs_B_E,Ephi,0.01946825523555875,0.025216843763017884,-0.005748588527459134,,0.22796621898771516
spatial,coarse,shorter,29,D_E_vs_B_E,ET,0.011236606277455402,0.013065281860570451,-0.0018286755831150494,-0.18286755831150495,0.13996449541848663
spatial,coarse,shorter,29,D_E_vs_B_E,EV,0.0014540006629015047,0.0030660242077629758,-0.001612023544861471,,0.5257699990691304
spatial,coarse,shorter,29,D_E_vs_B_E,EI,0.009125847587117182,0.020285904848959126,-0.011160057261841943,-1.1160057261841942,0.5501384998566908
spatial,coarse,shorter,29,D_E_vs_B_E,bottom_current_NRMSE,0.009125847587117005,0.020285904848959445,-0.01116005726184244,-1.116005726184244,0.5501384998567066
spatial,coarse,shorter,29,D_E_vs_B_E,power_trace_NRMSE,0.009137111634992113,0.020738172495798728,-0.011601060860806615,-1.1601060860806616,0.5594061320088273
spatial,coarse,shorter,29,D_E_vs_B_E,energy_error,0.0022481073929936043,0.015842562850420724,-0.01359445545742712,-1.3594455457427121,0.8580969875758516
spatial,coarse,shorter,29,D_E_vs_B_E,local_joule_NRMSE,0.06260526652200725,0.12165501816270842,-0.05904975164070117,,0.48538689593325807
spatial,coarse,shorter,43,E_vs_F,S,0.001155078125,0.0012627343750000002,-0.00010765625000000011,,0.08525644991647598
spatial,coarse,shorter,43,E_vs_F,Ephi,0.01976311723656693,0.024099285343406142,-0.0043361681068392124,,0.17992932342392637
spatial,coarse,shorter,43,E_vs_F,ET,0.011319799708226538,0.01174756335359894,-0.0004277636453724025,-0.04277636453724025,0.03641296773610115
spatial,coarse,shorter,43,E_vs_F,EV,0.0010972291996580975,0.004571108087948211,-0.003473878888290114,,0.7599642846882232
spatial,coarse,shorter,43,E_vs_F,EI,0.0067156259861846,0.029740114569838987,-0.023024488583654384,-2.3024488583654383,0.7741896397065238
spatial,coarse,shorter,43,E_vs_F,bottom_current_NRMSE,0.0067156259861850835,0.02974011456984011,-0.023024488583655026,-2.3024488583655027,0.7741896397065161
spatial,coarse,shorter,43,E_vs_F,power_trace_NRMSE,0.006593615019317134,0.030754111731377244,-0.02416049671206011,-2.416049671206011,0.785602163479496
spatial,coarse,shorter,43,E_vs_F,energy_error,0.0008306562463887519,0.0017763288555300613,-0.0009456726091413094,-0.09456726091413094,0.5323747380431526
spatial,coarse,shorter,43,E_vs_F,local_joule_NRMSE,0.058265980966956836,0.14600348348271483,-0.08773750251575799,,0.6009274602420368
spatial,coarse,shorter,43,E_vs_B_E,S,0.001155078125,0.0015368750000000003,-0.0003817968750000002,,0.24842415616104116
spatial,coarse,shorter,43,E_vs_B_E,Ephi,0.01976311723656693,0.025216843763017884,-0.005453726526450955,,0.2162731616099075
spatial,coarse,shorter,43,E_vs_B_E,ET,0.011319799708226538,0.013065281860570451,-0.0017454821523439131,-0.17454821523439132,0.13359697639678036
spatial,coarse,shorter,43,E_vs_B_E,EV,0.0010972291996580975,0.0030660242077629758,-0.0019687950081048785,,0.6421328974246245
spatial,coarse,shorter,43,E_vs_B_E,EI,0.0067156259861846,0.020285904848959126,-0.013570278862774525,-1.3570278862774525,0.6689511246263594
spatial,coarse,shorter,43,E_vs_B_E,bottom_current_NRMSE,0.0067156259861850835,0.020285904848959445,-0.01357027886277436,-1.357027886277436,0.6689511246263408
spatial,coarse,shorter,43,E_vs_B_E,power_trace_NRMSE,0.006593615019317134,0.020738172495798728,-0.014144557476481592,-1.4144557476481592,0.6820541915806269
spatial,coarse,shorter,43,E_vs_B_E,energy_error,0.0008306562463887519,0.015842562850420724,-0.015011906604031972,-1.5011906604031973,0.9475680636882123
spatial,coarse,shorter,43,E_vs_B_E,local_joule_NRMSE,0.058265980966956836,0.12165501816270842,-0.06338903719575159,,0.5210556716285344
spatial,coarse,shorter,43,E_vs_D_E,S,0.001155078125,0.0011639062500000002,-8.828125000000155e-06,,0.007584910726272115
spatial,coarse,shorter,43,E_vs_D_E,Ephi,0.01976311723656693,0.01970853086562979,5.458637093714094e-05,,-0.0027696823933404144
spatial,coarse,shorter,43,E_vs_D_E,ET,0.011319799708226538,0.011226646694204848,9.315301402169039e-05,0.00931530140216904,-0.008297492257396469
spatial,coarse,shorter,43,E_vs_D_E,EV,0.0010972291996580975,0.0010375966026955129,5.963259696258462e-05,,-0.057471850628335236
spatial,coarse,shorter,43,E_vs_D_E,EI,0.0067156259861846,0.006282642903252106,0.0004329830829324947,0.043298308293249474,-0.06891734730114427
spatial,coarse,shorter,43,E_vs_D_E,bottom_current_NRMSE,0.0067156259861850835,0.006282642903250118,0.0004329830829349658,0.04329830829349658,-0.0689173473015594
spatial,coarse,shorter,43,E_vs_D_E,power_trace_NRMSE,0.006593615019317134,0.006036280322833355,0.0005573346964837791,0.055733469648377915,-0.0923308174366185
spatial,coarse,shorter,43,E_vs_D_E,energy_error,0.0008306562463887519,8.810960178768423e-05,0.0007425466446010677,0.07425466446010677,-8.427533770841071
spatial,coarse,shorter,43,E_vs_D_E,local_joule_NRMSE,0.058265980966956836,0.05852818483425787,-0.0002622038673010321,,0.004479958981190859
spatial,coarse,shorter,43,D_E_vs_E,S,0.0011639062500000002,0.001155078125,8.828125000000155e-06,,-0.007642881298613594
spatial,coarse,shorter,43,D_E_vs_E,Ephi,0.01970853086562979,0.01976311723656693,-5.458637093714094e-05,,0.0027620324407195184
spatial,coarse,shorter,43,D_E_vs_E,ET,0.011226646694204848,0.011319799708226538,-9.315301402169039e-05,-0.00931530140216904,0.008229210447424478
spatial,coarse,shorter,43,D_E_vs_E,EV,0.0010375966026955129,0.0010972291996580975,-5.963259696258462e-05,,0.05434835035484514
spatial,coarse,shorter,43,D_E_vs_E,EI,0.006282642903252106,0.0067156259861846,-0.0004329830829324947,-0.043298308293249474,0.06447397216927035
spatial,coarse,shorter,43,D_E_vs_E,bottom_current_NRMSE,0.006282642903250118,0.0067156259861850835,-0.0004329830829349658,-0.04329830829349658,0.06447397216963369
spatial,coarse,shorter,43,D_E_vs_E,power_trace_NRMSE,0.006036280322833355,0.006593615019317134,-0.0005573346964837791,-0.055733469648377915,0.08452642364635649
spatial,coarse,shorter,43,D_E_vs_E,energy_error,8.810960178768423e-05,0.0008306562463887519,-0.0007425466446010677,-0.07425466446010677,0.8939277201962454
spatial,coarse,shorter,43,D_E_vs_E,local_joule_NRMSE,0.05852818483425787,0.058265980966956836,0.0002622038673010321,,-0.004500119331205121
spatial,coarse,shorter,43,D_E_vs_F,S,0.0011639062500000002,0.0012627343750000002,-9.882812499999996e-05,,0.0782651735445152
spatial,coarse,shorter,43,D_E_vs_F,Ephi,0.01970853086562979,0.024099285343406142,-0.004390754477776353,,0.1821943852363123
spatial,coarse,shorter,43,D_E_vs_F,ET,0.011226646694204848,0.01174756335359894,-0.0005209166593940929,-0.05209166593940929,0.044342528209009975
spatial,coarse,shorter,43,D_E_vs_F,EV,0.0010375966026955129,0.004571108087948211,-0.0035335114852526983,,0.7730098298416634
spatial,coarse,shorter,43,D_E_vs_F,EI,0.006282642903252106,0.029740114569838987,-0.02345747166658688,-2.345747166658688,0.7887485305916183
spatial,coarse,shorter,43,D_E_vs_F,bottom_current_NRMSE,0.006282642903250118,0.02974011456984011,-0.023457471666589992,-2.3457471666589993,0.7887485305916931
spatial,coarse,shorter,43,D_E_vs_F,power_trace_NRMSE,0.006036280322833355,0.030754111731377244,-0.02471783140854389,-2.471783140854389,0.8037244458380903
spatial,coarse,shorter,43,D_E_vs_F,energy_error,8.810960178768423e-05,0.0017763288555300613,-0.001688219253742377,-0.1688219253742377,0.9503979223704092
spatial,coarse,shorter,43,D_E_vs_F,local_joule_NRMSE,0.05852818483425787,0.14600348348271483,-0.08747529864845696,,0.5991315861913189
spatial,coarse,shorter,43,D_E_vs_B_E,S,0.0011639062500000002,0.0015368750000000003,-0.00037296875000000004,,0.24267995119967464
spatial,coarse,shorter,43,D_E_vs_B_E,Ephi,0.01970853086562979,0.025216843763017884,-0.005508312897388096,,0.21843784056220347
spatial,coarse,shorter,43,D_E_vs_B_E,ET,0.011226646694204848,0.013065281860570451,-0.0018386351663656035,-0.18386351663656036,0.14072678921029613
spatial,coarse,shorter,43,D_E_vs_B_E,EV,0.0010375966026955129,0.0030660242077629758,-0.002028427605067463,,0.6615823840958642
spatial,coarse,shorter,43,D_E_vs_B_E,EI,0.006282642903252106,0.020285904848959126,-0.014003261945707019,-1.400326194570702,0.6902951606038678
spatial,coarse,shorter,43,D_E_vs_B_E,bottom_current_NRMSE,0.006282642903250118,0.020285904848959445,-0.014003261945709326,-1.4003261945709327,0.6902951606039707
spatial,coarse,shorter,43,D_E_vs_B_E,power_trace_NRMSE,0.006036280322833355,0.020738172495798728,-0.014701892172965372,-1.4701892172965372,0.7089290136796661
spatial,coarse,shorter,43,D_E_vs_B_E,energy_error,8.810960178768423e-05,0.015842562850420724,-0.01575445324863304,-1.575445324863304,0.9944384249808834
spatial,coarse,shorter,43,D_E_vs_B_E,local_joule_NRMSE,0.05852818483425787,0.12165501816270842,-0.06312683332845055,,0.5189003649978589
spatial,fine,original,29,E_vs_F,S,0.0011057031250000001,0.0012865625,-0.00018085937499999981,,0.1405756618897254
spatial,fine,original,29,E_vs_F,Ephi,0.021062069554395317,0.02474980346122313,-0.003687733906827813,,0.14900053297819463
spatial,fine,original,29,E_vs_F,ET,0.01102030069488648,0.011331634042679697,-0.00031133334779321654,-0.031133334779321654,0.02747470899789071
spatial,fine,original,29,E_vs_F,EV,0.0013340045348518412,0.0025784142998757677,-0.0012444097650239265,,0.4826259942336979
spatial,fine,original,29,E_vs_F,EI,0.008832640170093504,0.01667333036895918,-0.007840690198865675,-0.7840690198865675,0.4702533942146751
spatial,fine,original,29,E_vs_F,bottom_current_NRMSE,0.008832640170095735,0.01667333036895981,-0.007840690198864075,-0.7840690198864075,0.47025339421456136
spatial,fine,original,29,E_vs_F,power_trace_NRMSE,0.00889983173255572,0.017070044695317803,-0.008170212962762083,-0.8170212962762083,0.4786286801582375
spatial,fine,original,29,E_vs_F,energy_error,0.003292430966983277,0.0021763558123378377,0.0011160751546454395,0.11160751546454395,-0.5128183306784535
spatial,fine,original,29,E_vs_F,local_joule_NRMSE,0.04846448062133062,0.09019756568945105,-0.04173308506812042,,0.4626852703742233
spatial,fine,original,29,E_vs_B_E,S,0.0011057031250000001,0.00136015625,-0.0002544531249999999,,0.18707639287765646
spatial,fine,original,29,E_vs_B_E,Ephi,0.021062069554395317,0.023309587224554878,-0.0022475176701595607,,0.09642031188746113
spatial,fine,original,29,E_vs_B_E,ET,0.01102030069488648,0.013568044818113542,-0.0025477441232270616,-0.25477441232270615,0.18777533221483653
spatial,fine,original,29,E_vs_B_E,EV,0.0013340045348518412,0.0023960486730168025,-0.0010620441381649613,,0.4432481485560847
spatial,fine,original,29,E_vs_B_E,EI,0.008832640170093504,0.01611206906034669,-0.007279428890253185,-0.7279428890253185,0.4517997572495851
spatial,fine,original,29,E_vs_B_E,bottom_current_NRMSE,0.008832640170095735,0.016112069060344483,-0.007279428890248747,-0.7279428890248747,0.45179975724937155
spatial,fine,original,29,E_vs_B_E,power_trace_NRMSE,0.00889983173255572,0.01636592244715388,-0.007466090714598162,-0.7466090714598161,0.4561973661250334
spatial,fine,original,29,E_vs_B_E,energy_error,0.003292430966983277,0.011037020083312045,-0.0077445891163287674,-0.7744589116328767,0.701692038056411
spatial,fine,original,29,E_vs_B_E,local_joule_NRMSE,0.04846448062133062,0.09167193787367656,-0.043207457252345934,,0.4713269758940362
spatial,fine,original,43,E_vs_F,S,0.001189140625,0.0013009375,-0.00011179687499999992,,0.08593562334854665
spatial,fine,original,43,E_vs_F,Ephi,0.022457532935059307,0.025164809697257158,-0.0027072767621978515,,0.10758184920798076
spatial,fine,original,43,E_vs_F,ET,0.010742079394001928,0.010795154574735361,-5.307518073343308e-05,-0.005307518073343308,0.004916574409934671
spatial,fine,original,43,E_vs_F,EV,0.0023970854080102564,0.004656780697039262,-0.002259695289029006,,0.4852483799517764
spatial,fine,original,43,E_vs_F,EI,0.01597847719554541,0.030748353571519976,-0.014769876375974565,-1.4769876375974564,0.48034690187948326
spatial,fine,original,43,E_vs_F,bottom_current_NRMSE,0.015978477195546646,0.030748353571520164,-0.014769876375973517,-1.4769876375973516,0.4803469018794463
spatial,fine,original,43,E_vs_F,power_trace_NRMSE,0.016215560344076858,0.03182073988869371,-0.015605179544616852,-1.5605179544616852,0.49040907279976725
spatial,fine,original,43,E_vs_F,energy_error,0.00710370212977189,0.01273525112826741,-0.00563154899849552,-0.563154899849552,0.4422016450068758
spatial,fine,original,43,E_vs_F,local_joule_NRMSE,0.07981139989885502,0.12866683591411585,-0.04885543601526082,,0.37970496179661606
spatial,fine,original,43,E_vs_B_E,S,0.001189140625,0.00136015625,-0.00017101562499999994,,0.12573233773693276
spatial,fine,original,43,E_vs_B_E,Ephi,0.022457532935059307,0.023309587224554878,-0.0008520542894955713,,0.03655381287052552
spatial,fine,original,43,E_vs_B_E,ET,0.010742079394001928,0.013568044818113542,-0.0028259654241116136,-0.2825965424111614,0.20828096177416128
spatial,fine,original,43,E_vs_B_E,EV,0.0023970854080102564,0.0023960486730168025,1.036734993453952e-06,,-0.00043268528103338817
spatial,fine,original,43,E_vs_B_E,EI,0.01597847719554541,0.01611206906034669,-0.00013359186480127808,-0.013359186480127808,0.008291415851118722
spatial,fine,original,43,E_vs_B_E,bottom_current_NRMSE,0.015978477195546646,0.016112069060344483,-0.00013359186479783638,-0.013359186479783638,0.008291415850906248
spatial,fine,original,43,E_vs_B_E,power_trace_NRMSE,0.016215560344076858,0.01636592244715388,-0.00015036210307702372,-0.015036210307702372,0.009187511645771758
spatial,fine,original,43,E_vs_B_E,energy_error,0.00710370212977189,0.011037020083312045,-0.003933317953540154,-0.3933317953540154,0.35637499287396646
spatial,fine,original,43,E_vs_B_E,local_joule_NRMSE,0.07981139989885502,0.09167193787367656,-0.011860537974821533,,0.1293802471064296
spatial,fine,shorter,29,E_vs_F,S,0.0011464843750000002,0.0013104687500000004,-0.00016398437500000028,,0.12513413616310975
spatial,fine,shorter,29,E_vs_F,Ephi,0.01993633340127953,0.024449647007894794,-0.004513313606615263,,0.18459626861516296
spatial,fine,shorter,29,E_vs_F,ET,0.011343039201857766,0.012000917463713005,-0.0006578782618552395,-0.06578782618552395,0.0548189972845373
spatial,fine,shorter,29,E_vs_F,EV,0.0016035756891280488,0.003730716237014975,-0.0021271405478869264,,0.5701694829486406
spatial,fine,shorter,29,E_vs_F,EI,0.010155780433280285,0.02276811779210797,-0.012612337358827686,-1.2612337358827685,0.5539472992009666
spatial,fine,shorter,29,E_vs_F,bottom_current_NRMSE,0.010155780433277767,0.022768117792109625,-0.012612337358831858,-1.2612337358831858,0.5539472992011096
spatial,fine,shorter,29,E_vs_F,power_trace_NRMSE,0.010236978192969806,0.023432310014602054,-0.013195331821632248,-1.3195331821632248,0.5631255225545181
spatial,fine,shorter,29,E_vs_F,energy_error,0.003390812345802286,0.007566807394925595,-0.004175995049123309,-0.4175995049123309,0.5518833546528208
spatial,fine,shorter,29,E_vs_F,local_joule_NRMSE,0.055495696303370354,0.11108544232848135,-0.05558974602511099,,0.5004233215431709
spatial,fine,shorter,29,E_vs_B_E,S,0.0011464843750000002,0.0015368750000000003,-0.0003903906250000001,,0.25401586010573407
spatial,fine,shorter,29,E_vs_B_E,Ephi,0.01993633340127953,0.025216843763017884,-0.005280510361738353,,0.20940409558640163
spatial,fine,shorter,29,E_vs_B_E,ET,0.011343039201857766,0.013065281860570451,-0.0017222426587126857,-0.17222426587126857,0.1318182552119461
spatial,fine,shorter,29,E_vs_B_E,EV,0.0016035756891280488,0.0028689057277241133,-0.0012653300385960646,,0.4410497097790117
spatial,fine,shorter,29,E_vs_B_E,EI,0.010155780433280285,0.019042945759834062,-0.008887165326553778,-0.8887165326553778,0.466690681086686
spatial,fine,shorter,29,E_vs_B_E,bottom_current_NRMSE,0.010155780433277767,0.0190429457598333,-0.008887165326555532,-0.8887165326555532,0.4666906810867968
spatial,fine,shorter,29,E_vs_B_E,power_trace_NRMSE,0.010236978192969806,0.019474969848636798,-0.009237991655666992,-0.9237991655666992,0.47435203892311184
spatial,fine,shorter,29,E_vs_B_E,energy_error,0.003390812345802286,0.014282558013800616,-0.01089174566799833,-1.089174566799833,0.7625906828086474
spatial,fine,shorter,29,E_vs_B_E,local_joule_NRMSE,0.055495696303370354,0.10741173993663813,-0.05191604363326778,,0.4833367717894981
spatial,fine,shorter,29,E_vs_D_E,S,0.0011464843750000002,0.00111796875,2.8515625000000112e-05,,-0.025506638714185983
spatial,fine,shorter,29,E_vs_D_E,Ephi,0.01993633340127953,0.01946825523555875,0.0004680781657207811,,-0.02404314922201332
spatial,fine,shorter,29,E_vs_D_E,ET,0.011343039201857766,0.011236606277455402,0.00010643292440236374,0.010643292440236374,-0.009471981288149764
spatial,fine,shorter,29,E_vs_D_E,EV,0.0016035756891280488,0.0015045094758018391,9.906621332620965e-05,,-0.06584618769078314
spatial,fine,shorter,29,E_vs_D_E,EI,0.010155780433280285,0.00958121770678859,0.0005745627264916939,0.05745627264916939,-0.05996760997139208
spatial,fine,shorter,29,E_vs_D_E,bottom_current_NRMSE,0.010155780433277767,0.009581217706789888,0.0005745627264878792,0.05745627264878792,-0.059967609970985825
spatial,fine,shorter,29,E_vs_D_E,power_trace_NRMSE,0.010236978192969806,0.009651936883594657,0.0005850413093751484,0.058504130937514845,-0.060613876409567065
spatial,fine,shorter,29,E_vs_D_E,energy_error,0.003390812345802286,0.003562834891007696,-0.00017202254520540987,-0.017202254520540985,0.0482824914619481
spatial,fine,shorter,29,E_vs_D_E,local_joule_NRMSE,0.055495696303370354,0.053019097789808456,0.002476598513561898,,-0.04671144204264373
spatial,fine,shorter,29,D_E_vs_E,S,0.00111796875,0.0011464843750000002,-2.8515625000000112e-05,,0.024872231686541832
spatial,fine,shorter,29,D_E_vs_E,Ephi,0.01946825523555875,0.01993633340127953,-0.0004680781657207811,,0.02347864857089215
spatial,fine,shorter,29,D_E_vs_E,ET,0.011236606277455402,0.011343039201857766,-0.00010643292440236374,-0.010643292440236374,0.009383104696044083
spatial,fine,shorter,29,D_E_vs_E,EV,0.0015045094758018391,0.0016035756891280488,-9.906621332620965e-05,,0.061778320785143184
spatial,fine,shorter,29,D_E_vs_E,EI,0.00958121770678859,0.010155780433280285,-0.0005745627264916939,-0.05745627264916939,0.056574945693869436
spatial,fine,shorter,29,D_E_vs_E,bottom_current_NRMSE,0.009581217706789888,0.010155780433277767,-0.0005745627264878792,-0.05745627264878792,0.05657494569350784
spatial,fine,shorter,29,D_E_vs_E,power_trace_NRMSE,0.009651936883594657,0.010236978192969806,-0.0005850413093751484,-0.058504130937514845,0.0571498051814668
spatial,fine,shorter,29,D_E_vs_E,energy_error,0.003562834891007696,0.003390812345802286,0.00017202254520540987,0.017202254520540985,-0.050731956729592576
spatial,fine,shorter,29,D_E_vs_E,local_joule_NRMSE,0.053019097789808456,0.055495696303370354,-0.002476598513561898,,0.044626857189491456
spatial,fine,shorter,29,D_E_vs_F,S,0.00111796875,0.0013104687500000004,-0.0001925000000000004,,0.14689400262310745
spatial,fine,shorter,29,D_E_vs_F,Ephi,0.01946825523555875,0.024449647007894794,-0.004981391772336044,,0.2037408462677417
spatial,fine,shorter,29,D_E_vs_F,ET,0.011236606277455402,0.012000917463713005,-0.0007643111862576032,-0.07643111862576032,0.06368772958972842
spatial,fine,shorter,29,D_E_vs_F,EV,0.0015045094758018391,0.003730716237014975,-0.002226206761213136,,0.5967236905142834
spatial,fine,shorter,29,D_E_vs_F,EI,0.00958121770678859,0.02276811779210797,-0.01318690008531938,-1.318690008531938,0.5791827065252757
spatial,fine,shorter,29,D_E_vs_F,bottom_current_NRMSE,0.009581217706789888,0.022768117792109625,-0.013186900085319737,-1.3186900085319737,0.5791827065252494
spatial,fine,shorter,29,D_E_vs_F,power_trace_NRMSE,0.009651936883594657,0.023432310014602054,-0.013780373131007396,-1.3780373131007395,0.5880928138292825
spatial,fine,shorter,29,D_E_vs_F,energy_error,0.003562834891007696,0.007566807394925595,-0.0040039725039178985,-0.40039725039178986,0.5291495203912574
spatial,fine,shorter,29,D_E_vs_F,local_joule_NRMSE,0.053019097789808456,0.11108544232848135,-0.05806634453867289,,0.5227178586278644
spatial,fine,shorter,29,D_E_vs_B_E,S,0.00111796875,0.0015368750000000003,-0.0004189062500000002,,0.27257015046766986
spatial,fine,shorter,29,D_E_vs_B_E,Ephi,0.01946825523555875,0.025216843763017884,-0.005748588527459134,,0.22796621898771516
spatial,fine,shorter,29,D_E_vs_B_E,ET,0.011236606277455402,0.013065281860570451,-0.0018286755831150494,-0.18286755831150495,0.13996449541848663
spatial,fine,shorter,29,D_E_vs_B_E,EV,0.0015045094758018391,0.0028689057277241133,-0.0013643962519222742,,0.4755807201112328
spatial,fine,shorter,29,D_E_vs_B_E,EI,0.00958121770678859,0.019042945759834062,-0.009461728053045472,-0.9461728053045472,0.49686262684224125
spatial,fine,shorter,29,D_E_vs_B_E,bottom_current_NRMSE,0.009581217706789888,0.0190429457598333,-0.00946172805304341,-0.9461728053043411,0.49686262684215293
spatial,fine,shorter,29,D_E_vs_B_E,power_trace_NRMSE,0.009651936883594657,0.019474969848636798,-0.00982303296504214,-0.9823032965042141,0.5043927174926912
spatial,fine,shorter,29,D_E_vs_B_E,energy_error,0.003562834891007696,0.014282558013800616,-0.01071972312279292,-1.0719723122792921,0.7505464436016935
spatial,fine,shorter,29,D_E_vs_B_E,local_joule_NRMSE,0.053019097789808456,0.10741173993663813,-0.05439264214682968,,0.5063938278899097
spatial,fine,shorter,43,E_vs_F,S,0.001155078125,0.0012627343750000002,-0.00010765625000000011,,0.08525644991647598
spatial,fine,shorter,43,E_vs_F,Ephi,0.01976311723656693,0.024099285343406142,-0.0043361681068392124,,0.17992932342392637
spatial,fine,shorter,43,E_vs_F,ET,0.011319799708226538,0.01174756335359894,-0.0004277636453724025,-0.04277636453724025,0.03641296773610115
spatial,fine,shorter,43,E_vs_F,EV,0.00111391957420713,0.0045796855898525635,-0.003465766015645433,,0.7567694217534721
spatial,fine,shorter,43,E_vs_F,EI,0.0070045995877591714,0.029837756811061326,-0.022833157223302154,-2.2833157223302156,0.7652437603767032
spatial,fine,shorter,43,E_vs_F,bottom_current_NRMSE,0.007004599587763097,0.029837756811059733,-0.022833157223296638,-2.2833157223296636,0.7652437603765591
spatial,fine,shorter,43,E_vs_F,power_trace_NRMSE,0.006946930546888452,0.030871099871096888,-0.023924169324208436,-2.3924169324208435,0.7749697751004808
spatial,fine,shorter,43,E_vs_F,energy_error,0.0020962847860433826,0.003050142849660585,-0.0009538580636172024,-0.09538580636172024,0.3127257019202711
spatial,fine,shorter,43,E_vs_F,local_joule_NRMSE,0.04767007775214124,0.14347234608251525,-0.095802268330374,,0.6677403063812398
spatial,fine,shorter,43,E_vs_B_E,S,0.001155078125,0.0015368750000000003,-0.0003817968750000002,,0.24842415616104116
spatial,fine,shorter,43,E_vs_B_E,Ephi,0.01976311723656693,0.025216843763017884,-0.005453726526450955,,0.2162731616099075
spatial,fine,shorter,43,E_vs_B_E,ET,0.011319799708226538,0.013065281860570451,-0.0017454821523439131,-0.17454821523439132,0.13359697639678036
spatial,fine,shorter,43,E_vs_B_E,EV,0.00111391957420713,0.0028689057277241133,-0.0017549861535169832,,0.6117266721445057
spatial,fine,shorter,43,E_vs_B_E,EI,0.0070045995877591714,0.019042945759834062,-0.012038346172074891,-1.2038346172074892,0.6321682750085085
spatial,fine,shorter,43,E_vs_B_E,bottom_current_NRMSE,0.007004599587763097,0.0190429457598333,-0.012038346172070202,-1.2038346172070202,0.6321682750082877
spatial,fine,shorter,43,E_vs_B_E,power_trace_NRMSE,0.006946930546888452,0.019474969848636798,-0.012528039301748346,-1.2528039301748346,0.6432892784491412
spatial,fine,shorter,43,E_vs_B_E,energy_error,0.0020962847860433826,0.014282558013800616,-0.012186273227757234,-1.2186273227757234,0.8532276372329219
spatial,fine,shorter,43,E_vs_B_E,local_joule_NRMSE,0.04767007775214124,0.10741173993663813,-0.05974166218449689,,0.5561930401624471
spatial,fine,shorter,43,E_vs_D_E,S,0.001155078125,0.0011639062500000002,-8.828125000000155e-06,,0.007584910726272115
spatial,fine,shorter,43,E_vs_D_E,Ephi,0.01976311723656693,0.01970853086562979,5.458637093714094e-05,,-0.0027696823933404144
spatial,fine,shorter,43,E_vs_D_E,ET,0.011319799708226538,0.011226646694204848,9.315301402169039e-05,0.00931530140216904,-0.008297492257396469
spatial,fine,shorter,43,E_vs_D_E,EV,0.00111391957420713,0.0010319313189606962,8.198825524643387e-05,,-0.07945127135884186
spatial,fine,shorter,43,E_vs_D_E,EI,0.0070045995877591714,0.006429467456247134,0.0005751321315120373,0.057513213151203724,-0.0894525301552332
spatial,fine,shorter,43,E_vs_D_E,bottom_current_NRMSE,0.007004599587763097,0.00642946745624798,0.0005751321315151173,0.05751321315151173,-0.08945253015570048
spatial,fine,shorter,43,E_vs_D_E,power_trace_NRMSE,0.006946930546888452,0.0062450332888229956,0.0007018972580654561,0.07018972580654562,-0.11239287696379005
spatial,fine,shorter,43,E_vs_D_E,energy_error,0.0020962847860433826,0.0011782672459319506,0.0009180175401114321,0.09180175401114321,-0.7791250612125147
spatial,fine,shorter,43,E_vs_D_E,local_joule_NRMSE,0.04767007775214124,0.04688473486209639,0.0007853428900448517,,-0.016750502959114656
spatial,fine,shorter,43,D_E_vs_E,S,0.0011639062500000002,0.001155078125,8.828125000000155e-06,,-0.007642881298613594
spatial,fine,shorter,43,D_E_vs_E,Ephi,0.01970853086562979,0.01976311723656693,-5.458637093714094e-05,,0.0027620324407195184
spatial,fine,shorter,43,D_E_vs_E,ET,0.011226646694204848,0.011319799708226538,-9.315301402169039e-05,-0.00931530140216904,0.008229210447424478
spatial,fine,shorter,43,D_E_vs_E,EV,0.0010319313189606962,0.00111391957420713,-8.198825524643387e-05,,0.0736033885613257
spatial,fine,shorter,43,D_E_vs_E,EI,0.006429467456247134,0.0070045995877591714,-0.0005751321315120373,-0.057513213151203724,0.08210778136656156
spatial,fine,shorter,43,D_E_vs_E,bottom_current_NRMSE,0.00642946745624798,0.007004599587763097,-0.0005751321315151173,-0.05751321315151173,0.08210778136695525
spatial,fine,shorter,43,D_E_vs_E,power_trace_NRMSE,0.0062450332888229956,0.006946930546888452,-0.0007018972580654561,-0.07018972580654562,0.10103703402934375
spatial,fine,shorter,43,D_E_vs_E,energy_error,0.0011782672459319506,0.0020962847860433826,-0.0009180175401114321,-0.09180175401114321,0.4379259660821837
spatial,fine,shorter,43,D_E_vs_E,local_joule_NRMSE,0.04688473486209639,0.04767007775214124,-0.0007853428900448517,,0.01647454602713703
spatial,fine,shorter,43,D_E_vs_F,S,0.0011639062500000002,0.0012627343750000002,-9.882812499999996e-05,,0.0782651735445152
spatial,fine,shorter,43,D_E_vs_F,Ephi,0.01970853086562979,0.024099285343406142,-0.004390754477776353,,0.1821943852363123
spatial,fine,shorter,43,D_E_vs_F,ET,0.011226646694204848,0.01174756335359894,-0.0005209166593940929,-0.05209166593940929,0.044342528209009975
spatial,fine,shorter,43,D_E_vs_F,EV,0.0010319313189606962,0.0045796855898525635,-0.0035477542708918673,,0.7746720165141473
spatial,fine,shorter,43,D_E_vs_F,EI,0.006429467456247134,0.029837756811061326,-0.02340828935481419,-2.340828935481419,0.7845190743741289
spatial,fine,shorter,43,D_E_vs_F,bottom_current_NRMSE,0.00642946745624798,0.029837756811059733,-0.023408289354811755,-2.3408289354811753,0.7845190743740891
spatial,fine,shorter,43,D_E_vs_F,power_trace_NRMSE,0.0062450332888229956,0.030871099871096888,-0.02462606658227389,-2.462606658227389,0.7977061615912843
spatial,fine,shorter,43,D_E_vs_F,energy_error,0.0011782672459319506,0.003050142849660585,-0.0018718756037286344,-0.18718756037286344,0.6137009628702911
spatial,fine,shorter,43,D_E_vs_F,local_joule_NRMSE,0.04688473486209639,0.14347234608251525,-0.09658761122041885,,0.6732141339967245
spatial,fine,shorter,43,D_E_vs_B_E,S,0.0011639062500000002,0.0015368750000000003,-0.00037296875000000004,,0.24267995119967464
spatial,fine,shorter,43,D_E_vs_B_E,Ephi,0.01970853086562979,0.025216843763017884,-0.005508312897388096,,0.21843784056220347
spatial,fine,shorter,43,D_E_vs_B_E,ET,0.011226646694204848,0.013065281860570451,-0.0018386351663656035,-0.18386351663656036,0.14072678921029613
spatial,fine,shorter,43,D_E_vs_B_E,EV,0.0010319313189606962,0.0028689057277241133,-0.0018369744087634171,,0.6403049047626527
spatial,fine,shorter,43,D_E_vs_B_E,EI,0.006429467456247134,0.019042945759834062,-0.012613478303586927,-1.2613478303586927,0.6623701218637951
spatial,fine,shorter,43,D_E_vs_B_E,bottom_current_NRMSE,0.00642946745624798,0.0190429457598333,-0.01261347830358532,-1.261347830358532,0.6623701218637371
spatial,fine,shorter,43,D_E_vs_B_E,power_trace_NRMSE,0.0062450332888229956,0.019474969848636798,-0.013229936559813802,-1.3229936559813802,0.679330271761107
spatial,fine,shorter,43,D_E_vs_B_E,energy_error,0.0011782672459319506,0.014282558013800616,-0.013104290767868666,-1.3104290767868665,0.9175030659918593
spatial,fine,shorter,43,D_E_vs_B_E,local_joule_NRMSE,0.04688473486209639,0.10741173993663813,-0.06052700507454174,,0.5635045583494546
