id,device,method,interval,left_s,right_s,prediction_J,reference_J,signed_error_J,absolute_error_J
single_9V-1ns,A,PCHIP,0,0.0,1.024e-07,1.636510735710013e-13,1.74324684216221e-13,-1.0673610645219697e-14,1.0673610645219697e-14
single_9V-1ns,A,PCHIP,1,1.024e-07,2.048e-07,1.1303460020983565e-12,1.148629953679503e-12,-1.828395158114651e-14,1.828395158114651e-14
single_9V-1ns,A,PCHIP,2,2.048e-07,3.072e-07,2.8909035804257343e-12,2.918284452139466e-12,-2.7380871713731718e-14,2.7380871713731718e-14
single_9V-1ns,A,PCHIP,3,3.072e-07,4.096e-07,5.286955960957401e-12,5.321438741696374e-12,-3.448278073897349e-14,3.448278073897349e-14
single_9V-1ns,A,PCHIP,4,4.096e-07,5.12e-07,8.187036262779378e-12,8.227110369393661e-12,-4.007410661428299e-14,4.007410661428299e-14
single_9V-1ns,A,PCHIP,5,5.12e-07,6.144e-07,1.1484809911695464e-11,1.1528780715471822e-11,-4.39708037763577e-14,4.39708037763577e-14
single_9V-1ns,A,PCHIP,6,6.144e-07,7.168000000000001e-07,1.5091930726106676e-11,1.5138987772209196e-11,-4.7057046102520356e-14,4.7057046102520356e-14
single_9V-1ns,A,PCHIP,7,7.168000000000001e-07,8.192e-07,1.8936114860605282e-11,1.898512219189507e-11,-4.900733128978816e-14,4.900733128978816e-14
single_9V-1ns,A,PCHIP,8,8.192e-07,9.216e-07,2.295611452709816e-11,2.3006275882000323e-11,-5.016135490216335e-14,5.016135490216335e-14
single_9V-1ns,A,PCHIP,9,9.216e-07,1.024e-06,2.7100058858158407e-11,2.7150910156651167e-11,-5.085129849276007e-14,5.085129849276007e-14
single_9V-1ns,A,PCHIP,10,1.024e-06,1.1264000000000001e-06,3.132452643537027e-11,3.137512881136149e-11,-5.060237599121962e-14,5.060237599121962e-14
single_9V-1ns,A,PCHIP,11,1.1264000000000001e-06,1.2288e-06,3.5591081773327614e-11,3.564138600255263e-11,-5.030422922501836e-14,5.030422922501836e-14
single_9V-1ns,A,PCHIP,12,1.2288e-06,1.3312e-06,3.986805918586274e-11,3.9917503579395095e-11,-4.944439353235714e-14,4.944439353235714e-14
single_9V-1ns,A,PCHIP,13,1.3312e-06,1.4336000000000001e-06,4.4127612717994114e-11,4.417590817648722e-11,-4.829545849310835e-14,4.829545849310835e-14
single_9V-1ns,A,PCHIP,14,1.4336000000000001e-06,1.536e-06,4.834592501418063e-11,4.839302507399407e-11,-4.710005981343865e-14,4.710005981343865e-14
single_9V-1ns,A,PCHIP,15,1.536e-06,1.6384e-06,5.2503422956100974e-11,5.254878476905041e-11,-4.5361812949435294e-14,4.5361812949435294e-14
single_9V-1ns,A,PCHIP,16,1.6384e-06,1.7408000000000001e-06,5.658236468544568e-11,5.6626211551054825e-11,-4.384686560914682e-14,4.384686560914682e-14
single_9V-1ns,A,PCHIP,17,1.7408000000000001e-06,1.8432e-06,6.05690145395321e-11,6.061107262851792e-11,-4.205808898582159e-14,4.205808898582159e-14
single_9V-1ns,A,PCHIP,18,1.8432e-06,1.9456e-06,6.445136618542328e-11,6.44915728436927e-11,-4.020665826942351e-14,4.020665826942351e-14
single_9V-1ns,A,PCHIP,19,1.9456e-06,2.048e-06,6.821961699393309e-11,6.825808470499506e-11,-3.846771106197501e-14,3.846771106197501e-14
single_9V-1ns,A,PCHIP,20,2.048e-06,2.1504e-06,7.186649108671711e-11,7.190290650097318e-11,-3.641541425606944e-14,3.641541425606944e-14
single_9V-1ns,A,PCHIP,21,2.1504e-06,2.2528000000000003e-06,7.538539038987444e-11,7.542004380159977e-11,-3.465341172532719e-14,3.465341172532719e-14
single_9V-1ns,A,PCHIP,22,2.2528000000000003e-06,2.3552e-06,7.877224343835916e-11,7.880501104662514e-11,-3.276760826598385e-14,3.276760826598385e-14
single_9V-1ns,A,PCHIP,23,2.3552e-06,2.4576e-06,8.202373668108262e-11,8.205465107559388e-11,-3.0914394511265696e-14,3.0914394511265696e-14
single_9V-1ns,A,PCHIP,24,2.4576e-06,2.56e-06,8.513775482052968e-11,8.516697127352922e-11,-2.9216452999541604e-14,2.9216452999541604e-14
single_9V-1ns,A,PCHIP,25,2.56e-06,2.6624e-06,8.811365383435456e-11,8.814099516328124e-11,-2.7341328926685862e-14,2.7341328926685862e-14
single_9V-1ns,A,PCHIP,26,2.6624e-06,2.7648e-06,9.095089153938805e-11,9.097662882061422e-11,-2.5737281226170186e-14,2.5737281226170186e-14
single_9V-1ns,A,PCHIP,27,2.7648e-06,2.8672000000000003e-06,9.365045495861136e-11,9.367454129663544e-11,-2.4086338024071483e-14,2.4086338024071483e-14
single_9V-1ns,A,PCHIP,28,2.8672000000000003e-06,2.9696e-06,9.621355834053834e-11,9.623605831352235e-11,-2.2499972984008922e-14,2.2499972984008922e-14
single_9V-1ns,A,PCHIP,29,2.9696e-06,3.072e-06,9.864200701470912e-11,9.866306852912866e-11,-2.1061514419540848e-14,2.1061514419540848e-14
single_9V-1ns,A,PCHIP,30,3.072e-06,3.1744e-06,1.0093841425805263e-10,1.0095794130422098e-10,-1.9527046168344642e-14,1.9527046168344642e-14
single_9V-1ns,A,PCHIP,31,3.1744e-06,3.2768e-06,1.0310524055279742e-10,1.0312345514305666e-10,-1.8214590259237843e-14,1.8214590259237843e-14
single_9V-1ns,A,PCHIP,32,3.2768e-06,3.3792e-06,1.0514584207844574e-10,1.0516273563432282e-10,-1.689355587708147e-14,1.689355587708147e-14
single_9V-1ns,A,PCHIP,33,3.3792e-06,3.4816000000000003e-06,1.0706356096071576e-10,1.0707920177705473e-10,-1.564081633897005e-14,1.564081633897005e-14
single_9V-1ns,A,PCHIP,34,3.4816000000000003e-06,3.5840000000000003e-06,1.0886200846133038e-10,1.0887651964540824e-10,-1.451118407786049e-14,1.451118407786049e-14
single_9V-1ns,A,PCHIP,35,3.5840000000000003e-06,3.6864e-06,1.1054522753529198e-10,1.1055856212198327e-10,-1.3334586691285273e-14,1.3334586691285273e-14
single_9V-1ns,A,PCHIP,36,3.6864e-06,3.7888e-06,1.1211704637234042e-10,1.1212937377447189e-10,-1.2327402131464626e-14,1.2327402131464626e-14
single_9V-1ns,A,PCHIP,37,3.7888e-06,3.8912e-06,1.1358180946190366e-10,1.1359313978579268e-10,-1.1330323889018787e-14,1.1330323889018787e-14
single_9V-1ns,A,PCHIP,38,3.8912e-06,3.9936e-06,1.1494376353627988e-10,1.1495415804693518e-10,-1.0394510655301304e-14,1.0394510655301304e-14
single_9V-1ns,A,PCHIP,39,3.9936e-06,4.096e-06,1.1620725914127007e-10,1.1621681370932613e-10,-9.554568056058582e-15,9.554568056058582e-15
single_9V-1ns,A,PCHIP,40,4.096e-06,4.1984e-06,1.1737685801251681e-10,1.1738555542409955e-10,-8.69741158273816e-15,8.69741158273816e-15
single_9V-1ns,A,PCHIP,41,4.1984e-06,4.3008e-06,1.1845690908535937e-10,1.18464872881852e-10,-7.96379649262745e-15,7.96379649262745e-15
single_9V-1ns,A,PCHIP,42,4.3008e-06,4.4032000000000005e-06,1.194520265927729e-10,1.1945927520303295e-10,-7.24861026004135e-15,7.24861026004135e-15
single_9V-1ns,A,PCHIP,43,4.4032000000000005e-06,4.5056000000000005e-06,1.2036668560449768e-10,1.2037326994680374e-10,-6.584342306053289e-15,6.584342306053289e-15
single_9V-1ns,A,PCHIP,44,4.5056000000000005e-06,4.608e-06,1.2120535109476083e-10,1.2121134268040985e-10,-5.9915856490187564e-15,5.9915856490187564e-15
single_9V-1ns,A,PCHIP,45,4.608e-06,4.7104e-06,1.2197253843735864e-10,1.2197793700222286e-10,-5.3985648642190465e-15,5.3985648642190465e-15
single_9V-1ns,A,PCHIP,46,4.7104e-06,4.8128e-06,1.226725429646845e-10,1.2267743519576564e-10,-4.8922310811306215e-15,4.8922310811306215e-15
single_9V-1ns,A,PCHIP,47,4.8128e-06,4.9152e-06,1.2330973327563975e-10,1.2331413960315493e-10,-4.406327515181469e-15,4.406327515181469e-15
single_9V-1ns,A,PCHIP,48,4.9152e-06,5.0176e-06,1.2388829469104688e-10,1.238922549212207e-10,-3.960230173821713e-15,3.960230173821713e-15
single_9V-1ns,A,PCHIP,49,5.0176e-06,5.12e-06,1.2441230647287924e-10,1.244158716843236e-10,-3.5652114443570065e-15,3.5652114443570065e-15
single_9V-1ns,A,PCHIP,50,5.12e-06,5.2224e-06,1.2488577333129186e-10,1.24888951088476e-10,-3.1777571841418814e-15,3.1777571841418814e-15
single_9V-1ns,A,PCHIP,51,5.2224e-06,5.3248e-06,1.2531246291084524e-10,1.2531531143954612e-10,-2.8485287008792565e-15,2.8485287008792565e-15
single_9V-1ns,A,PCHIP,52,5.3248e-06,5.4272e-06,1.25696078718851e-10,1.2569861636433332e-10,-2.537645482310639e-15,2.537645482310639e-15
single_9V-1ns,A,PCHIP,53,5.4272e-06,5.5296e-06,1.260401091350359e-10,1.2604236493346203e-10,-2.2557984261241264e-15,2.2557984261241264e-15
single_9V-1ns,A,PCHIP,54,5.5296e-06,5.6320000000000005e-06,1.2634787530846511e-10,1.2634988381905131e-10,-2.008510586198764e-15,2.008510586198764e-15
single_9V-1ns,A,PCHIP,55,5.6320000000000005e-06,5.7344000000000005e-06,1.2662255090342108e-10,1.2662432148127635e-10,-1.770577855270995e-15,1.770577855270995e-15
single_9V-1ns,A,PCHIP,56,5.7344000000000005e-06,5.836800000000001e-06,1.2686707469422446e-10,1.2686864442133286e-10,-1.569727108399982e-15,1.569727108399982e-15
single_9V-1ns,A,PCHIP,57,5.836800000000001e-06,5.9392e-06,1.270842523502501e-10,1.2708563541102935e-10,-1.383060779244496e-15,1.383060779244496e-15
single_9V-1ns,A,PCHIP,58,5.9392e-06,6.0416e-06,1.272766776162332e-10,1.2727789359978563e-10,-1.215983552422269e-15,1.215983552422269e-15
single_9V-1ns,A,PCHIP,59,6.0416e-06,6.144e-06,1.2744676553918907e-10,1.274478363753408e-10,-1.0708361517325513e-15,1.0708361517325513e-15
single_9V-1ns,A,PCHIP,60,6.144e-06,6.2464e-06,1.2759676909629625e-10,1.275977027774369e-10,-9.33681140649774e-16,9.33681140649774e-16
single_9V-1ns,A,PCHIP,61,6.2464e-06,6.3488e-06,1.2772873954021624e-10,1.2772955830297821e-10,-8.187627619776351e-16,8.187627619776351e-16
single_9V-1ns,A,PCHIP,62,6.3488e-06,6.4512e-06,1.2784458732170425e-10,1.2784530088041274e-10,-7.13558708486336e-16,7.13558708486336e-16
single_9V-1ns,A,PCHIP,63,6.4512e-06,6.5536e-06,1.2794604725093228e-10,1.2794666780887206e-10,-6.205579397815285e-16,6.205579397815285e-16
single_9V-1ns,A,PCHIP,64,6.5536e-06,6.656e-06,1.2803470290675622e-10,1.280352434669346e-10,-5.405601783704282e-16,5.405601783704282e-16
single_9V-1ns,A,PCHIP,65,6.656e-06,6.7584e-06,1.281120013583494e-10,1.2811246757644094e-10,-4.662180915427605e-16,4.662180915427605e-16
single_9V-1ns,A,PCHIP,66,6.7584e-06,6.8608000000000004e-06,1.28179239448068e-10,1.2817964385461305e-10,-4.0440654505447364e-16,4.0440654505447364e-16
single_9V-1ns,A,PCHIP,67,6.8608000000000004e-06,6.9632000000000005e-06,1.2823760026425096e-10,1.2823794887575986e-10,-3.486115089008064e-16,3.486115089008064e-16
single_9V-1ns,A,PCHIP,68,6.9632000000000005e-06,7.065600000000001e-06,1.282881411274542e-10,1.282884409954922e-10,-2.9986803800795684e-16,2.9986803800795684e-16
single_9V-1ns,A,PCHIP,69,7.065600000000001e-06,7.168000000000001e-06,1.2833181087206706e-10,1.283320692133783e-10,-2.58341311245265e-16,2.58341311245265e-16
single_9V-1ns,A,PCHIP,70,7.168000000000001e-06,7.2704e-06,1.2836946150986044e-10,1.2836968185494742e-10,-2.203450869797078e-16,2.203450869797078e-16
single_9V-1ns,A,PCHIP,71,7.2704e-06,7.3728e-06,1.2840184599762432e-10,1.2840203499242552e-10,-1.889948011949427e-16,1.889948011949427e-16
single_9V-1ns,A,PCHIP,72,7.3728e-06,7.4752e-06,1.2842963945549116e-10,1.2842980052684822e-10,-1.6107135705466379e-16,1.6107135705466379e-16
single_9V-1ns,A,PCHIP,73,7.4752e-06,7.5776e-06,1.284534369249604e-10,1.2845357387851644e-10,-1.3695355605257724e-16,1.3695355605257724e-16
single_9V-1ns,A,PCHIP,74,7.5776e-06,7.680000000000001e-06,1.284737646498273e-10,1.2847388124976458e-10,-1.165999372855931e-16,1.165999372855931e-16
single_9V-1ns,A,PCHIP,75,7.680000000000001e-06,7.7824e-06,1.2849108817591518e-10,1.2849118643008497e-10,-9.825416979502042e-17,9.825416979502042e-17
single_9V-1ns,A,PCHIP,76,7.7824e-06,7.8848e-06,1.285058139007155e-10,1.2850589713509556e-10,-8.323438005243043e-17,8.323438005243043e-17
single_9V-1ns,A,PCHIP,77,7.8848e-06,7.9872e-06,1.2851830084051865e-10,1.285183708729559e-10,-7.003243724312089e-17,7.003243724312089e-17
single_9V-1ns,A,PCHIP,78,7.9872e-06,8.0896e-06,1.28528861583306e-10,1.2852892034385158e-10,-5.876054557375125e-17,5.876054557375125e-17
single_9V-1ns,A,PCHIP,79,8.0896e-06,8.192e-06,1.2853776904520364e-10,1.2853781838538528e-10,-4.9340181641801865e-17,4.9340181641801865e-17
single_9V-1ns,A,PCHIP,80,8.192e-06,8.2944e-06,1.2854526149837555e-10,1.28545302478102e-10,-4.097972644077731e-17,4.097972644077731e-17
single_9V-1ns,A,PCHIP,81,8.2944e-06,8.3968e-06,1.2855154464245864e-10,1.2855157883407336e-10,-3.419161471538961e-17,3.419161471538961e-17
single_9V-1ns,A,PCHIP,82,8.3968e-06,8.4992e-06,1.2855679778110223e-10,1.285568260901444e-10,-2.8309042163488144e-17,2.8309042163488144e-17
single_9V-1ns,A,PCHIP,83,8.4992e-06,8.6016e-06,1.285611752817156e-10,1.2856119863126038e-10,-2.334954478141449e-17,2.334954478141449e-17
single_9V-1ns,A,PCHIP,84,8.6016e-06,8.704e-06,1.2856481032053416e-10,1.285648295702449e-10,-1.9249710748313968e-17,1.9249710748313968e-17
single_9V-1ns,A,PCHIP,85,8.704e-06,8.806400000000001e-06,1.285678177344501e-10,1.2856783340925512e-10,-1.5674805014951714e-17,1.5674805014951714e-17
single_9V-1ns,A,PCHIP,86,8.806400000000001e-06,8.9088e-06,1.2857029560911303e-10,1.2857030840974105e-10,-1.2800628018419682e-17,1.2800628018419682e-17
single_9V-1ns,A,PCHIP,87,8.9088e-06,9.011200000000001e-06,1.2857232834370763e-10,1.2857233869565434e-10,-1.0351946706076092e-17,1.0351946706076092e-17
single_9V-1ns,A,PCHIP,88,9.011200000000001e-06,9.1136e-06,1.2857398779418033e-10,1.2857399611420796e-10,-8.320027627465427e-18,8.320027627465427e-18
single_9V-1ns,A,PCHIP,89,9.1136e-06,9.216e-06,1.2857533521281133e-10,1.2857534187766557e-10,-6.664854240244815e-18,6.664854240244815e-18
single_9V-1ns,A,PCHIP,90,9.216e-06,9.3184e-06,1.2857642274982312e-10,1.2857642800732302e-10,-5.257499899395057e-18,5.257499899395057e-18
single_9V-1ns,A,PCHIP,91,9.3184e-06,9.4208e-06,1.2857729445050972e-10,1.2857729860048035e-10,-4.149970639099492e-18,4.149970639099492e-18
single_9V-1ns,A,PCHIP,92,9.4208e-06,9.5232e-06,1.28577987679178e-10,1.285779909389305e-10,-3.2597524790695706e-18,3.2597524790695706e-18
single_9V-1ns,A,PCHIP,93,9.5232e-06,9.6256e-06,1.2857853368691636e-10,1.2857853645624705e-10,-2.7693306906681994e-18,2.7693306906681994e-18
single_9V-1ns,A,PCHIP,94,9.6256e-06,9.728e-06,1.2857896095098345e-10,1.2857896157997603e-10,-6.289925838811147e-19,6.289925838811147e-19
single_9V-1ns,A,PCHIP,95,9.728e-06,9.8304e-06,1.2857928671462997e-10,1.2857928846274307e-10,-1.7481131002509912e-18,1.7481131002509912e-18
single_9V-1ns,A,PCHIP,96,9.8304e-06,9.932800000000001e-06,1.2857953460633015e-10,1.2857953561571394e-10,-1.0093837894776596e-18,1.0093837894776596e-18
single_9V-1ns,A,PCHIP,97,9.932800000000001e-06,1.00352e-05,1.2857971780558672e-10,1.2857971845587176e-10,-6.502850400288422e-19,6.502850400288422e-19
single_9V-1ns,A,PCHIP,98,1.00352e-05,1.0137600000000001e-05,1.2857984938645133e-10,1.2857984977787e-10,-3.9141866053521905e-19,3.9141866053521905e-19
single_9V-1ns,A,PCHIP,99,1.0137600000000001e-05,1.024e-05,1.285799399625274e-10,1.2857994015976895e-10,-1.972415531053933e-19,1.972415531053933e-19
single_9V-1ns,A,PCHIP,100,1.024e-05,1.0342400000000001e-05,1.2857999826105179e-10,1.2857999831117198e-10,-5.0120191633689203e-20,5.0120191633689203e-20
single_9V-1ns,A,PCHIP,101,1.0342400000000001e-05,1.04448e-05,1.2858003142963338e-10,1.2858003137114703e-10,5.848634804783881e-20,5.848634804783881e-20
single_9V-1ns,A,PCHIP,102,1.04448e-05,1.05472e-05,1.285800452999009e-10,1.2858004516262637e-10,1.3727452591169043e-19,1.3727452591169043e-19
single_9V-1ns,A,PCHIP,103,1.05472e-05,1.06496e-05,1.2858004460123515e-10,1.2858004440903506e-10,1.9220009406703573e-19,1.9220009406703573e-19
single_9V-1ns,A,PCHIP,104,1.06496e-05,1.0752e-05,1.285800331477116e-10,1.2858003291833874e-10,2.293728670121328e-19,2.293728670121328e-19
single_9V-1ns,A,PCHIP,105,1.0752e-05,1.08544e-05,1.285800139891865e-10,1.2858001373901465e-10,2.5017185822568413e-19,2.5017185822568413e-19
single_9V-1ns,A,PCHIP,106,1.08544e-05,1.09568e-05,1.2857998955348836e-10,1.2857998929180543e-10,2.616829294793662e-19,2.616829294793662e-19
single_9V-1ns,A,PCHIP,107,1.09568e-05,1.10592e-05,1.285799617445343e-10,1.2857996148081877e-10,2.6371551903956214e-19,2.6371551903956214e-19
single_9V-1ns,A,PCHIP,108,1.10592e-05,1.11616e-05,1.285799320462539e-10,1.2857993178683118e-10,2.5942271015435334e-19,2.5942271015435334e-19
single_9V-1ns,A,PCHIP,109,1.11616e-05,1.1264000000000001e-05,1.2857990159705465e-10,1.285799013455099e-10,2.515447453979749e-19,2.515447453979749e-19
single_9V-1ns,A,PCHIP,110,1.1264000000000001e-05,1.13664e-05,1.2857987125121506e-10,1.2857987101268998e-10,2.385250776527551e-19,2.385250776527551e-19
single_9V-1ns,A,PCHIP,111,1.13664e-05,1.1468800000000001e-05,1.2857984164406735e-10,1.2857984141876447e-10,2.253028799044305e-19,2.253028799044305e-19
single_9V-1ns,A,PCHIP,112,1.1468800000000001e-05,1.15712e-05,1.285798132236324e-10,1.2857981301373536e-10,2.0989702873654249e-19,2.0989702873654249e-19
single_9V-1ns,A,PCHIP,113,1.15712e-05,1.1673600000000001e-05,1.2857978629843193e-10,1.2857978610449414e-10,1.939377937388565e-19,1.939377937388565e-19
single_9V-1ns,A,PCHIP,114,1.1673600000000001e-05,1.1776e-05,1.2857976106403641e-10,1.2857976088543716e-10,1.78599254393315e-19,1.78599254393315e-19
single_9V-1ns,A,PCHIP,115,1.1776e-05,1.18784e-05,1.2857973762576467e-10,1.2857973746359653e-10,1.6216813870556166e-19,1.6216813870556166e-19
single_9V-1ns,A,PCHIP,116,1.18784e-05,1.19808e-05,1.2857971602664651e-10,1.285797158790689e-10,1.4757760327831537e-19,1.4757760327831537e-19
single_9V-1ns,A,PCHIP,117,1.19808e-05,1.20832e-05,1.2857969625470182e-10,1.2857969612159769e-10,1.3310413975713948e-19,1.3310413975713948e-19
single_9V-1ns,A,PCHIP,118,1.20832e-05,1.21856e-05,1.2857967826344306e-10,1.2857967814393712e-10,1.1950593672162127e-19,1.1950593672162127e-19
single_9V-1ns,A,PCHIP,119,1.21856e-05,1.2288e-05,1.2857966197976536e-10,1.2857966187249578e-10,1.0726958316709504e-19,1.0726958316709504e-19
single_9V-1ns,A,PCHIP,120,1.2288e-05,1.23904e-05,1.285796473109991e-10,1.2857964721583075e-10,9.516834439575052e-20,9.516834439575052e-20
single_9V-1ns,A,PCHIP,121,1.23904e-05,1.24928e-05,1.2857963415605276e-10,1.285796340712573e-10,8.479544781554727e-20,8.479544781554727e-20
single_9V-1ns,A,PCHIP,122,1.24928e-05,1.2595200000000001e-05,1.285796224050343e-10,1.2857962233003929e-10,7.4995011918019e-20,7.4995011918019e-20
single_9V-1ns,A,PCHIP,123,1.2595200000000001e-05,1.26976e-05,1.285796119474203e-10,1.2857961188129337e-10,6.61269378178087e-20,6.61269378178087e-20
single_9V-1ns,A,PCHIP,124,1.26976e-05,1.2800000000000001e-05,1.285796026733509e-10,1.285796026149986e-10,5.835229308981693e-20,5.835229308981693e-20
single_9V-1ns,A,PCHIP,125,1.2800000000000001e-05,1.29024e-05,1.285795944750689e-10,1.2857959442411524e-10,5.0953653649018805e-20,5.0953653649018805e-20
single_9V-1ns,A,PCHIP,126,1.29024e-05,1.3004800000000001e-05,1.2857958725089126e-10,1.2857958720617315e-10,4.471810769765266e-20,4.471810769765266e-20
single_9V-1ns,A,PCHIP,127,1.3004800000000001e-05,1.31072e-05,1.2857958090325018e-10,1.285795808642726e-10,3.897757764411122e-20,3.897757764411122e-20
single_9V-1ns,A,PCHIP,128,1.31072e-05,1.32096e-05,1.2857957534166305e-10,1.285795753077631e-10,3.38999553033486e-20,3.38999553033486e-20
single_9V-1ns,A,PCHIP,129,1.32096e-05,1.3312e-05,1.2857957048208066e-10,1.2857957045256655e-10,2.9514114448621735e-20,2.9514114448621735e-20
single_9V-1ns,A,PCHIP,130,1.3312e-05,1.34144e-05,1.2857956624672542e-10,1.2857956622128623e-10,2.543919010663824e-20,2.543919010663824e-20
single_9V-1ns,A,PCHIP,131,1.34144e-05,1.35168e-05,1.2857956256520533e-10,1.285795625431659e-10,2.2039426090257012e-20,2.2039426090257012e-20
single_9V-1ns,A,PCHIP,132,1.35168e-05,1.36192e-05,1.2857955937284767e-10,1.2857955935387114e-10,1.8976531378338004e-20,1.8976531378338004e-20
single_9V-1ns,A,PCHIP,133,1.36192e-05,1.3721600000000001e-05,1.2857955661153223e-10,1.2857955659523205e-10,1.6300188506422683e-20,1.6300188506422683e-20
single_9V-1ns,A,PCHIP,134,1.3721600000000001e-05,1.3824e-05,1.285795542288957e-10,1.2857955421488095e-10,1.4014766022121094e-20,1.4014766022121094e-20
single_9V-1ns,A,PCHIP,135,1.3824e-05,1.3926400000000001e-05,1.2857955217783474e-10,1.2857955216589917e-10,1.1935570004286632e-20,1.1935570004286632e-20
single_9V-1ns,A,PCHIP,136,1.3926400000000001e-05,1.40288e-05,1.2857955041661814e-10,1.28579550406395e-10,1.0223151039937011e-20,1.0223151039937011e-20
single_9V-1ns,A,PCHIP,137,1.40288e-05,1.4131200000000001e-05,1.285795489078107e-10,1.2857954889912176e-10,8.688937798804283e-21,8.688937798804283e-21
single_9V-1ns,A,PCHIP,138,1.4131200000000001e-05,1.42336e-05,1.28579547618422e-10,1.285795476110452e-10,7.376796702747901e-21,7.376796702747901e-21
single_9V-1ns,A,PCHIP,139,1.42336e-05,1.4336000000000001e-05,1.2857954651926805e-10,1.2857954651300283e-10,6.265221055841485e-21,6.265221055841485e-21
single_9V-1ns,A,PCHIP,140,1.4336000000000001e-05,1.44384e-05,1.2857954558456546e-10,1.2857954557929464e-10,5.270820712582035e-21,5.270820712582035e-21
single_9V-1ns,A,PCHIP,141,1.44384e-05,1.45408e-05,1.2857954479180875e-10,1.2857954478735937e-10,4.4493786655285936e-21,4.4493786655285936e-21
single_9V-1ns,A,PCHIP,142,1.45408e-05,1.46432e-05,1.285795441211719e-10,1.2857954411743662e-10,3.73528915234805e-21,3.73528915234805e-21
single_9V-1ns,A,PCHIP,143,1.46432e-05,1.47456e-05,1.2857954355538908e-10,1.2857954355226226e-10,3.1268202636328715e-21,3.1268202636328715e-21
single_9V-1ns,A,PCHIP,144,1.47456e-05,1.4848e-05,1.285795430794238e-10,1.285795430768117e-10,2.61210712747175e-21,2.61210712747175e-21
single_9V-1ns,A,PCHIP,145,1.4848e-05,1.49504e-05,1.2857954268017264e-10,1.2857954267801034e-10,2.162301820001899e-21,2.162301820001899e-21
single_9V-1ns,A,PCHIP,146,1.49504e-05,1.5052800000000001e-05,1.2857954234634703e-10,1.2857954234454742e-10,1.7996089707915386e-21,1.7996089707915386e-21
single_9V-1ns,A,PCHIP,147,1.5052800000000001e-05,1.51552e-05,1.285795420681034e-10,1.285795420666199e-10,1.4834967298255706e-21,1.4834967298255706e-21
single_9V-1ns,A,PCHIP,148,1.51552e-05,1.5257600000000001e-05,1.285795418370171e-10,1.2857954183579515e-10,1.2219525598939601e-21,1.2219525598939601e-21
single_9V-1ns,A,PCHIP,149,1.5257600000000001e-05,1.5360000000000002e-05,1.2857954164580386e-10,1.2857954164480184e-10,1.0020259145314239e-21,1.0020259145314239e-21
single_9V-1ns,A,PCHIP,150,1.5360000000000002e-05,1.54624e-05,1.285795414882119e-10,1.2857954148740015e-10,8.1174852425008525e-22,8.1174852425008525e-22
single_9V-1ns,A,PCHIP,151,1.54624e-05,1.55648e-05,1.2857954135892354e-10,1.2857954135826394e-10,6.595989903286127e-22,6.595989903286127e-22
single_9V-1ns,A,PCHIP,152,1.55648e-05,1.56672e-05,1.2857954125334776e-10,1.2857954125281777e-10,5.299901280992102e-22,5.299901280992102e-22
single_9V-1ns,A,PCHIP,153,1.56672e-05,1.57696e-05,1.2857954116759824e-10,1.2857954116717472e-10,4.235164736271502e-22,4.235164736271502e-22
single_9V-1ns,A,PCHIP,154,1.57696e-05,1.5872e-05,1.2857954109838367e-10,1.2857954109804605e-10,3.376189368923467e-22,3.376189368923467e-22
single_9V-1ns,A,PCHIP,155,1.5872e-05,1.59744e-05,1.285795410428814e-10,1.2857954104261433e-10,2.670759402780588e-22,2.670759402780588e-22
single_9V-1ns,A,PCHIP,156,1.59744e-05,1.60768e-05,1.285795409987208e-10,1.2857954099851609e-10,2.0470135221273207e-22,2.0470135221273207e-22
single_9V-1ns,A,PCHIP,157,1.60768e-05,1.61792e-05,1.2857954096392745e-10,1.2857954096375126e-10,1.761894704737949e-22,1.761894704737949e-22
single_9V-1ns,A,PCHIP,158,1.61792e-05,1.62816e-05,1.2857954093669773e-10,1.2857954093665575e-10,4.1979416087066154e-23,4.1979416087066154e-23
single_9V-1ns,A,PCHIP,159,1.62816e-05,1.6384e-05,1.2857954091591073e-10,1.2857954091580276e-10,1.079729193323124e-22,1.079729193323124e-22
single_9V-1ns,A,PCHIP,160,1.6384e-05,1.6486400000000002e-05,1.2857954090009093e-10,1.2857954090002294e-10,6.798390659420196e-23,6.798390659420196e-23
single_9V-1ns,A,PCHIP,161,1.6486400000000002e-05,1.65888e-05,1.2857954088837704e-10,1.2857954088833516e-10,4.1876018510497026e-23,4.1876018510497026e-23
single_9V-1ns,A,PCHIP,162,1.65888e-05,1.66912e-05,1.2857954087996433e-10,1.2857954087993512e-10,2.920981538077879e-23,2.920981538077879e-23
single_9V-1ns,A,PCHIP,163,1.66912e-05,1.67936e-05,1.2857954087414842e-10,1.2857954087413744e-10,1.0985992510469899e-23,1.0985992510469899e-23
single_9V-1ns,A,PCHIP,164,1.67936e-05,1.6896000000000002e-05,1.2857954087039961e-10,1.2857954087039486e-10,4.756288522179909e-24,4.756288522179909e-24
single_9V-1ns,A,PCHIP,165,1.6896000000000002e-05,1.69984e-05,1.2857954086824057e-10,1.2857954086824775e-10,-7.186131571554428e-24,7.186131571554428e-24
single_9V-1ns,A,PCHIP,166,1.69984e-05,1.71008e-05,1.2857954086733201e-10,1.285795408673374e-10,-5.37667398159468e-24,5.37667398159468e-24
single_9V-1ns,A,PCHIP,167,1.71008e-05,1.72032e-05,1.2857954086733876e-10,1.2857954086735169e-10,-1.2924697071141057e-23,1.2924697071141057e-23
single_9V-1ns,A,PCHIP,168,1.72032e-05,1.73056e-05,1.2857954086803196e-10,1.2857954086804871e-10,-1.675040740419881e-23,1.675040740419881e-23
single_9V-1ns,A,PCHIP,169,1.73056e-05,1.7408e-05,1.285795408692344e-10,1.285795408692463e-10,-1.1890721305449773e-23,1.1890721305449773e-23
single_9V-1ns,A,PCHIP,170,1.7408e-05,1.75104e-05,1.2857954087075786e-10,1.2857954087077735e-10,-1.9490443183280715e-23,1.9490443183280715e-23
single_9V-1ns,A,PCHIP,171,1.75104e-05,1.7612800000000002e-05,1.2857954087251086e-10,1.2857954087252495e-10,-1.4087919807543753e-23,1.4087919807543753e-23
single_9V-1ns,A,PCHIP,172,1.7612800000000002e-05,1.77152e-05,1.2857954087437168e-10,1.2857954087439053e-10,-1.8844208329723662e-23,1.8844208329723662e-23
single_9V-1ns,A,PCHIP,173,1.77152e-05,1.78176e-05,1.2857954087630077e-10,1.285795408763143e-10,-1.3519233136413546e-23,1.3519233136413546e-23
single_9V-1ns,A,PCHIP,174,1.78176e-05,1.792e-05,1.2857954087821412e-10,1.285795408782298e-10,-1.5690582244365244e-23,1.5690582244365244e-23
single_9V-1ns,A,PCHIP,175,1.792e-05,1.8022400000000002e-05,1.2857954088008644e-10,1.2857954088009797e-10,-1.1528829787457823e-23,1.1528829787457823e-23
single_9V-1ns,A,PCHIP,176,1.8022400000000002e-05,1.81248e-05,1.2857954088188388e-10,1.2857954088189895e-10,-1.5070196784950473e-23,1.5070196784950473e-23
single_9V-1ns,A,PCHIP,177,1.81248e-05,1.82272e-05,1.2857954088359588e-10,1.2857954088361067e-10,-1.478585344938537e-23,1.478585344938537e-23
single_9V-1ns,A,PCHIP,178,1.82272e-05,1.83296e-05,1.2857954088520098e-10,1.2857954088521005e-10,-9.073137343941022e-24,9.073137343941022e-24
single_9V-1ns,A,PCHIP,179,1.83296e-05,1.8432e-05,1.285795408866616e-10,1.2857954088667367e-10,-1.2071667064445748e-23,1.2071667064445748e-23
single_9V-1ns,A,PCHIP,180,1.8432e-05,1.85344e-05,1.285795408880393e-10,1.285795408880437e-10,-4.420246398330242e-24,4.420246398330242e-24
single_9V-1ns,A,PCHIP,181,1.85344e-05,1.86368e-05,1.2857954088928058e-10,1.2857954088929138e-10,-1.0805046751473924e-23,1.0805046751473924e-23
single_9V-1ns,A,PCHIP,182,1.86368e-05,1.8739200000000002e-05,1.2857954089042131e-10,1.28579540890427e-10,-5.686866711302065e-24,5.686866711302065e-24
single_9V-1ns,A,PCHIP,183,1.8739200000000002e-05,1.88416e-05,1.2857954089144273e-10,1.28579540891451e-10,-8.271806125530277e-24,8.271806125530277e-24
single_9V-1ns,A,PCHIP,184,1.88416e-05,1.8944e-05,1.2857954089237767e-10,1.285795408923827e-10,-5.01478246360273e-24,5.01478246360273e-24
single_9V-1ns,A,PCHIP,185,1.8944e-05,1.90464e-05,1.2857954089320907e-10,1.285795408932156e-10,-6.539896717997375e-24,6.539896717997375e-24
single_9V-1ns,A,PCHIP,186,1.90464e-05,1.9148800000000002e-05,1.28579540893952e-10,1.2857954089395984e-10,-7.832366425111481e-24,7.832366425111481e-24
single_9V-1ns,A,PCHIP,187,1.9148800000000002e-05,1.92512e-05,1.2857954089461527e-10,1.2857954089461677e-10,-1.4992648602523627e-24,1.4992648602523627e-24
single_9V-1ns,A,PCHIP,188,1.92512e-05,1.93536e-05,1.2857954089519957e-10,1.2857954089520655e-10,-6.979336418416171e-24,6.979336418416171e-24
single_9V-1ns,A,PCHIP,189,1.93536e-05,1.9456e-05,1.2857954089572646e-10,1.2857954089572928e-10,-2.8175839615087505e-24,2.8175839615087505e-24
single_9V-1ns,A,PCHIP,190,1.9456e-05,1.9558400000000002e-05,1.2857954089617978e-10,1.285795408961836e-10,-3.825710333057753e-24,3.825710333057753e-24
single_9V-1ns,A,PCHIP,191,1.9558400000000002e-05,1.96608e-05,1.2857954089658257e-10,1.285795408965834e-10,-8.271806125530277e-25,8.271806125530277e-25
single_9V-1ns,A,PCHIP,192,1.96608e-05,1.97632e-05,1.2857954089693464e-10,1.2857954089693795e-10,-3.308722450212111e-24,3.308722450212111e-24
single_9V-1ns,A,PCHIP,193,1.97632e-05,1.9865600000000002e-05,1.2857954089725106e-10,1.2857954089724904e-10,2.016252743098005e-24,2.016252743098005e-24
single_9V-1ns,A,PCHIP,194,1.9865600000000002e-05,1.9968e-05,1.285795408975007e-10,1.2857954089750562e-10,-4.911384887033602e-24,4.911384887033602e-24
single_9V-1ns,A,PCHIP,195,1.9968e-05,2e-05,4.018110653052793e-11,4.0181106530525814e-11,2.113187971131563e-24,2.113187971131563e-24
single_9V-1ns,A,CS,0,0.0,1.024e-07,1.6739329985537793e-13,1.74324684216221e-13,-6.9313843608430575e-15,6.9313843608430575e-15
single_9V-1ns,A,CS,1,1.024e-07,2.048e-07,1.1304997538883882e-12,1.148629953679503e-12,-1.813019979111484e-14,1.813019979111484e-14
single_9V-1ns,A,CS,2,2.048e-07,3.072e-07,2.890957445891159e-12,2.918284452139466e-12,-2.7327006248307e-14,2.7327006248307e-14
single_9V-1ns,A,CS,3,3.072e-07,4.096e-07,5.2870162832119705e-12,5.321438741696374e-12,-3.442245848440363e-14,3.442245848440363e-14
single_9V-1ns,A,CS,4,4.096e-07,5.12e-07,8.187084492043731e-12,8.227110369393661e-12,-4.0025877349929873e-14,4.0025877349929873e-14
single_9V-1ns,A,CS,5,5.12e-07,6.144e-07,1.1484852290902727e-11,1.1528780715471822e-11,-4.3928424569094735e-14,4.3928424569094735e-14
single_9V-1ns,A,CS,6,6.144e-07,7.168000000000001e-07,1.5091965613085138e-11,1.5138987772209196e-11,-4.702215912405819e-14,4.702215912405819e-14
single_9V-1ns,A,CS,7,7.168000000000001e-07,8.192e-07,1.893614502688583e-11,1.898512219189507e-11,-4.89771650092391e-14,4.89771650092391e-14
single_9V-1ns,A,CS,8,8.192e-07,9.216e-07,2.295613885444655e-11,2.3006275882000323e-11,-5.013702755377143e-14,5.013702755377143e-14
single_9V-1ns,A,CS,9,9.216e-07,1.024e-06,2.7100078824578427e-11,2.7150910156651167e-11,-5.083133207274003e-14,5.083133207274003e-14
single_9V-1ns,A,CS,10,1.024e-06,1.1264000000000001e-06,3.1324542289907314e-11,3.137512881136149e-11,-5.0586521454178125e-14,5.0586521454178125e-14
single_9V-1ns,A,CS,11,1.1264000000000001e-06,1.2288e-06,3.559109381101164e-11,3.564138600255263e-11,-5.029219154098917e-14,5.029219154098917e-14
single_9V-1ns,A,CS,12,1.2288e-06,1.3312e-06,3.9868068146992176e-11,3.9917503579395095e-11,-4.943543240291956e-14,4.943543240291956e-14
single_9V-1ns,A,CS,13,1.3312e-06,1.4336000000000001e-06,4.412761888243107e-11,4.417590817648722e-11,-4.828929405615193e-14,4.828929405615193e-14
single_9V-1ns,A,CS,14,1.4336000000000001e-06,1.536e-06,4.8345928785391314e-11,4.839302507399407e-11,-4.709628860275328e-14,4.709628860275328e-14
single_9V-1ns,A,CS,15,1.536e-06,1.6384e-06,5.250342466278546e-11,5.254878476905041e-11,-4.536010626495224e-14,4.536010626495224e-14
single_9V-1ns,A,CS,16,1.6384e-06,1.7408000000000001e-06,5.6582364797952865e-11,5.6626211551054825e-11,-4.384675310195941e-14,4.384675310195941e-14
single_9V-1ns,A,CS,17,1.7408000000000001e-06,1.8432e-06,6.056901301957314e-11,6.061107262851792e-11,-4.2059608944776216e-14,4.2059608944776216e-14
single_9V-1ns,A,CS,18,1.8432e-06,1.9456e-06,6.445136365064493e-11,6.44915728436927e-11,-4.020919304777821e-14,4.020919304777821e-14
single_9V-1ns,A,CS,19,1.9456e-06,2.048e-06,6.821961335702688e-11,6.825808470499506e-11,-3.8471347968178155e-14,3.8471347968178155e-14
single_9V-1ns,A,CS,20,2.048e-06,2.1504e-06,7.186648659032465e-11,7.190290650097318e-11,-3.641991064852736e-14,3.641991064852736e-14
single_9V-1ns,A,CS,21,2.1504e-06,2.2528000000000003e-06,7.538538544978298e-11,7.542004380159977e-11,-3.46583518167936e-14,3.46583518167936e-14
single_9V-1ns,A,CS,22,2.2528000000000003e-06,2.3552e-06,7.87722377231703e-11,7.880501104662514e-11,-3.277332345484234e-14,3.277332345484234e-14
single_9V-1ns,A,CS,23,2.3552e-06,2.4576e-06,8.202373079417714e-11,8.205465107559388e-11,-3.092028141674474e-14,3.092028141674474e-14
single_9V-1ns,A,CS,24,2.4576e-06,2.56e-06,8.513774850833994e-11,8.516697127352922e-11,-2.9222765189282644e-14,2.9222765189282644e-14
single_9V-1ns,A,CS,25,2.56e-06,2.6624e-06,8.811364725151026e-11,8.814099516328124e-11,-2.7347911770983155e-14,2.7347911770983155e-14
single_9V-1ns,A,CS,26,2.6624e-06,2.7648e-06,9.095088500616445e-11,9.097662882061422e-11,-2.5743814449763688e-14,2.5743814449763688e-14
single_9V-1ns,A,CS,27,2.7648e-06,2.8672000000000003e-06,9.365044809616087e-11,9.367454129663544e-11,-2.409320047457022e-14,2.409320047457022e-14
single_9V-1ns,A,CS,28,2.8672000000000003e-06,2.9696e-06,9.621355163800157e-11,9.623605831352235e-11,-2.2506675520772165e-14,2.2506675520772165e-14
single_9V-1ns,A,CS,29,2.9696e-06,3.072e-06,9.864200021080509e-11,9.866306852912866e-11,-2.1068318323565846e-14,2.1068318323565846e-14
single_9V-1ns,A,CS,30,3.072e-06,3.1744e-06,1.0093840744877788e-10,1.0095794130422098e-10,-1.953385544309826e-14,1.953385544309826e-14
single_9V-1ns,A,CS,31,3.1744e-06,3.2768e-06,1.0310523397439813e-10,1.0312345514305666e-10,-1.8221168658525018e-14,1.8221168658525018e-14
single_9V-1ns,A,CS,32,3.2768e-06,3.3792e-06,1.0514583540845897e-10,1.0516273563432282e-10,-1.6900225863848167e-14,1.6900225863848167e-14
single_9V-1ns,A,CS,33,3.3792e-06,3.4816000000000003e-06,1.0706355456372571e-10,1.0707920177705473e-10,-1.564721332901859e-14,1.564721332901859e-14
single_9V-1ns,A,CS,34,3.4816000000000003e-06,3.5840000000000003e-06,1.0886200212864202e-10,1.0887651964540824e-10,-1.4517516766222784e-14,1.4517516766222784e-14
single_9V-1ns,A,CS,35,3.5840000000000003e-06,3.6864e-06,1.1054522132714858e-10,1.1055856212198327e-10,-1.334079483468165e-14,1.334079483468165e-14
single_9V-1ns,A,CS,36,3.6864e-06,3.7888e-06,1.1211704045778904e-10,1.1212937377447189e-10,-1.2333316682844858e-14,1.2333316682844858e-14
single_9V-1ns,A,CS,37,3.7888e-06,3.8912e-06,1.1358180360107717e-10,1.1359313978579268e-10,-1.1336184715509372e-14,1.1336184715509372e-14
single_9V-1ns,A,CS,38,3.8912e-06,3.9936e-06,1.1494375798374552e-10,1.1495415804693518e-10,-1.0400063189664736e-14,1.0400063189664736e-14
single_9V-1ns,A,CS,39,3.9936e-06,4.096e-06,1.1620725374897251e-10,1.1621681370932613e-10,-9.559960353620791e-15,9.559960353620791e-15
single_9V-1ns,A,CS,40,4.096e-06,4.1984e-06,1.1737685281583072e-10,1.1738555542409955e-10,-8.702608268835909e-15,8.702608268835909e-15
single_9V-1ns,A,CS,41,4.1984e-06,4.3008e-06,1.1845690419807917e-10,1.18464872881852e-10,-7.9686837728252e-15,7.9686837728252e-15
single_9V-1ns,A,CS,42,4.3008e-06,4.4032000000000005e-06,1.1945202184841866e-10,1.1945927520303295e-10,-7.253354614285996e-15,7.253354614285996e-15
single_9V-1ns,A,CS,43,4.4032000000000005e-06,4.5056000000000005e-06,1.203666811674619e-10,1.2037326994680374e-10,-6.58877934183991e-15,6.58877934183991e-15
single_9V-1ns,A,CS,44,4.5056000000000005e-06,4.608e-06,1.2120534686495852e-10,1.2121134268040985e-10,-5.9958154513240625e-15,5.9958154513240625e-15
single_9V-1ns,A,CS,45,4.608e-06,4.7104e-06,1.2197253443050824e-10,1.2197793700222286e-10,-5.402571714620996e-15,5.402571714620996e-15
single_9V-1ns,A,CS,46,4.7104e-06,4.8128e-06,1.226725392495483e-10,1.2267743519576564e-10,-4.895946217345664e-15,4.895946217345664e-15
single_9V-1ns,A,CS,47,4.8128e-06,4.9152e-06,1.2330972974021372e-10,1.2331413960315493e-10,-4.409862941212706e-15,4.409862941212706e-15
single_9V-1ns,A,CS,48,4.9152e-06,5.0176e-06,1.2388829143123898e-10,1.238922549212207e-10,-3.963489981721884e-15,3.963489981721884e-15
single_9V-1ns,A,CS,49,5.0176e-06,5.12e-06,1.2441230342148337e-10,1.244158716843236e-10,-3.568262840224435e-15,3.568262840224435e-15
single_9V-1ns,A,CS,50,5.12e-06,5.2224e-06,1.2488577048973724e-10,1.24888951088476e-10,-3.180598738763566e-15,3.180598738763566e-15
single_9V-1ns,A,CS,51,5.2224e-06,5.3248e-06,1.2531246031463268e-10,1.2531531143954612e-10,-2.8511249134469147e-15,2.8511249134469147e-15
single_9V-1ns,A,CS,52,5.3248e-06,5.4272e-06,1.2569607629398007e-10,1.2569861636433332e-10,-2.5400703532548995e-15,2.5400703532548995e-15
single_9V-1ns,A,CS,53,5.4272e-06,5.5296e-06,1.2604010693090245e-10,1.2604236493346203e-10,-2.258002559579229e-15,2.258002559579229e-15
single_9V-1ns,A,CS,54,5.5296e-06,5.6320000000000005e-06,1.263478732800924e-10,1.2634988381905131e-10,-2.010538958921444e-15,2.010538958921444e-15
single_9V-1ns,A,CS,55,5.6320000000000005e-06,5.7344000000000005e-06,1.2662254904447527e-10,1.2662432148127635e-10,-1.7724368010866005e-15,1.7724368010866005e-15
single_9V-1ns,A,CS,56,5.7344000000000005e-06,5.836800000000001e-06,1.268670730193463e-10,1.2686864442133286e-10,-1.571401986573562e-15,1.571401986573562e-15
single_9V-1ns,A,CS,57,5.836800000000001e-06,5.9392e-06,1.2708425081189703e-10,1.2708563541102935e-10,-1.3845991323177994e-15,1.3845991323177994e-15
single_9V-1ns,A,CS,58,5.9392e-06,6.0416e-06,1.2727667623630497e-10,1.2727789359978563e-10,-1.2173634806593314e-15,1.2173634806593314e-15
single_9V-1ns,A,CS,59,6.0416e-06,6.144e-06,1.274467642883839e-10,1.274478363753408e-10,-1.0720869568950484e-15,1.0720869568950484e-15
single_9V-1ns,A,CS,60,6.144e-06,6.2464e-06,1.2759676796612615e-10,1.275977027774369e-10,-9.34811310748164e-16,9.34811310748164e-16
single_9V-1ns,A,CS,61,6.2464e-06,6.3488e-06,1.277287385345925e-10,1.2772955830297821e-10,-8.197683857142408e-16,8.197683857142408e-16
single_9V-1ns,A,CS,62,6.3488e-06,6.4512e-06,1.2784458641140155e-10,1.2784530088041274e-10,-7.144690111861748e-16,7.144690111861748e-16
single_9V-1ns,A,CS,63,6.4512e-06,6.5536e-06,1.2794604644386022e-10,1.2794666780887206e-10,-6.213650118401855e-16,6.213650118401855e-16
single_9V-1ns,A,CS,64,6.5536e-06,6.656e-06,1.2803470218474098e-10,1.280352434669346e-10,-5.412821936180455e-16,5.412821936180455e-16
single_9V-1ns,A,CS,65,6.656e-06,6.7584e-06,1.2811200071395598e-10,1.2811246757644094e-10,-4.668624849630271e-16,4.668624849630271e-16
single_9V-1ns,A,CS,66,6.7584e-06,6.8608000000000004e-06,1.281792388808836e-10,1.2817964385461305e-10,-4.0497372943636447e-16,4.0497372943636447e-16
single_9V-1ns,A,CS,67,6.8608000000000004e-06,6.9632000000000005e-06,1.282375997572461e-10,1.2823794887575986e-10,-3.491185137734837e-16,3.491185137734837e-16
single_9V-1ns,A,CS,68,6.9632000000000005e-06,7.065600000000001e-06,1.2828814068248704e-10,1.282884409954922e-10,-3.0031300516187327e-16,3.0031300516187327e-16
single_9V-1ns,A,CS,69,7.065600000000001e-06,7.168000000000001e-06,1.2833181047850453e-10,1.283320692133783e-10,-2.587348737770022e-16,2.587348737770022e-16
single_9V-1ns,A,CS,70,7.168000000000001e-06,7.2704e-06,1.2836946116236494e-10,1.2836968185494742e-10,-2.2069258247896342e-16,2.2069258247896342e-16
single_9V-1ns,A,CS,71,7.2704e-06,7.3728e-06,1.28401845694662e-10,1.2840203499242552e-10,-1.8929776351306636e-16,1.8929776351306636e-16
single_9V-1ns,A,CS,72,7.3728e-06,7.4752e-06,1.2842963918767102e-10,1.2842980052684822e-10,-1.613391771989992e-16,1.613391771989992e-16
single_9V-1ns,A,CS,73,7.4752e-06,7.5776e-06,1.2845343669202814e-10,1.2845357387851644e-10,-1.3718648830361458e-16,1.3718648830361458e-16
single_9V-1ns,A,CS,74,7.5776e-06,7.680000000000001e-06,1.2847376444591707e-10,1.2847388124976458e-10,-1.168038475170981e-16,1.168038475170981e-16
single_9V-1ns,A,CS,75,7.680000000000001e-06,7.7824e-06,1.2849108799764452e-10,1.2849118643008497e-10,-9.84324404519154e-17,9.84324404519154e-17
single_9V-1ns,A,CS,76,7.7824e-06,7.8848e-06,1.2850581374667811e-10,1.2850589713509556e-10,-8.33884174451543e-17,8.33884174451543e-17
single_9V-1ns,A,CS,77,7.8848e-06,7.9872e-06,1.2851830070580922e-10,1.285183708729559e-10,-7.016714668195305e-17,7.016714668195305e-17
single_9V-1ns,A,CS,78,7.9872e-06,8.0896e-06,1.2852886146721865e-10,1.2852892034385158e-10,-5.887663292809755e-17,5.887663292809755e-17
single_9V-1ns,A,CS,79,8.0896e-06,8.192e-06,1.285377689446918e-10,1.2853781838538528e-10,-4.944069346955713e-17,4.944069346955713e-17
single_9V-1ns,A,CS,80,8.192e-06,8.2944e-06,1.2854526141149584e-10,1.28545302478102e-10,-4.1066606151091944e-17,4.1066606151091944e-17
single_9V-1ns,A,CS,81,8.2944e-06,8.3968e-06,1.2855154456826636e-10,1.2855157883407336e-10,-3.4265807000221934e-17,3.4265807000221934e-17
single_9V-1ns,A,CS,82,8.3968e-06,8.4992e-06,1.2855679771720364e-10,1.285568260901444e-10,-2.837294075428392e-17,2.837294075428392e-17
single_9V-1ns,A,CS,83,8.4992e-06,8.6016e-06,1.2856117522756277e-10,1.2856119863126038e-10,-2.3403697607781346e-17,2.3403697607781346e-17
single_9V-1ns,A,CS,84,8.6016e-06,8.704e-06,1.2856481027472438e-10,1.285648295702449e-10,-1.9295520527625037e-17,1.9295520527625037e-17
single_9V-1ns,A,CS,85,8.704e-06,8.806400000000001e-06,1.2856781769608303e-10,1.2856783340925512e-10,-1.5713172081604972e-17,1.5713172081604972e-17
single_9V-1ns,A,CS,86,8.806400000000001e-06,8.9088e-06,1.2857029557786987e-10,1.2857030840974105e-10,-1.2831871172993086e-17,1.2831871172993086e-17
single_9V-1ns,A,CS,87,8.9088e-06,9.011200000000001e-06,1.2857232831887032e-10,1.2857233869565434e-10,-1.0376784018889521e-17,1.0376784018889521e-17
single_9V-1ns,A,CS,88,9.011200000000001e-06,9.1136e-06,1.2857398777610307e-10,1.2857399611420796e-10,-8.338104884270949e-18,8.338104884270949e-18
single_9V-1ns,A,CS,89,9.1136e-06,9.216e-06,1.2857533520225723e-10,1.2857534187766557e-10,-6.675408341077956e-18,6.675408341077956e-18
single_9V-1ns,A,CS,90,9.216e-06,9.3184e-06,1.285764227493822e-10,1.2857642800732302e-10,-5.257940812510942e-18,5.257940812510942e-18
single_9V-1ns,A,CS,91,9.3184e-06,9.4208e-06,1.2857729446803765e-10,1.2857729860048035e-10,-4.132442707768888e-18,4.132442707768888e-18
single_9V-1ns,A,CS,92,9.4208e-06,9.5232e-06,1.2857798774375525e-10,1.285779909389305e-10,-3.195175238279986e-18,3.195175238279986e-18
single_9V-1ns,A,CS,93,9.5232e-06,9.6256e-06,1.2857853402255905e-10,1.2857853645624705e-10,-2.4336879916568184e-18,2.4336879916568184e-18
single_9V-1ns,A,CS,94,9.6256e-06,9.728e-06,1.2857895975507296e-10,1.2857896157997603e-10,-1.824903068248856e-18,1.824903068248856e-18
single_9V-1ns,A,CS,95,9.728e-06,9.8304e-06,1.285792871391122e-10,1.2857928846274307e-10,-1.3236308674092913e-18,1.3236308674092913e-18
single_9V-1ns,A,CS,96,9.8304e-06,9.932800000000001e-06,1.2857953468195573e-10,1.2857953561571394e-10,-9.337582074389338e-19,9.337582074389338e-19
single_9V-1ns,A,CS,97,9.932800000000001e-06,1.00352e-05,1.2857971783447006e-10,1.2857971845587176e-10,-6.214017024960804e-19,6.214017024960804e-19
single_9V-1ns,A,CS,98,1.00352e-05,1.0137600000000001e-05,1.2857984940051467e-10,1.2857984977787e-10,-3.773553235015046e-19,3.773553235015046e-19
single_9V-1ns,A,CS,99,1.0137600000000001e-05,1.024e-05,1.2857993997026092e-10,1.2857994015976895e-10,-1.895080347634819e-19,1.895080347634819e-19
single_9V-1ns,A,CS,100,1.024e-05,1.0342400000000001e-05,1.285799982656399e-10,1.2857999831117198e-10,-4.553207926979898e-20,4.553207926979898e-20
single_9V-1ns,A,CS,101,1.0342400000000001e-05,1.04448e-05,1.285800314325087e-10,1.2858003137114703e-10,6.136167955586142e-20,6.136167955586142e-20
single_9V-1ns,A,CS,102,1.04448e-05,1.05472e-05,1.2858004530178592e-10,1.2858004516262637e-10,1.3915954128072807e-19,1.3915954128072807e-19
single_9V-1ns,A,CS,103,1.05472e-05,1.06496e-05,1.285800446025219e-10,1.2858004440903506e-10,1.934868510580444e-19,1.934868510580444e-19
single_9V-1ns,A,CS,104,1.06496e-05,1.0752e-05,1.2858003314862827e-10,1.2858003291833874e-10,2.302895382272064e-19,2.302895382272064e-19
single_9V-1ns,A,CS,105,1.0752e-05,1.08544e-05,1.2858001398986694e-10,1.2858001373901465e-10,2.5085229182769143e-19,2.5085229182769143e-19
single_9V-1ns,A,CS,106,1.08544e-05,1.09568e-05,1.285799895540124e-10,1.2857998929180543e-10,2.622069742468127e-19,2.622069742468127e-19
single_9V-1ns,A,CS,107,1.09568e-05,1.10592e-05,1.285799617449581e-10,1.2857996148081877e-10,2.6413931985652485e-19,2.6413931985652485e-19
single_9V-1ns,A,CS,108,1.10592e-05,1.11616e-05,1.2857993204660452e-10,1.2857993178683118e-10,2.5977333133649926e-19,2.5977333133649926e-19
single_9V-1ns,A,CS,109,1.11616e-05,1.1264000000000001e-05,1.2857990159735662e-10,1.285799013455099e-10,2.51846718020345e-19,2.51846718020345e-19
single_9V-1ns,A,CS,110,1.1264000000000001e-05,1.13664e-05,1.2857987125148092e-10,1.2857987101268998e-10,2.3879093867150845e-19,2.3879093867150845e-19
single_9V-1ns,A,CS,111,1.13664e-05,1.1468800000000001e-05,1.2857984164430265e-10,1.2857984141876447e-10,2.255381869393077e-19,2.255381869393077e-19
single_9V-1ns,A,CS,112,1.1468800000000001e-05,1.15712e-05,1.2857981322384776e-10,1.2857981301373536e-10,2.1011240588853598e-19,2.1011240588853598e-19
single_9V-1ns,A,CS,113,1.15712e-05,1.1673600000000001e-05,1.2857978629862627e-10,1.2857978610449414e-10,1.9413212948401818e-19,1.9413212948401818e-19
single_9V-1ns,A,CS,114,1.1673600000000001e-05,1.1776e-05,1.2857976106421537e-10,1.2857976088543716e-10,1.7877820974896202e-19,1.7877820974896202e-19
single_9V-1ns,A,CS,115,1.1776e-05,1.18784e-05,1.2857973762592933e-10,1.2857973746359653e-10,1.62332799346248e-19,1.62332799346248e-19
single_9V-1ns,A,CS,116,1.18784e-05,1.19808e-05,1.2857971602679618e-10,1.285797158790689e-10,1.477272712703992e-19,1.477272712703992e-19
single_9V-1ns,A,CS,117,1.19808e-05,1.20832e-05,1.2857969625484082e-10,1.2857969612159769e-10,1.3324313194944254e-19,1.3324313194944254e-19
single_9V-1ns,A,CS,118,1.20832e-05,1.21856e-05,1.2857967826356895e-10,1.2857967814393712e-10,1.1963182327109418e-19,1.1963182327109418e-19
single_9V-1ns,A,CS,119,1.21856e-05,1.2288e-05,1.2857966197988106e-10,1.2857966187249578e-10,1.073852850552759e-19,1.073852850552759e-19
single_9V-1ns,A,CS,120,1.2288e-05,1.23904e-05,1.2857964731110492e-10,1.2857964721583075e-10,9.527417181536902e-20,9.527417181536902e-20
single_9V-1ns,A,CS,121,1.23904e-05,1.24928e-05,1.2857963415614796e-10,1.285796340712573e-10,8.48906511341733e-20,8.48906511341733e-20
single_9V-1ns,A,CS,122,1.24928e-05,1.2595200000000001e-05,1.2857962240512157e-10,1.2857962233003929e-10,7.508227947264334e-20,7.508227947264334e-20
single_9V-1ns,A,CS,123,1.2595200000000001e-05,1.26976e-05,1.2857961194749845e-10,1.2857961188129337e-10,6.620508053630082e-20,6.620508053630082e-20
single_9V-1ns,A,CS,124,1.26976e-05,1.2800000000000001e-05,1.2857960267342175e-10,1.285796026149986e-10,5.842314627916093e-20,5.842314627916093e-20
single_9V-1ns,A,CS,125,1.2800000000000001e-05,1.29024e-05,1.2857959447513275e-10,1.2857959442411524e-10,5.101750165255024e-20,5.101750165255024e-20
single_9V-1ns,A,CS,126,1.29024e-05,1.3004800000000001e-05,1.2857958725094807e-10,1.2857958720617315e-10,4.4774924665977396e-20,4.4774924665977396e-20
single_9V-1ns,A,CS,127,1.3004800000000001e-05,1.31072e-05,1.2857958090330155e-10,1.285795808642726e-10,3.902894039027193e-20,3.902894039027193e-20
single_9V-1ns,A,CS,128,1.31072e-05,1.32096e-05,1.285795753417085e-10,1.285795753077631e-10,3.394539853825073e-20,3.394539853825073e-20
single_9V-1ns,A,CS,129,1.32096e-05,1.3312e-05,1.285795704821213e-10,1.2857957045256655e-10,2.95547496962134e-20,2.95547496962134e-20
single_9V-1ns,A,CS,130,1.3312e-05,1.34144e-05,1.285795662467616e-10,1.2857956622128623e-10,2.5475379258437435e-20,2.5475379258437435e-20
single_9V-1ns,A,CS,131,1.34144e-05,1.35168e-05,1.2857956256523715e-10,1.285795625431659e-10,2.207124669444616e-20,2.207124669444616e-20
single_9V-1ns,A,CS,132,1.35168e-05,1.36192e-05,1.2857955937287608e-10,1.2857955935387114e-10,1.9004939862500372e-20,1.9004939862500372e-20
single_9V-1ns,A,CS,133,1.36192e-05,1.3721600000000001e-05,1.2857955661155705e-10,1.2857955659523205e-10,1.6325003924799274e-20,1.6325003924799274e-20
single_9V-1ns,A,CS,134,1.3721600000000001e-05,1.3824e-05,1.2857955422891776e-10,1.2857955421488095e-10,1.403681555532446e-20,1.403681555532446e-20
single_9V-1ns,A,CS,135,1.3824e-05,1.3926400000000001e-05,1.2857955217785397e-10,1.2857955216589917e-10,1.195480195352849e-20,1.195480195352849e-20
single_9V-1ns,A,CS,136,1.3926400000000001e-05,1.40288e-05,1.28579550416635e-10,1.28579550406395e-10,1.024000484491778e-20,1.024000484491778e-20
single_9V-1ns,A,CS,137,1.40288e-05,1.4131200000000001e-05,1.2857954890782556e-10,1.2857954889912176e-10,8.703801200436095e-21,8.703801200436095e-21
single_9V-1ns,A,CS,138,1.4131200000000001e-05,1.42336e-05,1.2857954761843496e-10,1.285795476110452e-10,7.389747249213184e-21,7.389747249213184e-21
single_9V-1ns,A,CS,139,1.42336e-05,1.4336000000000001e-05,1.2857954651927932e-10,1.2857954651300283e-10,6.27649139168752e-21,6.27649139168752e-21
single_9V-1ns,A,CS,140,1.4336000000000001e-05,1.44384e-05,1.285795455845753e-10,1.2857954557929464e-10,5.280669331750244e-21,5.280669331750244e-21
single_9V-1ns,A,CS,141,1.44384e-05,1.45408e-05,1.285795447918172e-10,1.2857954478735937e-10,4.45783141741312e-21,4.45783141741312e-21
single_9V-1ns,A,CS,142,1.45408e-05,1.46432e-05,1.285795441211793e-10,1.2857954411743662e-10,3.742682079072743e-21,3.742682079072743e-21
single_9V-1ns,A,CS,143,1.46432e-05,1.47456e-05,1.2857954355539541e-10,1.2857954355226226e-10,3.1331533651977306e-21,3.1331533651977306e-21
single_9V-1ns,A,CS,144,1.47456e-05,1.4848e-05,1.2857954307942936e-10,1.285795430768117e-10,2.6176647472123406e-21,2.6176647472123406e-21
single_9V-1ns,A,CS,145,1.4848e-05,1.49504e-05,1.2857954268017737e-10,1.2857954267801034e-10,2.1670322591299365e-21,2.1670322591299365e-21
single_9V-1ns,A,CS,146,1.49504e-05,1.5052800000000001e-05,1.2857954234635103e-10,1.2857954234454742e-10,1.8036156268835923e-21,1.8036156268835923e-21
single_9V-1ns,A,CS,147,1.5052800000000001e-05,1.51552e-05,1.285795420681069e-10,1.285795420666199e-10,1.4869863980347787e-21,1.4869863980347787e-21
single_9V-1ns,A,CS,148,1.51552e-05,1.5257600000000001e-05,1.2857954183702e-10,1.2857954183579515e-10,1.2248476920378957e-21,1.2248476920378957e-21
single_9V-1ns,A,CS,149,1.5257600000000001e-05,1.5360000000000002e-05,1.285795416458064e-10,1.2857954164480184e-10,1.0045591551573675e-21,1.0045591551573675e-21
single_9V-1ns,A,CS,150,1.5360000000000002e-05,1.54624e-05,1.2857954148821389e-10,1.2857954148740015e-10,8.13738927599041e-22,8.13738927599041e-22
single_9V-1ns,A,CS,151,1.54624e-05,1.55648e-05,1.2857954135892517e-10,1.2857954135826394e-10,6.612275021595765e-22,6.612275021595765e-22
single_9V-1ns,A,CS,152,1.55648e-05,1.56672e-05,1.285795412533488e-10,1.2857954125281777e-10,5.310241038649015e-22,5.310241038649015e-22
single_9V-1ns,A,CS,153,1.56672e-05,1.57696e-05,1.2857954116759896e-10,1.2857954116717472e-10,4.242402566631341e-22,4.242402566631341e-22
single_9V-1ns,A,CS,154,1.57696e-05,1.5872e-05,1.2857954109838372e-10,1.2857954109804605e-10,3.3767063568063127e-22,3.3767063568063127e-22
single_9V-1ns,A,CS,155,1.5872e-05,1.59744e-05,1.285795410428803e-10,1.2857954104261433e-10,2.659644163299407e-22,2.659644163299407e-22
single_9V-1ns,A,CS,156,1.59744e-05,1.60768e-05,1.2857954099871701e-10,1.2857954099851609e-10,2.0092734066795888e-22,2.0092734066795888e-22
single_9V-1ns,A,CS,157,1.60768e-05,1.61792e-05,1.2857954096390664e-10,1.2857954096375126e-10,1.553807081892578e-22,1.553807081892578e-22
single_9V-1ns,A,CS,158,1.61792e-05,1.62816e-05,1.2857954093677158e-10,1.2857954093665575e-10,1.1583113515156616e-22,1.1583113515156616e-22
single_9V-1ns,A,CS,159,1.62816e-05,1.6384e-05,1.285795409158852e-10,1.2857954091580276e-10,8.243371791973766e-23,8.243371791973766e-23
single_9V-1ns,A,CS,160,1.6384e-05,1.6486400000000002e-05,1.285795409000859e-10,1.2857954090002294e-10,6.296912413059923e-23,6.296912413059923e-23
single_9V-1ns,A,CS,161,1.6486400000000002e-05,1.65888e-05,1.285795408883751e-10,1.2857954088833516e-10,3.993731394982587e-23,3.993731394982587e-23
single_9V-1ns,A,CS,162,1.65888e-05,1.66912e-05,1.2857954087996345e-10,1.2857954087993512e-10,2.83309359799412e-23,2.83309359799412e-23
single_9V-1ns,A,CS,163,1.66912e-05,1.67936e-05,1.285795408741479e-10,1.2857954087413744e-10,1.0469004627624257e-23,1.0469004627624257e-23
single_9V-1ns,A,CS,164,1.67936e-05,1.6896000000000002e-05,1.285795408703993e-10,1.2857954087039486e-10,4.446095792472524e-24,4.446095792472524e-24
single_9V-1ns,A,CS,165,1.6896000000000002e-05,1.69984e-05,1.285795408682403e-10,1.2857954086824775e-10,-7.444625512977249e-24,7.444625512977249e-24
single_9V-1ns,A,CS,166,1.69984e-05,1.71008e-05,1.2857954086733196e-10,1.285795408673374e-10,-5.428372769879244e-24,5.428372769879244e-24
single_9V-1ns,A,CS,167,1.71008e-05,1.72032e-05,1.2857954086733876e-10,1.2857954086735169e-10,-1.2924697071141057e-23,1.2924697071141057e-23
single_9V-1ns,A,CS,168,1.72032e-05,1.73056e-05,1.2857954086803204e-10,1.2857954086804871e-10,-1.6672859221771964e-23,1.6672859221771964e-23
single_9V-1ns,A,CS,169,1.73056e-05,1.7408e-05,1.2857954086923432e-10,1.285795408692463e-10,-1.1968269487876619e-23,1.1968269487876619e-23
single_9V-1ns,A,CS,170,1.7408e-05,1.75104e-05,1.2857954087075778e-10,1.2857954087077735e-10,-1.956799136570756e-23,1.956799136570756e-23
single_9V-1ns,A,CS,171,1.75104e-05,1.7612800000000002e-05,1.2857954087251086e-10,1.2857954087252495e-10,-1.4087919807543753e-23,1.4087919807543753e-23
single_9V-1ns,A,CS,172,1.7612800000000002e-05,1.77152e-05,1.285795408743716e-10,1.2857954087439053e-10,-1.8921756512150508e-23,1.8921756512150508e-23
single_9V-1ns,A,CS,173,1.77152e-05,1.78176e-05,1.2857954087630077e-10,1.285795408763143e-10,-1.3519233136413546e-23,1.3519233136413546e-23
single_9V-1ns,A,CS,174,1.78176e-05,1.792e-05,1.2857954087821412e-10,1.285795408782298e-10,-1.5690582244365244e-23,1.5690582244365244e-23
single_9V-1ns,A,CS,175,1.792e-05,1.8022400000000002e-05,1.2857954088008644e-10,1.2857954088009797e-10,-1.1528829787457823e-23,1.1528829787457823e-23
single_9V-1ns,A,CS,176,1.8022400000000002e-05,1.81248e-05,1.285795408818838e-10,1.2857954088189895e-10,-1.514774496737732e-23,1.514774496737732e-23
single_9V-1ns,A,CS,177,1.81248e-05,1.82272e-05,1.2857954088359588e-10,1.2857954088361067e-10,-1.478585344938537e-23,1.478585344938537e-23
single_9V-1ns,A,CS,178,1.82272e-05,1.83296e-05,1.2857954088520113e-10,1.2857954088521005e-10,-8.91804097908733e-24,8.91804097908733e-24
single_9V-1ns,A,CS,179,1.83296e-05,1.8432e-05,1.285795408866616e-10,1.2857954088667367e-10,-1.2071667064445748e-23,1.2071667064445748e-23
single_9V-1ns,A,CS,180,1.8432e-05,1.85344e-05,1.2857954088803921e-10,1.285795408880437e-10,-4.497794580757088e-24,4.497794580757088e-24
single_9V-1ns,A,CS,181,1.85344e-05,1.86368e-05,1.2857954088928058e-10,1.2857954088929138e-10,-1.0805046751473924e-23,1.0805046751473924e-23
single_9V-1ns,A,CS,182,1.86368e-05,1.8739200000000002e-05,1.2857954089042131e-10,1.28579540890427e-10,-5.686866711302065e-24,5.686866711302065e-24
single_9V-1ns,A,CS,183,1.8739200000000002e-05,1.88416e-05,1.2857954089144273e-10,1.28579540891451e-10,-8.271806125530277e-24,8.271806125530277e-24
single_9V-1ns,A,CS,184,1.88416e-05,1.8944e-05,1.2857954089237767e-10,1.285795408923827e-10,-5.01478246360273e-24,5.01478246360273e-24
single_9V-1ns,A,CS,185,1.8944e-05,1.90464e-05,1.2857954089320907e-10,1.285795408932156e-10,-6.539896717997375e-24,6.539896717997375e-24
single_9V-1ns,A,CS,186,1.90464e-05,1.9148800000000002e-05,1.2857954089395195e-10,1.2857954089395984e-10,-7.884065213396045e-24,7.884065213396045e-24
single_9V-1ns,A,CS,187,1.9148800000000002e-05,1.92512e-05,1.2857954089461527e-10,1.2857954089461677e-10,-1.4992648602523627e-24,1.4992648602523627e-24
single_9V-1ns,A,CS,188,1.92512e-05,1.93536e-05,1.2857954089519957e-10,1.2857954089520655e-10,-6.979336418416171e-24,6.979336418416171e-24
single_9V-1ns,A,CS,189,1.93536e-05,1.9456e-05,1.2857954089572646e-10,1.2857954089572928e-10,-2.8175839615087505e-24,2.8175839615087505e-24
single_9V-1ns,A,CS,190,1.9456e-05,1.9558400000000002e-05,1.2857954089617983e-10,1.285795408961836e-10,-3.774011544773189e-24,3.774011544773189e-24
single_9V-1ns,A,CS,191,1.9558400000000002e-05,1.96608e-05,1.2857954089658257e-10,1.285795408965834e-10,-8.271806125530277e-25,8.271806125530277e-25
single_9V-1ns,A,CS,192,1.96608e-05,1.97632e-05,1.285795408969347e-10,1.2857954089693795e-10,-3.2570236619275465e-24,3.2570236619275465e-24
single_9V-1ns,A,CS,193,1.97632e-05,1.9865600000000002e-05,1.2857954089725106e-10,1.2857954089724904e-10,2.016252743098005e-24,2.016252743098005e-24
single_9V-1ns,A,CS,194,1.9865600000000002e-05,1.9968e-05,1.2857954089750056e-10,1.2857954089750562e-10,-5.0664812518872945e-24,5.0664812518872945e-24
single_9V-1ns,A,CS,195,1.9968e-05,2e-05,4.018110653052793e-11,4.0181106530525814e-11,2.113187971131563e-24,2.113187971131563e-24
single_9V-0p5ns,A,PCHIP,0,0.0,1.024e-07,1.6692096149631368e-13,1.7425897217563216e-13,-7.338010679318483e-15,7.338010679318483e-15
single_9V-0p5ns,A,PCHIP,1,1.024e-07,2.048e-07,1.1390847184952806e-12,1.1482445908106747e-12,-9.159872315394068e-15,9.159872315394068e-15
single_9V-0p5ns,A,PCHIP,2,2.048e-07,3.072e-07,2.903638817563918e-12,2.917350418359251e-12,-1.3711600795333012e-14,1.3711600795333012e-14
single_9V-0p5ns,A,PCHIP,3,3.072e-07,4.096e-07,5.302525392837418e-12,5.319802396834398e-12,-1.7277003996979925e-14,1.7277003996979925e-14
single_9V-0p5ns,A,PCHIP,4,4.096e-07,5.12e-07,8.204653045283355e-12,8.224671249174766e-12,-2.001820389141093e-14,2.001820389141093e-14
single_9V-0p5ns,A,PCHIP,5,5.12e-07,6.144e-07,1.1503446557727353e-11,1.1525476111377765e-11,-2.2029553650411658e-14,2.2029553650411658e-14
single_9V-0p5ns,A,PCHIP,6,6.144e-07,7.168000000000001e-07,1.5111274757815972e-11,1.5134782914172385e-11,-2.3508156356412377e-14,2.3508156356412377e-14
single_9V-0p5ns,A,PCHIP,7,7.168000000000001e-07,8.192e-07,1.895549451762634e-11,1.898000392884676e-11,-2.450941122042301e-14,2.450941122042301e-14
single_9V-0p5ns,A,PCHIP,8,8.192e-07,9.216e-07,2.2975134825287587e-11,2.3000248389857188e-11,-2.5113564569601165e-14,2.5113564569601165e-14
single_9V-0p5ns,A,PCHIP,9,9.216e-07,1.024e-06,2.711860370266259e-11,2.7143991861345462e-11,-2.538815868287359e-14,2.538815868287359e-14
single_9V-0p5ns,A,PCHIP,10,1.024e-06,1.1264000000000001e-06,3.13420081941445e-11,3.136734989718853e-11,-2.5341703044032473e-14,2.5341703044032473e-14
single_9V-0p5ns,A,PCHIP,11,1.1264000000000001e-06,1.2288e-06,3.5607663972296315e-11,3.5632786332206994e-11,-2.5122359910679465e-14,2.5122359910679465e-14
single_9V-0p5ns,A,PCHIP,12,1.2288e-06,1.3312e-06,3.988340944678265e-11,3.9908130851494224e-11,-2.472140471157101e-14,2.472140471157101e-14
single_9V-0p5ns,A,PCHIP,13,1.3312e-06,1.4336000000000001e-06,4.414164203134812e-11,4.416581627934276e-11,-2.4174247994637442e-14,2.4174247994637442e-14
single_9V-0p5ns,A,PCHIP,14,1.4336000000000001e-06,1.536e-06,4.835876150863843e-11,4.83822726026678e-11,-2.3511094029369542e-14,2.3511094029369542e-14
single_9V-0p5ns,A,PCHIP,15,1.536e-06,1.6384e-06,5.251471985136921e-11,5.2537433705504404e-11,-2.271385413519686e-14,2.271385413519686e-14
single_9V-0p5ns,A,PCHIP,16,1.6384e-06,1.7408000000000001e-06,5.659243125023684e-11,5.661432608842965e-11,-2.1894838192808178e-14,2.1894838192808178e-14
single_9V-0p5ns,A,PCHIP,17,1.7408000000000001e-06,1.8432e-06,6.057769190332578e-11,6.05987181332083e-11,-2.1026229882514955e-14,2.1026229882514955e-14
single_9V-0p5ns,A,PCHIP,18,1.8432e-06,1.9456e-06,6.445869120933865e-11,6.447881497713326e-11,-2.0123767794618584e-14,2.0123767794618584e-14
single_9V-0p5ns,A,PCHIP,19,1.9456e-06,2.048e-06,6.822578786969104e-11,6.824498864202948e-11,-1.920077233844157e-14,1.920077233844157e-14
single_9V-0p5ns,A,PCHIP,20,2.048e-06,2.1504e-06,7.187130311875804e-11,7.188953630689281e-11,-1.8233188134770886e-14,1.8233188134770886e-14
single_9V-0p5ns,A,PCHIP,21,2.1504e-06,2.2528000000000003e-06,7.538915850972945e-11,7.540646190036113e-11,-1.7303390631679822e-14,1.7303390631679822e-14
single_9V-0p5ns,A,PCHIP,22,2.2528000000000003e-06,2.3552e-06,7.877489668803083e-11,7.879127779034786e-11,-1.6381102317034885e-14,1.6381102317034885e-14
single_9V-0p5ns,A,PCHIP,23,2.3552e-06,2.4576e-06,8.202535187513191e-11,8.204082443481765e-11,-1.547255968574455e-14,1.547255968574455e-14
single_9V-0p5ns,A,PCHIP,24,2.4576e-06,2.56e-06,8.513852369443474e-11,8.515310656263514e-11,-1.4582868200399436e-14,1.4582868200399436e-14
single_9V-0p5ns,A,PCHIP,25,2.56e-06,2.6624e-06,8.811345521463634e-11,8.81271448804174e-11,-1.368966578106554e-14,1.368966578106554e-14
single_9V-0p5ns,A,PCHIP,26,2.6624e-06,2.7648e-06,9.094999125401484e-11,9.096284251606564e-11,-1.2851262050798329e-14,1.2851262050798329e-14
single_9V-0p5ns,A,PCHIP,27,2.7648e-06,2.8672000000000003e-06,9.364882428916616e-11,9.36608654869686e-11,-1.2041197802437085e-14,1.2041197802437085e-14
single_9V-0p5ns,A,PCHIP,28,2.8672000000000003e-06,2.9696e-06,9.621127525381644e-11,9.622253645995206e-11,-1.126120613561177e-14,1.126120613561177e-14
single_9V-0p5ns,A,PCHIP,29,2.9696e-06,3.072e-06,9.863922844807299e-11,9.86497409960604e-11,-1.0512547987413408e-14,1.0512547987413408e-14
single_9V-0p5ns,A,PCHIP,30,3.072e-06,3.1744e-06,1.0093506819283202e-10,1.0094484538212348e-10,-9.777189291457906e-15,9.777189291457906e-15
single_9V-0p5ns,A,PCHIP,31,3.1744e-06,3.2768e-06,1.0310152995638939e-10,1.0311062505480746e-10,-9.095098418074866e-15,9.095098418074866e-15
single_9V-0p5ns,A,PCHIP,32,3.2768e-06,3.3792e-06,1.0514175701591737e-10,1.0515020254970751e-10,-8.445533790140066e-15,8.445533790140066e-15
single_9V-0p5ns,A,PCHIP,33,3.3792e-06,3.4816000000000003e-06,1.0705916552355128e-10,1.0706699385700325e-10,-7.82833345197097e-15,7.82833345197097e-15
single_9V-0p5ns,A,PCHIP,34,3.4816000000000003e-06,3.5840000000000003e-06,1.0885741886303982e-10,1.0886466204644939e-10,-7.243183409568142e-15,7.243183409568142e-15
single_9V-0p5ns,A,PCHIP,35,3.5840000000000003e-06,3.6864e-06,1.1054040027168816e-10,1.1054707704312432e-10,-6.6767714361637035e-15,6.6767714361637035e-15
single_9V-0p5ns,A,PCHIP,36,3.6864e-06,3.7888e-06,1.1211212489104172e-10,1.1211828048007766e-10,-6.1555890359398225e-15,6.1555890359398225e-15
single_9V-0p5ns,A,PCHIP,37,3.7888e-06,3.8912e-06,1.1357679013375342e-10,1.1358245463277534e-10,-5.6644990219202884e-15,5.6644990219202884e-15
single_9V-0p5ns,A,PCHIP,38,3.8912e-06,3.9936e-06,1.149386918588223e-10,1.1494389453849426e-10,-5.202679671954013e-15,5.202679671954013e-15
single_9V-0p5ns,A,PCHIP,39,3.9936e-06,4.096e-06,1.1620221323938617e-10,1.1620698252088177e-10,-4.76928149559184e-15,4.76928149559184e-15
single_9V-0p5ns,A,PCHIP,40,4.096e-06,4.1984e-06,1.1737180941027037e-10,1.17376164473263e-10,-4.355062992634291e-15,4.355062992634291e-15
single_9V-0p5ns,A,PCHIP,41,4.1984e-06,4.3008e-06,1.1845195055843208e-10,1.1845592738906262e-10,-3.976830630544854e-15,3.976830630544854e-15
single_9V-0p5ns,A,PCHIP,42,4.3008e-06,4.4032000000000005e-06,1.1944715368999084e-10,1.1945077776789962e-10,-3.624077908779683e-15,3.624077908779683e-15
single_9V-0p5ns,A,PCHIP,43,4.4032000000000005e-06,4.5056000000000005e-06,1.2036192486502406e-10,1.2036522065729739e-10,-3.2957922733279054e-15,3.2957922733279054e-15
single_9V-0p5ns,A,PCHIP,44,4.5056000000000005e-06,4.608e-06,1.2120074824494899e-10,1.212037392115006e-10,-2.990966551608916e-15,2.990966551608916e-15
single_9V-0p5ns,A,PCHIP,45,4.608e-06,4.7104e-06,1.21968071334612e-10,1.219707747586371e-10,-2.703424025102153e-15,2.703424025102153e-15
single_9V-0p5ns,A,PCHIP,46,4.7104e-06,4.8128e-06,1.2266826426157041e-10,1.2267070745499951e-10,-2.443193429098516e-15,2.443193429098516e-15
single_9V-0p5ns,A,PCHIP,47,4.8128e-06,4.9152e-06,1.2330563444593435e-10,1.2330783767581708e-10,-2.2032298827320195e-15,2.2032298827320195e-15
single_9V-0p5ns,A,PCHIP,48,4.9152e-06,5.0176e-06,1.2388438585339335e-10,1.2388636833785675e-10,-1.9824844633934956e-15,1.9824844633934956e-15
single_9V-0p5ns,A,PCHIP,49,5.0176e-06,5.12e-06,1.244086084490327e-10,1.244103883738846e-10,-1.779924851901526e-15,1.779924851901526e-15
single_9V-0p5ns,A,PCHIP,50,5.12e-06,5.2224e-06,1.2488226608112896e-10,1.2488385758514564e-10,-1.5915040166770276e-15,1.5915040166770276e-15
single_9V-0p5ns,A,PCHIP,51,5.2224e-06,5.3248e-06,1.2530917034169e-10,1.2531059308309746e-10,-1.422741407469718e-15,1.422741407469718e-15
single_9V-0p5ns,A,PCHIP,52,5.3248e-06,5.4272e-06,1.256929884626788e-10,1.2569425750408384e-10,-1.2690414050448534e-15,1.2690414050448534e-15
single_9V-0p5ns,A,PCHIP,53,5.4272e-06,5.5296e-06,1.2603721972428026e-10,1.2603834913947266e-10,-1.1294151923990619e-15,1.1294151923990619e-15
single_9V-0p5ns,A,PCHIP,54,5.5296e-06,5.6320000000000005e-06,1.2634519117052517e-10,1.2634619407526513e-10,-1.0029047399587265e-15,1.0029047399587265e-15
single_9V-0p5ns,A,PCHIP,55,5.6320000000000005e-06,5.7344000000000005e-06,1.2662005348086366e-10,1.266209403842561e-10,-8.869033924403953e-16,8.869033924403953e-16
single_9V-0p5ns,A,PCHIP,56,5.7344000000000005e-06,5.836800000000001e-06,1.268647701957939e-10,1.2686555436058393e-10,-7.841647900300402e-16,7.841647900300402e-16
single_9V-0p5ns,A,PCHIP,57,5.836800000000001e-06,5.9392e-06,1.270821269520853e-10,1.2708281873771726e-10,-6.9178563196838165e-16,6.9178563196838165e-16
single_9V-0p5ns,A,PCHIP,58,5.9392e-06,6.0416e-06,1.272747238543527e-10,1.2727533278625067e-10,-6.089318979707246e-16,6.089318979707246e-16
single_9V-0p5ns,A,PCHIP,59,6.0416e-06,6.144e-06,1.2744497933778418e-10,1.2744551415024823e-10,-5.348124640464715e-16,5.348124640464715e-16
single_9V-0p5ns,A,PCHIP,60,6.144e-06,6.2464e-06,1.27595134454879e-10,1.2759560225242648e-10,-4.677975474791956e-16,4.677975474791956e-16
single_9V-0p5ns,A,PCHIP,61,6.2464e-06,6.3488e-06,1.277272539645925e-10,1.2772766307714897e-10,-4.091125564791974e-16,4.091125564791974e-16
single_9V-0p5ns,A,PCHIP,62,6.3488e-06,6.4512e-06,1.2784323812770006e-10,1.2784359512844353e-10,-3.570007434731005e-16,3.570007434731005e-16
single_9V-0p5ns,A,PCHIP,63,6.4512e-06,6.5536e-06,1.2794482551711285e-10,1.2794513635554323e-10,-3.108384303832125e-16,3.108384303832125e-16
single_9V-0p5ns,A,PCHIP,64,6.5536e-06,6.656e-06,1.2803360179390544e-10,1.2803387184074406e-10,-2.7004683862473727e-16,2.7004683862473727e-16
single_9V-0p5ns,A,PCHIP,65,6.656e-06,6.7584e-06,1.2811100840068967e-10,1.2811124205303514e-10,-2.3365234546818e-16,2.3365234546818e-16
single_9V-0p5ns,A,PCHIP,66,6.7584e-06,6.8608000000000004e-06,1.2817834935477713e-10,1.2817855148351278e-10,-2.0212873564413118e-16,2.0212873564413118e-16
single_9V-0p5ns,A,PCHIP,67,6.8608000000000004e-06,6.9632000000000005e-06,1.2823680302781993e-10,1.282369774951122e-10,-1.74467292277482e-16,1.74467292277482e-16
single_9V-0p5ns,A,PCHIP,68,6.9632000000000005e-06,7.065600000000001e-06,1.2828742898627277e-10,1.282875792374223e-10,-1.5025114953012784e-16,1.5025114953012784e-16
single_9V-0p5ns,A,PCHIP,69,7.065600000000001e-06,7.168000000000001e-06,1.2833117739599197e-10,1.2833130649698924e-10,-1.2910099726983394e-16,1.2910099726983394e-16
single_9V-0p5ns,A,PCHIP,70,7.168000000000001e-06,7.2704e-06,1.2836889790716817e-10,1.2836900837368387e-10,-1.104665156988876e-16,1.104665156988876e-16
single_9V-0p5ns,A,PCHIP,71,7.2704e-06,7.3728e-06,1.2840134719774634e-10,1.2840144169298156e-10,-9.449523521957344e-17,9.449523521957344e-17
single_9V-0p5ns,A,PCHIP,72,7.3728e-06,7.4752e-06,1.284291984429692e-10,1.2842927908276094e-10,-8.063979173145315e-17,8.063979173145315e-17
single_9V-0p5ns,A,PCHIP,73,7.4752e-06,7.5776e-06,1.2845304801301032e-10,1.2845311666023312e-10,-6.864722280495642e-17,6.864722280495642e-17
single_9V-0p5ns,A,PCHIP,74,7.5776e-06,7.680000000000001e-06,1.2847342299887084e-10,1.2847348129003287e-10,-5.829116203855561e-17,5.829116203855561e-17
single_9V-0p5ns,A,PCHIP,75,7.680000000000001e-06,7.7824e-06,1.284907881101985e-10,1.2849083738831916e-10,-4.927812065858627e-17,4.927812065858627e-17
single_9V-0p5ns,A,PCHIP,76,7.7824e-06,7.8848e-06,1.285055516258728e-10,1.285055932595148e-10,-4.163364200236404e-17,4.163364200236404e-17
single_9V-0p5ns,A,PCHIP,77,7.8848e-06,7.9872e-06,1.2851807188505928e-10,1.2851810696212998e-10,-3.507707069323549e-17,3.507707069323549e-17
single_9V-0p5ns,A,PCHIP,78,7.9872e-06,8.0896e-06,1.2852866224169014e-10,1.285286917085855e-10,-2.946689536034203e-17,2.946689536034203e-17
single_9V-0p5ns,A,PCHIP,79,8.0896e-06,8.192e-06,1.2853759613211683e-10,1.2853762081039047e-10,-2.4678273640487128e-17,2.4678273640487128e-17
single_9V-0p5ns,A,PCHIP,80,8.192e-06,8.2944e-06,1.2854511162182174e-10,1.2854513218519963e-10,-2.0563377889202934e-17,2.0563377889202934e-17
single_9V-0p5ns,A,PCHIP,81,8.2944e-06,8.3968e-06,1.2855141533440586e-10,1.2855143244621261e-10,-1.711180674972629e-17,1.711180674972629e-17
single_9V-0p5ns,A,PCHIP,82,8.3968e-06,8.4992e-06,1.2855668640950686e-10,1.2855670059701655e-10,-1.418750969080754e-17,1.418750969080754e-17
single_9V-0p5ns,A,PCHIP,83,8.4992e-06,8.6016e-06,1.2856107964013427e-10,1.2856109135677883e-10,-1.1716644557658015e-17,1.1716644557658015e-17
single_9V-0p5ns,A,PCHIP,84,8.6016e-06,8.704e-06,1.2856472850667396e-10,1.2856473814155392e-10,-9.634879963075817e-18,9.634879963075817e-18
single_9V-0p5ns,A,PCHIP,85,8.704e-06,8.806400000000001e-06,1.2856774785600824e-10,1.2856775572792773e-10,-7.871919487817382e-18,7.871919487817382e-18
single_9V-0p5ns,A,PCHIP,86,8.806400000000001e-06,8.9088e-06,1.2857023621230493e-10,1.2857024262475168e-10,-6.412446745467948e-18,6.412446745467948e-18
single_9V-0p5ns,A,PCHIP,87,8.9088e-06,9.011200000000001e-06,1.2857227798399458e-10,1.2857228317833418e-10,-5.194339593145382e-18,5.194339593145382e-18
single_9V-0p5ns,A,PCHIP,88,9.011200000000001e-06,9.1136e-06,1.2857394525352835e-10,1.2857394943522023e-10,-4.1816918782175585e-18,4.1816918782175585e-18
single_9V-0p5ns,A,PCHIP,89,9.1136e-06,9.216e-06,1.2857529944178157e-10,1.2857530278571255e-10,-3.343930979395124e-18,3.343930979395124e-18
single_9V-0p5ns,A,PCHIP,90,9.216e-06,9.3184e-06,1.2857639275866663e-10,1.285763954097687e-10,-2.651102075908725e-18,2.651102075908725e-18
single_9V-0p5ns,A,PCHIP,91,9.3184e-06,9.4208e-06,1.285772694494802e-10,1.285772715456405e-10,-2.096160303125794e-18,2.096160303125794e-18
single_9V-0p5ns,A,PCHIP,92,9.4208e-06,9.5232e-06,1.2857796692778636e-10,1.2857796859999895e-10,-1.6722125840561681e-18,1.6722125840561681e-18
single_9V-0p5ns,A,PCHIP,93,9.5232e-06,9.6256e-06,1.2857851655895492e-10,1.285785181168004e-10,-1.5578454810406384e-18,1.5578454810406384e-18
single_9V-0p5ns,A,PCHIP,94,9.6256e-06,9.728e-06,1.2857894686734357e-10,1.2857894662083357e-10,2.465100072020943e-19,2.465100072020943e-19
single_9V-0p5ns,A,PCHIP,95,9.728e-06,9.8304e-06,1.2857927527579322e-10,1.2857927635024112e-10,-1.0744479036059143e-18,1.0744479036059143e-18
single_9V-0p5ns,A,PCHIP,96,9.8304e-06,9.932800000000001e-06,1.2857952533904628e-10,1.28579525891138e-10,-5.520917219823794e-19,5.520917219823794e-19
single_9V-0p5ns,A,PCHIP,97,9.932800000000001e-06,1.00352e-05,1.2857971038007425e-10,1.2857971072605852e-10,-3.4598426612588376e-19,3.4598426612588376e-19
single_9V-0p5ns,A,PCHIP,98,1.00352e-05,1.0137600000000001e-05,1.285798434990766e-10,1.285798437068279e-10,-2.077512963781858e-19,2.077512963781858e-19
single_9V-0p5ns,A,PCHIP,99,1.0137600000000001e-05,1.024e-05,1.2857993535509556e-10,1.285799354612397e-10,-1.0614412639553422e-19,1.0614412639553422e-19
single_9V-0p5ns,A,PCHIP,100,1.024e-05,1.0342400000000001e-05,1.2857999471163356e-10,1.2857999474205555e-10,-3.042199686968697e-20,3.042199686968697e-20
single_9V-0p5ns,A,PCHIP,101,1.0342400000000001e-05,1.04448e-05,1.2858002875104507e-10,1.2858002872567622e-10,2.536885390517709e-20,2.536885390517709e-20
single_9V-0p5ns,A,PCHIP,102,1.04448e-05,1.05472e-05,1.2858004333303578e-10,1.2858004326726747e-10,6.576830332347868e-20,6.576830332347868e-20
single_9V-0p5ns,A,PCHIP,103,1.05472e-05,1.06496e-05,1.28580043212064e-10,1.2858004311798738e-10,9.407662108354538e-20,9.407662108354538e-20
single_9V-0p5ns,A,PCHIP,104,1.06496e-05,1.0752e-05,1.28580032222503e-10,1.2858003210960224e-10,1.1290077028341463e-19,1.1290077028341463e-19
single_9V-0p5ns,A,PCHIP,105,1.0752e-05,1.08544e-05,1.2858001343502502e-10,1.2858001331095077e-10,1.240742484495985e-19,1.240742484495985e-19
single_9V-0p5ns,A,PCHIP,106,1.08544e-05,1.09568e-05,1.285799892899357e-10,1.2857998916015566e-10,1.2978003691741272e-19,1.2978003691741272e-19
single_9V-0p5ns,A,PCHIP,107,1.09568e-05,1.10592e-05,1.2857996170727236e-10,1.2857996157609457e-10,1.3117779120686834e-19,1.3117779120686834e-19
single_9V-0p5ns,A,PCHIP,108,1.10592e-05,1.11616e-05,1.285799321814433e-10,1.2857993205206745e-10,1.29375855790604e-19,1.29375855790604e-19
single_9V-0p5ns,A,PCHIP,109,1.11616e-05,1.1264000000000001e-05,1.2857990185954227e-10,1.2857990173431198e-10,1.2523028505442964e-19,1.2523028505442964e-19
single_9V-0p5ns,A,PCHIP,110,1.1264000000000001e-05,1.13664e-05,1.2857987160677732e-10,1.2857987148756617e-10,1.1921115023082268e-19,1.1921115023082268e-19
single_9V-0p5ns,A,PCHIP,111,1.13664e-05,1.1468800000000001e-05,1.2857984206204572e-10,1.2857984194967625e-10,1.1236946183621416e-19,1.1236946183621416e-19
single_9V-0p5ns,A,PCHIP,112,1.1468800000000001e-05,1.15712e-05,1.2857981368174148e-10,1.285798135768737e-10,1.048677867103649e-19,1.048677867103649e-19
single_9V-0p5ns,A,PCHIP,113,1.15712e-05,1.1673600000000001e-05,1.2857978677826097e-10,1.2857978668121656e-10,9.704441587441493e-20,9.704441587441493e-20
single_9V-0p5ns,A,PCHIP,114,1.1673600000000001e-05,1.1776e-05,1.2857976155053897e-10,1.2857976146137435e-10,8.916461581105236e-20,8.916461581105236e-20
single_9V-0p5ns,A,PCHIP,115,1.1776e-05,1.18784e-05,1.28579738109124e-10,1.2857973802788374e-10,8.12402513921885e-20,8.12402513921885e-20
single_9V-0p5ns,A,PCHIP,116,1.18784e-05,1.19808e-05,1.2857971649746547e-10,1.2857971642371309e-10,7.375237984281121e-20,7.375237984281121e-20
single_9V-0p5ns,A,PCHIP,117,1.19808e-05,1.20832e-05,1.2857969670754777e-10,1.285796966409256e-10,6.662216051078654e-20,6.662216051078654e-20
single_9V-0p5ns,A,PCHIP,118,1.20832e-05,1.21856e-05,1.2857967869404426e-10,1.285796786341439e-10,5.990036160620993e-20,5.990036160620993e-20
single_9V-0p5ns,A,PCHIP,119,1.21856e-05,1.2288e-05,1.285796623848927e-10,1.2857966233126033e-10,5.3632374665195216e-20,5.3632374665195216e-20
single_9V-0p5ns,A,PCHIP,120,1.2288e-05,1.23904e-05,1.2857964768974165e-10,1.2857964764200152e-10,4.774013451743272e-20,4.774013451743272e-20
single_9V-0p5ns,A,PCHIP,121,1.23904e-05,1.24928e-05,1.2857963450702648e-10,1.28579634464591e-10,4.243547694791844e-20,4.243547694791844e-20
single_9V-0p5ns,A,PCHIP,122,1.24928e-05,1.2595200000000001e-05,1.2857962272855733e-10,1.2857962269097867e-10,3.7578660131919194e-20,3.7578660131919194e-20
single_9V-0p5ns,A,PCHIP,123,1.2595200000000001e-05,1.26976e-05,1.285796122439843e-10,1.2857961221080806e-10,3.3176249815547127e-20,3.3176249815547127e-20
single_9V-0p5ns,A,PCHIP,124,1.26976e-05,1.2800000000000001e-05,1.2857960294362663e-10,1.285796029144151e-10,2.921152144079218e-20,2.921152144079218e-20
single_9V-0p5ns,A,PCHIP,125,1.2800000000000001e-05,1.29024e-05,1.2857959472060697e-10,1.2857959469502395e-10,2.5583016135645898e-20,2.5583016135645898e-20
single_9V-0p5ns,A,PCHIP,126,1.29024e-05,1.3004800000000001e-05,1.285795874727175e-10,1.2857958745031964e-10,2.2397853789433895e-20,2.2397853789433895e-20
single_9V-0p5ns,A,PCHIP,127,1.3004800000000001e-05,1.31072e-05,1.2857958110304876e-10,1.2857958108349517e-10,1.955359325317031e-20,1.955359325317031e-20
single_9V-0p5ns,A,PCHIP,128,1.31072e-05,1.32096e-05,1.2857957552095267e-10,1.2857957550393162e-10,1.7021050560868504e-20,1.7021050560868504e-20
single_9V-0p5ns,A,PCHIP,129,1.32096e-05,1.3312e-05,1.285795706423273e-10,1.2857957062753794e-10,1.478936896698872e-20,1.478936896698872e-20
single_9V-0p5ns,A,PCHIP,130,1.3312e-05,1.34144e-05,1.2857956638964938e-10,1.2857956637686882e-10,1.2780560849403692e-20,1.2780560849403692e-20
single_9V-0p5ns,A,PCHIP,131,1.34144e-05,1.35168e-05,1.285795626921511e-10,1.2857956268110494e-10,1.1046169900033132e-20,1.1046169900033132e-20
single_9V-0p5ns,A,PCHIP,132,1.35168e-05,1.36192e-05,1.2857955948534874e-10,1.2857955947582111e-10,9.527621391750626e-21,9.527621391750626e-21
single_9V-0p5ns,A,PCHIP,133,1.36192e-05,1.3721600000000001e-05,1.285795567109467e-10,1.2857955670275723e-10,8.189475805187108e-21,8.189475805187108e-21
single_9V-0p5ns,A,PCHIP,134,1.3721600000000001e-05,1.3824e-05,1.2857955431646113e-10,1.2857955430943596e-10,7.025167394230437e-21,7.025167394230437e-21
single_9V-0p5ns,A,PCHIP,135,1.3824e-05,1.3926400000000001e-05,1.2857955225484278e-10,1.285795522488367e-10,6.006080879565107e-21,6.006080879565107e-21
single_9V-0p5ns,A,PCHIP,136,1.3926400000000001e-05,1.40288e-05,1.285795504840803e-10,1.2857955047895913e-10,5.1211785698923635e-21,5.1211785698923635e-21
single_9V-0p5ns,A,PCHIP,137,1.40288e-05,1.4131200000000001e-05,1.2857954896681432e-10,1.2857954896245182e-10,4.3624988518163834e-21,4.3624988518163834e-21
single_9V-0p5ns,A,PCHIP,138,1.4131200000000001e-05,1.42336e-05,1.285795476699043e-10,1.2857954766618274e-10,3.721563124058498e-21,3.721563124058498e-21
single_9V-0p5ns,A,PCHIP,139,1.42336e-05,1.4336000000000001e-05,1.2857954656404228e-10,1.285795465608923e-10,3.1499813207843562e-21,3.1499813207843562e-21
single_9V-0p5ns,A,PCHIP,140,1.4336000000000001e-05,1.44384e-05,1.285795456234397e-10,1.2857954562078788e-10,2.6518117968742953e-21,2.6518117968742953e-21
single_9V-0p5ns,A,PCHIP,141,1.44384e-05,1.45408e-05,1.2857954482545988e-10,1.285795448232276e-10,2.2322761299450566e-21,2.2322761299450566e-21
single_9V-0p5ns,A,PCHIP,142,1.45408e-05,1.46432e-05,1.2857954415025274e-10,1.285795441483672e-10,1.8855323569204843e-21,1.8855323569204843e-21
single_9V-0p5ns,A,PCHIP,143,1.46432e-05,1.47456e-05,1.2857954358044032e-10,1.285795435788715e-10,1.5688255798892438e-21,1.5688255798892438e-21
single_9V-0p5ns,A,PCHIP,144,1.47456e-05,1.4848e-05,1.2857954310096053e-10,1.285795430996442e-10,1.3163286979074321e-21,1.3163286979074321e-21
single_9V-0p5ns,A,PCHIP,145,1.4848e-05,1.49504e-05,1.285795426986457e-10,1.285795426975496e-10,1.0961177092093308e-21,1.0961177092093308e-21
single_9V-0p5ns,A,PCHIP,146,1.49504e-05,1.5052800000000001e-05,1.2857954236212333e-10,1.2857954236122258e-10,9.007479882819626e-22,9.007479882819626e-22
single_9V-0p5ns,A,PCHIP,147,1.5052800000000001e-05,1.51552e-05,1.2857954208156863e-10,1.2857954208081802e-10,7.5061470710358805e-22,7.5061470710358805e-22
single_9V-0p5ns,A,PCHIP,148,1.51552e-05,1.5257600000000001e-05,1.2857954184846896e-10,1.2857954184785118e-10,6.177746706064003e-22,6.177746706064003e-22
single_9V-0p5ns,A,PCHIP,149,1.5257600000000001e-05,1.5360000000000002e-05,1.285795416555098e-10,1.285795416550088e-10,5.009871078715697e-22,5.009871078715697e-22
single_9V-0p5ns,A,PCHIP,150,1.5360000000000002e-05,1.54624e-05,1.2857954149642717e-10,1.2857954149601782e-10,4.0935100563717957e-22,4.0935100563717957e-22
single_9V-0p5ns,A,PCHIP,151,1.54624e-05,1.55648e-05,1.285795413658426e-10,1.2857954136551477e-10,3.278220165124218e-22,3.278220165124218e-22
single_9V-0p5ns,A,PCHIP,152,1.55648e-05,1.56672e-05,1.2857954125916098e-10,1.285795412588971e-10,2.6387061540441583e-22,2.6387061540441583e-22
single_9V-0p5ns,A,PCHIP,153,1.56672e-05,1.57696e-05,1.2857954117246956e-10,1.2857954117225392e-10,2.156356459349174e-22,2.156356459349174e-22
single_9V-0p5ns,A,PCHIP,154,1.57696e-05,1.5872e-05,1.2857954110244813e-10,1.2857954110227346e-10,1.7466435621940025e-22,1.7466435621940025e-22
single_9V-0p5ns,A,PCHIP,155,1.5872e-05,1.59744e-05,1.2857954104625128e-10,1.2857954104611707e-10,1.3421005438672874e-22,1.3421005438672874e-22
single_9V-0p5ns,A,PCHIP,156,1.59744e-05,1.60768e-05,1.285795410015135e-10,1.2857954100140651e-10,1.0699064235490567e-22,1.0699064235490567e-22
single_9V-0p5ns,A,PCHIP,157,1.60768e-05,1.61792e-05,1.2857954096622608e-10,1.2857954096612457e-10,1.0151057079674186e-22,1.0151057079674186e-22
single_9V-0p5ns,A,PCHIP,158,1.61792e-05,1.62816e-05,1.2857954093858944e-10,1.285795409385915e-10,-2.0679515313825692e-24,2.0679515313825692e-24
single_9V-0p5ns,A,PCHIP,159,1.62816e-05,1.6384e-05,1.2857954091743918e-10,1.2857954091737388e-10,6.529556960340462e-23,6.529556960340462e-23
single_9V-0p5ns,A,PCHIP,160,1.6384e-05,1.6486400000000002e-05,1.285795409013266e-10,1.2857954090128998e-10,3.6628591499613757e-23,3.6628591499613757e-23
single_9V-0p5ns,A,PCHIP,161,1.6486400000000002e-05,1.65888e-05,1.2857954088936643e-10,1.2857954088934717e-10,1.9257798636000176e-23,1.9257798636000176e-23
single_9V-0p5ns,A,PCHIP,162,1.65888e-05,1.66912e-05,1.2857954088075087e-10,1.285795408807352e-10,1.5664732850222962e-23,1.5664732850222962e-23
single_9V-0p5ns,A,PCHIP,163,1.66912e-05,1.67936e-05,1.2857954087476896e-10,1.2857954087476413e-10,4.8338367046067555e-24,4.8338367046067555e-24
single_9V-0p5ns,A,PCHIP,164,1.67936e-05,1.6896000000000002e-05,1.285795408708733e-10,1.2857954087087796e-10,-4.652890945610781e-24,4.652890945610781e-24
single_9V-0p5ns,A,PCHIP,165,1.6896000000000002e-05,1.69984e-05,1.2857954086860181e-10,1.2857954086861432e-10,-1.2511106764864544e-23,1.2511106764864544e-23
single_9V-0p5ns,A,PCHIP,166,1.69984e-05,1.71008e-05,1.2857954086760907e-10,1.2857954086760896e-10,1.0339757656912846e-25,1.0339757656912846e-25
single_9V-0p5ns,A,PCHIP,167,1.71008e-05,1.72032e-05,1.2857954086753834e-10,1.2857954086754646e-10,-8.116709760676584e-24,8.116709760676584e-24
single_9V-0p5ns,A,PCHIP,168,1.72032e-05,1.73056e-05,1.285795408681722e-10,1.2857954086818132e-10,-9.124836132225587e-24,9.124836132225587e-24
single_9V-0p5ns,A,PCHIP,169,1.73056e-05,1.7408e-05,1.2857954086932495e-10,1.2857954086933017e-10,-5.221577616740987e-24,5.221577616740987e-24
single_9V-0p5ns,A,PCHIP,170,1.7408e-05,1.75104e-05,1.2857954087081323e-10,1.2857954087082297e-10,-9.745221591640357e-24,9.745221591640357e-24
single_9V-0p5ns,A,PCHIP,171,1.75104e-05,1.7612800000000002e-05,1.285795408725356e-10,1.2857954087254142e-10,-5.816113682013476e-24,5.816113682013476e-24
single_9V-0p5ns,A,PCHIP,172,1.7612800000000002e-05,1.77152e-05,1.2857954087437466e-10,1.28579540874384e-10,-9.331631285363843e-24,9.331631285363843e-24
single_9V-0p5ns,A,PCHIP,173,1.77152e-05,1.78176e-05,1.2857954087628723e-10,1.2857954087629206e-10,-4.8338367046067555e-24,4.8338367046067555e-24
single_9V-0p5ns,A,PCHIP,174,1.78176e-05,1.792e-05,1.2857954087818806e-10,1.2857954087819682e-10,-8.762944614233637e-24,8.762944614233637e-24
single_9V-0p5ns,A,PCHIP,175,1.792e-05,1.8022400000000002e-05,1.2857954088005366e-10,1.285795408800598e-10,-6.126306411720861e-24,6.126306411720861e-24
single_9V-0p5ns,A,PCHIP,176,1.8022400000000002e-05,1.81248e-05,1.2857954088186297e-10,1.2857954088187072e-10,-7.754818242684634e-24,7.754818242684634e-24
single_9V-0p5ns,A,PCHIP,177,1.81248e-05,1.82272e-05,1.2857954088357694e-10,1.2857954088358495e-10,-8.013312184107456e-24,8.013312184107456e-24
single_9V-0p5ns,A,PCHIP,178,1.82272e-05,1.83296e-05,1.2857954088519123e-10,1.2857954088519697e-10,-5.7385654995866295e-24,5.7385654995866295e-24
single_9V-0p5ns,A,PCHIP,179,1.83296e-05,1.8432e-05,1.28579540886641e-10,1.2857954088664818e-10,-7.186131571554428e-24,7.186131571554428e-24
single_9V-0p5ns,A,PCHIP,180,1.8432e-05,1.85344e-05,1.285795408879789e-10,1.2857954088798e-10,-1.0856745539758488e-24,1.0856745539758488e-24
single_9V-0p5ns,A,PCHIP,181,1.85344e-05,1.86368e-05,1.2857954088922692e-10,1.285795408892344e-10,-7.496324301261813e-24,7.496324301261813e-24
single_9V-0p5ns,A,PCHIP,182,1.86368e-05,1.8739200000000002e-05,1.2857954089037765e-10,1.2857954089037758e-10,7.754818242684634e-26,7.754818242684634e-26
single_9V-0p5ns,A,PCHIP,183,1.8739200000000002e-05,1.88416e-05,1.2857954089138203e-10,1.2857954089138617e-10,-4.1359030627651384e-24,4.1359030627651384e-24
single_9V-0p5ns,A,PCHIP,184,1.88416e-05,1.8944e-05,1.285795408923393e-10,1.285795408923396e-10,-2.8434333556510326e-25,2.8434333556510326e-25
single_9V-0p5ns,A,PCHIP,185,1.8944e-05,1.90464e-05,1.2857954089315044e-10,1.2857954089315525e-10,-4.807987310464473e-24,4.807987310464473e-24
single_9V-0p5ns,A,PCHIP,186,1.90464e-05,1.9148800000000002e-05,1.2857954089390276e-10,1.2857954089390723e-10,-4.471945186614806e-24,4.471945186614806e-24
single_9V-0p5ns,A,PCHIP,187,1.9148800000000002e-05,1.92512e-05,1.285795408945752e-10,1.2857954089457828e-10,-3.0760779029315717e-24,3.0760779029315717e-24
single_9V-0p5ns,A,PCHIP,188,1.92512e-05,1.93536e-05,1.285795408951492e-10,1.2857954089514956e-10,-3.618915179919496e-25,3.618915179919496e-25
single_9V-0p5ns,A,PCHIP,189,1.93536e-05,1.9456e-05,1.2857954089568428e-10,1.2857954089568528e-10,-1.0081263715490025e-24,1.0081263715490025e-24
single_9V-0p5ns,A,PCHIP,190,1.9456e-05,1.9558400000000002e-05,1.2857954089615877e-10,1.2857954089615952e-10,-7.496324301261813e-25,7.496324301261813e-25
single_9V-0p5ns,A,PCHIP,191,1.9558400000000002e-05,1.96608e-05,1.2857954089652562e-10,1.285795408965295e-10,-3.877409121342317e-24,3.877409121342317e-24
single_9V-0p5ns,A,PCHIP,192,1.96608e-05,1.97632e-05,1.285795408968911e-10,1.2857954089688594e-10,5.169878828456423e-24,5.169878828456423e-24
single_9V-0p5ns,A,PCHIP,193,1.97632e-05,1.9865600000000002e-05,1.2857954089721523e-10,1.2857954089722048e-10,-5.247427010883269e-24,5.247427010883269e-24
single_9V-0p5ns,A,PCHIP,194,1.9865600000000002e-05,1.9968e-05,1.2857954089751015e-10,1.2857954089750575e-10,4.3943970041879595e-24,4.3943970041879595e-24
single_9V-0p5ns,A,PCHIP,195,1.9968e-05,2e-05,4.01811065305111e-11,4.0181106530515674e-11,-4.575342763183934e-24,4.575342763183934e-24
single_9V-0p5ns,A,CS,0,0.0,1.024e-07,1.706634315610855e-13,1.7425897217563216e-13,-3.595540614546652e-15,3.595540614546652e-15
single_9V-0p5ns,A,CS,1,1.024e-07,2.048e-07,1.1392381667899603e-12,1.1482445908106747e-12,-9.006424020714419e-15,9.006424020714419e-15
single_9V-0p5ns,A,CS,2,2.048e-07,3.072e-07,2.903691791177191e-12,2.917350418359251e-12,-1.3658627182060227e-14,1.3658627182060227e-14
single_9V-0p5ns,A,CS,3,3.072e-07,4.096e-07,5.302586352575038e-12,5.319802396834398e-12,-1.721604425936003e-14,1.721604425936003e-14
single_9V-0p5ns,A,CS,4,4.096e-07,5.12e-07,8.204701131896354e-12,8.224671249174766e-12,-1.9970117278412806e-14,1.9970117278412806e-14
single_9V-0p5ns,A,CS,5,5.12e-07,6.144e-07,1.1503488589441314e-11,1.1525476111377765e-11,-2.1987521936450748e-14,2.1987521936450748e-14
single_9V-0p5ns,A,CS,6,6.144e-07,7.168000000000001e-07,1.5111310111427387e-11,1.5134782914172385e-11,-2.347280274499735e-14,2.347280274499735e-14
single_9V-0p5ns,A,CS,7,7.168000000000001e-07,8.192e-07,1.8955524285436357e-11,1.898000392884676e-11,-2.44796434104043e-14,2.44796434104043e-14
single_9V-0p5ns,A,CS,8,8.192e-07,9.216e-07,2.2975159358046018e-11,2.3000248389857188e-11,-2.5089031811170044e-14,2.5089031811170044e-14
single_9V-0p5ns,A,CS,9,9.216e-07,1.024e-06,2.7118623626676678e-11,2.7143991861345462e-11,-2.5368234668784637e-14,2.5368234668784637e-14
single_9V-0p5ns,A,CS,10,1.024e-06,1.1264000000000001e-06,3.134202397749058e-11,3.136734989718853e-11,-2.5325919697954355e-14,2.5325919697954355e-14
single_9V-0p5ns,A,CS,11,1.1264000000000001e-06,1.2288e-06,3.5607676082622286e-11,3.5632786332206994e-11,-2.5110249584708707e-14,2.5110249584708707e-14
single_9V-0p5ns,A,CS,12,1.2288e-06,1.3312e-06,3.9883418376632643e-11,3.9908130851494224e-11,-2.471247486158055e-14,2.471247486158055e-14
single_9V-0p5ns,A,CS,13,1.3312e-06,1.4336000000000001e-06,4.414164819326003e-11,4.416581627934276e-11,-2.4168086082727392e-14,2.4168086082727392e-14
single_9V-0p5ns,A,CS,14,1.4336000000000001e-06,1.536e-06,4.835876528769275e-11,4.83822726026678e-11,-2.350731497504741e-14,2.350731497504741e-14
single_9V-0p5ns,A,CS,15,1.536e-06,1.6384e-06,5.2514721594879694e-11,5.2537433705504404e-11,-2.2712110624710485e-14,2.2712110624710485e-14
single_9V-0p5ns,A,CS,16,1.6384e-06,1.7408000000000001e-06,5.659243128937727e-11,5.661432608842965e-11,-2.189479905237935e-14,2.189479905237935e-14
single_9V-0p5ns,A,CS,17,1.7408000000000001e-06,1.8432e-06,6.057769048369676e-11,6.05987181332083e-11,-2.102764951154401e-14,2.102764951154401e-14
single_9V-0p5ns,A,CS,18,1.8432e-06,1.9456e-06,6.445868860251061e-11,6.447881497713326e-11,-2.0126374622653537e-14,2.0126374622653537e-14
single_9V-0p5ns,A,CS,19,1.9456e-06,2.048e-06,6.822578425529927e-11,6.824498864202948e-11,-1.920438673021016e-14,1.920438673021016e-14
single_9V-0p5ns,A,CS,20,2.048e-06,2.1504e-06,7.187129869131721e-11,7.188953630689281e-11,-1.8237615575598443e-14,1.8237615575598443e-14
single_9V-0p5ns,A,CS,21,2.1504e-06,2.2528000000000003e-06,7.538915345823211e-11,7.540646190036113e-11,-1.7308442129020202e-14,1.7308442129020202e-14
single_9V-0p5ns,A,CS,22,2.2528000000000003e-06,2.3552e-06,7.877489110080482e-11,7.879127779034786e-11,-1.6386689543043015e-14,1.6386689543043015e-14
single_9V-0p5ns,A,CS,23,2.3552e-06,2.4576e-06,8.202534590581399e-11,8.204082443481765e-11,-1.5478529003667465e-14,1.5478529003667465e-14
single_9V-0p5ns,A,CS,24,2.4576e-06,2.56e-06,8.51385174047646e-11,8.515310656263514e-11,-1.458915787053604e-14,1.458915787053604e-14
single_9V-0p5ns,A,CS,25,2.56e-06,2.6624e-06,8.811344870073126e-11,8.81271448804174e-11,-1.3696179686140179e-14,1.3696179686140179e-14
single_9V-0p5ns,A,CS,26,2.6624e-06,2.7648e-06,9.094998461582304e-11,9.096284251606564e-11,-1.2857900242603438e-14,1.2857900242603438e-14
single_9V-0p5ns,A,CS,27,2.7648e-06,2.8672000000000003e-06,9.364881754135393e-11,9.36608654869686e-11,-1.2047945614672662e-14,1.2047945614672662e-14
single_9V-0p5ns,A,CS,28,2.8672000000000003e-06,2.9696e-06,9.621126848104447e-11,9.622253645995206e-11,-1.126797890758289e-14,1.126797890758289e-14
single_9V-0p5ns,A,CS,29,2.9696e-06,3.072e-06,9.863922166199077e-11,9.86497409960604e-11,-1.0519334069625314e-14,1.0519334069625314e-14
single_9V-0p5ns,A,CS,30,3.072e-06,3.1744e-06,1.0093506144099914e-10,1.0094484538212348e-10,-9.783941124334097e-15,9.783941124334097e-15
single_9V-0p5ns,A,CS,31,3.1744e-06,3.2768e-06,1.0310152329437406e-10,1.0311062505480746e-10,-9.1017604334054e-15,9.1017604334054e-15
single_9V-0p5ns,A,CS,32,3.2768e-06,3.3792e-06,1.0514175043506143e-10,1.0515020254970751e-10,-8.452114646076112e-15,8.452114646076112e-15
single_9V-0p5ns,A,CS,33,3.3792e-06,3.4816000000000003e-06,1.0705915907429283e-10,1.0706699385700325e-10,-7.834782710425046e-15,7.834782710425046e-15
single_9V-0p5ns,A,CS,34,3.4816000000000003e-06,3.5840000000000003e-06,1.0885741254285491e-10,1.0886466204644939e-10,-7.249503594475091e-15,7.249503594475091e-15
single_9V-0p5ns,A,CS,35,3.5840000000000003e-06,3.6864e-06,1.1054039410700478e-10,1.1054707704312432e-10,-6.6829361195423956e-15,6.6829361195423956e-15
single_9V-0p5ns,A,CS,36,3.6864e-06,3.7888e-06,1.1211211891596512e-10,1.1211828048007766e-10,-6.1615641125390655e-15,6.1615641125390655e-15
single_9V-0p5ns,A,CS,37,3.7888e-06,3.8912e-06,1.1357678433640371e-10,1.1358245463277534e-10,-5.6702963716304916e-15,5.6702963716304916e-15
single_9V-0p5ns,A,CS,38,3.8912e-06,3.9936e-06,1.1493868627064297e-10,1.1494389453849426e-10,-5.208267851287798e-15,5.208267851287798e-15
single_9V-0p5ns,A,CS,39,3.9936e-06,4.096e-06,1.1620220785502112e-10,1.1620698252088177e-10,-4.774665860647072e-15,4.774665860647072e-15
single_9V-0p5ns,A,CS,40,4.096e-06,4.1984e-06,1.1737180424412552e-10,1.17376164473263e-10,-4.360229137491914e-15,4.360229137491914e-15
single_9V-0p5ns,A,CS,41,4.1984e-06,4.3008e-06,1.1845194563024276e-10,1.1845592738906262e-10,-3.9817588198645254e-15,3.9817588198645254e-15
single_9V-0p5ns,A,CS,42,4.3008e-06,4.4032000000000005e-06,1.1944714898768541e-10,1.1945077776789962e-10,-3.628780214202618e-15,3.628780214202618e-15
single_9V-0p5ns,A,CS,43,4.4032000000000005e-06,4.5056000000000005e-06,1.2036192040519438e-10,1.2036522065729739e-10,-3.3002521030068833e-15,3.3002521030068833e-15
single_9V-0p5ns,A,CS,44,4.5056000000000005e-06,4.608e-06,1.2120074401959484e-10,1.212037392115006e-10,-2.9951919057504782e-15,2.9951919057504782e-15
single_9V-0p5ns,A,CS,45,4.608e-06,4.7104e-06,1.219680673477231e-10,1.219707747586371e-10,-2.7074109140074096e-15,2.7074109140074096e-15
single_9V-0p5ns,A,CS,46,4.7104e-06,4.8128e-06,1.2266826052027084e-10,1.2267070745499951e-10,-2.446934728674442e-15,2.446934728674442e-15
single_9V-0p5ns,A,CS,47,4.8128e-06,4.9152e-06,1.233056309364578e-10,1.2330783767581708e-10,-2.20673935928026e-15,2.20673935928026e-15
single_9V-0p5ns,A,CS,48,4.9152e-06,5.0176e-06,1.23884382579703e-10,1.2388636833785675e-10,-1.9857581537366397e-15,1.9857581537366397e-15
single_9V-0p5ns,A,CS,49,5.0176e-06,5.12e-06,1.2440860539969636e-10,1.244103883738846e-10,-1.782974188244326e-15,1.782974188244326e-15
single_9V-0p5ns,A,CS,50,5.12e-06,5.2224e-06,1.248822632516441e-10,1.2488385758514564e-10,-1.594333501544503e-15,1.594333501544503e-15
single_9V-0p5ns,A,CS,51,5.2224e-06,5.3248e-06,1.253091677295227e-10,1.2531059308309746e-10,-1.42535357474873e-15,1.42535357474873e-15
single_9V-0p5ns,A,CS,52,5.3248e-06,5.4272e-06,1.2569298605268813e-10,1.2569425750408384e-10,-1.2714513957078279e-15,1.2714513957078279e-15
single_9V-0p5ns,A,CS,53,5.4272e-06,5.5296e-06,1.2603721751200011e-10,1.2603834913947266e-10,-1.1316274725492224e-15,1.1316274725492224e-15
single_9V-0p5ns,A,CS,54,5.5296e-06,5.6320000000000005e-06,1.2634518914278473e-10,1.2634619407526513e-10,-1.004932480405226e-15,1.004932480405226e-15
single_9V-0p5ns,A,CS,55,5.6320000000000005e-06,5.7344000000000005e-06,1.2662005162863313e-10,1.266209403842561e-10,-8.887556229711435e-16,8.887556229711435e-16
single_9V-0p5ns,A,CS,56,5.7344000000000005e-06,5.836800000000001e-06,1.2686476851159534e-10,1.2686555436058393e-10,-7.858489885904193e-16,7.858489885904193e-16
single_9V-0p5ns,A,CS,57,5.836800000000001e-06,5.9392e-06,1.2708212542163737e-10,1.2708281873771726e-10,-6.93316079883366e-16,6.93316079883366e-16
single_9V-0p5ns,A,CS,58,5.9392e-06,6.0416e-06,1.2727472246978512e-10,1.2727533278625067e-10,-6.103164655536501e-16,6.103164655536501e-16
single_9V-0p5ns,A,CS,59,6.0416e-06,6.144e-06,1.2744497808690814e-10,1.2744551415024823e-10,-5.360633400880074e-16,5.360633400880074e-16
single_9V-0p5ns,A,CS,60,6.144e-06,6.2464e-06,1.2759513332813059e-10,1.2759560225242648e-10,-4.68924295893283e-16,4.68924295893283e-16
single_9V-0p5ns,A,CS,61,6.2464e-06,6.3488e-06,1.2772725295373798e-10,1.2772766307714897e-10,-4.101234109958042e-16,4.101234109958042e-16
single_9V-0p5ns,A,CS,62,6.3488e-06,6.4512e-06,1.2784323722127363e-10,1.2784359512844353e-10,-3.5790716990119128e-16,3.5790716990119128e-16
single_9V-0p5ns,A,CS,63,6.4512e-06,6.5536e-06,1.279448247074696e-10,1.2794513635554323e-10,-3.1164807362940604e-16,3.1164807362940604e-16
single_9V-0p5ns,A,CS,64,6.5536e-06,6.656e-06,1.280336010715713e-10,1.2803387184074406e-10,-2.707691727504807e-16,2.707691727504807e-16
single_9V-0p5ns,A,CS,65,6.656e-06,6.7584e-06,1.2811100775788054e-10,1.2811124205303514e-10,-2.3429515460492896e-16,2.3429515460492896e-16
single_9V-0p5ns,A,CS,66,6.7584e-06,6.8608000000000004e-06,1.2817834878476643e-10,1.2817855148351278e-10,-2.0269874634707875e-16,2.0269874634707875e-16
single_9V-0p5ns,A,CS,67,6.8608000000000004e-06,6.9632000000000005e-06,1.2823680252255508e-10,1.282369774951122e-10,-1.74972557124042e-16,1.74972557124042e-16
single_9V-0p5ns,A,CS,68,6.9632000000000005e-06,7.065600000000001e-06,1.2828742853991817e-10,1.282875792374223e-10,-1.5069750412442545e-16,1.5069750412442545e-16
single_9V-0p5ns,A,CS,69,7.065600000000001e-06,7.168000000000001e-06,1.2833117700209415e-10,1.2833130649698924e-10,-1.2949489509406256e-16,1.2949489509406256e-16
single_9V-0p5ns,A,CS,70,7.168000000000001e-06,7.2704e-06,1.283688975603262e-10,1.2836900837368387e-10,-1.1081335767376052e-16,1.1081335767376052e-16
single_9V-0p5ns,A,CS,71,7.2704e-06,7.3728e-06,1.284013468933105e-10,1.2840144169298156e-10,-9.47996710565608e-17,9.47996710565608e-17
single_9V-0p5ns,A,CS,72,7.3728e-06,7.4752e-06,1.2842919817584873e-10,1.2842927908276094e-10,-8.090691221023732e-17,8.090691221023732e-17
single_9V-0p5ns,A,CS,73,7.4752e-06,7.5776e-06,1.28453047779349e-10,1.2845311666023312e-10,-6.888088411230615e-17,6.888088411230615e-17
single_9V-0p5ns,A,CS,74,7.5776e-06,7.680000000000001e-06,1.2847342279469423e-10,1.2847348129003287e-10,-5.849533864806725e-17,5.849533864806725e-17
single_9V-0p5ns,A,CS,75,7.680000000000001e-06,7.7824e-06,1.284907879321536e-10,1.2849083738831916e-10,-4.9456165572722207e-17,4.9456165572722207e-17
single_9V-0p5ns,A,CS,76,7.7824e-06,7.8848e-06,1.28505551471091e-10,1.285055932595148e-10,-4.1788423805940417e-17,4.1788423805940417e-17
single_9V-0p5ns,A,CS,77,7.8848e-06,7.9872e-06,1.2851807175058443e-10,1.2851810696212998e-10,-3.521154554881581e-17,3.521154554881581e-17
single_9V-0p5ns,A,CS,78,7.9872e-06,8.0896e-06,1.285286621252264e-10,1.285286917085855e-10,-2.958335910771644e-17,2.958335910771644e-17
single_9V-0p5ns,A,CS,79,8.0896e-06,8.192e-06,1.28537596031416e-10,1.2853762081039047e-10,-2.4778974479012363e-17,2.4778974479012363e-17
single_9V-0p5ns,A,CS,80,8.192e-06,8.2944e-06,1.2854511153498797e-10,1.2854513218519963e-10,-2.0650211665144177e-17,2.0650211665144177e-17
single_9V-0p5ns,A,CS,81,8.2944e-06,8.3968e-06,1.2855141525983982e-10,1.2855143244621261e-10,-1.718637279094852e-17,1.718637279094852e-17
single_9V-0p5ns,A,CS,82,8.3968e-06,8.4992e-06,1.2855668634564727e-10,1.2855670059701655e-10,-1.4251369274867553e-17,1.4251369274867553e-17
single_9V-0p5ns,A,CS,83,8.4992e-06,8.6016e-06,1.2856107958577628e-10,1.2856109135677883e-10,-1.1771002550666178e-17,1.1771002550666178e-17
single_9V-0p5ns,A,CS,84,8.6016e-06,8.704e-06,1.2856472846071924e-10,1.2856473814155392e-10,-9.680834679939842e-18,9.680834679939842e-18
single_9V-0p5ns,A,CS,85,8.704e-06,8.806400000000001e-06,1.2856774781759661e-10,1.2856775572792773e-10,-7.910331118826142e-18,7.910331118826142e-18
single_9V-0p5ns,A,CS,86,8.806400000000001e-06,8.9088e-06,1.28570236180831e-10,1.2857024262475168e-10,-6.443920683432255e-18,6.443920683432255e-18
single_9V-0p5ns,A,CS,87,8.9088e-06,9.011200000000001e-06,1.2857227795906313e-10,1.2857228317833418e-10,-5.219271049452277e-18,5.219271049452277e-18
single_9V-0p5ns,A,CS,88,9.011200000000001e-06,9.1136e-06,1.2857394523522543e-10,1.2857394943522023e-10,-4.199994800233943e-18,4.199994800233943e-18
single_9V-0p5ns,A,CS,89,9.1136e-06,9.216e-06,1.2857529943092087e-10,1.2857530278571255e-10,-3.3547916798921863e-18,3.3547916798921863e-18
single_9V-0p5ns,A,CS,90,9.216e-06,9.3184e-06,1.2857639275776048e-10,1.285763954097687e-10,-2.6520082264203825e-18,2.6520082264203825e-18
single_9V-0p5ns,A,CS,91,9.3184e-06,9.4208e-06,1.285772694658742e-10,1.285772715456405e-10,-2.079766307168029e-18,2.079766307168029e-18
single_9V-0p5ns,A,CS,92,9.4208e-06,9.5232e-06,1.2857796698875138e-10,1.2857796859999895e-10,-1.61124756345342e-18,1.61124756345342e-18
single_9V-0p5ns,A,CS,93,9.5232e-06,9.6256e-06,1.2857851688718355e-10,1.285785181168004e-10,-1.2296168535583585e-18,1.2296168535583585e-18
single_9V-0p5ns,A,CS,94,9.6256e-06,9.728e-06,1.2857894570026987e-10,1.2857894662083357e-10,-9.205636943917356e-19,9.205636943917356e-19
single_9V-0p5ns,A,CS,95,9.728e-06,9.8304e-06,1.2857927567944604e-10,1.2857927635024112e-10,-6.707950867146711e-19,6.707950867146711e-19
single_9V-0p5ns,A,CS,96,9.8304e-06,9.932800000000001e-06,1.2857952541823995e-10,1.28579525891138e-10,-4.728980446726178e-19,4.728980446726178e-19
single_9V-0p5ns,A,CS,97,9.932800000000001e-06,1.00352e-05,1.2857971040986136e-10,1.2857971072605852e-10,-3.161971562257254e-19,3.161971562257254e-19
single_9V-0p5ns,A,CS,98,1.00352e-05,1.0137600000000001e-05,1.2857984351347806e-10,1.285798437068279e-10,-1.933498492690903e-19,1.933498492690903e-19
single_9V-0p5ns,A,CS,99,1.0137600000000001e-05,1.024e-05,1.2857993536298614e-10,1.285799354612397e-10,-9.825354713481432e-20,9.825354713481432e-20
single_9V-0p5ns,A,CS,100,1.024e-05,1.0342400000000001e-05,1.285799947163031e-10,1.2857999474205555e-10,-2.5752458914248557e-20,2.5752458914248557e-20
single_9V-0p5ns,A,CS,101,1.0342400000000001e-05,1.04448e-05,1.2858002875396525e-10,1.2858002872567622e-10,2.828903411203656e-20,2.828903411203656e-20
single_9V-0p5ns,A,CS,102,1.04448e-05,1.05472e-05,1.2858004333494656e-10,1.2858004326726747e-10,6.767909053847617e-20,6.767909053847617e-20
single_9V-0p5ns,A,CS,103,1.05472e-05,1.06496e-05,1.2858004321336712e-10,1.2858004311798738e-10,9.53797407410461e-20,9.53797407410461e-20
single_9V-0p5ns,A,CS,104,1.06496e-05,1.0752e-05,1.2858003222342909e-10,1.2858003210960224e-10,1.1382685067795603e-19,1.1382685067795603e-19
single_9V-0p5ns,A,CS,105,1.0752e-05,1.08544e-05,1.285800134357107e-10,1.2858001331095077e-10,1.2475992947861668e-19,1.2475992947861668e-19
single_9V-0p5ns,A,CS,106,1.08544e-05,1.09568e-05,1.2857998929046452e-10,1.2857998916015566e-10,1.3030886382277552e-19,1.3030886382277552e-19
single_9V-0p5ns,A,CS,107,1.09568e-05,1.10592e-05,1.2857996170769696e-10,1.2857996157609457e-10,1.3160239335504946e-19,1.3160239335504946e-19
single_9V-0p5ns,A,CS,108,1.10592e-05,1.11616e-05,1.2857993218179612e-10,1.2857993205206745e-10,1.29728674171252e-19,1.29728674171252e-19
single_9V-0p5ns,A,CS,109,1.11616e-05,1.1264000000000001e-05,1.2857990185984484e-10,1.2857990173431198e-10,1.2553285221286505e-19,1.2553285221286505e-19
single_9V-0p5ns,A,CS,110,1.1264000000000001e-05,1.13664e-05,1.2857987160704275e-10,1.2857987148756617e-10,1.1947657180987563e-19,1.1947657180987563e-19
single_9V-0p5ns,A,CS,111,1.13664e-05,1.1468800000000001e-05,1.2857984206228257e-10,1.2857984194967625e-10,1.126063198347399e-19,1.126063198347399e-19
single_9V-0p5ns,A,CS,112,1.1468800000000001e-05,1.15712e-05,1.2857981368195577e-10,1.285798135768737e-10,1.0508207818780442e-19,1.0508207818780442e-19
single_9V-0p5ns,A,CS,113,1.15712e-05,1.1673600000000001e-05,1.2857978677845616e-10,1.2857978668121656e-10,9.72396046495833e-20,9.72396046495833e-20
single_9V-0p5ns,A,CS,114,1.1673600000000001e-05,1.1776e-05,1.285797615507178e-10,1.2857976146137435e-10,8.934344191972867e-20,8.934344191972867e-20
single_9V-0p5ns,A,CS,115,1.1776e-05,1.18784e-05,1.2857973810928814e-10,1.2857973802788374e-10,8.140439504499199e-20,8.140439504499199e-20
single_9V-0p5ns,A,CS,116,1.18784e-05,1.19808e-05,1.2857971649761586e-10,1.2857971642371309e-10,7.390277161793101e-20,7.390277161793101e-20
single_9V-0p5ns,A,CS,117,1.19808e-05,1.20832e-05,1.2857969670768594e-10,1.285796966409256e-10,6.676032552247704e-20,6.676032552247704e-20
single_9V-0p5ns,A,CS,118,1.20832e-05,1.21856e-05,1.2857967869417066e-10,1.285796786341439e-10,6.002676514356569e-20,6.002676514356569e-20
single_9V-0p5ns,A,CS,119,1.21856e-05,1.2288e-05,1.2857966238500823e-10,1.2857966233126033e-10,5.3747895607617075e-20,5.3747895607617075e-20
single_9V-0p5ns,A,CS,120,1.2288e-05,1.23904e-05,1.285796476898472e-10,1.2857964764200152e-10,4.784567759371566e-20,4.784567759371566e-20
single_9V-0p5ns,A,CS,121,1.23904e-05,1.24928e-05,1.285796345071222e-10,1.28579634464591e-10,4.253119725442731e-20,4.253119725442731e-20
single_9V-0p5ns,A,CS,122,1.24928e-05,1.2595200000000001e-05,1.285796227286442e-10,1.2857962269097867e-10,3.7665539945631404e-20,3.7665539945631404e-20
single_9V-0p5ns,A,CS,123,1.2595200000000001e-05,1.26976e-05,1.2857961224406284e-10,1.2857961221080806e-10,3.325478027495138e-20,3.325478027495138e-20
single_9V-0p5ns,A,CS,124,1.26976e-05,1.2800000000000001e-05,1.285796029436976e-10,1.285796029144151e-10,2.928250387710689e-20,2.928250387710689e-20
single_9V-0p5ns,A,CS,125,1.2800000000000001e-05,1.29024e-05,1.2857959472067069e-10,1.2857959469502395e-10,2.5646734892206623e-20,2.5646734892206623e-20
single_9V-0p5ns,A,CS,126,1.29024e-05,1.3004800000000001e-05,1.2857958747277462e-10,1.2857958745031964e-10,2.245498095048834e-20,2.245498095048834e-20
single_9V-0p5ns,A,CS,127,1.3004800000000001e-05,1.31072e-05,1.2857958110310012e-10,1.2857958108349517e-10,1.9604955999331024e-20,1.9604955999331024e-20
single_9V-0p5ns,A,CS,128,1.31072e-05,1.32096e-05,1.2857957552099826e-10,1.2857957550393162e-10,1.706664889213549e-20,1.706664889213549e-20
single_9V-0p5ns,A,CS,129,1.32096e-05,1.3312e-05,1.2857957064236795e-10,1.2857957062753794e-10,1.4830004214580388e-20,1.4830004214580388e-20
single_9V-0p5ns,A,CS,130,1.3312e-05,1.34144e-05,1.285795663896856e-10,1.2857956637686882e-10,1.281677585059703e-20,1.281677585059703e-20
single_9V-0p5ns,A,CS,131,1.34144e-05,1.35168e-05,1.2857956269218308e-10,1.2857956268110494e-10,1.1078145600587135e-20,1.1078145600587135e-20
single_9V-0p5ns,A,CS,132,1.35168e-05,1.36192e-05,1.2857955948537702e-10,1.2857955947582111e-10,9.555900628942283e-21,9.555900628942283e-21
single_9V-0p5ns,A,CS,133,1.36192e-05,1.3721600000000001e-05,1.2857955671097173e-10,1.2857955670275723e-10,8.214498018716837e-21,8.214498018716837e-21
single_9V-0p5ns,A,CS,134,1.3721600000000001e-05,1.3824e-05,1.285795543164832e-10,1.2857955430943596e-10,7.047242776827946e-21,7.047242776827946e-21
single_9V-0p5ns,A,CS,135,1.3824e-05,1.3926400000000001e-05,1.2857955225486203e-10,1.285795522488367e-10,6.025338678201107e-21,6.025338678201107e-21
single_9V-0p5ns,A,CS,136,1.3926400000000001e-05,1.40288e-05,1.2857955048409724e-10,1.2857955047895913e-10,5.138109923055558e-21,5.138109923055558e-21
single_9V-0p5ns,A,CS,137,1.40288e-05,1.4131200000000001e-05,1.285795489668291e-10,1.2857954896245182e-10,4.377284705265769e-21,4.377284705265769e-21
single_9V-0p5ns,A,CS,138,1.4131200000000001e-05,1.42336e-05,1.2857954766991725e-10,1.2857954766618274e-10,3.734513670523782e-21,3.734513670523782e-21
single_9V-0p5ns,A,CS,139,1.42336e-05,1.4336000000000001e-05,1.2857954656405368e-10,1.285795465608923e-10,3.1613809036011026e-21,3.1613809036011026e-21
single_9V-0p5ns,A,CS,140,1.4336000000000001e-05,1.44384e-05,1.2857954562344946e-10,1.2857954562078788e-10,2.661582867860078e-21,2.661582867860078e-21
single_9V-0p5ns,A,CS,141,1.44384e-05,1.45408e-05,1.285795448254683e-10,1.285795448232276e-10,2.2407030324354406e-21,2.2407030324354406e-21
single_9V-0p5ns,A,CS,142,1.45408e-05,1.46432e-05,1.2857954415026013e-10,1.285795441483672e-10,1.892925283645177e-21,1.892925283645177e-21
single_9V-0p5ns,A,CS,143,1.46432e-05,1.47456e-05,1.285795435804467e-10,1.285795435788715e-10,1.5752103802423875e-21,1.5752103802423875e-21
single_9V-0p5ns,A,CS,144,1.47456e-05,1.4848e-05,1.28579543100966e-10,1.285795430996442e-10,1.321808769465596e-21,1.321808769465596e-21
single_9V-0p5ns,A,CS,145,1.4848e-05,1.49504e-05,1.2857954269865051e-10,1.285795426975496e-10,1.1009256965197953e-21,1.1009256965197953e-21
single_9V-0p5ns,A,CS,146,1.49504e-05,1.5052800000000001e-05,1.285795423621275e-10,1.2857954236122258e-10,9.0490974073887e-22,9.0490974073887e-22
single_9V-0p5ns,A,CS,147,1.5052800000000001e-05,1.51552e-05,1.285795420815721e-10,1.2857954208081802e-10,7.540785259186539e-22,7.540785259186539e-22
single_9V-0p5ns,A,CS,148,1.51552e-05,1.5257600000000001e-05,1.285795418484719e-10,1.2857954184785118e-10,6.207215015386204e-22,6.207215015386204e-22
single_9V-0p5ns,A,CS,149,1.5257600000000001e-05,1.5360000000000002e-05,1.285795416555123e-10,1.285795416550088e-10,5.03494499103371e-22,5.03494499103371e-22
single_9V-0p5ns,A,CS,150,1.5360000000000002e-05,1.54624e-05,1.2857954149642924e-10,1.2857954149601782e-10,4.1141895716856214e-22,4.1141895716856214e-22
single_9V-0p5ns,A,CS,151,1.54624e-05,1.55648e-05,1.2857954136584422e-10,1.2857954136551477e-10,3.2945052834338555e-22,3.2945052834338555e-22
single_9V-0p5ns,A,CS,152,1.55648e-05,1.56672e-05,1.2857954125916215e-10,1.285795412588971e-10,2.650338381408185e-22,2.650338381408185e-22
single_9V-0p5ns,A,CS,153,1.56672e-05,1.57696e-05,1.285795411724703e-10,1.2857954117225392e-10,2.163852783650436e-22,2.163852783650436e-22
single_9V-0p5ns,A,CS,154,1.57696e-05,1.5872e-05,1.285795411024482e-10,1.2857954110227346e-10,1.747419044018271e-22,1.747419044018271e-22
single_9V-0p5ns,A,CS,155,1.5872e-05,1.59744e-05,1.285795410462504e-10,1.2857954104611707e-10,1.3333117498589115e-22,1.3333117498589115e-22
single_9V-0p5ns,A,CS,156,1.59744e-05,1.60768e-05,1.285795410015101e-10,1.2857954100140651e-10,1.0357852232812443e-22,1.0357852232812443e-22
single_9V-0p5ns,A,CS,157,1.60768e-05,1.61792e-05,1.2857954096620944e-10,1.2857954096612457e-10,8.486356096911218e-23,8.486356096911218e-23
single_9V-0p5ns,A,CS,158,1.61792e-05,1.62816e-05,1.2857954093865235e-10,1.285795409385915e-10,6.08494738109321e-23,6.08494738109321e-23
single_9V-0p5ns,A,CS,159,1.62816e-05,1.6384e-05,1.285795409174206e-10,1.2857954091737388e-10,4.670985521510378e-23,4.670985521510378e-23
single_9V-0p5ns,A,CS,160,1.6384e-05,1.6486400000000002e-05,1.28579540901321e-10,1.2857954090128998e-10,3.101927297073854e-23,3.101927297073854e-23
single_9V-0p5ns,A,CS,161,1.6486400000000002e-05,1.65888e-05,1.2857954088936443e-10,1.2857954088934717e-10,1.7267395287044453e-23,1.7267395287044453e-23
single_9V-0p5ns,A,CS,162,1.65888e-05,1.66912e-05,1.2857954088074987e-10,1.285795408807352e-10,1.465660647867396e-23,1.465660647867396e-23
single_9V-0p5ns,A,CS,163,1.66912e-05,1.67936e-05,1.2857954087476837e-10,1.2857954087476413e-10,4.239300639334267e-24,4.239300639334267e-24
single_9V-0p5ns,A,CS,164,1.67936e-05,1.6896000000000002e-05,1.2857954087087302e-10,1.2857954087087796e-10,-4.937234281175884e-24,4.937234281175884e-24
single_9V-0p5ns,A,CS,165,1.6896000000000002e-05,1.69984e-05,1.2857954086860166e-10,1.2857954086861432e-10,-1.2666203129718236e-23,1.2666203129718236e-23
single_9V-0p5ns,A,CS,166,1.69984e-05,1.71008e-05,1.2857954086760894e-10,1.2857954086760896e-10,-2.5849394142282115e-26,2.5849394142282115e-26
single_9V-0p5ns,A,CS,167,1.71008e-05,1.72032e-05,1.285795408675383e-10,1.2857954086754646e-10,-8.168408548961148e-24,8.168408548961148e-24
single_9V-0p5ns,A,CS,168,1.72032e-05,1.73056e-05,1.2857954086817215e-10,1.2857954086818132e-10,-9.176534920510151e-24,9.176534920510151e-24
single_9V-0p5ns,A,CS,169,1.73056e-05,1.7408e-05,1.2857954086932495e-10,1.2857954086933017e-10,-5.221577616740987e-24,5.221577616740987e-24
single_9V-0p5ns,A,CS,170,1.7408e-05,1.75104e-05,1.2857954087081315e-10,1.2857954087082297e-10,-9.822769774067204e-24,9.822769774067204e-24
single_9V-0p5ns,A,CS,171,1.75104e-05,1.7612800000000002e-05,1.285795408725356e-10,1.2857954087254142e-10,-5.816113682013476e-24,5.816113682013476e-24
single_9V-0p5ns,A,CS,172,1.7612800000000002e-05,1.77152e-05,1.285795408743746e-10,1.28579540874384e-10,-9.383330073648408e-24,9.383330073648408e-24
single_9V-0p5ns,A,CS,173,1.77152e-05,1.78176e-05,1.2857954087628715e-10,1.2857954087629206e-10,-4.911384887033602e-24,4.911384887033602e-24
single_9V-0p5ns,A,CS,174,1.78176e-05,1.792e-05,1.28579540878188e-10,1.2857954087819682e-10,-8.814643402518201e-24,8.814643402518201e-24
single_9V-0p5ns,A,CS,175,1.792e-05,1.8022400000000002e-05,1.2857954088005359e-10,1.285795408800598e-10,-6.2038545941477076e-24,6.2038545941477076e-24
single_9V-0p5ns,A,CS,176,1.8022400000000002e-05,1.81248e-05,1.285795408818629e-10,1.2857954088187072e-10,-7.832366425111481e-24,7.832366425111481e-24
single_9V-0p5ns,A,CS,177,1.81248e-05,1.82272e-05,1.2857954088357694e-10,1.2857954088358495e-10,-8.013312184107456e-24,8.013312184107456e-24
single_9V-0p5ns,A,CS,178,1.82272e-05,1.83296e-05,1.2857954088519123e-10,1.2857954088519697e-10,-5.7385654995866295e-24,5.7385654995866295e-24
single_9V-0p5ns,A,CS,179,1.83296e-05,1.8432e-05,1.28579540886641e-10,1.2857954088664818e-10,-7.186131571554428e-24,7.186131571554428e-24
single_9V-0p5ns,A,CS,180,1.8432e-05,1.85344e-05,1.285795408879789e-10,1.2857954088798e-10,-1.0856745539758488e-24,1.0856745539758488e-24
single_9V-0p5ns,A,CS,181,1.85344e-05,1.86368e-05,1.2857954088922684e-10,1.285795408892344e-10,-7.57387248368866e-24,7.57387248368866e-24
single_9V-0p5ns,A,CS,182,1.86368e-05,1.8739200000000002e-05,1.2857954089037765e-10,1.2857954089037758e-10,7.754818242684634e-26,7.754818242684634e-26
single_9V-0p5ns,A,CS,183,1.8739200000000002e-05,1.88416e-05,1.2857954089138195e-10,1.2857954089138617e-10,-4.213451245191985e-24,4.213451245191985e-24
single_9V-0p5ns,A,CS,184,1.88416e-05,1.8944e-05,1.285795408923393e-10,1.285795408923396e-10,-2.8434333556510326e-25,2.8434333556510326e-25
single_9V-0p5ns,A,CS,185,1.8944e-05,1.90464e-05,1.2857954089315054e-10,1.2857954089315525e-10,-4.704589733895345e-24,4.704589733895345e-24
single_9V-0p5ns,A,CS,186,1.90464e-05,1.9148800000000002e-05,1.2857954089390276e-10,1.2857954089390723e-10,-4.471945186614806e-24,4.471945186614806e-24
single_9V-0p5ns,A,CS,187,1.9148800000000002e-05,1.92512e-05,1.285795408945752e-10,1.2857954089457828e-10,-3.0760779029315717e-24,3.0760779029315717e-24
single_9V-0p5ns,A,CS,188,1.92512e-05,1.93536e-05,1.285795408951492e-10,1.2857954089514956e-10,-3.618915179919496e-25,3.618915179919496e-25
single_9V-0p5ns,A,CS,189,1.93536e-05,1.9456e-05,1.285795408956842e-10,1.2857954089568528e-10,-1.0856745539758488e-24,1.0856745539758488e-24
single_9V-0p5ns,A,CS,190,1.9456e-05,1.9558400000000002e-05,1.2857954089615877e-10,1.2857954089615952e-10,-7.496324301261813e-25,7.496324301261813e-25
single_9V-0p5ns,A,CS,191,1.9558400000000002e-05,1.96608e-05,1.2857954089652567e-10,1.285795408965295e-10,-3.825710333057753e-24,3.825710333057753e-24
single_9V-0p5ns,A,CS,192,1.96608e-05,1.97632e-05,1.285795408968911e-10,1.2857954089688594e-10,5.169878828456423e-24,5.169878828456423e-24
single_9V-0p5ns,A,CS,193,1.97632e-05,1.9865600000000002e-05,1.2857954089721523e-10,1.2857954089722048e-10,-5.247427010883269e-24,5.247427010883269e-24
single_9V-0p5ns,A,CS,194,1.9865600000000002e-05,1.9968e-05,1.2857954089751007e-10,1.2857954089750575e-10,4.316848821761113e-24,4.316848821761113e-24
single_9V-0p5ns,A,CS,195,1.9968e-05,2e-05,4.01811065305111e-11,4.0181106530515674e-11,-4.575342763183934e-24,4.575342763183934e-24
single_12p5V-1ns,A,PCHIP,0,0.0,1.024e-07,3.157613076914527e-13,3.362989562434814e-13,-2.0537648552028706e-14,2.0537648552028706e-14
single_12p5V-1ns,A,PCHIP,1,1.024e-07,2.048e-07,2.1817568969202535e-12,2.2169982091667066e-12,-3.52413122464531e-14,3.52413122464531e-14
single_12p5V-1ns,A,PCHIP,2,2.048e-07,3.072e-07,5.587588731794365e-12,5.64043507110476e-12,-5.284633931039506e-14,5.284633931039506e-14
single_12p5V-1ns,A,PCHIP,3,3.072e-07,4.096e-07,1.0244100715327308e-11,1.0310781988255822e-11,-6.668127292851417e-14,6.668127292851417e-14
single_12p5V-1ns,A,PCHIP,4,4.096e-07,5.12e-07,1.592103210982527e-11,1.599872294129956e-11,-7.769083147428966e-14,7.769083147428966e-14
single_12p5V-1ns,A,PCHIP,5,5.12e-07,6.144e-07,2.2440134889616944e-11,2.2525649645203425e-11,-8.551475558648101e-14,8.551475558648101e-14
single_12p5V-1ns,A,PCHIP,6,6.144e-07,7.168000000000001e-07,2.9658671568528104e-11,2.97505331944175e-11,-9.186162588939455e-14,9.186162588939455e-14
single_12p5V-1ns,A,PCHIP,7,7.168000000000001e-07,8.192e-07,3.7464148308653743e-11,3.756023586232626e-11,-9.608755367251718e-14,9.608755367251718e-14
single_12p5V-1ns,A,PCHIP,8,8.192e-07,9.216e-07,4.576397794683929e-11,4.586282068254749e-11,-9.884273570820358e-14,9.884273570820358e-14
single_12p5V-1ns,A,PCHIP,9,9.216e-07,1.024e-06,5.4482422009481265e-11,5.45831973169586e-11,-1.007753074773347e-13,1.007753074773347e-13
single_12p5V-1ns,A,PCHIP,10,1.024e-06,1.1264000000000001e-06,6.355961714296159e-11,6.36605559175971e-11,-1.0093877463550564e-13,1.0093877463550564e-13
single_12p5V-1ns,A,PCHIP,11,1.1264000000000001e-06,1.2288e-06,7.294612601940441e-11,7.304723203346609e-11,-1.0110601406167972e-13,1.0110601406167972e-13
single_12p5V-1ns,A,PCHIP,12,1.2288e-06,1.3312e-06,8.260857279535785e-11,8.27088440396471e-11,-1.0027124428924668e-13,1.0027124428924668e-13
single_12p5V-1ns,A,PCHIP,13,1.3312e-06,1.4336000000000001e-06,9.252673812987217e-11,9.262574627481881e-11,-9.900814494663988e-14,9.900814494663988e-14
single_12p5V-1ns,A,PCHIP,14,1.4336000000000001e-06,1.536e-06,1.026982163132679e-10,1.0279608898272596e-10,-9.78726694580569e-14,9.78726694580569e-14
single_12p5V-1ns,A,PCHIP,15,1.536e-06,1.6384e-06,1.1314524289314731e-10,1.13241159362461e-10,-9.59164693136897e-14,9.59164693136897e-14
single_12p5V-1ns,A,PCHIP,16,1.6384e-06,1.7408000000000001e-06,1.239194936871512e-10,1.2401438178456673e-10,-9.48880974155363e-14,9.48880974155363e-14
single_12p5V-1ns,A,PCHIP,17,1.7408000000000001e-06,1.8432e-06,1.3512283040443558e-10,1.3521681195968644e-10,-9.398155525086746e-14,9.398155525086746e-14
single_12p5V-1ns,A,PCHIP,18,1.8432e-06,1.9456e-06,1.469311961555293e-10,1.470252628737986e-10,-9.406671826928704e-14,9.406671826928704e-14
single_12p5V-1ns,A,PCHIP,19,1.9456e-06,2.048e-06,1.5965105665529752e-10,1.597474608590809e-10,-9.640420378338546e-14,9.640420378338546e-14
single_12p5V-1ns,A,PCHIP,20,2.048e-06,2.1504e-06,1.738402632836324e-10,1.7394194817522742e-10,-1.0168489159502267e-13,1.0168489159502267e-13
single_12p5V-1ns,A,PCHIP,21,2.1504e-06,2.2528000000000003e-06,1.9060168142482616e-10,1.9071779401870273e-10,-1.1611259387656962e-13,1.1611259387656962e-13
single_12p5V-1ns,A,PCHIP,22,2.2528000000000003e-06,2.3552e-06,2.1249715651052996e-10,2.12652702672222e-10,-1.55546161692048e-13,1.55546161692048e-13
single_12p5V-1ns,A,PCHIP,23,2.3552e-06,2.4576e-06,2.474388642992054e-10,2.4774188497393346e-10,-3.030206747280721e-13,3.030206747280721e-13
single_12p5V-1ns,A,PCHIP,24,2.4576e-06,2.56e-06,3.4654561354248115e-10,3.474075288250711e-10,-8.619152825899562e-13,8.619152825899562e-13
single_12p5V-1ns,A,PCHIP,25,2.56e-06,2.6624e-06,2.481581556745171e-09,2.494116277794183e-09,-1.253472104901235e-11,1.253472104901235e-11
single_12p5V-1ns,A,PCHIP,26,2.6624e-06,2.7648e-06,1.7226934991598513e-09,1.7173414060934705e-09,5.352093066380856e-12,5.352093066380856e-12
single_12p5V-1ns,A,PCHIP,27,2.7648e-06,2.8672000000000003e-06,7.54745991694841e-10,7.53176093606392e-10,1.5698980884489819e-12,1.5698980884489819e-12
single_12p5V-1ns,A,PCHIP,28,2.8672000000000003e-06,2.9696e-06,3.9418715407070167e-10,3.9354817948436007e-10,6.389745863416001e-13,6.389745863416001e-13
single_12p5V-1ns,A,PCHIP,29,2.9696e-06,3.072e-06,2.4702058243516264e-10,2.467369058297008e-10,2.8367660546182907e-13,2.8367660546182907e-13
single_12p5V-1ns,A,PCHIP,30,3.072e-06,3.1744e-06,1.8140105605346348e-10,1.8128707502781552e-10,1.139810256479539e-13,1.139810256479539e-13
single_12p5V-1ns,A,PCHIP,31,3.1744e-06,3.2768e-06,1.490664990602012e-10,1.4922456108769905e-10,-1.5806202749784411e-13,1.5806202749784411e-13
single_12p5V-1ns,A,PCHIP,32,3.2768e-06,3.3792e-06,1.2853284922940725e-10,1.278139937236835e-10,7.188555057237411e-13,7.188555057237411e-13
single_12p5V-1ns,A,PCHIP,33,3.3792e-06,3.4816000000000003e-06,1.0177297447430155e-10,1.0161370842894187e-10,1.5926604535968209e-13,1.5926604535968209e-13
single_12p5V-1ns,A,PCHIP,34,3.4816000000000003e-06,3.5840000000000003e-06,7.072710378038264e-11,7.065281306401474e-11,7.429071636789259e-14,7.429071636789259e-14
single_12p5V-1ns,A,PCHIP,35,3.5840000000000003e-06,3.6864e-06,4.862073465383037e-11,4.863559599579527e-11,-1.4861341964901796e-14,1.4861341964901796e-14
single_12p5V-1ns,A,PCHIP,36,3.6864e-06,3.7888e-06,3.973238135083193e-11,3.9764504120507635e-11,-3.212276967570381e-14,3.212276967570381e-14
single_12p5V-1ns,A,PCHIP,37,3.7888e-06,3.8912e-06,3.928135495471099e-11,3.9330806295303616e-11,-4.9451340592627494e-14,4.9451340592627494e-14
single_12p5V-1ns,A,PCHIP,38,3.8912e-06,3.9936e-06,4.3453956122867726e-11,4.352098062770195e-11,-6.702450483422205e-14,6.702450483422205e-14
single_12p5V-1ns,A,PCHIP,39,3.9936e-06,4.096e-06,5.061849822129126e-11,5.070070694008814e-11,-8.220871879687806e-14,8.220871879687806e-14
single_12p5V-1ns,A,PCHIP,40,4.096e-06,4.1984e-06,6.035269504752195e-11,6.044947060376246e-11,-9.677555624050881e-14,9.677555624050881e-14
single_12p5V-1ns,A,PCHIP,41,4.1984e-06,4.3008e-06,7.181445989444079e-11,7.191366917591369e-11,-9.920928147289663e-14,9.920928147289663e-14
single_12p5V-1ns,A,PCHIP,42,4.3008e-06,4.4032000000000005e-06,8.39835764664413e-11,8.408522830163985e-11,-1.0165183519854678e-13,1.0165183519854678e-13
single_12p5V-1ns,A,PCHIP,43,4.4032000000000005e-06,4.5056000000000005e-06,9.683728459014188e-11,9.694033974375914e-11,-1.0305515361725374e-13,1.0305515361725374e-13
single_12p5V-1ns,A,PCHIP,44,4.5056000000000005e-06,4.608e-06,1.1033623339700194e-10,1.104404639852246e-10,-1.0423058822265191e-13,1.0423058822265191e-13
single_12p5V-1ns,A,PCHIP,45,4.608e-06,4.7104e-06,1.2449296463026355e-10,1.2459735108743554e-10,-1.043864571719876e-13,1.043864571719876e-13
single_12p5V-1ns,A,PCHIP,46,4.7104e-06,4.8128e-06,1.3939632019732399e-10,1.3950202714286575e-10,-1.0570694554176006e-13,1.0570694554176006e-13
single_12p5V-1ns,A,PCHIP,47,4.8128e-06,4.9152e-06,1.55260938552805e-10,1.5536871246684275e-10,-1.07773914037744e-13,1.07773914037744e-13
single_12p5V-1ns,A,PCHIP,48,4.9152e-06,5.0176e-06,1.7250687626074805e-10,1.726192525519783e-10,-1.1237629123024918e-13,1.1237629123024918e-13
single_12p5V-1ns,A,PCHIP,49,5.0176e-06,5.12e-06,1.9195379743779393e-10,1.9207669708152482e-10,-1.228996437308955e-13,1.228996437308955e-13
single_12p5V-1ns,A,PCHIP,50,5.12e-06,5.2224e-06,2.1534638280435043e-10,2.1549205576784434e-10,-1.456729634939062e-13,1.456729634939062e-13
single_12p5V-1ns,A,PCHIP,51,5.2224e-06,5.3248e-06,2.47162741588862e-10,2.473805148333068e-10,-2.1777324444479642e-13,2.1777324444479642e-13
single_12p5V-1ns,A,PCHIP,52,5.3248e-06,5.4272e-06,3.048738377848533e-10,3.052723791772593e-10,-3.9854139240602763e-13,3.9854139240602763e-13
single_12p5V-1ns,A,PCHIP,53,5.4272e-06,5.5296e-06,9.074664304237998e-10,9.206428840202435e-10,-1.3176453596443739e-11,1.3176453596443739e-11
single_12p5V-1ns,A,PCHIP,54,5.5296e-06,5.6320000000000005e-06,2.050368371493128e-09,2.0430478663399815e-09,7.320505153146294e-12,7.320505153146294e-12
single_12p5V-1ns,A,PCHIP,55,5.6320000000000005e-06,5.7344000000000005e-06,8.724943200067506e-10,8.706119939635076e-10,1.8823260432429953e-12,1.8823260432429953e-12
single_12p5V-1ns,A,PCHIP,56,5.7344000000000005e-06,5.836800000000001e-06,4.4000030476066857e-10,4.392456579251077e-10,7.546468355608609e-13,7.546468355608609e-13
single_12p5V-1ns,A,PCHIP,57,5.836800000000001e-06,5.9392e-06,2.665375053690614e-10,2.662096238309518e-10,3.2788153810962816e-13,3.2788153810962816e-13
single_12p5V-1ns,A,PCHIP,58,5.9392e-06,6.0416e-06,1.9037314602427277e-10,1.9024766573598832e-10,1.2548028828444283e-13,1.2548028828444283e-13
single_12p5V-1ns,A,PCHIP,59,6.0416e-06,6.144e-06,1.5304057414163263e-10,1.5325014563681214e-10,-2.0957149517950799e-13,2.0957149517950799e-13
single_12p5V-1ns,A,PCHIP,60,6.144e-06,6.2464e-06,1.293308039221161e-10,1.2842439135577091e-10,9.06412566345178e-13,9.06412566345178e-13
single_12p5V-1ns,A,PCHIP,61,6.2464e-06,6.3488e-06,9.979698491480574e-11,9.972190013942007e-11,7.50847753856714e-14,7.50847753856714e-14
single_12p5V-1ns,A,PCHIP,62,6.3488e-06,6.4512e-06,6.856723683608392e-11,6.851094717547828e-11,5.6289660605637816e-14,5.6289660605637816e-14
single_12p5V-1ns,A,PCHIP,63,6.4512e-06,6.5536e-06,4.769271450964533e-11,4.7708960816786736e-11,-1.6246307141403982e-14,1.6246307141403982e-14
single_12p5V-1ns,A,PCHIP,64,6.5536e-06,6.656e-06,3.980198316290378e-11,3.98350234810367e-11,-3.304031813291641e-14,3.304031813291641e-14
single_12p5V-1ns,A,PCHIP,65,6.656e-06,6.7584e-06,3.9897917467810644e-11,3.9948938654084025e-11,-5.1021186273381016e-14,5.1021186273381016e-14
single_12p5V-1ns,A,PCHIP,66,6.7584e-06,6.8608000000000004e-06,4.440489270268187e-11,4.4473564329775525e-11,-6.867162709365641e-14,6.867162709365641e-14
single_12p5V-1ns,A,PCHIP,67,6.8608000000000004e-06,6.9632000000000005e-06,5.184516253440667e-11,5.192862759130492e-11,-8.346505689824992e-14,8.346505689824992e-14
single_12p5V-1ns,A,PCHIP,68,6.9632000000000005e-06,7.065600000000001e-06,6.186920435413969e-11,6.196735253991983e-11,-9.814818578013409e-14,9.814818578013409e-14
single_12p5V-1ns,A,PCHIP,69,7.065600000000001e-06,7.168000000000001e-06,7.34887172679642e-11,7.35883728110435e-11,-9.965554307929794e-14,9.965554307929794e-14
single_12p5V-1ns,A,PCHIP,70,7.168000000000001e-06,7.2704e-06,8.57751386657815e-11,8.587678482707096e-11,-1.0164616128945175e-13,1.0164616128945175e-13
single_12p5V-1ns,A,PCHIP,71,7.2704e-06,7.3728e-06,9.874247210869457e-11,9.884583897376816e-11,-1.0336686507358466e-13,1.0336686507358466e-13
single_12p5V-1ns,A,PCHIP,72,7.3728e-06,7.4752e-06,1.1235774415980641e-10,1.1246184679803304e-10,-1.0410263822662833e-13,1.0410263822662833e-13
single_12p5V-1ns,A,PCHIP,73,7.4752e-06,7.5776e-06,1.2664058140583756e-10,1.267452779157751e-10,-1.0469650993753962e-13,1.0469650993753962e-13
single_12p5V-1ns,A,PCHIP,74,7.5776e-06,7.680000000000001e-06,1.416952550623236e-10,1.4180140137480173e-10,-1.0614631247812475e-13,1.0614631247812475e-13
single_12p5V-1ns,A,PCHIP,75,7.680000000000001e-06,7.7824e-06,1.5776023301215007e-10,1.5786831010300695e-10,-1.0807709085688029e-13,1.0807709085688029e-13
single_12p5V-1ns,A,PCHIP,76,7.7824e-06,7.8848e-06,1.7529810256596476e-10,1.7541179813571406e-10,-1.1369556974929504e-13,1.1369556974929504e-13
single_12p5V-1ns,A,PCHIP,77,7.8848e-06,7.9872e-06,1.952230772575249e-10,1.953481244012672e-10,-1.250471437422972e-13,1.250471437422972e-13
single_12p5V-1ns,A,PCHIP,78,7.9872e-06,8.0896e-06,2.195170486748892e-10,2.196689147548762e-10,-1.5186607998699396e-13,1.5186607998699396e-13
single_12p5V-1ns,A,PCHIP,79,8.0896e-06,8.192e-06,2.5348813476124164e-10,2.53733155761263e-10,-2.450210000213652e-13,2.450210000213652e-13
single_12p5V-1ns,A,PCHIP,80,8.192e-06,8.2944e-06,3.201874620762773e-10,3.2065309833004356e-10,-4.656362537662816e-13,4.656362537662816e-13
single_12p5V-1ns,A,PCHIP,81,8.2944e-06,8.3968e-06,1.2915486454431558e-09,1.3038211997321621e-09,-1.2272554289006322e-11,1.2272554289006322e-11
single_12p5V-1ns,A,PCHIP,82,8.3968e-06,8.4992e-06,1.7832968611671377e-09,1.7764407703613332e-09,6.856090805804476e-12,6.856090805804476e-12
single_12p5V-1ns,A,PCHIP,83,8.4992e-06,8.6016e-06,7.760708385295086e-10,7.744449050374553e-10,1.625933492053373e-12,1.625933492053373e-12
single_12p5V-1ns,A,PCHIP,84,8.6016e-06,8.704e-06,4.025457976701016e-10,4.0188456732113144e-10,6.612303489701555e-13,6.612303489701555e-13
single_12p5V-1ns,A,PCHIP,85,8.704e-06,8.806400000000001e-06,2.5059962062631604e-10,2.503110494258912e-10,2.8857120042481756e-13,2.8857120042481756e-13
single_12p5V-1ns,A,PCHIP,86,8.806400000000001e-06,8.9088e-06,1.8295779087095996e-10,1.8286104123124726e-10,9.67496397126982e-14,9.67496397126982e-14
single_12p5V-1ns,A,PCHIP,87,8.9088e-06,9.011200000000001e-06,1.4896427435344047e-10,1.491443578756855e-10,-1.8008352224502508e-13,1.8008352224502508e-13
single_12p5V-1ns,A,PCHIP,88,9.011200000000001e-06,9.1136e-06,1.2535135498531796e-10,1.244416558643502e-10,9.096991209677594e-13,9.096991209677594e-13
single_12p5V-1ns,A,PCHIP,89,9.1136e-06,9.216e-06,9.475097531118654e-11,9.469303030677668e-11,5.794500440986192e-14,5.794500440986192e-14
single_12p5V-1ns,A,PCHIP,90,9.216e-06,9.3184e-06,6.437409603177563e-11,6.433581560555707e-11,3.8280426218558976e-14,3.8280426218558976e-14
single_12p5V-1ns,A,PCHIP,91,9.3184e-06,9.4208e-06,4.571818130676267e-11,4.573800867940694e-11,-1.9827372644265575e-14,1.9827372644265575e-14
single_12p5V-1ns,A,PCHIP,92,9.4208e-06,9.5232e-06,3.9416368652265364e-11,3.9451969990991276e-11,-3.56013387259123e-14,3.56013387259123e-14
single_12p5V-1ns,A,PCHIP,93,9.5232e-06,9.6256e-06,4.037158710456716e-11,4.042555777222658e-11,-5.397066765941952e-14,5.397066765941952e-14
single_12p5V-1ns,A,PCHIP,94,9.6256e-06,9.728e-06,4.5396398968157826e-11,4.546765716408996e-11,-7.125819593213457e-14,7.125819593213457e-14
single_12p5V-1ns,A,PCHIP,95,9.728e-06,9.8304e-06,5.3245799553131134e-11,5.333138199440189e-11,-8.558244127075403e-14,8.558244127075403e-14
single_12p5V-1ns,A,PCHIP,96,9.8304e-06,9.932800000000001e-06,6.36392245518655e-11,6.373837576409593e-11,-9.91512122304271e-14,9.91512122304271e-14
single_12p5V-1ns,A,PCHIP,97,9.932800000000001e-06,1.00352e-05,7.537504510993262e-11,7.547492484141208e-11,-9.987973147946651e-14,9.987973147946651e-14
single_12p5V-1ns,A,PCHIP,98,1.00352e-05,1.0137600000000001e-05,8.777317668668168e-11,8.787525828372556e-11,-1.0208159704388067e-13,1.0208159704388067e-13
single_12p5V-1ns,A,PCHIP,99,1.0137600000000001e-05,1.024e-05,1.0084484011399809e-10,1.0094852651675053e-10,-1.0368640275244377e-13,1.0368640275244377e-13
single_12p5V-1ns,A,PCHIP,100,1.024e-05,1.0342400000000001e-05,1.1456384862506757e-10,1.1466781175478606e-10,-1.039631297184879e-13,1.039631297184879e-13
single_12p5V-1ns,A,PCHIP,101,1.0342400000000001e-05,1.04448e-05,1.2895965056265064e-10,1.290646427616605e-10,-1.0499219900987571e-13,1.0499219900987571e-13
single_12p5V-1ns,A,PCHIP,102,1.04448e-05,1.05472e-05,1.4415515182370063e-10,1.4426132015177184e-10,-1.0616832807120285e-13,1.0616832807120285e-13
single_12p5V-1ns,A,PCHIP,103,1.05472e-05,1.06496e-05,1.6041484521900813e-10,1.6052368122788004e-10,-1.0883600887191302e-13,1.0883600887191302e-13
single_12p5V-1ns,A,PCHIP,104,1.06496e-05,1.0752e-05,1.7825336637524296e-10,1.7836851981744845e-10,-1.1515344220549076e-13,1.1515344220549076e-13
single_12p5V-1ns,A,PCHIP,105,1.0752e-05,1.08544e-05,1.9869479673117158e-10,1.9882236489277098e-10,-1.2756816159939598e-13,1.2756816159939598e-13
single_12p5V-1ns,A,PCHIP,106,1.08544e-05,1.09568e-05,2.2401299414894777e-10,2.2417239966792157e-10,-1.594055189738029e-13,1.594055189738029e-13
single_12p5V-1ns,A,PCHIP,107,1.09568e-05,1.10592e-05,2.606154194568485e-10,2.6088696986000693e-10,-2.7155040315843995e-13,2.7155040315843995e-13
single_12p5V-1ns,A,PCHIP,108,1.10592e-05,1.11616e-05,3.402817750182761e-10,3.40895056466371e-10,-6.132814480949425e-13,6.132814480949425e-13
single_12p5V-1ns,A,PCHIP,109,1.11616e-05,1.1264000000000001e-05,1.626299817627422e-09,1.6377682103672745e-09,-1.1468392739852586e-11,1.1468392739852586e-11
single_12p5V-1ns,A,PCHIP,110,1.1264000000000001e-05,1.13664e-05,1.547633576593687e-09,1.5419457949460457e-09,5.687781647641255e-12,5.687781647641255e-12
single_12p5V-1ns,A,PCHIP,111,1.13664e-05,1.1468800000000001e-05,6.911356885526744e-10,6.897321161979363e-10,1.4035723547381475e-12,1.4035723547381475e-12
single_12p5V-1ns,A,PCHIP,112,1.1468800000000001e-05,1.15712e-05,3.690798480479448e-10,3.6850288157669933e-10,5.769664712454471e-13,5.769664712454471e-13
single_12p5V-1ns,A,PCHIP,113,1.15712e-05,1.1673600000000001e-05,2.361627348677473e-10,2.359088326866968e-10,2.539021810504647e-13,2.539021810504647e-13
single_12p5V-1ns,A,PCHIP,114,1.1673600000000001e-05,1.1776e-05,1.7612983046225862e-10,1.7606515029339964e-10,6.468016885898103e-14,6.468016885898103e-14
single_12p5V-1ns,A,PCHIP,115,1.1776e-05,1.18784e-05,1.4509603507574947e-10,1.451457132854265e-10,-4.967820967702202e-14,4.967820967702202e-14
single_12p5V-1ns,A,PCHIP,116,1.18784e-05,1.19808e-05,1.209824575581114e-10,1.2021702865035394e-10,7.654289077574505e-13,7.654289077574505e-13
single_12p5V-1ns,A,PCHIP,117,1.19808e-05,1.20832e-05,8.964963746310071e-11,8.956022002557278e-11,8.941743752793347e-14,8.941743752793347e-14
single_12p5V-1ns,A,PCHIP,118,1.20832e-05,1.21856e-05,6.046010053561522e-11,6.043737270730778e-11,2.2727828307446744e-14,2.2727828307446744e-14
single_12p5V-1ns,A,PCHIP,119,1.21856e-05,1.2288e-05,4.4032107184008534e-11,4.4054835042779266e-11,-2.2727858770731558e-14,2.2727858770731558e-14
single_12p5V-1ns,A,PCHIP,120,1.2288e-05,1.23904e-05,3.919710347950256e-11,3.923544401754853e-11,-3.8340538045974266e-14,3.8340538045974266e-14
single_12p5V-1ns,A,PCHIP,121,1.23904e-05,1.24928e-05,4.094447796407012e-11,4.100141632886455e-11,-5.693836479443163e-14,5.693836479443163e-14
single_12p5V-1ns,A,PCHIP,122,1.24928e-05,1.2595200000000001e-05,4.646431218629273e-11,4.653783029959126e-11,-7.351811329853544e-14,7.351811329853544e-14
single_12p5V-1ns,A,PCHIP,123,1.2595200000000001e-05,1.26976e-05,5.472272151677618e-11,5.481086775569152e-11,-8.814623891533797e-14,8.814623891533797e-14
single_12p5V-1ns,A,PCHIP,124,1.26976e-05,1.2800000000000001e-05,6.545420286038462e-11,6.555376129449675e-11,-9.95584341121226e-14,9.95584341121226e-14
single_12p5V-1ns,A,PCHIP,125,1.2800000000000001e-05,1.29024e-05,7.728874779502684e-11,7.738884497102988e-11,-1.0009717600303438e-13,1.0009717600303438e-13
single_12p5V-1ns,A,PCHIP,126,1.29024e-05,1.3004800000000001e-05,8.979651397672537e-11,8.989900874670748e-11,-1.0249476998211705e-13,1.0249476998211705e-13
single_12p5V-1ns,A,PCHIP,127,1.3004800000000001e-05,1.31072e-05,1.029714503559718e-10,1.0307503954766759e-10,-1.0358919169578753e-13,1.0358919169578753e-13
single_12p5V-1ns,A,PCHIP,128,1.31072e-05,1.32096e-05,1.167932461839967e-10,1.168974744613414e-10,-1.0422827734470531e-13,1.0422827734470531e-13
single_12p5V-1ns,A,PCHIP,129,1.32096e-05,1.3312e-05,1.313044441668818e-10,1.3140974370843747e-10,-1.0529954155565816e-13,1.0529954155565816e-13
single_12p5V-1ns,A,PCHIP,130,1.3312e-05,1.34144e-05,1.4664627120941523e-10,1.467524950448874e-10,-1.0622383547217816e-13,1.0622383547217816e-13
single_12p5V-1ns,A,PCHIP,131,1.34144e-05,1.35168e-05,1.63112212347959e-10,1.632218862656294e-10,-1.0967391767039633e-13,1.0967391767039633e-13
single_12p5V-1ns,A,PCHIP,132,1.35168e-05,1.36192e-05,1.8127539991209384e-10,1.813917129815288e-10,-1.1631306943496844e-13,1.1631306943496844e-13
single_12p5V-1ns,A,PCHIP,133,1.36192e-05,1.3721600000000001e-05,2.02284455127469e-10,2.0241542816607174e-10,-1.3097303860275165e-13,1.3097303860275165e-13
single_12p5V-1ns,A,PCHIP,134,1.3721600000000001e-05,1.3824e-05,2.2876653842832049e-10,2.2893502976582967e-10,-1.6849133750917955e-13,1.6849133750917955e-13
single_12p5V-1ns,A,PCHIP,135,1.3824e-05,1.3926400000000001e-05,2.6856861912729466e-10,2.6885554479926596e-10,-2.8692567197129414e-13,2.8692567197129414e-13
single_12p5V-1ns,A,PCHIP,136,1.3926400000000001e-05,1.40288e-05,3.6773896763569176e-10,3.686672022764905e-10,-9.28234640798744e-13,9.28234640798744e-13
single_12p5V-1ns,A,PCHIP,137,1.40288e-05,1.4131200000000001e-05,1.8971012951948797e-09,1.9077112388327923e-09,-1.0609943637912591e-11,1.0609943637912591e-11
single_12p5V-1ns,A,PCHIP,138,1.4131200000000001e-05,1.42336e-05,1.347704835329739e-09,1.3431744296612124e-09,4.5304056685265736e-12,4.5304056685265736e-12
single_12p5V-1ns,A,PCHIP,139,1.42336e-05,1.4336000000000001e-05,6.18220639260585e-10,6.170073336656016e-10,1.2133055949834437e-12,1.2133055949834437e-12
single_12p5V-1ns,A,PCHIP,140,1.4336000000000001e-05,1.44384e-05,3.399310289522708e-10,3.394270082712936e-10,5.040206809771814e-13,5.040206809771814e-13
single_12p5V-1ns,A,PCHIP,141,1.44384e-05,1.45408e-05,2.234124251239559e-10,2.231902861536288e-10,2.2213897032709346e-13,2.2213897032709346e-13
single_12p5V-1ns,A,PCHIP,142,1.45408e-05,1.46432e-05,1.699820256916839e-10,1.6995441326907397e-10,2.7612422609925746e-14,2.7612422609925746e-14
single_12p5V-1ns,A,PCHIP,143,1.46432e-05,1.47456e-05,1.4138492581052342e-10,1.4127967567627922e-10,1.052501342441996e-13,1.052501342441996e-13
single_12p5V-1ns,A,PCHIP,144,1.47456e-05,1.4848e-05,1.1642433122375445e-10,1.1579835319603633e-10,6.259780277181181e-13,6.259780277181181e-13
single_12p5V-1ns,A,PCHIP,145,1.4848e-05,1.49504e-05,8.455388108005177e-11,8.445625921514269e-11,9.762186490907791e-14,9.762186490907791e-14
single_12p5V-1ns,A,PCHIP,146,1.49504e-05,1.5052800000000001e-05,5.690342752852069e-11,5.689379631105927e-11,9.631217461422976e-15,9.631217461422976e-15
single_12p5V-1ns,A,PCHIP,147,1.5052800000000001e-05,1.51552e-05,4.2639180344345117e-11,4.2664441296247953e-11,-2.526095190283689e-14,2.526095190283689e-14
single_12p5V-1ns,A,PCHIP,148,1.51552e-05,1.5257600000000001e-05,3.913635593199593e-11,3.917753559232961e-11,-4.1179660333684495e-14,4.1179660333684495e-14
single_12p5V-1ns,A,PCHIP,149,1.5257600000000001e-05,1.5360000000000002e-05,4.160808437010832e-11,4.1667953859419716e-11,-5.986948931139502e-14,5.986948931139502e-14
single_12p5V-1ns,A,PCHIP,150,1.5360000000000002e-05,1.54624e-05,4.759879947323929e-11,4.7674507038350826e-11,-7.570756511153652e-14,7.570756511153652e-14
single_12p5V-1ns,A,PCHIP,151,1.54624e-05,1.55648e-05,5.626526758012285e-11,5.635611523012363e-11,-9.084765000078156e-14,9.084765000078156e-14
single_12p5V-1ns,A,PCHIP,152,1.55648e-05,1.56672e-05,6.729200330445932e-11,6.739119281225382e-11,-9.918950779450253e-14,9.918950779450253e-14
single_12p5V-1ns,A,PCHIP,153,1.56672e-05,1.57696e-05,7.922002094980807e-11,7.932070165465402e-11,-1.0068070484594748e-13,1.0068070484594748e-13
single_12p5V-1ns,A,PCHIP,154,1.57696e-05,1.5872e-05,9.183634678312524e-11,9.193923326324268e-11,-1.0288648011743502e-13,1.0288648011743502e-13
single_12p5V-1ns,A,PCHIP,155,1.5872e-05,1.59744e-05,1.0511399887201577e-10,1.0521747776808066e-10,-1.0347889606488862e-13,1.0347889606488862e-13
single_12p5V-1ns,A,PCHIP,156,1.59744e-05,1.60768e-05,1.1903957738964766e-10,1.191440706498029e-10,-1.0449326015523736e-13,1.0449326015523736e-13
single_12p5V-1ns,A,PCHIP,157,1.60768e-05,1.61792e-05,1.3366996020510726e-10,1.3377517231685844e-10,-1.0521211175118518e-13,1.0521211175118518e-13
single_12p5V-1ns,A,PCHIP,158,1.61792e-05,1.62816e-05,1.491644294548866e-10,1.4927116365224238e-10,-1.0673419735578337e-13,1.0673419735578337e-13
single_12p5V-1ns,A,PCHIP,159,1.62816e-05,1.6384e-05,1.6585077662958064e-10,1.6596138063833472e-10,-1.1060400875407811e-13,1.1060400875407811e-13
single_12p5V-1ns,A,PCHIP,160,1.6384e-05,1.6486400000000002e-05,1.84365856333738e-10,1.8448351661896065e-10,-1.1766028522264322e-13,1.1766028522264322e-13
single_12p5V-1ns,A,PCHIP,161,1.6486400000000002e-05,1.65888e-05,2.0600289330351952e-10,2.061377793437598e-10,-1.348860402402884e-13,1.348860402402884e-13
single_12p5V-1ns,A,PCHIP,162,1.65888e-05,1.66912e-05,2.3381662948780507e-10,2.339954369187209e-10,-1.7880743091584574e-13,1.7880743091584574e-13
single_12p5V-1ns,A,PCHIP,163,1.66912e-05,1.67936e-05,2.775472521515564e-10,2.7785573391012914e-10,-3.0848175857271985e-13,3.0848175857271985e-13
single_12p5V-1ns,A,PCHIP,164,1.67936e-05,1.6896000000000002e-05,4.1001053013010155e-10,4.116438887970392e-10,-1.6333586669376445e-12,1.6333586669376445e-12
single_12p5V-1ns,A,PCHIP,165,1.6896000000000002e-05,1.69984e-05,2.1047307850311476e-09,2.1136750068905855e-09,-8.944221859437862e-12,8.944221859437862e-12
single_12p5V-1ns,A,PCHIP,166,1.69984e-05,1.71008e-05,1.178027512255038e-09,1.1745498526173585e-09,3.4776596376795795e-12,3.4776596376795795e-12
single_12p5V-1ns,A,PCHIP,167,1.71008e-05,1.72032e-05,5.555327964933227e-10,5.544844787449672e-10,1.048317748355512e-12,1.048317748355512e-12
single_12p5V-1ns,A,PCHIP,168,1.72032e-05,1.73056e-05,3.1450786566364916e-10,3.140644884069656e-10,4.433772566835839e-13,4.433772566835839e-13
single_12p5V-1ns,A,PCHIP,169,1.73056e-05,1.7408e-05,2.1213630623862597e-10,2.1194387625263692e-10,1.9242998598905506e-13,1.9242998598905506e-13
single_12p5V-1ns,A,PCHIP,170,1.7408e-05,1.75104e-05,1.6441531052978062e-10,1.644328616576364e-10,-1.755112785578725e-14,1.755112785578725e-14
single_12p5V-1ns,A,PCHIP,171,1.75104e-05,1.7612800000000002e-05,1.3776511536445008e-10,1.3747467048105108e-10,2.904448833989905e-13,2.904448833989905e-13
single_12p5V-1ns,A,PCHIP,172,1.7612800000000002e-05,1.77152e-05,1.1166149844811143e-10,1.1118243171493711e-10,4.790667331743131e-13,4.790667331743131e-13
single_12p5V-1ns,A,PCHIP,173,1.77152e-05,1.78176e-05,7.95441804803004e-11,7.945143968797284e-11,9.27407923275528e-14,9.27407923275528e-14
single_12p5V-1ns,A,PCHIP,174,1.78176e-05,1.792e-05,5.371642580723912e-11,5.371722541217752e-11,-7.996049384002584e-16,7.996049384002584e-16
single_12p5V-1ns,A,PCHIP,175,1.792e-05,1.8022400000000002e-05,4.1515384938367827e-11,4.1543014374901487e-11,-2.7629436533660015e-14,2.7629436533660015e-14
single_12p5V-1ns,A,PCHIP,176,1.8022400000000002e-05,1.81248e-05,3.921924808510996e-11,3.92634004633879e-11,-4.415237827793999e-14,4.415237827793999e-14
single_12p5V-1ns,A,PCHIP,177,1.81248e-05,1.82272e-05,4.235675160565142e-11,4.2419245527566525e-11,-6.249392191510292e-14,6.249392191510292e-14
single_12p5V-1ns,A,PCHIP,178,1.82272e-05,1.83296e-05,4.8798159820125e-11,4.8876273627905996e-11,-7.811380778099533e-14,7.811380778099533e-14
single_12p5V-1ns,A,PCHIP,179,1.83296e-05,1.8432e-05,5.7874993913472e-11,5.796870970780497e-11,-9.371579433296879e-14,9.371579433296879e-14
single_12p5V-1ns,A,PCHIP,180,1.8432e-05,1.85344e-05,6.914334858715035e-11,6.924197467577391e-11,-9.862608862356221e-14,9.862608862356221e-14
single_12p5V-1ns,A,PCHIP,181,1.85344e-05,1.86368e-05,8.116893796033342e-11,8.127016283660507e-11,-1.0122487627164987e-13,1.0122487627164987e-13
single_12p5V-1ns,A,PCHIP,182,1.86368e-05,1.8739200000000002e-05,9.389284397444905e-11,9.39957031939686e-11,-1.0285921951955058e-13,1.0285921951955058e-13
single_12p5V-1ns,A,PCHIP,183,1.8739200000000002e-05,1.88416e-05,1.0727204906268746e-10,1.0737581436462562e-10,-1.0376530193815262e-13,1.0376530193815262e-13
single_12p5V-1ns,A,PCHIP,184,1.88416e-05,1.8944e-05,1.2130312828838502e-10,1.214078888301247e-10,-1.0476054173967259e-13,1.0476054173967259e-13
single_12p5V-1ns,A,PCHIP,185,1.8944e-05,1.90464e-05,1.3605655657927616e-10,1.3616170013625394e-10,-1.0514355697778194e-13,1.0514355697778194e-13
single_12p5V-1ns,A,PCHIP,186,1.90464e-05,1.9148800000000002e-05,1.5171160381912937e-10,1.5181889695042588e-10,-1.0729313129651238e-13,1.0729313129651238e-13
single_12p5V-1ns,A,PCHIP,187,1.9148800000000002e-05,1.92512e-05,1.6863405188082504e-10,1.687452441237493e-10,-1.1119224292426002e-13,1.1119224292426002e-13
single_12p5V-1ns,A,PCHIP,188,1.92512e-05,1.93536e-05,1.8753070489898435e-10,1.876503733241575e-10,-1.1966842517314604e-13,1.1966842517314604e-13
single_12p5V-1ns,A,PCHIP,189,1.93536e-05,1.9456e-05,2.09865760786698e-10,2.1000517120866967e-10,-1.394104219716566e-13,1.394104219716566e-13
single_12p5V-1ns,A,PCHIP,190,1.9456e-05,1.9558400000000002e-05,2.3921344449558773e-10,2.394052782276171e-10,-1.9183373202934786e-13,1.9183373202934786e-13
single_12p5V-1ns,A,PCHIP,191,1.9558400000000002e-05,1.96608e-05,2.878660556514954e-10,2.8820433645236757e-10,-3.382808008721958e-13,3.382808008721958e-13
single_12p5V-1ns,A,PCHIP,192,1.96608e-05,1.97632e-05,4.951121641504794e-10,4.991537662034402e-10,-4.041602052960756e-12,4.041602052960756e-12
single_12p5V-1ns,A,PCHIP,193,1.97632e-05,1.9865600000000002e-05,2.2284074071657736e-09,2.2331831321411227e-09,-4.775724975349129e-12,4.775724975349129e-12
single_12p5V-1ns,A,PCHIP,194,1.9865600000000002e-05,1.9968e-05,1.0341895731970128e-09,1.0312239178801702e-09,2.9656553168426637e-12,2.9656553168426637e-12
single_12p5V-1ns,A,PCHIP,195,1.9968e-05,2e-05,1.9207404251030373e-10,1.9176197611352242e-10,3.1206639678131164e-13,3.1206639678131164e-13
single_12p5V-1ns,A,CS,0,0.0,1.024e-07,3.2288534365528417e-13,3.362989562434814e-13,-1.341361258819723e-14,1.341361258819723e-14
single_12p5V-1ns,A,CS,1,1.024e-07,2.048e-07,2.1820261579537107e-12,2.2169982091667066e-12,-3.497205121299592e-14,3.497205121299592e-14
single_12p5V-1ns,A,CS,2,2.048e-07,3.072e-07,5.5876515198318054e-12,5.64043507110476e-12,-5.2783551272954356e-14,5.2783551272954356e-14
single_12p5V-1ns,A,CS,3,3.072e-07,4.096e-07,1.024418474063182e-11,1.0310781988255822e-11,-6.659724762400262e-14,6.659724762400262e-14
single_12p5V-1ns,A,CS,4,4.096e-07,5.12e-07,1.592109852561885e-11,1.599872294129956e-11,-7.762441568071095e-14,7.762441568071095e-14
single_12p5V-1ns,A,CS,5,5.12e-07,6.144e-07,2.2440195794555645e-11,2.2525649645203425e-11,-8.545385064778017e-14,8.545385064778017e-14
single_12p5V-1ns,A,CS,6,6.144e-07,7.168000000000001e-07,2.965872245173533e-11,2.97505331944175e-11,-9.181074268216881e-14,9.181074268216881e-14
single_12p5V-1ns,A,CS,7,7.168000000000001e-07,8.192e-07,3.7464193680677235e-11,3.756023586232626e-11,-9.604218164902529e-14,9.604218164902529e-14
single_12p5V-1ns,A,CS,8,8.192e-07,9.216e-07,4.576401495267173e-11,4.586282068254749e-11,-9.880572987576403e-14,9.880572987576403e-14
single_12p5V-1ns,A,CS,9,9.216e-07,1.024e-06,5.4482453203323466e-11,5.45831973169586e-11,-1.0074411363513352e-13,1.0074411363513352e-13
single_12p5V-1ns,A,CS,10,1.024e-06,1.1264000000000001e-06,6.355964303467341e-11,6.36605559175971e-11,-1.009128829236821e-13,1.009128829236821e-13
single_12p5V-1ns,A,CS,11,1.1264000000000001e-06,1.2288e-06,7.294614750001897e-11,7.304723203346609e-11,-1.0108453344711994e-13,1.0108453344711994e-13
single_12p5V-1ns,A,CS,12,1.2288e-06,1.3312e-06,8.260859246087133e-11,8.27088440396471e-11,-1.002515787757683e-13,1.002515787757683e-13
single_12p5V-1ns,A,CS,13,1.3312e-06,1.4336000000000001e-06,9.252675823926291e-11,9.262574627481881e-11,-9.898803555589559e-14,9.898803555589559e-14
single_12p5V-1ns,A,CS,14,1.4336000000000001e-06,1.536e-06,1.0269823994066306e-10,1.0279608898272596e-10,-9.784904206289414e-14,9.784904206289414e-14
single_12p5V-1ns,A,CS,15,1.536e-06,1.6384e-06,1.1314528499924362e-10,1.13241159362461e-10,-9.587436321737336e-14,9.587436321737336e-14
single_12p5V-1ns,A,CS,16,1.6384e-06,1.7408000000000001e-06,1.2391951744627694e-10,1.2401438178456673e-10,-9.486433828979304e-14,9.486433828979304e-14
single_12p5V-1ns,A,CS,17,1.7408000000000001e-06,1.8432e-06,1.3512309184771072e-10,1.3521681195968644e-10,-9.372011197572238e-14,9.372011197572238e-14
single_12p5V-1ns,A,CS,18,1.8432e-06,1.9456e-06,1.4693067110554474e-10,1.470252628737986e-10,-9.459176825385916e-14,9.459176825385916e-14
single_12p5V-1ns,A,CS,19,1.9456e-06,2.048e-06,1.5965446462794235e-10,1.597474608590809e-10,-9.299623113855574e-14,9.299623113855574e-14
single_12p5V-1ns,A,CS,20,2.048e-06,2.1504e-06,1.7382855862979024e-10,1.7394194817522742e-10,-1.133895454371816e-13,1.133895454371816e-13
single_12p5V-1ns,A,CS,21,2.1504e-06,2.2528000000000003e-06,1.906548478976901e-10,1.9071779401870273e-10,-6.294612101262557e-14,6.294612101262557e-14
single_12p5V-1ns,A,CS,22,2.2528000000000003e-06,2.3552e-06,2.1230507847436614e-10,2.12652702672222e-10,-3.4762419785586635e-13,3.4762419785586635e-13
single_12p5V-1ns,A,CS,23,2.3552e-06,2.4576e-06,2.482728558633854e-10,2.4774188497393346e-10,5.309708894519336e-13,5.309708894519336e-13
single_12p5V-1ns,A,CS,24,2.4576e-06,2.56e-06,3.4323895975604434e-10,3.474075288250711e-10,-4.168569069026766e-12,4.168569069026766e-12
single_12p5V-1ns,A,CS,25,2.56e-06,2.6624e-06,2.4827497956645213e-09,2.494116277794183e-09,-1.136648212966186e-11,1.136648212966186e-11
single_12p5V-1ns,A,CS,26,2.6624e-06,2.7648e-06,1.7221832061028312e-09,1.7173414060934705e-09,4.841800009360697e-12,4.841800009360697e-12
single_12p5V-1ns,A,CS,27,2.7648e-06,2.8672000000000003e-06,7.542992048994742e-10,7.53176093606392e-10,1.1231112930822251e-12,1.1231112930822251e-12
single_12p5V-1ns,A,CS,28,2.8672000000000003e-06,2.9696e-06,3.9425366589743704e-10,3.9354817948436007e-10,7.054864130769714e-13,7.054864130769714e-13
single_12p5V-1ns,A,CS,29,2.9696e-06,3.072e-06,2.4694741597718043e-10,2.467369058297008e-10,2.1051014747962325e-13,2.1051014747962325e-13
single_12p5V-1ns,A,CS,30,3.072e-06,3.1744e-06,1.8141321317047524e-10,1.8128707502781552e-10,1.261381426597146e-13,1.261381426597146e-13
single_12p5V-1ns,A,CS,31,3.1744e-06,3.2768e-06,1.492879863272059e-10,1.4922456108769905e-10,6.342523950684148e-14,6.342523950684148e-14
single_12p5V-1ns,A,CS,32,3.2768e-06,3.3792e-06,1.278848275463977e-10,1.278139937236835e-10,7.083382271418836e-14,7.083382271418836e-14
single_12p5V-1ns,A,CS,33,3.3792e-06,3.4816000000000003e-06,1.0184613138255762e-10,1.0161370842894187e-10,2.3242295361574865e-13,2.3242295361574865e-13
single_12p5V-1ns,A,CS,34,3.4816000000000003e-06,3.5840000000000003e-06,7.084762916672901e-11,7.065281306401474e-11,1.9481610271426347e-13,1.9481610271426347e-13
single_12p5V-1ns,A,CS,35,3.5840000000000003e-06,3.6864e-06,4.870896763186175e-11,4.863559599579527e-11,7.337163606647768e-14,7.337163606647768e-14
single_12p5V-1ns,A,CS,36,3.6864e-06,3.7888e-06,3.9770156253104054e-11,3.9764504120507635e-11,5.652132596418099e-15,5.652132596418099e-15
single_12p5V-1ns,A,CS,37,3.7888e-06,3.8912e-06,3.9291428388659934e-11,3.9330806295303616e-11,-3.9377906643682216e-14,3.9377906643682216e-14
single_12p5V-1ns,A,CS,38,3.8912e-06,3.9936e-06,4.3456610321706844e-11,4.352098062770195e-11,-6.437030599510481e-14,6.437030599510481e-14
single_12p5V-1ns,A,CS,39,3.9936e-06,4.096e-06,5.0619387965049355e-11,5.070070694008814e-11,-8.131897503878471e-14,8.131897503878471e-14
single_12p5V-1ns,A,CS,40,4.096e-06,4.1984e-06,6.035367504361226e-11,6.044947060376246e-11,-9.579556015020679e-14,9.579556015020679e-14
single_12p5V-1ns,A,CS,41,4.1984e-06,4.3008e-06,7.181478589721587e-11,7.191366917591369e-11,-9.888327869781475e-14,9.888327869781475e-14
single_12p5V-1ns,A,CS,42,4.3008e-06,4.4032000000000005e-06,8.398352283961216e-11,8.408522830163985e-11,-1.0170546202768975e-13,1.0170546202768975e-13
single_12p5V-1ns,A,CS,43,4.4032000000000005e-06,4.5056000000000005e-06,9.683730824443722e-11,9.694033974375914e-11,-1.0303149932191897e-13,1.0303149932191897e-13
single_12p5V-1ns,A,CS,44,4.5056000000000005e-06,4.608e-06,1.1033622858095526e-10,1.104404639852246e-10,-1.0423540426933818e-13,1.0423540426933818e-13
single_12p5V-1ns,A,CS,45,4.608e-06,4.7104e-06,1.2449295960812813e-10,1.2459735108743554e-10,-1.0439147930741477e-13,1.0439147930741477e-13
single_12p5V-1ns,A,CS,46,4.7104e-06,4.8128e-06,1.3939632667010984e-10,1.3950202714286575e-10,-1.0570047275591122e-13,1.0570047275591122e-13
single_12p5V-1ns,A,CS,47,4.8128e-06,4.9152e-06,1.552609836742799e-10,1.5536871246684275e-10,-1.0772879256286526e-13,1.0772879256286526e-13
single_12p5V-1ns,A,CS,48,4.9152e-06,5.0176e-06,1.7250701905436518e-10,1.726192525519783e-10,-1.1223349761311886e-13,1.1223349761311886e-13
single_12p5V-1ns,A,CS,49,5.0176e-06,5.12e-06,1.9195440355192893e-10,1.9207669708152482e-10,-1.2229352959589333e-13,1.2229352959589333e-13
single_12p5V-1ns,A,CS,50,5.12e-06,5.2224e-06,2.1534788898746715e-10,2.1549205576784434e-10,-1.4416678037718242e-13,1.4416678037718242e-13
single_12p5V-1ns,A,CS,51,5.2224e-06,5.3248e-06,2.4718076006535274e-10,2.473805148333068e-10,-1.9975476795407692e-13,1.9975476795407692e-13
single_12p5V-1ns,A,CS,52,5.3248e-06,5.4272e-06,3.0482151374661144e-10,3.052723791772593e-10,-4.508654306478667e-13,4.508654306478667e-13
single_12p5V-1ns,A,CS,53,5.4272e-06,5.5296e-06,9.070663236270115e-10,9.206428840202435e-10,-1.3576560393231994e-11,1.3576560393231994e-11
single_12p5V-1ns,A,CS,54,5.5296e-06,5.6320000000000005e-06,2.0503586049430373e-09,2.0430478663399815e-09,7.310738603055765e-12,7.310738603055765e-12
single_12p5V-1ns,A,CS,55,5.6320000000000005e-06,5.7344000000000005e-06,8.703998456227776e-10,8.706119939635076e-10,-2.1214834072998026e-13,2.1214834072998026e-13
single_12p5V-1ns,A,CS,56,5.7344000000000005e-06,5.836800000000001e-06,4.4064847198140795e-10,4.392456579251077e-10,1.4028140563002378e-12,1.4028140563002378e-12
single_12p5V-1ns,A,CS,57,5.836800000000001e-06,5.9392e-06,2.6628177895820407e-10,2.662096238309518e-10,7.215512725229202e-14,7.215512725229202e-14
single_12p5V-1ns,A,CS,58,5.9392e-06,6.0416e-06,1.9044392516521958e-10,1.9024766573598832e-10,1.9625942923125975e-13,1.9625942923125975e-13
single_12p5V-1ns,A,CS,59,6.0416e-06,6.144e-06,1.5330908816841852e-10,1.5325014563681214e-10,5.894253160638176e-14,5.894253160638176e-14
single_12p5V-1ns,A,CS,60,6.144e-06,6.2464e-06,1.2852006908638557e-10,1.2842439135577091e-10,9.567773061465335e-14,9.567773061465335e-14
single_12p5V-1ns,A,CS,61,6.2464e-06,6.3488e-06,9.996786563692744e-11,9.972190013942007e-11,2.459654975073686e-13,2.459654975073686e-13
single_12p5V-1ns,A,CS,62,6.3488e-06,6.4512e-06,6.869062655784786e-11,6.851094717547828e-11,1.7967938236958426e-13,1.7967938236958426e-13
single_12p5V-1ns,A,CS,63,6.4512e-06,6.5536e-06,4.777583407581762e-11,4.7708960816786736e-11,6.687325903088242e-14,6.687325903088242e-14
single_12p5V-1ns,A,CS,64,6.5536e-06,6.656e-06,3.983501886296633e-11,3.98350234810367e-11,-4.618070370597403e-18,4.618070370597403e-18
single_12p5V-1ns,A,CS,65,6.656e-06,6.7584e-06,3.9906774312049576e-11,3.9948938654084025e-11,-4.2164342034448995e-14,4.2164342034448995e-14
single_12p5V-1ns,A,CS,66,6.7584e-06,6.8608000000000004e-06,4.440714066120895e-11,4.4473564329775525e-11,-6.642366856657425e-14,6.642366856657425e-14
single_12p5V-1ns,A,CS,67,6.8608000000000004e-06,6.9632000000000005e-06,5.184605037011991e-11,5.192862759130492e-11,-8.257722118500934e-14,8.257722118500934e-14
single_12p5V-1ns,A,CS,68,6.9632000000000005e-06,7.065600000000001e-06,6.187018390903347e-11,6.196735253991983e-11,-9.716863088636072e-14,9.716863088636072e-14
single_12p5V-1ns,A,CS,69,7.065600000000001e-06,7.168000000000001e-06,7.348896319579445e-11,7.35883728110435e-11,-9.940961524904879e-14,9.940961524904879e-14
single_12p5V-1ns,A,CS,70,7.168000000000001e-06,7.2704e-06,8.577508826906773e-11,8.587678482707096e-11,-1.0169655800322152e-13,1.0169655800322152e-13
single_12p5V-1ns,A,CS,71,7.2704e-06,7.3728e-06,9.874248941550983e-11,9.884583897376816e-11,-1.0334955825833344e-13,1.0334955825833344e-13
single_12p5V-1ns,A,CS,72,7.3728e-06,7.4752e-06,1.1235774720415703e-10,1.1246184679803304e-10,-1.0409959387601327e-13,1.0409959387601327e-13
single_12p5V-1ns,A,CS,73,7.4752e-06,7.5776e-06,1.266405556460487e-10,1.267452779157751e-10,-1.0472226972641147e-13,1.0472226972641147e-13
single_12p5V-1ns,A,CS,74,7.5776e-06,7.680000000000001e-06,1.4169529487600104e-10,1.4180140137480173e-10,-1.0610649880068973e-13,1.0610649880068973e-13
single_12p5V-1ns,A,CS,75,7.680000000000001e-06,7.7824e-06,1.57760315378107e-10,1.5786831010300695e-10,-1.0799472489994197e-13,1.0799472489994197e-13
single_12p5V-1ns,A,CS,76,7.7824e-06,7.8848e-06,1.7529767998527736e-10,1.7541179813571406e-10,-1.1411815043670054e-13,1.1411815043670054e-13
single_12p5V-1ns,A,CS,77,7.8848e-06,7.9872e-06,1.9522752174460138e-10,1.953481244012672e-10,-1.2060265666582772e-13,1.2060265666582772e-13
single_12p5V-1ns,A,CS,78,7.9872e-06,8.0896e-06,2.1950027652699816e-10,2.196689147548762e-10,-1.6863822787803536e-13,1.6863822787803536e-13
single_12p5V-1ns,A,CS,79,8.0896e-06,8.192e-06,2.5359882666128914e-10,2.53733155761263e-10,-1.3432909997386483e-13,1.3432909997386483e-13
single_12p5V-1ns,A,CS,80,8.192e-06,8.2944e-06,3.197555415952598e-10,3.2065309833004356e-10,-8.975567347837394e-13,8.975567347837394e-13
single_12p5V-1ns,A,CS,81,8.2944e-06,8.3968e-06,1.2916363731837864e-09,1.3038211997321621e-09,-1.2184826548375753e-11,1.2184826548375753e-11
single_12p5V-1ns,A,CS,82,8.3968e-06,8.4992e-06,1.7832788513891952e-09,1.7764407703613332e-09,6.838081027861947e-12,6.838081027861947e-12
single_12p5V-1ns,A,CS,83,8.4992e-06,8.6016e-06,7.744980865547265e-10,7.744449050374553e-10,5.318151727125375e-14,5.318151727125375e-14
single_12p5V-1ns,A,CS,84,8.6016e-06,8.704e-06,4.0299717549062014e-10,4.0188456732113144e-10,1.112608169488703e-12,1.112608169488703e-12
single_12p5V-1ns,A,CS,85,8.704e-06,8.806400000000001e-06,2.5041157064717653e-10,2.503110494258912e-10,1.0052122128530429e-13,1.0052122128530429e-13
single_12p5V-1ns,A,CS,86,8.806400000000001e-06,8.9088e-06,1.8302626405940496e-10,1.8286104123124726e-10,1.6522282815769938e-13,1.6522282815769938e-13
single_12p5V-1ns,A,CS,87,8.9088e-06,9.011200000000001e-06,1.4920304275503503e-10,1.491443578756855e-10,5.86848793495373e-14,5.86848793495373e-14
single_12p5V-1ns,A,CS,88,9.011200000000001e-06,9.1136e-06,1.2455585007125375e-10,1.244416558643502e-10,1.1419420690355684e-13,1.1419420690355684e-13
single_12p5V-1ns,A,CS,89,9.1136e-06,9.216e-06,9.49499190733274e-11,9.469303030677668e-11,2.5688876655071095e-13,2.5688876655071095e-13
single_12p5V-1ns,A,CS,90,9.216e-06,9.3184e-06,6.44911820878781e-11,6.433581560555707e-11,1.5536648232103063e-13,1.5536648232103063e-13
single_12p5V-1ns,A,CS,91,9.3184e-06,9.4208e-06,4.579371539622291e-11,4.573800867940694e-11,5.5706716815972055e-14,5.5706716815972055e-14
single_12p5V-1ns,A,CS,92,9.4208e-06,9.5232e-06,3.9443341321865804e-11,3.9451969990991276e-11,-8.62866912547252e-15,8.62866912547252e-15
single_12p5V-1ns,A,CS,93,9.5232e-06,9.6256e-06,4.0378888276365384e-11,4.042555777222658e-11,-4.666949586119772e-14,4.666949586119772e-14
single_12p5V-1ns,A,CS,94,9.6256e-06,9.728e-06,4.539813107114935e-11,4.546765716408996e-11,-6.952609294060859e-14,6.952609294060859e-14
single_12p5V-1ns,A,CS,95,9.728e-06,9.8304e-06,5.3246728096840795e-11,5.333138199440189e-11,-8.465389756109298e-14,8.465389756109298e-14
single_12p5V-1ns,A,CS,96,9.8304e-06,9.932800000000001e-06,6.364015020263862e-11,6.373837576409593e-11,-9.822556145731414e-14,9.822556145731414e-14
single_12p5V-1ns,A,CS,97,9.932800000000001e-06,1.00352e-05,7.537516112347909e-11,7.547492484141208e-11,-9.97637179329987e-14,9.97637179329987e-14
single_12p5V-1ns,A,CS,98,1.00352e-05,1.0137600000000001e-05,8.777315514709912e-11,8.787525828372556e-11,-1.0210313662644026e-13,1.0210313662644026e-13
single_12p5V-1ns,A,CS,99,1.0137600000000001e-05,1.024e-05,1.0084484673912926e-10,1.0094852651675053e-10,-1.036797776212777e-13,1.036797776212777e-13
single_12p5V-1ns,A,CS,100,1.024e-05,1.0342400000000001e-05,1.1456385885589899e-10,1.1466781175478606e-10,-1.0395289888707598e-13,1.0395289888707598e-13
single_12p5V-1ns,A,CS,101,1.0342400000000001e-05,1.04448e-05,1.2895961062946954e-10,1.290646427616605e-10,-1.050321321909727e-13,1.050321321909727e-13
single_12p5V-1ns,A,CS,102,1.04448e-05,1.05472e-05,1.4415521210723758e-10,1.4426132015177184e-10,-1.061080445342562e-13,1.061080445342562e-13
single_12p5V-1ns,A,CS,103,1.05472e-05,1.06496e-05,1.6041500774564722e-10,1.6052368122788004e-10,-1.0867348223281979e-13,1.0867348223281979e-13
single_12p5V-1ns,A,CS,104,1.06496e-05,1.0752e-05,1.7825230783774454e-10,1.7836851981744845e-10,-1.1621197970391472e-13,1.1621197970391472e-13
single_12p5V-1ns,A,CS,105,1.0752e-05,1.08544e-05,1.9870320667100105e-10,1.9882236489277098e-10,-1.1915822176992742e-13,1.1915822176992742e-13
single_12p5V-1ns,A,CS,106,1.08544e-05,1.09568e-05,2.239785178770042e-10,2.2417239966792157e-10,-1.938817909173628e-13,1.938817909173628e-13
single_12p5V-1ns,A,CS,107,1.09568e-05,1.10592e-05,2.60809050083203e-10,2.6088696986000693e-10,-7.791977680392583e-14,7.791977680392583e-14
single_12p5V-1ns,A,CS,108,1.10592e-05,1.11616e-05,3.394967073563868e-10,3.40895056466371e-10,-1.3983491099842217e-12,1.3983491099842217e-12
single_12p5V-1ns,A,CS,109,1.11616e-05,1.1264000000000001e-05,1.6265303883044353e-09,1.6377682103672745e-09,-1.1237822062839206e-11,1.1237822062839206e-11
single_12p5V-1ns,A,CS,110,1.1264000000000001e-05,1.13664e-05,1.5474488867748392e-09,1.5419457949460457e-09,5.5030918287934995e-12,5.5030918287934995e-12
single_12p5V-1ns,A,CS,111,1.13664e-05,1.1468800000000001e-05,6.901319542468997e-10,6.897321161979363e-10,3.998380489634475e-13,3.998380489634475e-13
single_12p5V-1ns,A,CS,112,1.1468800000000001e-05,1.15712e-05,3.6933201946659776e-10,3.6850288157669933e-10,8.29137889898427e-13,8.29137889898427e-13
single_12p5V-1ns,A,CS,113,1.15712e-05,1.1673600000000001e-05,2.3604188931491535e-10,2.359088326866968e-10,1.3305662821853382e-13,1.3305662821853382e-13
single_12p5V-1ns,A,CS,114,1.1673600000000001e-05,1.1776e-05,1.7620135035976813e-10,1.7606515029339964e-10,1.3620006636849007e-13,1.3620006636849007e-13
single_12p5V-1ns,A,CS,115,1.1776e-05,1.18784e-05,1.45205280626463e-10,1.451457132854265e-10,5.956734103652387e-14,5.956734103652387e-14
single_12p5V-1ns,A,CS,116,1.18784e-05,1.19808e-05,1.203550172074808e-10,1.2021702865035394e-10,1.379885571268616e-13,1.379885571268616e-13
single_12p5V-1ns,A,CS,117,1.19808e-05,1.20832e-05,8.98178297735097e-11,8.956022002557278e-11,2.576097479369203e-13,2.576097479369203e-13
single_12p5V-1ns,A,CS,118,1.20832e-05,1.21856e-05,6.057103979135403e-11,6.043737270730778e-11,1.3366708404624923e-13,1.3366708404624923e-13
single_12p5V-1ns,A,CS,119,1.21856e-05,1.2288e-05,4.4099471011795305e-11,4.4054835042779266e-11,4.463596901603873e-14,4.463596901603873e-14
single_12p5V-1ns,A,CS,120,1.2288e-05,1.23904e-05,3.921892174755821e-11,3.923544401754853e-11,-1.6522269990322908e-14,1.6522269990322908e-14
single_12p5V-1ns,A,CS,121,1.23904e-05,1.24928e-05,4.095048185048e-11,4.100141632886455e-11,-5.093447838455147e-14,5.093447838455147e-14
single_12p5V-1ns,A,CS,122,1.24928e-05,1.2595200000000001e-05,4.646564871354214e-11,4.653783029959126e-11,-7.218158604911946e-14,7.218158604911946e-14
single_12p5V-1ns,A,CS,123,1.2595200000000001e-05,1.26976e-05,5.4723698423837415e-11,5.481086775569152e-11,-8.716933185410573e-14,8.716933185410573e-14
single_12p5V-1ns,A,CS,124,1.26976e-05,1.2800000000000001e-05,6.545504933197542e-11,6.555376129449675e-11,-9.871196252132334e-14,9.871196252132334e-14
single_12p5V-1ns,A,CS,125,1.2800000000000001e-05,1.29024e-05,7.72887561865428e-11,7.738884497102988e-11,-1.000887844870721e-13,1.000887844870721e-13
single_12p5V-1ns,A,CS,126,1.29024e-05,1.3004800000000001e-05,8.979652124371803e-11,8.989900874670748e-11,-1.0248750298945302e-13,1.0248750298945302e-13
single_12p5V-1ns,A,CS,127,1.3004800000000001e-05,1.31072e-05,1.0297144723139129e-10,1.0307503954766759e-10,-1.0359231627630456e-13,1.0359231627630456e-13
single_12p5V-1ns,A,CS,128,1.31072e-05,1.32096e-05,1.1679326130606635e-10,1.168974744613414e-10,-1.0421315527506225e-13,1.0421315527506225e-13
single_12p5V-1ns,A,CS,129,1.32096e-05,1.3312e-05,1.3130439679519375e-10,1.3140974370843747e-10,-1.0534691324371654e-13,1.0534691324371654e-13
single_12p5V-1ns,A,CS,130,1.3312e-05,1.34144e-05,1.4664633816575598e-10,1.467524950448874e-10,-1.0615687913142368e-13,1.0615687913142368e-13
single_12p5V-1ns,A,CS,131,1.34144e-05,1.35168e-05,1.6311248431905034e-10,1.632218862656294e-10,-1.0940194657906435e-13,1.0940194657906435e-13
single_12p5V-1ns,A,CS,132,1.35168e-05,1.36192e-05,1.81273705828908e-10,1.813917129815288e-10,-1.1800715262080887e-13,1.1800715262080887e-13
single_12p5V-1ns,A,CS,133,1.36192e-05,1.3721600000000001e-05,2.0229657994605147e-10,2.0241542816607174e-10,-1.188482200202744e-13,1.188482200202744e-13
single_12p5V-1ns,A,CS,134,1.3721600000000001e-05,1.3824e-05,2.2871676457161024e-10,2.2893502976582967e-10,-2.1826519421942327e-13,2.1826519421942327e-13
single_12p5V-1ns,A,CS,135,1.3824e-05,1.3926400000000001e-05,2.6881635168559834e-10,2.6885554479926596e-10,-3.9193113667618483e-14,3.9193113667618483e-14
single_12p5V-1ns,A,CS,136,1.3926400000000001e-05,1.40288e-05,3.666833311721632e-10,3.686672022764905e-10,-1.9838711043273222e-12,1.9838711043273222e-12
single_12p5V-1ns,A,CS,137,1.40288e-05,1.4131200000000001e-05,1.8973132163288664e-09,1.9077112388327923e-09,-1.0398022503925919e-11,1.0398022503925919e-11
single_12p5V-1ns,A,CS,138,1.4131200000000001e-05,1.42336e-05,1.3470997138076997e-09,1.3431744296612124e-09,3.9252841464873254e-12,3.9252841464873254e-12
single_12p5V-1ns,A,CS,139,1.42336e-05,1.4336000000000001e-05,6.177809373266021e-10,6.170073336656016e-10,7.736036610004734e-13,7.736036610004734e-13
single_12p5V-1ns,A,CS,140,1.4336000000000001e-05,1.44384e-05,3.399975045861385e-10,3.394270082712936e-10,5.704963148449031e-13,5.704963148449031e-13
single_12p5V-1ns,A,CS,141,1.44384e-05,1.45408e-05,2.2335409318132036e-10,2.231902861536288e-10,1.6380702769156068e-13,1.6380702769156068e-13
single_12p5V-1ns,A,CS,142,1.45408e-05,1.46432e-05,1.7006466398761898e-10,1.6995441326907397e-10,1.1025071854500751e-13,1.1025071854500751e-13
single_12p5V-1ns,A,CS,143,1.46432e-05,1.47456e-05,1.4134235538890594e-10,1.4127967567627922e-10,6.267971262672153e-14,6.267971262672153e-14
single_12p5V-1ns,A,CS,144,1.47456e-05,1.4848e-05,1.1596371382729939e-10,1.1579835319603633e-10,1.6536063126306018e-13,1.6536063126306018e-13
single_12p5V-1ns,A,CS,145,1.4848e-05,1.49504e-05,8.47051780175777e-11,8.445625921514269e-11,2.489188024350083e-13,2.489188024350083e-13
single_12p5V-1ns,A,CS,146,1.49504e-05,1.5052800000000001e-05,5.70083567236556e-11,5.689379631105927e-11,1.1456041259632828e-13,1.1456041259632828e-13
single_12p5V-1ns,A,CS,147,1.5052800000000001e-05,1.51552e-05,4.269811530493214e-11,4.2664441296247953e-11,3.367400868418806e-14,3.367400868418806e-14
single_12p5V-1ns,A,CS,148,1.51552e-05,1.5257600000000001e-05,3.9153960746708786e-11,3.917753559232961e-11,-2.3574845620825908e-14,2.3574845620825908e-14
single_12p5V-1ns,A,CS,149,1.5257600000000001e-05,1.5360000000000002e-05,4.161299426886881e-11,4.1667953859419716e-11,-5.49595905509052e-14,5.49595905509052e-14
single_12p5V-1ns,A,CS,150,1.5360000000000002e-05,1.54624e-05,4.7599862036588015e-11,4.7674507038350826e-11,-7.464500176281138e-14,7.464500176281138e-14
single_12p5V-1ns,A,CS,151,1.54624e-05,1.55648e-05,5.626628459457588e-11,5.635611523012363e-11,-8.983063554775298e-14,8.983063554775298e-14
single_12p5V-1ns,A,CS,152,1.55648e-05,1.56672e-05,6.729274603588584e-11,6.739119281225382e-11,-9.844677636797983e-14,9.844677636797983e-14
single_12p5V-1ns,A,CS,153,1.56672e-05,1.57696e-05,7.921995463187838e-11,7.932070165465402e-11,-1.0074702277563282e-13,1.0074702277563282e-13
single_12p5V-1ns,A,CS,154,1.57696e-05,1.5872e-05,9.183637596820369e-11,9.193923326324268e-11,-1.0285729503899385e-13,1.0285729503899385e-13
single_12p5V-1ns,A,CS,155,1.5872e-05,1.59744e-05,1.0511398822299964e-10,1.0521747776808066e-10,-1.0348954508102644e-13,1.0348954508102644e-13
single_12p5V-1ns,A,CS,156,1.59744e-05,1.60768e-05,1.1903959508736262e-10,1.191440706498029e-10,-1.0447556244027804e-13,1.0447556244027804e-13
single_12p5V-1ns,A,CS,157,1.60768e-05,1.61792e-05,1.336699119093029e-10,1.3377517231685844e-10,-1.0526040755554943e-13,1.0526040755554943e-13
single_12p5V-1ns,A,CS,158,1.61792e-05,1.62816e-05,1.4916449199688289e-10,1.4927116365224238e-10,-1.0667165535949356e-13,1.0667165535949356e-13
single_12p5V-1ns,A,CS,159,1.62816e-05,1.6384e-05,1.658511698877931e-10,1.6596138063833472e-10,-1.1021075054162298e-13,1.1021075054162298e-13
single_12p5V-1ns,A,CS,160,1.6384e-05,1.6486400000000002e-05,1.843636207985884e-10,1.8448351661896065e-10,-1.1989582037223703e-13,1.1989582037223703e-13
single_12p5V-1ns,A,CS,161,1.6486400000000002e-05,1.65888e-05,2.060180785438609e-10,2.061377793437598e-10,-1.197007998989067e-13,1.197007998989067e-13
single_12p5V-1ns,A,CS,162,1.65888e-05,1.66912e-05,2.337560164798615e-10,2.339954369187209e-10,-2.3942043885942535e-13,2.3942043885942535e-13
single_12p5V-1ns,A,CS,163,1.66912e-05,1.67936e-05,2.778281753534292e-10,2.7785573391012914e-10,-2.7558556699943148e-14,2.7558556699943148e-14
single_12p5V-1ns,A,CS,164,1.67936e-05,1.6896000000000002e-05,4.087693604617783e-10,4.116438887970392e-10,-2.8745283352608925e-12,2.8745283352608925e-12
single_12p5V-1ns,A,CS,165,1.6896000000000002e-05,1.69984e-05,2.1048782788197324e-09,2.1136750068905855e-09,-8.796728070853018e-12,8.796728070853018e-12
single_12p5V-1ns,A,CS,166,1.69984e-05,1.71008e-05,1.1767746792447452e-09,1.1745498526173585e-09,2.2248266273867683e-12,2.2248266273867683e-12
single_12p5V-1ns,A,CS,167,1.71008e-05,1.72032e-05,5.556278689750001e-10,5.544844787449672e-10,1.1433902300328934e-12,1.1433902300328934e-12
single_12p5V-1ns,A,CS,168,1.72032e-05,1.73056e-05,3.144068904140841e-10,3.140644884069656e-10,3.4240200711850893e-13,3.4240200711850893e-13
single_12p5V-1ns,A,CS,169,1.73056e-05,1.7408e-05,2.121352736817485e-10,2.1194387625263692e-10,1.9139742911157505e-13,1.9139742911157505e-13
single_12p5V-1ns,A,CS,170,1.7408e-05,1.75104e-05,1.645203981642745e-10,1.644328616576364e-10,8.753650663809155e-14,8.753650663809155e-14
single_12p5V-1ns,A,CS,171,1.75104e-05,1.7612800000000002e-05,1.3754331386911166e-10,1.3747467048105108e-10,6.86433880605703e-14,6.86433880605703e-14
single_12p5V-1ns,A,CS,172,1.7612800000000002e-05,1.77152e-05,1.1137551919371302e-10,1.1118243171493711e-10,1.9308747877590592e-13,1.9308747877590592e-13
single_12p5V-1ns,A,CS,173,1.77152e-05,1.78176e-05,7.96848036354575e-11,7.945143968797284e-11,2.33363947484654e-13,2.33363947484654e-13
single_12p5V-1ns,A,CS,174,1.78176e-05,1.792e-05,5.381526510315542e-11,5.371722541217752e-11,9.803969097790318e-14,9.803969097790318e-14
single_12p5V-1ns,A,CS,175,1.792e-05,1.8022400000000002e-05,4.1565957206839075e-11,4.1543014374901487e-11,2.294283193758835e-14,2.294283193758835e-14
single_12p5V-1ns,A,CS,176,1.8022400000000002e-05,1.81248e-05,3.92334816318966e-11,3.92634004633879e-11,-2.991883149129952e-14,2.991883149129952e-14
single_12p5V-1ns,A,CS,177,1.81248e-05,1.82272e-05,4.236071987094527e-11,4.2419245527566525e-11,-5.852565662125573e-14,5.852565662125573e-14
single_12p5V-1ns,A,CS,178,1.82272e-05,1.83296e-05,4.879906476339437e-11,4.8876273627905996e-11,-7.72088645116277e-14,7.72088645116277e-14
single_12p5V-1ns,A,CS,179,1.83296e-05,1.8432e-05,5.7876031758443766e-11,5.796870970780497e-11,-9.26779493612029e-14,9.26779493612029e-14
single_12p5V-1ns,A,CS,180,1.8432e-05,1.85344e-05,6.914396072183667e-11,6.924197467577391e-11,-9.801395393724134e-14,9.801395393724134e-14
single_12p5V-1ns,A,CS,181,1.85344e-05,1.86368e-05,8.116883700698369e-11,8.127016283660507e-11,-1.0132582962137765e-13,1.0132582962137765e-13
single_12p5V-1ns,A,CS,182,1.86368e-05,1.8739200000000002e-05,9.389288348990564e-11,9.39957031939686e-11,-1.0281970406295687e-13,1.0281970406295687e-13
single_12p5V-1ns,A,CS,183,1.8739200000000002e-05,1.88416e-05,1.0727203459235224e-10,1.0737581436462562e-10,-1.0377977227338012e-13,1.0377977227338012e-13
single_12p5V-1ns,A,CS,184,1.88416e-05,1.8944e-05,1.2130314467224394e-10,1.214078888301247e-10,-1.0474415788076153e-13,1.0474415788076153e-13
single_12p5V-1ns,A,CS,185,1.8944e-05,1.90464e-05,1.3605651611379234e-10,1.3616170013625394e-10,-1.0518402246159723e-13,1.0518402246159723e-13
single_12p5V-1ns,A,CS,186,1.90464e-05,1.9148800000000002e-05,1.517116538292838e-10,1.5181889695042588e-10,-1.0724312114207894e-13,1.0724312114207894e-13
single_12p5V-1ns,A,CS,187,1.9148800000000002e-05,1.92512e-05,1.6863453219684031e-10,1.687452441237493e-10,-1.1071192690898739e-13,1.1071192690898739e-13
single_12p5V-1ns,A,CS,188,1.92512e-05,1.93536e-05,1.875283165281476e-10,1.876503733241575e-10,-1.2205679600990707e-13,1.2205679600990707e-13
single_12p5V-1ns,A,CS,189,1.93536e-05,1.9456e-05,2.0988192914968676e-10,2.1000517120866967e-10,-1.2324205898290777e-13,1.2324205898290777e-13
single_12p5V-1ns,A,CS,190,1.9456e-05,1.9558400000000002e-05,2.3915343438996737e-10,2.394052782276171e-10,-2.518438376497044e-13,2.518438376497044e-13
single_12p5V-1ns,A,CS,191,1.9558400000000002e-05,1.96608e-05,2.881338778287701e-10,2.8820433645236757e-10,-7.045862359747821e-14,7.045862359747821e-14
single_12p5V-1ns,A,CS,192,1.96608e-05,1.97632e-05,4.938743867935578e-10,4.991537662034402e-10,-5.279379409882356e-12,5.279379409882356e-12
single_12p5V-1ns,A,CS,193,1.97632e-05,1.9865600000000002e-05,2.2284803249243124e-09,2.2331831321411227e-09,-4.702807216810312e-12,4.702807216810312e-12
single_12p5V-1ns,A,CS,194,1.9865600000000002e-05,1.9968e-05,1.031876465817113e-09,1.0312239178801702e-09,6.525479369428746e-13,6.525479369428746e-13
single_12p5V-1ns,A,CS,195,1.9968e-05,2e-05,1.9221254914884587e-10,1.9176197611352242e-10,4.5057303532345264e-13,4.5057303532345264e-13
single_12p5V-0p5ns,A,PCHIP,0,0.0,1.024e-07,3.2206971258110156e-13,3.361723603954054e-13,-1.4102647814303848e-14,1.4102647814303848e-14
single_12p5V-0p5ns,A,PCHIP,1,1.024e-07,2.048e-07,2.1986236806857914e-12,2.2162578745902783e-12,-1.763419390448688e-14,1.763419390448688e-14
single_12p5V-0p5ns,A,PCHIP,2,2.048e-07,3.072e-07,5.612200540824796e-12,5.638643841889657e-12,-2.6443301064861675e-14,2.6443301064861675e-14
single_12p5V-0p5ns,A,PCHIP,3,3.072e-07,4.096e-07,1.027424781605574e-11,1.0307639876615737e-11,-3.339206055999661e-14,3.339206055999661e-14
single_12p5V-0p5ns,A,PCHIP,4,4.096e-07,5.12e-07,1.5955220696047537e-11,1.59940155401795e-11,-3.879484413196261e-14,3.879484413196261e-14
single_12p5V-0p5ns,A,PCHIP,5,5.12e-07,6.144e-07,2.2476383107579074e-11,2.2519215236292568e-11,-4.2832128713494625e-14,4.2832128713494625e-14
single_12p5V-0p5ns,A,PCHIP,6,6.144e-07,7.168000000000001e-07,2.969636233360134e-11,2.974224448325038e-11,-4.5882149649041394e-14,4.5882149649041394e-14
single_12p5V-0p5ns,A,PCHIP,7,7.168000000000001e-07,8.192e-07,3.750194225905221e-11,3.7549989946467795e-11,-4.804768741558745e-14,4.804768741558745e-14
single_12p5V-0p5ns,A,PCHIP,8,8.192e-07,9.216e-07,4.580105256043208e-11,4.5850532803002135e-11,-4.9480242570054974e-14,4.9480242570054974e-14
single_12p5V-0p5ns,A,PCHIP,9,9.216e-07,1.024e-06,5.4518487521910016e-11,5.4568795997002486e-11,-5.030847509247009e-14,5.030847509247009e-14
single_12p5V-0p5ns,A,PCHIP,10,1.024e-06,1.1264000000000001e-06,6.359343114445971e-11,6.364397757054067e-11,-5.054642608096065e-14,5.054642608096065e-14
single_12p5V-0p5ns,A,PCHIP,11,1.1264000000000001e-06,1.2288e-06,7.297792342175495e-11,7.302841420715672e-11,-5.0490785401762844e-14,5.0490785401762844e-14
single_12p5V-0p5ns,A,PCHIP,12,1.2288e-06,1.3312e-06,8.263758299688545e-11,8.268771613292172e-11,-5.0133136036270487e-14,5.0133136036270487e-14
single_12p5V-0p5ns,A,PCHIP,13,1.3312e-06,1.4336000000000001e-06,9.25526557681867e-11,9.260221631167446e-11,-4.956054348775805e-14,4.956054348775805e-14
single_12p5V-0p5ns,A,PCHIP,14,1.4336000000000001e-06,1.536e-06,1.0272116268701087e-10,1.0277002443868738e-10,-4.8861751676507346e-14,4.8861751676507346e-14
single_12p5V-0p5ns,A,PCHIP,15,1.536e-06,1.6384e-06,1.1316431679718072e-10,1.1321235822591677e-10,-4.8041428736050377e-14,4.8041428736050377e-14
single_12p5V-0p5ns,A,PCHIP,16,1.6384e-06,1.7408000000000001e-06,1.2393511903688832e-10,1.2398252738770443e-10,-4.740835081610491e-14,4.740835081610491e-14
single_12p5V-0p5ns,A,PCHIP,17,1.7408000000000001e-06,1.8432e-06,1.3513436637482604e-10,1.3518139877583882e-10,-4.703240101277464e-14,4.703240101277464e-14
single_12p5V-0p5ns,A,PCHIP,18,1.8432e-06,1.9456e-06,1.4693829226545837e-10,1.4698546656949476e-10,-4.717430403638587e-14,4.717430403638587e-14
single_12p5V-0p5ns,A,PCHIP,19,1.9456e-06,2.048e-06,1.5965358536456146e-10,1.5970189279661963e-10,-4.8307432058174194e-14,4.8307432058174194e-14
single_12p5V-0p5ns,A,PCHIP,20,2.048e-06,2.1504e-06,1.7383680118717704e-10,1.7388814341786766e-10,-5.134223069061905e-14,5.134223069061905e-14
single_12p5V-0p5ns,A,PCHIP,21,2.1504e-06,2.2528000000000003e-06,1.9059181897580063e-10,1.9065100417962242e-10,-5.918520382178681e-14,5.918520382178681e-14
single_12p5V-0p5ns,A,PCHIP,22,2.2528000000000003e-06,2.3552e-06,2.124795715436394e-10,2.1256255105260413e-10,-8.297950896473047e-14,8.297950896473047e-14
single_12p5V-0p5ns,A,PCHIP,23,2.3552e-06,2.4576e-06,2.4742156007634306e-10,2.4760120040929137e-10,-1.7964033294830542e-13,1.7964033294830542e-13
single_12p5V-0p5ns,A,PCHIP,24,2.4576e-06,2.56e-06,3.469194970113032e-10,3.472235192095308e-10,-3.040221982275751e-13,3.040221982275751e-13
single_12p5V-0p5ns,A,PCHIP,25,2.56e-06,2.6624e-06,2.4960594692139022e-09,2.5012176687102752e-09,-5.158199496373003e-12,5.158199496373003e-12
single_12p5V-0p5ns,A,PCHIP,26,2.6624e-06,2.7648e-06,1.711178303828372e-09,1.707964708214271e-09,3.213595614100976e-12,3.213595614100976e-12
single_12p5V-0p5ns,A,PCHIP,27,2.7648e-06,2.8672000000000003e-06,7.514407462891783e-10,7.506290033344039e-10,8.117429547743649e-13,8.117429547743649e-13
single_12p5V-0p5ns,A,PCHIP,28,2.8672000000000003e-06,2.9696e-06,3.9321625898929355e-10,3.9287443640317947e-10,3.4182258611407477e-13,3.4182258611407477e-13
single_12p5V-0p5ns,A,PCHIP,29,2.9696e-06,3.072e-06,2.467430833181313e-10,2.4658776458741616e-10,1.5531873071514661e-13,1.5531873071514661e-13
single_12p5V-0p5ns,A,PCHIP,30,3.072e-06,3.1744e-06,1.813363045991678e-10,1.8128224524429664e-10,5.405935487114536e-14,5.405935487114536e-14
single_12p5V-0p5ns,A,PCHIP,31,3.1744e-06,3.2768e-06,1.49050121070934e-10,1.492465718000119e-10,-1.9645072907791202e-13,1.9645072907791202e-13
single_12p5V-0p5ns,A,PCHIP,32,3.2768e-06,3.3792e-06,1.284965853168428e-10,1.2782078475863409e-10,6.758005582087194e-13,6.758005582087194e-13
single_12p5V-0p5ns,A,PCHIP,33,3.3792e-06,3.4816000000000003e-06,1.0168505710959848e-10,1.016257190746891e-10,5.933803490937746e-14,5.933803490937746e-14
single_12p5V-0p5ns,A,PCHIP,34,3.4816000000000003e-06,3.5840000000000003e-06,7.068546550255131e-11,7.070533801823669e-11,-1.9872515685377857e-14,1.9872515685377857e-14
single_12p5V-0p5ns,A,PCHIP,35,3.5840000000000003e-06,3.6864e-06,4.8654967762486984e-11,4.8713326464960284e-11,-5.835870247329934e-14,5.835870247329934e-14
single_12p5V-0p5ns,A,PCHIP,36,3.6864e-06,3.7888e-06,3.980899988042275e-11,3.98442935206167e-11,-3.529364019395118e-14,3.529364019395118e-14
single_12p5V-0p5ns,A,PCHIP,37,3.7888e-06,3.8912e-06,3.9376306316345555e-11,3.940644685455875e-11,-3.0140538213197323e-14,3.0140538213197323e-14
single_12p5V-0p5ns,A,PCHIP,38,3.8912e-06,3.9936e-06,4.3559023259527466e-11,4.359399734084205e-11,-3.497408131458222e-14,3.497408131458222e-14
single_12p5V-0p5ns,A,PCHIP,39,3.9936e-06,4.096e-06,5.0733019764345757e-11,5.0774324730564526e-11,-4.130496621876884e-14,4.130496621876884e-14
single_12p5V-0p5ns,A,PCHIP,40,4.096e-06,4.1984e-06,6.047917941932634e-11,6.052864415602242e-11,-4.946473669607817e-14,4.946473669607817e-14
single_12p5V-0p5ns,A,PCHIP,41,4.1984e-06,4.3008e-06,7.1953466322678e-11,7.200297739855355e-11,-4.951107587554369e-14,4.951107587554369e-14
single_12p5V-0p5ns,A,PCHIP,42,4.3008e-06,4.4032000000000005e-06,8.413112353999033e-11,8.418194793753204e-11,-5.082439754170979e-14,5.082439754170979e-14
single_12p5V-0p5ns,A,PCHIP,43,4.4032000000000005e-06,4.5056000000000005e-06,9.699317651423029e-11,9.704475507103533e-11,-5.1578556805044495e-14,5.1578556805044495e-14
single_12p5V-0p5ns,A,PCHIP,44,4.5056000000000005e-06,4.608e-06,1.105010407110349e-10,1.1055306117600193e-10,-5.20204649670293e-14,5.20204649670293e-14
single_12p5V-0p5ns,A,PCHIP,45,4.608e-06,4.7104e-06,1.2466671842229705e-10,1.2471898123745304e-10,-5.226281515598125e-14,5.226281515598125e-14
single_12p5V-0p5ns,A,PCHIP,46,4.7104e-06,4.8128e-06,1.3958142274283185e-10,1.396342130120243e-10,-5.279026919244729e-14,5.279026919244729e-14
single_12p5V-0p5ns,A,PCHIP,47,4.8128e-06,4.9152e-06,1.5546030774892385e-10,1.5551422292729654e-10,-5.39151783726915e-14,5.39151783726915e-14
single_12p5V-0p5ns,A,PCHIP,48,4.9152e-06,5.0176e-06,1.7272693244652186e-10,1.7278329335525795e-10,-5.636090873608759e-14,5.636090873608759e-14
single_12p5V-0p5ns,A,PCHIP,49,5.0176e-06,5.12e-06,1.9220811990531504e-10,1.9226980347118402e-10,-6.168356586897722e-14,6.168356586897722e-14
single_12p5V-0p5ns,A,PCHIP,50,5.12e-06,5.2224e-06,2.1566461540554498e-10,2.157387736644645e-10,-7.415825891951516e-14,7.415825891951516e-14
single_12p5V-0p5ns,A,PCHIP,51,5.2224e-06,5.3248e-06,2.4763755651948803e-10,2.477553593242896e-10,-1.1780280480155744e-13,1.1780280480155744e-13
single_12p5V-0p5ns,A,PCHIP,52,5.3248e-06,5.4272e-06,3.060051259795733e-10,3.061833088534928e-10,-1.781828739195131e-13,1.781828739195131e-13
single_12p5V-0p5ns,A,PCHIP,53,5.4272e-06,5.5296e-06,9.556536938115182e-10,9.617960753275688e-10,-6.142381516050625e-12,6.142381516050625e-12
single_12p5V-0p5ns,A,PCHIP,54,5.5296e-06,5.6320000000000005e-06,2.0150840643443897e-09,2.0100680279967786e-09,5.0160363476110834e-12,5.0160363476110834e-12
single_12p5V-0p5ns,A,PCHIP,55,5.6320000000000005e-06,5.7344000000000005e-06,8.604405467819679e-10,8.594825514697128e-10,9.579953122551253e-13,9.579953122551253e-13
single_12p5V-0p5ns,A,PCHIP,56,5.7344000000000005e-06,5.836800000000001e-06,4.3572769879629674e-10,4.353313731583758e-10,3.963256379209498e-13,3.963256379209498e-13
single_12p5V-0p5ns,A,PCHIP,57,5.836800000000001e-06,5.9392e-06,2.6489331313521714e-10,2.6471640147316833e-10,1.7691166204881503e-13,1.7691166204881503e-13
single_12p5V-0p5ns,A,PCHIP,58,5.9392e-06,6.0416e-06,1.8968612034357927e-10,1.8963182943134753e-10,5.4290912231734064e-14,5.4290912231734064e-14
single_12p5V-0p5ns,A,PCHIP,59,6.0416e-06,6.144e-06,1.526737544815158e-10,1.5294078946634654e-10,-2.6703498483073903e-13,2.6703498483073903e-13
single_12p5V-0p5ns,A,PCHIP,60,6.144e-06,6.2464e-06,1.2900554993768035e-10,1.2812115250354714e-10,8.843974341332072e-13,8.843974341332072e-13
single_12p5V-0p5ns,A,PCHIP,61,6.2464e-06,6.3488e-06,9.929410119022487e-11,9.934086280829062e-11,-4.676161806574798e-14,4.676161806574798e-14
single_12p5V-0p5ns,A,PCHIP,62,6.3488e-06,6.4512e-06,6.818990421029468e-11,6.822474539884588e-11,-3.484118855120172e-14,3.484118855120172e-14
single_12p5V-0p5ns,A,PCHIP,63,6.4512e-06,6.5536e-06,4.756582223160173e-11,4.762070424215455e-11,-5.488201055281786e-14,5.488201055281786e-14
single_12p5V-0p5ns,A,PCHIP,64,6.5536e-06,6.656e-06,3.9846584729544804e-11,3.9879854403792405e-11,-3.326967424760182e-14,3.326967424760182e-14
single_12p5V-0p5ns,A,PCHIP,65,6.656e-06,6.7584e-06,4.003122147931132e-11,4.006153882181998e-11,-3.0317342508660897e-14,3.0317342508660897e-14
single_12p5V-0p5ns,A,PCHIP,66,6.7584e-06,6.8608000000000004e-06,4.459099056817409e-11,4.462660056896374e-11,-3.5610000789646976e-14,3.5610000789646976e-14
single_12p5V-0p5ns,A,PCHIP,67,6.8608000000000004e-06,6.9632000000000005e-06,5.207380589631425e-11,5.2115885038205675e-11,-4.2079141891426813e-14,4.2079141891426813e-14
single_12p5V-0p5ns,A,PCHIP,68,6.9632000000000005e-06,7.065600000000001e-06,6.212693385036657e-11,6.217690036454597e-11,-4.9966514179406506e-14,4.9966514179406506e-14
single_12p5V-0p5ns,A,PCHIP,69,7.065600000000001e-06,7.168000000000001e-06,7.3728334404179e-11,7.37780818927685e-11,-4.974748858949787e-14,4.974748858949787e-14
single_12p5V-0p5ns,A,PCHIP,70,7.168000000000001e-06,7.2704e-06,8.602228304443954e-11,8.607318590546757e-11,-5.090286102803508e-14,5.090286102803508e-14
single_12p5V-0p5ns,A,PCHIP,71,7.2704e-06,7.3728e-06,9.899652214043057e-11,9.904813308077938e-11,-5.1610940348808975e-14,5.1610940348808975e-14
single_12p5V-0p5ns,A,PCHIP,72,7.3728e-06,7.4752e-06,1.1261786777390665e-10,1.1266990088292247e-10,-5.2033109015819446e-14,5.2033109015819446e-14
single_12p5V-0p5ns,A,PCHIP,73,7.4752e-06,7.5776e-06,1.2690754972203635e-10,1.269599423483729e-10,-5.239262633655892e-14,5.239262633655892e-14
single_12p5V-0p5ns,A,PCHIP,74,7.5776e-06,7.680000000000001e-06,1.419719881283334e-10,1.4202497554847363e-10,-5.298742014024674e-14,5.298742014024674e-14
single_12p5V-0p5ns,A,PCHIP,75,7.680000000000001e-06,7.7824e-06,1.580512539185374e-10,1.581054131405165e-10,-5.415922197910591e-14,5.415922197910591e-14
single_12p5V-0p5ns,A,PCHIP,76,7.7824e-06,7.8848e-06,1.7561438547614439e-10,1.7567130202374736e-10,-5.691654760297574e-14,5.691654760297574e-14
single_12p5V-0p5ns,A,PCHIP,77,7.8848e-06,7.9872e-06,1.9558519353090254e-10,1.9564813845355447e-10,-6.294492265192883e-14,6.294492265192883e-14
single_12p5V-0p5ns,A,PCHIP,78,7.9872e-06,8.0896e-06,2.199748344417996e-10,2.200524811367639e-10,-7.76466949643085e-14,7.76466949643085e-14
single_12p5V-0p5ns,A,PCHIP,79,8.0896e-06,8.192e-06,2.5419920885792906e-10,2.5433734873618373e-10,-1.381398782546766e-13,1.381398782546766e-13
single_12p5V-0p5ns,A,PCHIP,80,8.192e-06,8.2944e-06,3.221476495035749e-10,3.2234326978649976e-10,-1.9562028292486453e-13,1.9562028292486453e-13
single_12p5V-0p5ns,A,PCHIP,81,8.2944e-06,8.3968e-06,1.344112496469042e-09,1.3498142086746187e-09,-5.701712205576661e-12,5.701712205576661e-12
single_12p5V-0p5ns,A,PCHIP,82,8.3968e-06,8.4992e-06,1.7453144159426116e-09,1.7407487253361197e-09,4.565690606491872e-12,4.565690606491872e-12
single_12p5V-0p5ns,A,PCHIP,83,8.4992e-06,8.6016e-06,7.632876059182019e-10,7.624598691829617e-10,8.277367352401826e-13,8.277367352401826e-13
single_12p5V-0p5ns,A,PCHIP,84,8.6016e-06,8.704e-06,3.978708261417342e-10,3.9752316736421286e-10,3.476587775213247e-13,3.476587775213247e-13
single_12p5V-0p5ns,A,PCHIP,85,8.704e-06,8.806400000000001e-06,2.4873856459593714e-10,2.4858335770120905e-10,1.5520689472809193e-13,1.5520689472809193e-13
single_12p5V-0p5ns,A,PCHIP,86,8.806400000000001e-06,8.9088e-06,1.8214758114722389e-10,1.8211635257672183e-10,3.122857050205804e-14,3.122857050205804e-14
single_12p5V-0p5ns,A,PCHIP,87,8.9088e-06,9.011200000000001e-06,1.4853183563385003e-10,1.4873792735238925e-10,-2.0609171853921876e-13,2.0609171853921876e-13
single_12p5V-0p5ns,A,PCHIP,88,9.011200000000001e-06,9.1136e-06,1.2483840990586835e-10,1.2401485650790775e-10,8.235533979606052e-13,8.235533979606052e-13
single_12p5V-0p5ns,A,PCHIP,89,9.1136e-06,9.216e-06,9.414168211069417e-11,9.418230908143892e-11,-4.0626970744742075e-14,4.0626970744742075e-14
single_12p5V-0p5ns,A,PCHIP,90,9.216e-06,9.3184e-06,6.393243691594852e-11,6.397784819441366e-11,-4.5411278465141006e-14,4.5411278465141006e-14
single_12p5V-0p5ns,A,PCHIP,91,9.3184e-06,9.4208e-06,4.557918318303564e-11,4.563022164233978e-11,-5.1038459304139714e-14,5.1038459304139714e-14
single_12p5V-0p5ns,A,PCHIP,92,9.4208e-06,9.5232e-06,3.947098480172813e-11,3.9502588063064606e-11,-3.1603261336476615e-14,3.1603261336476615e-14
single_12p5V-0p5ns,A,PCHIP,93,9.5232e-06,9.6256e-06,4.052722454577484e-11,4.055816650702346e-11,-3.094196124861729e-14,3.094196124861729e-14
single_12p5V-0p5ns,A,PCHIP,94,9.6256e-06,9.728e-06,4.5614679828077875e-11,4.565134105659272e-11,-3.6661228514847e-14,3.6661228514847e-14
single_12p5V-0p5ns,A,PCHIP,95,9.728e-06,9.8304e-06,5.351646456248645e-11,5.355971946702767e-11,-4.325490454122383e-14,4.325490454122383e-14
single_12p5V-0p5ns,A,PCHIP,96,9.8304e-06,9.932800000000001e-06,6.393976706962479e-11,6.398993030559438e-11,-5.0163235969593194e-14,5.0163235969593194e-14
single_12p5V-0p5ns,A,PCHIP,97,9.932800000000001e-06,1.00352e-05,7.566479187393514e-11,7.571473120304311e-11,-4.993932910797168e-14,4.993932910797168e-14
single_12p5V-0p5ns,A,PCHIP,98,1.00352e-05,1.0137600000000001e-05,8.807359131640728e-11,8.812469333424601e-11,-5.1102017838723845e-14,5.1102017838723845e-14
single_12p5V-0p5ns,A,PCHIP,99,1.0137600000000001e-05,1.024e-05,1.0115495766434155e-10,1.0120670892634083e-10,-5.1751261999285905e-14,5.1751261999285905e-14
single_12p5V-0p5ns,A,PCHIP,100,1.024e-05,1.0342400000000001e-05,1.1488270752905868e-10,1.1493475333959402e-10,-5.2045810535334945e-14,5.2045810535334945e-14
single_12p5V-0p5ns,A,PCHIP,101,1.0342400000000001e-05,1.04448e-05,1.2928927538347522e-10,1.2934169620172874e-10,-5.242081825351489e-14,5.242081825351489e-14
single_12p5V-0p5ns,A,PCHIP,102,1.04448e-05,1.05472e-05,1.4449876397350525e-10,1.4455185311355384e-10,-5.308914004858793e-14,5.308914004858793e-14
single_12p5V-0p5ns,A,PCHIP,103,1.05472e-05,1.06496e-05,1.6077982302895183e-10,1.608343601498005e-10,-5.453712084867479e-14,5.453712084867479e-14
single_12p5V-0p5ns,A,PCHIP,104,1.06496e-05,1.0752e-05,1.7865453610385145e-10,1.787122033202296e-10,-5.766721637814553e-14,5.766721637814553e-14
single_12p5V-0p5ns,A,PCHIP,105,1.0752e-05,1.08544e-05,1.991612802727404e-10,1.9922572052078622e-10,-6.44402480458248e-14,6.44402480458248e-14
single_12p5V-0p5ns,A,PCHIP,106,1.08544e-05,1.09568e-05,2.2461892158217317e-10,2.2470075186728676e-10,-8.183028511359366e-14,8.183028511359366e-14
single_12p5V-0p5ns,A,PCHIP,107,1.09568e-05,1.10592e-05,2.616094950924868e-10,2.6176144444012726e-10,-1.5194934764043822e-13,1.5194934764043822e-13
single_12p5V-0p5ns,A,PCHIP,108,1.10592e-05,1.11616e-05,3.4354879878775115e-10,3.438212017735288e-10,-2.724029857776767e-13,2.724029857776767e-13
single_12p5V-0p5ns,A,PCHIP,109,1.11616e-05,1.1264000000000001e-05,1.6765517293731803e-09,1.6820979659218474e-09,-5.5462365486671116e-12,5.5462365486671116e-12
single_12p5V-0p5ns,A,PCHIP,110,1.1264000000000001e-05,1.13664e-05,1.5101538178236734e-09,1.5064599893641874e-09,3.693828459486037e-12,3.693828459486037e-12
single_12p5V-0p5ns,A,PCHIP,111,1.13664e-05,1.1468800000000001e-05,6.782546030267086e-10,6.775404803502476e-10,7.141226764609941e-13,7.141226764609941e-13
single_12p5V-0p5ns,A,PCHIP,112,1.1468800000000001e-05,1.15712e-05,3.642503059428794e-10,3.639458449536529e-10,3.0446098922653946e-13,3.0446098922653946e-13
single_12p5V-0p5ns,A,PCHIP,113,1.15712e-05,1.1673600000000001e-05,2.341875304692779e-10,2.340522453066913e-10,1.3528516258663824e-13,1.3528516258663824e-13
single_12p5V-0p5ns,A,PCHIP,114,1.1673600000000001e-05,1.1776e-05,1.752405339407955e-10,1.7523680567498914e-10,3.72826580635383e-15,3.72826580635383e-15
single_12p5V-0p5ns,A,PCHIP,115,1.1776e-05,1.18784e-05,1.4458152505587714e-10,1.4465117129342653e-10,-6.964623754938775e-14,6.964623754938775e-14
single_12p5V-0p5ns,A,PCHIP,116,1.18784e-05,1.19808e-05,1.2032400976618919e-10,1.1965479469481528e-10,6.692150713739013e-13,6.692150713739013e-13
single_12p5V-0p5ns,A,PCHIP,117,1.19808e-05,1.20832e-05,8.890625745343904e-11,8.891935390291798e-11,-1.3096449478931937e-14,1.3096449478931937e-14
single_12p5V-0p5ns,A,PCHIP,118,1.20832e-05,1.21856e-05,5.996909557929965e-11,6.002218786304184e-11,-5.309228374219869e-14,5.309228374219869e-14
single_12p5V-0p5ns,A,PCHIP,119,1.21856e-05,1.2288e-05,4.389252935247091e-11,4.393933577314823e-11,-4.680642067731874e-14,4.680642067731874e-14
single_12p5V-0p5ns,A,PCHIP,120,1.2288e-05,1.23904e-05,3.9269087946223903e-11,3.929960763019971e-11,-3.051968397580384e-14,3.051968397580384e-14
single_12p5V-0p5ns,A,PCHIP,121,1.23904e-05,1.24928e-05,4.112854774101198e-11,4.11602262956828e-11,-3.1678554670817595e-14,3.1678554670817595e-14
single_12p5V-0p5ns,A,PCHIP,122,1.24928e-05,1.2595200000000001e-05,4.672060594013629e-11,4.675826330725135e-11,-3.76573671150589e-14,3.76573671150589e-14
single_12p5V-0p5ns,A,PCHIP,123,1.2595200000000001e-05,1.26976e-05,5.504266276105646e-11,5.5087311254113683e-11,-4.4648493057220036e-14,4.4648493057220036e-14
single_12p5V-0p5ns,A,PCHIP,124,1.26976e-05,1.2800000000000001e-05,6.580279512115819e-11,6.585285042461423e-11,-5.00553034560434e-14,5.00553034560434e-14
single_12p5V-0p5ns,A,PCHIP,125,1.2800000000000001e-05,1.29024e-05,7.763542285957736e-11,7.768556114348028e-11,-5.0138283902918114e-14,5.0138283902918114e-14
single_12p5V-0p5ns,A,PCHIP,126,1.29024e-05,1.3004800000000001e-05,9.01575772945261e-11,9.020876744290778e-11,-5.119014838167888e-14,5.119014838167888e-14
single_12p5V-0p5ns,A,PCHIP,127,1.3004800000000001e-05,1.31072e-05,1.03345149523934e-10,1.0339693419845315e-10,-5.178467451915551e-14,5.178467451915551e-14
single_12p5V-0p5ns,A,PCHIP,128,1.31072e-05,1.32096e-05,1.1717961446069835e-10,1.1723177420017277e-10,-5.2159739474421054e-14,5.2159739474421054e-14
single_12p5V-0p5ns,A,PCHIP,129,1.32096e-05,1.3312e-05,1.3170594271614198e-10,1.317585011798593e-10,-5.255846371732779e-14,5.255846371732779e-14
single_12p5V-0p5ns,A,PCHIP,130,1.3312e-05,1.34144e-05,1.4706728024340472e-10,1.4712049150972633e-10,-5.32112663216175e-14,5.32112663216175e-14
single_12p5V-0p5ns,A,PCHIP,131,1.34144e-05,1.35168e-05,1.6356361901352024e-10,1.6361847127469453e-10,-5.4852261174289595e-14,5.4852261174289595e-14
single_12p5V-0p5ns,A,PCHIP,132,1.35168e-05,1.36192e-05,1.817766303100019e-10,1.8183502424260578e-10,-5.839393260387107e-14,5.839393260387107e-14
single_12p5V-0p5ns,A,PCHIP,133,1.36192e-05,1.3721600000000001e-05,2.028774753802153e-10,2.0294377123512838e-10,-6.629585491307667e-14,6.629585491307667e-14
single_12p5V-0p5ns,A,PCHIP,134,1.3721600000000001e-05,1.3824e-05,2.2955832193568602e-10,2.2964553256373112e-10,-8.721062804510179e-14,8.721062804510179e-14
single_12p5V-0p5ns,A,PCHIP,135,1.3824e-05,1.3926400000000001e-05,2.6994695889182705e-10,2.701016217011566e-10,-1.5466280932954806e-13,1.5466280932954806e-13
single_12p5V-0p5ns,A,PCHIP,136,1.3926400000000001e-05,1.40288e-05,3.736238065444172e-10,3.740761732418843e-10,-4.523666974671295e-13,4.523666974671295e-13
single_12p5V-0p5ns,A,PCHIP,137,1.40288e-05,1.4131200000000001e-05,1.9434543069813623e-09,1.9486723554281953e-09,-5.21804844683306e-12,5.21804844683306e-12
single_12p5V-0p5ns,A,PCHIP,138,1.4131200000000001e-05,1.42336e-05,1.3107755654769613e-09,1.3079841213768965e-09,2.7914441000647923e-12,2.7914441000647923e-12
single_12p5V-0p5ns,A,PCHIP,139,1.42336e-05,1.4336000000000001e-05,6.052646744863048e-10,6.046465948707557e-10,6.180796155490664e-13,6.180796155490664e-13
single_12p5V-0p5ns,A,PCHIP,140,1.4336000000000001e-05,1.44384e-05,3.3495848443729743e-10,3.346919202892085e-10,2.665641480889527e-13,2.665641480889527e-13
single_12p5V-0p5ns,A,PCHIP,141,1.44384e-05,1.45408e-05,2.2132841633306514e-10,2.2121232435958074e-10,1.1609197348440367e-13,1.1609197348440367e-13
single_12p5V-0p5ns,A,PCHIP,142,1.45408e-05,1.46432e-05,1.6901083413929326e-10,1.690412619995818e-10,-3.042786028853574e-14,3.042786028853574e-14
single_12p5V-0p5ns,A,PCHIP,143,1.46432e-05,1.47456e-05,1.4077128373675462e-10,1.4067862655310424e-10,9.265718365037991e-14,9.265718365037991e-14
single_12p5V-0p5ns,A,PCHIP,144,1.47456e-05,1.4848e-05,1.1558952118241495e-10,1.1507239731765397e-10,5.171238647609806e-13,5.171238647609806e-13
single_12p5V-0p5ns,A,PCHIP,145,1.4848e-05,1.49504e-05,8.367089651494668e-11,8.367716212957159e-11,-6.265614624913119e-15,6.265614624913119e-15
single_12p5V-0p5ns,A,PCHIP,146,1.49504e-05,1.5052800000000001e-05,5.637150257553541e-11,5.6429258421341755e-11,-5.77558458063425e-14,5.77558458063425e-14
single_12p5V-0p5ns,A,PCHIP,147,1.5052800000000001e-05,1.51552e-05,4.2506008237469944e-11,4.254869707569724e-11,-4.268883822729434e-14,4.268883822729434e-14
single_12p5V-0p5ns,A,PCHIP,148,1.51552e-05,1.5257600000000001e-05,3.923190758852055e-11,3.926181697746125e-11,-2.990938894070333e-14,2.990938894070333e-14
single_12p5V-0p5ns,A,PCHIP,149,1.5257600000000001e-05,1.5360000000000002e-05,4.182733001936344e-11,4.185990429580564e-11,-3.257427644220169e-14,3.257427644220169e-14
single_12p5V-0p5ns,A,PCHIP,150,1.5360000000000002e-05,1.54624e-05,4.7901109823379405e-11,4.793977421296271e-11,-3.8664389583306745e-14,3.8664389583306745e-14
single_12p5V-0p5ns,A,PCHIP,151,1.54624e-05,1.55648e-05,5.6644653640715945e-11,5.669076830279808e-11,-4.6114662082136423e-14,4.6114662082136423e-14
single_12p5V-0p5ns,A,PCHIP,152,1.55648e-05,1.56672e-05,6.769354490279514e-11,6.774318628863053e-11,-4.96413858353937e-14,4.96413858353937e-14
single_12p5V-0p5ns,A,PCHIP,153,1.56672e-05,1.57696e-05,7.962859209153403e-11,7.967901562396757e-11,-5.042353243354957e-14,5.042353243354957e-14
single_12p5V-0p5ns,A,PCHIP,154,1.57696e-05,1.5872e-05,9.22623073990929e-11,9.231367424889751e-11,-5.136684980461232e-14,5.136684980461232e-14
single_12p5V-0p5ns,A,PCHIP,155,1.5872e-05,1.59744e-05,1.0555531196706855e-10,1.0560712277303443e-10,-5.1810805965885895e-14,5.1810805965885895e-14
single_12p5V-0p5ns,A,PCHIP,156,1.59744e-05,1.60768e-05,1.1949734676481578e-10,1.195495183197317e-10,-5.217155491593181e-14,5.217155491593181e-14
single_12p5V-0p5ns,A,PCHIP,157,1.60768e-05,1.61792e-05,1.341467276210019e-10,1.3419932955329597e-10,-5.260193229408298e-14,5.260193229408298e-14
single_12p5V-0p5ns,A,PCHIP,158,1.61792e-05,1.62816e-05,1.4966705044090118e-10,1.4972050898064235e-10,-5.3458539741173997e-14,5.3458539741173997e-14
single_12p5V-0p5ns,A,PCHIP,159,1.62816e-05,1.6384e-05,1.6639316202696038e-10,1.664484859768636e-10,-5.532394990321469e-14,5.532394990321469e-14
single_12p5V-0p5ns,A,PCHIP,160,1.6384e-05,1.6486400000000002e-05,1.8497372531548558e-10,1.8503295905627128e-10,-5.923374078569557e-14,5.923374078569557e-14
single_12p5V-0p5ns,A,PCHIP,161,1.6486400000000002e-05,1.65888e-05,2.0673422198992852e-10,2.068025417997638e-10,-6.831980983527981e-14,6.831980983527981e-14
single_12p5V-0p5ns,A,PCHIP,162,1.65888e-05,1.66912e-05,2.3482144800298946e-10,2.34915250970128e-10,-9.38029671385453e-14,9.38029671385453e-14
single_12p5V-0p5ns,A,PCHIP,163,1.66912e-05,1.67936e-05,2.7942560727475796e-10,2.7958465994911336e-10,-1.5905267435539946e-13,1.5905267435539946e-13
single_12p5V-0p5ns,A,PCHIP,164,1.67936e-05,1.6896000000000002e-05,4.223930381639291e-10,4.2327899220542193e-10,-8.859540414928402e-13,8.859540414928402e-13
single_12p5V-0p5ns,A,PCHIP,165,1.6896000000000002e-05,1.69984e-05,2.142326364545127e-09,2.1463674251352836e-09,-4.041060590156646e-12,4.041060590156646e-12
single_12p5V-0p5ns,A,PCHIP,166,1.69984e-05,1.71008e-05,1.142270687197217e-09,1.1403017690825445e-09,1.968918114672465e-12,1.968918114672465e-12
single_12p5V-0p5ns,A,PCHIP,167,1.71008e-05,1.72032e-05,5.427442241982455e-10,5.422082820450869e-10,5.359421531585672e-13,5.359421531585672e-13
single_12p5V-0p5ns,A,PCHIP,168,1.72032e-05,1.73056e-05,3.094920955774011e-10,3.092576636923292e-10,2.344318850718696e-13,2.344318850718696e-13
single_12p5V-0p5ns,A,PCHIP,169,1.73056e-05,1.7408e-05,2.099891144845226e-10,2.098916746616676e-10,9.743982285500711e-14,9.743982285500711e-14
single_12p5V-0p5ns,A,PCHIP,170,1.7408e-05,1.75104e-05,1.6337590012657527e-10,1.634511976864115e-10,-7.529755983623336e-14,7.529755983623336e-14
single_12p5V-0p5ns,A,PCHIP,171,1.75104e-05,1.7612800000000002e-05,1.3704477830874894e-10,1.3675760281567732e-10,2.8717549307162023e-13,2.8717549307162023e-13
single_12p5V-0p5ns,A,PCHIP,172,1.7612800000000002e-05,1.77152e-05,1.1063881816348922e-10,1.1028247501865325e-10,3.5634314483596624e-13,3.5634314483596624e-13
single_12p5V-0p5ns,A,PCHIP,173,1.77152e-05,1.78176e-05,7.854116822019851e-11,7.85519168531373e-11,-1.0748632938791757e-14,1.0748632938791757e-14
single_12p5V-0p5ns,A,PCHIP,174,1.78176e-05,1.792e-05,5.31666934586874e-11,5.322593172347785e-11,-5.923826479045046e-14,5.923826479045046e-14
single_12p5V-0p5ns,A,PCHIP,175,1.792e-05,1.8022400000000002e-05,4.140011540462049e-11,4.1439184495877925e-11,-3.906909125743404e-14,3.906909125743404e-14
single_12p5V-0p5ns,A,PCHIP,176,1.8022400000000002e-05,1.81248e-05,3.9344587959907e-11,3.937429325291196e-11,-2.970529300496007e-14,2.970529300496007e-14
single_12p5V-0p5ns,A,PCHIP,177,1.81248e-05,1.82272e-05,4.2615233055526035e-11,4.2648710009187664e-11,-3.3476953661629114e-14,3.3476953661629114e-14
single_12p5V-0p5ns,A,PCHIP,178,1.82272e-05,1.83296e-05,4.915055769391901e-11,4.919029308294179e-11,-3.9735389022779886e-14,3.9735389022779886e-14
single_12p5V-0p5ns,A,PCHIP,179,1.83296e-05,1.8432e-05,5.831836049837926e-11,5.836620155299039e-11,-4.784105461112653e-14,4.784105461112653e-14
single_12p5V-0p5ns,A,PCHIP,180,1.8432e-05,1.85344e-05,6.959657766256126e-11,6.964585421681825e-11,-4.9276554256994545e-14,4.9276554256994545e-14
single_12p5V-0p5ns,A,PCHIP,181,1.85344e-05,1.86368e-05,8.164049965239482e-11,8.169108093184792e-11,-5.0581279453103706e-14,5.0581279453103706e-14
single_12p5V-0p5ns,A,PCHIP,182,1.86368e-05,1.8739200000000002e-05,9.438433443202051e-11,9.443576855105844e-11,-5.143411903793647e-14,5.143411903793647e-14
single_12p5V-0p5ns,A,PCHIP,183,1.8739200000000002e-05,1.88416e-05,1.0778223238378638e-10,1.0783416645711864e-10,-5.193407333225696e-14,5.193407333225696e-14
single_12p5V-0p5ns,A,PCHIP,184,1.88416e-05,1.8944e-05,1.2183329241712373e-10,1.218855793161817e-10,-5.2286899057958614e-14,5.2286899057958614e-14
single_12p5V-0p5ns,A,PCHIP,185,1.8944e-05,1.90464e-05,1.366100236331468e-10,1.3666268007231042e-10,-5.265643916362648e-14,5.265643916362648e-14
single_12p5V-0p5ns,A,PCHIP,186,1.90464e-05,1.9148800000000002e-05,1.522980305955296e-10,1.5235165812113544e-10,-5.36275256058341e-14,5.36275256058341e-14
single_12p5V-0p5ns,A,PCHIP,187,1.9148800000000002e-05,1.92512e-05,1.6927044171519255e-10,1.6932617986886423e-10,-5.5738153671681533e-14,5.5738153671681533e-14
single_12p5V-0p5ns,A,PCHIP,188,1.92512e-05,1.93536e-05,1.8825153614343165e-10,1.8831184136616723e-10,-6.030522273558201e-14,6.030522273558201e-14
single_12p5V-0p5ns,A,PCHIP,189,1.93536e-05,1.9456e-05,2.1074772169750624e-10,2.1081856263866797e-10,-7.084094116173214e-14,7.084094116173214e-14
single_12p5V-0p5ns,A,PCHIP,190,1.9456e-05,1.9558400000000002e-05,2.404648632293623e-10,2.405674234545425e-10,-1.0256022518023374e-13,1.0256022518023374e-13
single_12p5V-0p5ns,A,PCHIP,191,1.9558400000000002e-05,1.96608e-05,2.90414165977339e-10,2.9057975535921103e-10,-1.6558938187203109e-13,1.6558938187203109e-13
single_12p5V-0p5ns,A,PCHIP,192,1.96608e-05,1.97632e-05,5.340550516464369e-10,5.366691815730639e-10,-2.6141299266269575e-12,2.6141299266269575e-12
single_12p5V-0p5ns,A,PCHIP,193,1.97632e-05,1.9865600000000002e-05,2.236263457391509e-09,2.236877633347637e-09,-6.141759561278834e-13,6.141759561278834e-13
single_12p5V-0p5ns,A,PCHIP,194,1.9865600000000002e-05,1.9968e-05,1.0000674495329842e-09,9.9838640121613e-10,1.6810483168541946e-12,1.6810483168541946e-12
single_12p5V-0p5ns,A,PCHIP,195,1.9968e-05,2e-05,1.8684760590601345e-10,1.8671898195150708e-10,1.2862395450636948e-13,1.2862395450636948e-13
single_12p5V-0p5ns,A,CS,0,0.0,1.024e-07,3.2919388005990374e-13,3.361723603954054e-13,-6.978480335501667e-15,6.978480335501667e-15
single_12p5V-0p5ns,A,CS,1,1.024e-07,2.048e-07,2.1988923634247712e-12,2.2162578745902783e-12,-1.7365511165507044e-14,1.7365511165507044e-14
single_12p5V-0p5ns,A,CS,2,2.048e-07,3.072e-07,5.6122616340643646e-12,5.638643841889657e-12,-2.638220782529277e-14,2.638220782529277e-14
single_12p5V-0p5ns,A,CS,3,3.072e-07,4.096e-07,1.0274333109376768e-11,1.0307639876615737e-11,-3.330676723896876e-14,3.330676723896876e-14
single_12p5V-0p5ns,A,CS,4,4.096e-07,5.12e-07,1.5955286857744208e-11,1.59940155401795e-11,-3.872868243529168e-14,3.872868243529168e-14
single_12p5V-0p5ns,A,CS,5,5.12e-07,6.144e-07,2.2476443351270213e-11,2.2519215236292568e-11,-4.277188502235507e-14,4.277188502235507e-14
single_12p5V-0p5ns,A,CS,6,6.144e-07,7.168000000000001e-07,2.969641413762892e-11,2.974224448325038e-11,-4.5830345621462627e-14,4.5830345621462627e-14
single_12p5V-0p5ns,A,CS,7,7.168000000000001e-07,8.192e-07,3.750198685335196e-11,3.7549989946467795e-11,-4.800309311583779e-14,4.800309311583779e-14
single_12p5V-0p5ns,A,CS,8,8.192e-07,9.216e-07,4.580108997356241e-11,4.5850532803002135e-11,-4.944282943972377e-14,4.944282943972377e-14
single_12p5V-0p5ns,A,CS,9,9.216e-07,1.024e-06,5.4518518631288443e-11,5.4568795997002486e-11,-5.0277365714043143e-14,5.0277365714043143e-14
single_12p5V-0p5ns,A,CS,10,1.024e-06,1.1264000000000001e-06,6.359345688692949e-11,6.364397757054067e-11,-5.052068361118288e-14,5.052068361118288e-14
single_12p5V-0p5ns,A,CS,11,1.1264000000000001e-06,1.2288e-06,7.297794504449052e-11,7.302841420715672e-11,-5.04691626662001e-14,5.04691626662001e-14
single_12p5V-0p5ns,A,CS,12,1.2288e-06,1.3312e-06,8.26376025813847e-11,8.268771613292172e-11,-5.011355153701639e-14,5.011355153701639e-14
single_12p5V-0p5ns,A,CS,13,1.3312e-06,1.4336000000000001e-06,9.255267585690574e-11,9.260221631167446e-11,-4.954045476872255e-14,4.954045476872255e-14
single_12p5V-0p5ns,A,CS,14,1.4336000000000001e-06,1.536e-06,1.0272118628713833e-10,1.0277002443868738e-10,-4.8838151549043285e-14,4.8838151549043285e-14
single_12p5V-0p5ns,A,CS,15,1.536e-06,1.6384e-06,1.1316435900231103e-10,1.1321235822591677e-10,-4.7999223605742e-14,4.7999223605742e-14
single_12p5V-0p5ns,A,CS,16,1.6384e-06,1.7408000000000001e-06,1.2393514217147218e-10,1.2398252738770443e-10,-4.738521623224854e-14,4.738521623224854e-14
single_12p5V-0p5ns,A,CS,17,1.7408000000000001e-06,1.8432e-06,1.3513462978609414e-10,1.3518139877583882e-10,-4.676898974467135e-14,4.676898974467135e-14
single_12p5V-0p5ns,A,CS,18,1.8432e-06,1.9456e-06,1.4693775839624906e-10,1.4698546656949476e-10,-4.7708173245700334e-14,4.7708173245700334e-14
single_12p5V-0p5ns,A,CS,19,1.9456e-06,2.048e-06,1.5965702912156092e-10,1.5970189279661963e-10,-4.486367505871485e-14,4.486367505871485e-14
single_12p5V-0p5ns,A,CS,20,2.048e-06,2.1504e-06,1.7382494537883621e-10,1.7388814341786766e-10,-6.319803903144337e-14,6.319803903144337e-14
single_12p5V-0p5ns,A,CS,21,2.1504e-06,2.2528000000000003e-06,1.9064559461124272e-10,1.9065100417962242e-10,-5.409568379697763e-15,5.409568379697763e-15
single_12p5V-0p5ns,A,CS,22,2.2528000000000003e-06,2.3552e-06,2.1228504475108435e-10,2.1256255105260413e-10,-2.775063015197856e-13,2.775063015197856e-13
single_12p5V-0p5ns,A,CS,23,2.3552e-06,2.4576e-06,2.4826489746431334e-10,2.4760120040929137e-10,6.636970550219694e-13,6.636970550219694e-13
single_12p5V-0p5ns,A,CS,24,2.4576e-06,2.56e-06,3.435734307778482e-10,3.472235192095308e-10,-3.650088431682589e-12,3.650088431682589e-12
single_12p5V-0p5ns,A,CS,25,2.56e-06,2.6624e-06,2.497238588571003e-09,2.5012176687102752e-09,-3.979080139272252e-12,3.979080139272252e-12
single_12p5V-0p5ns,A,CS,26,2.6624e-06,2.7648e-06,1.7106411463933326e-09,1.707964708214271e-09,2.6764381790616576e-12,2.6764381790616576e-12
single_12p5V-0p5ns,A,CS,27,2.7648e-06,2.8672000000000003e-06,7.510248695124483e-10,7.506290033344039e-10,3.958661780443694e-13,3.958661780443694e-13
single_12p5V-0p5ns,A,CS,28,2.8672000000000003e-06,2.9696e-06,3.932726858428266e-10,3.9287443640317947e-10,3.98249439647152e-13,3.98249439647152e-13
single_12p5V-0p5ns,A,CS,29,2.9696e-06,3.072e-06,2.4667333282175195e-10,2.4658776458741616e-10,8.556823433579283e-14,8.556823433579283e-14
single_12p5V-0p5ns,A,CS,30,3.072e-06,3.1744e-06,1.8134807924855832e-10,1.8128224524429664e-10,6.583400426167836e-14,6.583400426167836e-14
single_12p5V-0p5ns,A,CS,31,3.1744e-06,3.2768e-06,1.4927464353409655e-10,1.492465718000119e-10,2.807173408464324e-14,2.807173408464324e-14
single_12p5V-0p5ns,A,CS,32,3.2768e-06,3.3792e-06,1.2784093706957784e-10,1.2782078475863409e-10,2.0152310943758826e-14,2.0152310943758826e-14
single_12p5V-0p5ns,A,CS,33,3.3792e-06,3.4816000000000003e-06,1.0176361294763296e-10,1.016257190746891e-10,1.3789387294385412e-13,1.3789387294385412e-13
single_12p5V-0p5ns,A,CS,34,3.4816000000000003e-06,3.5840000000000003e-06,7.080570662697985e-11,7.070533801823669e-11,1.0036860874316125e-13,1.0036860874316125e-13
single_12p5V-0p5ns,A,CS,35,3.5840000000000003e-06,3.6864e-06,4.8742842296700383e-11,4.8713326464960284e-11,2.9515831740099945e-14,2.9515831740099945e-14
single_12p5V-0p5ns,A,CS,36,3.6864e-06,3.7888e-06,3.984654698465929e-11,3.98442935206167e-11,2.2534640425867232e-15,2.2534640425867232e-15
single_12p5V-0p5ns,A,CS,37,3.7888e-06,3.8912e-06,3.938633729265459e-11,3.940644685455875e-11,-2.010956190416031e-14,2.010956190416031e-14
single_12p5V-0p5ns,A,CS,38,3.8912e-06,3.9936e-06,4.35616647100117e-11,4.359399734084205e-11,-3.2332630830347434e-14,3.2332630830347434e-14
single_12p5V-0p5ns,A,CS,39,3.9936e-06,4.096e-06,5.073390791895186e-11,5.0774324730564526e-11,-4.041681161266797e-14,4.041681161266797e-14
single_12p5V-0p5ns,A,CS,40,4.096e-06,4.1984e-06,6.048016233645076e-11,6.052864415602242e-11,-4.8481819571660405e-14,4.8481819571660405e-14
single_12p5V-0p5ns,A,CS,41,4.1984e-06,4.3008e-06,7.195379244416188e-11,7.200297739855355e-11,-4.918495439166871e-14,4.918495439166871e-14
single_12p5V-0p5ns,A,CS,42,4.3008e-06,4.4032000000000005e-06,8.413106831618402e-11,8.418194793753204e-11,-5.087962134802553e-14,5.087962134802553e-14
single_12p5V-0p5ns,A,CS,43,4.4032000000000005e-06,4.5056000000000005e-06,9.699319999699855e-11,9.704475507103533e-11,-5.155507403677667e-14,5.155507403677667e-14
single_12p5V-0p5ns,A,CS,44,4.5056000000000005e-06,4.608e-06,1.1050103677158165e-10,1.1055306117600193e-10,-5.202440442028005e-14,5.202440442028005e-14
single_12p5V-0p5ns,A,CS,45,4.608e-06,4.7104e-06,1.2466671037119885e-10,1.2471898123745304e-10,-5.227086625418933e-14,5.227086625418933e-14
single_12p5V-0p5ns,A,CS,46,4.7104e-06,4.8128e-06,1.3958143357091232e-10,1.396342130120243e-10,-5.277944111197278e-14,5.277944111197278e-14
single_12p5V-0p5ns,A,CS,47,4.8128e-06,4.9152e-06,1.55460354518806e-10,1.5551422292729654e-10,-5.3868408490530307e-14,5.3868408490530307e-14
single_12p5V-0p5ns,A,CS,48,4.9152e-06,5.0176e-06,1.7272700766598236e-10,1.7278329335525795e-10,-5.628568927558629e-14,5.628568927558629e-14
single_12p5V-0p5ns,A,CS,49,5.0176e-06,5.12e-06,1.9220918258074183e-10,1.9226980347118402e-10,-6.062089044219047e-14,6.062089044219047e-14
single_12p5V-0p5ns,A,CS,50,5.12e-06,5.2224e-06,2.1566384226579783e-10,2.157387736644645e-10,-7.493139866666519e-14,7.493139866666519e-14
single_12p5V-0p5ns,A,CS,51,5.2224e-06,5.3248e-06,2.4766647108385716e-10,2.477553593242896e-10,-8.88882404324278e-14,8.88882404324278e-14
single_12p5V-0p5ns,A,CS,52,5.3248e-06,5.4272e-06,3.059080374219451e-10,3.061833088534928e-10,-2.7527143154771405e-13,2.7527143154771405e-13
single_12p5V-0p5ns,A,CS,53,5.4272e-06,5.5296e-06,9.55339058880551e-10,9.617960753275688e-10,-6.4570164470178954e-12,6.4570164470178954e-12
single_12p5V-0p5ns,A,CS,54,5.5296e-06,5.6320000000000005e-06,2.0150734205393748e-09,2.0100680279967786e-09,5.005392542596147e-12,5.005392542596147e-12
single_12p5V-0p5ns,A,CS,55,5.6320000000000005e-06,5.7344000000000005e-06,8.584099965291481e-10,8.594825514697128e-10,-1.0725549405646795e-12,1.0725549405646795e-12
single_12p5V-0p5ns,A,CS,56,5.7344000000000005e-06,5.836800000000001e-06,4.36351799510718e-10,4.353313731583758e-10,1.0204263523422223e-12,1.0204263523422223e-12
single_12p5V-0p5ns,A,CS,57,5.836800000000001e-06,5.9392e-06,2.646461503696125e-10,2.6471640147316833e-10,-7.025110355582878e-14,7.025110355582878e-14
single_12p5V-0p5ns,A,CS,58,5.9392e-06,6.0416e-06,1.8975635364312993e-10,1.8963182943134753e-10,1.245242117824022e-13,1.245242117824022e-13
single_12p5V-0p5ns,A,CS,59,6.0416e-06,6.144e-06,1.5295774793418713e-10,1.5294078946634654e-10,1.6958467840590127e-14,1.6958467840590127e-14
single_12p5V-0p5ns,A,CS,60,6.144e-06,6.2464e-06,1.281586591263842e-10,1.2812115250354714e-10,3.7506622837069696e-14,3.7506622837069696e-14
single_12p5V-0p5ns,A,CS,61,6.2464e-06,6.3488e-06,9.948746762358766e-11,9.934086280829062e-11,1.4660481529703708e-13,1.4660481529703708e-13
single_12p5V-0p5ns,A,CS,62,6.3488e-06,6.4512e-06,6.831241571734831e-11,6.822474539884588e-11,8.767031850242677e-14,8.767031850242677e-14
single_12p5V-0p5ns,A,CS,63,6.4512e-06,6.5536e-06,4.764798379913967e-11,4.762070424215455e-11,2.7279556985120628e-14,2.7279556985120628e-14
single_12p5V-0p5ns,A,CS,64,6.5536e-06,6.656e-06,3.987890449107274e-11,3.9879854403792405e-11,-9.49912719668415e-16,9.49912719668415e-16
single_12p5V-0p5ns,A,CS,65,6.656e-06,6.7584e-06,4.00399032360303e-11,4.006153882181998e-11,-2.163558578968107e-14,2.163558578968107e-14
single_12p5V-0p5ns,A,CS,66,6.7584e-06,6.8608000000000004e-06,4.4593186702890175e-11,4.462660056896374e-11,-3.3413866073563795e-14,3.3413866073563795e-14
single_12p5V-0p5ns,A,CS,67,6.8608000000000004e-06,6.9632000000000005e-06,5.207471869522427e-11,5.2115885038205675e-11,-4.1166342981408276e-14,4.1166342981408276e-14
single_12p5V-0p5ns,A,CS,68,6.9632000000000005e-06,7.065600000000001e-06,6.212789016906479e-11,6.217690036454597e-11,-4.901019548118312e-14,4.901019548118312e-14
single_12p5V-0p5ns,A,CS,69,7.065600000000001e-06,7.168000000000001e-06,7.372855564104826e-11,7.37780818927685e-11,-4.952625172023714e-14,4.952625172023714e-14
single_12p5V-0p5ns,A,CS,70,7.168000000000001e-06,7.2704e-06,8.602224775693617e-11,8.607318590546757e-11,-5.09381485314082e-14,5.09381485314082e-14
single_12p5V-0p5ns,A,CS,71,7.2704e-06,7.3728e-06,9.899653588259902e-11,9.904813308077938e-11,-5.1597198180364516e-14,5.1597198180364516e-14
single_12p5V-0p5ns,A,CS,72,7.3728e-06,7.4752e-06,1.1261787227941417e-10,1.1266990088292247e-10,-5.2028603508296465e-14,5.2028603508296465e-14
single_12p5V-0p5ns,A,CS,73,7.4752e-06,7.5776e-06,1.2690752118147403e-10,1.269599423483729e-10,-5.2421166898872743e-14,5.2421166898872743e-14
single_12p5V-0p5ns,A,CS,74,7.5776e-06,7.680000000000001e-06,1.419720321490113e-10,1.4202497554847363e-10,-5.294339946233454e-14,5.294339946233454e-14
single_12p5V-0p5ns,A,CS,75,7.680000000000001e-06,7.7824e-06,1.5805134327857545e-10,1.581054131405165e-10,-5.406986194104796e-14,5.406986194104796e-14
single_12p5V-0p5ns,A,CS,76,7.7824e-06,7.8848e-06,1.756138745607871e-10,1.7567130202374736e-10,-5.742746296026324e-14,5.742746296026324e-14
single_12p5V-0p5ns,A,CS,77,7.8848e-06,7.9872e-06,1.9559020773497426e-10,1.9564813845355447e-10,-5.793071858020396e-14,5.793071858020396e-14
single_12p5V-0p5ns,A,CS,78,7.9872e-06,8.0896e-06,2.1995535683667521e-10,2.200524811367639e-10,-9.712430008869165e-14,9.712430008869165e-14
single_12p5V-0p5ns,A,CS,79,8.0896e-06,8.192e-06,2.5432358044853665e-10,2.5433734873618373e-10,-1.3768287647081106e-14,1.3768287647081106e-14
single_12p5V-0p5ns,A,CS,80,8.192e-06,8.2944e-06,3.2165949103590264e-10,3.2234326978649976e-10,-6.837787505971176e-13,6.837787505971176e-13
single_12p5V-0p5ns,A,CS,81,8.2944e-06,8.3968e-06,1.3442385644184515e-09,1.3498142086746187e-09,-5.575644256167174e-12,5.575644256167174e-12
single_12p5V-0p5ns,A,CS,82,8.3968e-06,8.4992e-06,1.7452851807964456e-09,1.7407487253361197e-09,4.536455460325901e-12,4.536455460325901e-12
single_12p5V-0p5ns,A,CS,83,8.4992e-06,8.6016e-06,7.618027182735251e-10,7.624598691829617e-10,-6.571509094365871e-13,6.571509094365871e-13
single_12p5V-0p5ns,A,CS,84,8.6016e-06,8.704e-06,3.982911074220639e-10,3.9752316736421286e-10,7.679400578510613e-13,7.679400578510613e-13
single_12p5V-0p5ns,A,CS,85,8.704e-06,8.806400000000001e-06,2.4856120191414245e-10,2.4858335770120905e-10,-2.2155787066592468e-14,2.2155787066592468e-14
single_12p5V-0p5ns,A,CS,86,8.806400000000001e-06,8.9088e-06,1.822158639951812e-10,1.8211635257672183e-10,9.95114184593632e-14,9.95114184593632e-14
single_12p5V-0p5ns,A,CS,87,8.9088e-06,9.011200000000001e-06,1.4875511536996345e-10,1.4873792735238925e-10,1.7188017574197613e-14,1.7188017574197613e-14
single_12p5V-0p5ns,A,CS,88,9.011200000000001e-06,9.1136e-06,1.2406512477308413e-10,1.2401485650790775e-10,5.026826517638665e-14,5.026826517638665e-14
single_12p5V-0p5ns,A,CS,89,9.1136e-06,9.216e-06,9.433570959721902e-11,9.418230908143892e-11,1.5340051578010114e-13,1.5340051578010114e-13
single_12p5V-0p5ns,A,CS,90,9.216e-06,9.3184e-06,6.4048495714947e-11,6.397784819441366e-11,7.064752053333222e-14,7.064752053333222e-14
single_12p5V-0p5ns,A,CS,91,9.3184e-06,9.4208e-06,4.56535202956501e-11,4.563022164233978e-11,2.3298653310318388e-14,2.3298653310318388e-14
single_12p5V-0p5ns,A,CS,92,9.4208e-06,9.5232e-06,3.949722242064208e-11,3.9502588063064606e-11,-5.365642422528311e-15,5.365642422528311e-15
single_12p5V-0p5ns,A,CS,93,9.5232e-06,9.6256e-06,4.053434568486487e-11,4.055816650702346e-11,-2.382082215859084e-14,2.382082215859084e-14
single_12p5V-0p5ns,A,CS,94,9.6256e-06,9.728e-06,4.56163687803909e-11,4.565134105659272e-11,-3.497227620182305e-14,3.497227620182305e-14
single_12p5V-0p5ns,A,CS,95,9.728e-06,9.8304e-06,5.351741151263275e-11,5.355971946702767e-11,-4.230795439492376e-14,4.230795439492376e-14
single_12p5V-0p5ns,A,CS,96,9.8304e-06,9.932800000000001e-06,6.394066508609741e-11,6.398993030559438e-11,-4.926521949697491e-14,4.926521949697491e-14
single_12p5V-0p5ns,A,CS,97,9.932800000000001e-06,1.00352e-05,7.566488959446948e-11,7.571473120304311e-11,-4.984160857363802e-14,4.984160857363802e-14
single_12p5V-0p5ns,A,CS,98,1.00352e-05,1.0137600000000001e-05,8.807358171129323e-11,8.812469333424601e-11,-5.1111622952773524e-14,5.1111622952773524e-14
single_12p5V-0p5ns,A,CS,99,1.0137600000000001e-05,1.024e-05,1.0115496114996784e-10,1.0120670892634083e-10,-5.174777637299136e-14,5.174777637299136e-14
single_12p5V-0p5ns,A,CS,100,1.024e-05,1.0342400000000001e-05,1.1488271900655354e-10,1.1493475333959402e-10,-5.20343330404797e-14,5.20343330404797e-14
single_12p5V-0p5ns,A,CS,101,1.0342400000000001e-05,1.04448e-05,1.2928923328560025e-10,1.2934169620172874e-10,-5.2462916128483117e-14,5.2462916128483117e-14
single_12p5V-0p5ns,A,CS,102,1.04448e-05,1.05472e-05,1.4449882689811786e-10,1.4455185311355384e-10,-5.302621543597667e-14,5.302621543597667e-14
single_12p5V-0p5ns,A,CS,103,1.05472e-05,1.06496e-05,1.6077999852962058e-10,1.608343601498005e-10,-5.436162017992397e-14,5.436162017992397e-14
single_12p5V-0p5ns,A,CS,104,1.06496e-05,1.0752e-05,1.7865337375789982e-10,1.787122033202296e-10,-5.882956232977549e-14,5.882956232977549e-14
single_12p5V-0p5ns,A,CS,105,1.0752e-05,1.08544e-05,1.991703174939846e-10,1.9922572052078622e-10,-5.540302680162126e-14,5.540302680162126e-14
single_12p5V-0p5ns,A,CS,106,1.08544e-05,1.09568e-05,2.2458164205810067e-10,2.2470075186728676e-10,-1.191098091860913e-13,1.191098091860913e-13
single_12p5V-0p5ns,A,CS,107,1.09568e-05,1.10592e-05,2.6181372095820026e-10,2.6176144444012726e-10,5.2276518072999586e-14,5.2276518072999586e-14
single_12p5V-0p5ns,A,CS,108,1.10592e-05,1.11616e-05,3.4271253937419335e-10,3.438212017735288e-10,-1.1086623993354767e-12,1.1086623993354767e-12
single_12p5V-0p5ns,A,CS,109,1.11616e-05,1.1264000000000001e-05,1.6767859922127204e-09,1.6820979659218474e-09,-5.3119737091270246e-12,5.3119737091270246e-12
single_12p5V-0p5ns,A,CS,110,1.1264000000000001e-05,1.13664e-05,1.5099143276653523e-09,1.5064599893641874e-09,3.4543383011649145e-12,3.4543383011649145e-12
single_12p5V-0p5ns,A,CS,111,1.13664e-05,1.1468800000000001e-05,6.773528083830324e-10,6.775404803502476e-10,-1.8767196721524097e-13,1.8767196721524097e-13
single_12p5V-0p5ns,A,CS,112,1.1468800000000001e-05,1.15712e-05,3.644685980066209e-10,3.639458449536529e-10,5.227530529680401e-13,5.227530529680401e-13
single_12p5V-0p5ns,A,CS,113,1.15712e-05,1.1673600000000001e-05,2.340782103096505e-10,2.340522453066913e-10,2.5965002959202372e-14,2.5965002959202372e-14
single_12p5V-0p5ns,A,CS,114,1.1673600000000001e-05,1.1776e-05,1.753130828753524e-10,1.7523680567498914e-10,7.627720036325927e-14,7.627720036325927e-14
single_12p5V-0p5ns,A,CS,115,1.1776e-05,1.18784e-05,1.446686314717298e-10,1.4465117129342653e-10,1.7460178303276617e-14,1.7460178303276617e-14
single_12p5V-0p5ns,A,CS,116,1.18784e-05,1.19808e-05,1.1972257459339014e-10,1.1965479469481528e-10,6.77798985748525e-14,6.77798985748525e-14
single_12p5V-0p5ns,A,CS,117,1.19808e-05,1.20832e-05,8.907125783473823e-11,8.891935390291798e-11,1.5190393182025322e-13,1.5190393182025322e-13
single_12p5V-0p5ns,A,CS,118,1.20832e-05,1.21856e-05,6.007887257150828e-11,6.002218786304184e-11,5.668470846643914e-14,5.668470846643914e-14
single_12p5V-0p5ns,A,CS,119,1.21856e-05,1.2288e-05,4.3958451386311144e-11,4.393933577314823e-11,1.9115613162915705e-14,1.9115613162915705e-14
single_12p5V-0p5ns,A,CS,120,1.2288e-05,1.23904e-05,3.9290185650075477e-11,3.929960763019971e-11,-9.421980124230518e-15,9.421980124230518e-15
single_12p5V-0p5ns,A,CS,121,1.23904e-05,1.24928e-05,4.1134368191844774e-11,4.11602262956828e-11,-2.5858103838023295e-14,2.5858103838023295e-14
single_12p5V-0p5ns,A,CS,122,1.24928e-05,1.2595200000000001e-05,4.6721912278893495e-11,4.675826330725135e-11,-3.6351028357852584e-14,3.6351028357852584e-14
single_12p5V-0p5ns,A,CS,123,1.2595200000000001e-05,1.26976e-05,5.5043651046471594e-11,5.5087311254113683e-11,-4.366020764208939e-14,4.366020764208939e-14
single_12p5V-0p5ns,A,CS,124,1.26976e-05,1.2800000000000001e-05,6.58036078523226e-11,6.585285042461423e-11,-4.924257229163192e-14,4.924257229163192e-14
single_12p5V-0p5ns,A,CS,125,1.2800000000000001e-05,1.29024e-05,7.763542155204996e-11,7.768556114348028e-11,-5.0139591430310907e-14,5.0139591430310907e-14
single_12p5V-0p5ns,A,CS,126,1.29024e-05,1.3004800000000001e-05,9.015759238361549e-11,9.020876744290778e-11,-5.1175059292295535e-14,5.1175059292295535e-14
single_12p5V-0p5ns,A,CS,127,1.3004800000000001e-05,1.31072e-05,1.033451439180433e-10,1.0339693419845315e-10,-5.1790280409847924e-14,5.1790280409847924e-14
single_12p5V-0p5ns,A,CS,128,1.31072e-05,1.32096e-05,1.1717963063093662e-10,1.1723177420017277e-10,-5.214356923614396e-14,5.214356923614396e-14
single_12p5V-0p5ns,A,CS,129,1.32096e-05,1.3312e-05,1.3170589391879583e-10,1.317585011798593e-10,-5.2607261063476214e-14,5.2607261063476214e-14
single_12p5V-0p5ns,A,CS,130,1.3312e-05,1.34144e-05,1.470673480487056e-10,1.4712049150972633e-10,-5.314346102074004e-14,5.314346102074004e-14
single_12p5V-0p5ns,A,CS,131,1.34144e-05,1.35168e-05,1.6356390963431325e-10,1.6361847127469453e-10,-5.4561640381289246e-14,5.4561640381289246e-14
single_12p5V-0p5ns,A,CS,132,1.35168e-05,1.36192e-05,1.8177482568367049e-10,1.8183502424260578e-10,-6.019855893529308e-14,6.019855893529308e-14
single_12p5V-0p5ns,A,CS,133,1.36192e-05,1.3721600000000001e-05,2.0289024005963178e-10,2.0294377123512838e-10,-5.3531175496595484e-14,5.3531175496595484e-14
single_12p5V-0p5ns,A,CS,134,1.3721600000000001e-05,1.3824e-05,2.2950594653450978e-10,2.2964553256373112e-10,-1.3958602922133687e-13,1.3958602922133687e-13
single_12p5V-0p5ns,A,CS,135,1.3824e-05,1.3926400000000001e-05,2.702036257316542e-10,2.701016217011566e-10,1.0200403049760479e-13,1.0200403049760479e-13
single_12p5V-0p5ns,A,CS,136,1.3926400000000001e-05,1.40288e-05,3.7252170638292353e-10,3.740761732418843e-10,-1.5544668589607786e-12,1.5544668589607786e-12
single_12p5V-0p5ns,A,CS,137,1.40288e-05,1.4131200000000001e-05,1.9436548392790245e-09,1.9486723554281953e-09,-5.0175161491708435e-12,5.0175161491708435e-12
single_12p5V-0p5ns,A,CS,138,1.4131200000000001e-05,1.42336e-05,1.3100547892300236e-09,1.3079841213768965e-09,2.0706678531270223e-12,2.0706678531270223e-12
single_12p5V-0p5ns,A,CS,139,1.42336e-05,1.4336000000000001e-05,6.049391939230789e-10,6.046465948707557e-10,2.925990523231683e-13,2.925990523231683e-13
single_12p5V-0p5ns,A,CS,140,1.4336000000000001e-05,1.44384e-05,3.3498888585580075e-10,3.346919202892085e-10,2.969655665922636e-13,2.969655665922636e-13
single_12p5V-0p5ns,A,CS,141,1.44384e-05,1.45408e-05,2.2128242953100625e-10,2.2121232435958074e-10,7.01051714255131e-14,7.01051714255131e-14
single_12p5V-0p5ns,A,CS,142,1.45408e-05,1.46432e-05,1.690966151362249e-10,1.690412619995818e-10,5.535313664309981e-14,5.535313664309981e-14
single_12p5V-0p5ns,A,CS,143,1.46432e-05,1.47456e-05,1.406973302771863e-10,1.4067862655310424e-10,1.8703724082059782e-14,1.8703724082059782e-14
single_12p5V-0p5ns,A,CS,144,1.47456e-05,1.4848e-05,1.1516113781754525e-10,1.1507239731765397e-10,8.874049989128045e-14,8.874049989128045e-14
single_12p5V-0p5ns,A,CS,145,1.4848e-05,1.49504e-05,8.38198307639963e-11,8.367716212957159e-11,1.4266863442470592e-13,1.4266863442470592e-13
single_12p5V-0p5ns,A,CS,146,1.49504e-05,1.5052800000000001e-05,5.647509189322015e-11,5.6429258421341755e-11,4.5833471878396875e-14,4.5833471878396875e-14
single_12p5V-0p5ns,A,CS,147,1.5052800000000001e-05,1.51552e-05,4.2563261273749784e-11,4.254869707569724e-11,1.456419805254531e-14,1.456419805254531e-14
single_12p5V-0p5ns,A,CS,148,1.51552e-05,1.5257600000000001e-05,3.92488258946212e-11,3.926181697746125e-11,-1.2991082840053937e-14,1.2991082840053937e-14
single_12p5V-0p5ns,A,CS,149,1.5257600000000001e-05,1.5360000000000002e-05,4.183205024103651e-11,4.185990429580564e-11,-2.7854054769134907e-14,2.7854054769134907e-14
single_12p5V-0p5ns,A,CS,150,1.5360000000000002e-05,1.54624e-05,4.790216172998297e-11,4.793977421296271e-11,-3.7612482979739974e-14,3.7612482979739974e-14
single_12p5V-0p5ns,A,CS,151,1.54624e-05,1.55648e-05,5.664567313149011e-11,5.669076830279808e-11,-4.509517130796892e-14,4.509517130796892e-14
single_12p5V-0p5ns,A,CS,152,1.55648e-05,1.56672e-05,6.769424411841395e-11,6.774318628863053e-11,-4.894217021657934e-14,4.894217021657934e-14
single_12p5V-0p5ns,A,CS,153,1.56672e-05,1.57696e-05,7.962852722723297e-11,7.967901562396757e-11,-5.048839673460114e-14,5.048839673460114e-14
single_12p5V-0p5ns,A,CS,154,1.57696e-05,1.5872e-05,9.226233959300246e-11,9.231367424889751e-11,-5.1334655895053494e-14,5.1334655895053494e-14
single_12p5V-0p5ns,A,CS,155,1.5872e-05,1.59744e-05,1.055553000080626e-10,1.0560712277303443e-10,-5.182276497182979e-14,5.182276497182979e-14
single_12p5V-0p5ns,A,CS,156,1.59744e-05,1.60768e-05,1.1949736484519938e-10,1.195495183197317e-10,-5.2153474532331874e-14,5.2153474532331874e-14
single_12p5V-0p5ns,A,CS,157,1.60768e-05,1.61792e-05,1.3414667930166465e-10,1.3419932955329597e-10,-5.265025163132207e-14,5.265025163132207e-14
single_12p5V-0p5ns,A,CS,158,1.61792e-05,1.62816e-05,1.4966711177853588e-10,1.4972050898064235e-10,-5.339720210646607e-14,5.339720210646607e-14
single_12p5V-0p5ns,A,CS,159,1.62816e-05,1.6384e-05,1.6639357565500693e-10,1.664484859768636e-10,-5.491032185666763e-14,5.491032185666763e-14
single_12p5V-0p5ns,A,CS,160,1.6384e-05,1.6486400000000002e-05,1.8497140827698124e-10,1.8503295905627128e-10,-6.155077929003524e-14,6.155077929003524e-14
single_12p5V-0p5ns,A,CS,161,1.6486400000000002e-05,1.65888e-05,2.0674987841605122e-10,2.068025417997638e-10,-5.2663383712576493e-14,5.2663383712576493e-14
single_12p5V-0p5ns,A,CS,162,1.65888e-05,1.66912e-05,2.34759424248653e-10,2.34915250970128e-10,-1.558267214750311e-13,1.558267214750311e-13
single_12p5V-0p5ns,A,CS,163,1.66912e-05,1.67936e-05,2.7971000888748566e-10,2.7958465994911336e-10,1.2534893837230503e-13,1.2534893837230503e-13
single_12p5V-0p5ns,A,CS,164,1.67936e-05,1.6896000000000002e-05,4.211269929468272e-10,4.2327899220542193e-10,-2.151999258594713e-12,2.151999258594713e-12
single_12p5V-0p5ns,A,CS,165,1.6896000000000002e-05,1.69984e-05,2.142458028408095e-09,2.1463674251352836e-09,-3.909396727188826e-12,3.909396727188826e-12
single_12p5V-0p5ns,A,CS,166,1.69984e-05,1.71008e-05,1.1408451496713388e-09,1.1403017690825445e-09,5.433805887942347e-13,5.433805887942347e-13
single_12p5V-0p5ns,A,CS,167,1.71008e-05,1.72032e-05,5.429577855840982e-10,5.422082820450869e-10,7.495035390112578e-13,7.495035390112578e-13
single_12p5V-0p5ns,A,CS,168,1.72032e-05,1.73056e-05,3.0935530156515404e-10,3.092576636923292e-10,9.76378728248308e-14,9.76378728248308e-14
single_12p5V-0p5ns,A,CS,169,1.73056e-05,1.7408e-05,2.1000075992188618e-10,2.098916746616676e-10,1.0908526021858254e-13,1.0908526021858254e-13
single_12p5V-0p5ns,A,CS,170,1.7408e-05,1.75104e-05,1.6348791464938633e-10,1.634511976864115e-10,3.671696297481958e-14,3.671696297481958e-14
single_12p5V-0p5ns,A,CS,171,1.75104e-05,1.7612800000000002e-05,1.3677945414381034e-10,1.3675760281567732e-10,2.1851328133016354e-14,2.1851328133016354e-14
single_12p5V-0p5ns,A,CS,172,1.7612800000000002e-05,1.77152e-05,1.1039278201964878e-10,1.1028247501865325e-10,1.1030700099552767e-13,1.1030700099552767e-13
single_12p5V-0p5ns,A,CS,173,1.77152e-05,1.78176e-05,7.867978656362442e-11,7.85519168531373e-11,1.2786971048711068e-13,1.2786971048711068e-13
single_12p5V-0p5ns,A,CS,174,1.78176e-05,1.792e-05,5.326396799514951e-11,5.322593172347785e-11,3.803627167166309e-14,3.803627167166309e-14
single_12p5V-0p5ns,A,CS,175,1.792e-05,1.8022400000000002e-05,4.1448831459418284e-11,4.1439184495877925e-11,9.646963540358474e-15,9.646963540358474e-15
single_12p5V-0p5ns,A,CS,176,1.8022400000000002e-05,1.81248e-05,3.935819462443155e-11,3.937429325291196e-11,-1.6098628480410406e-14,1.6098628480410406e-14
single_12p5V-0p5ns,A,CS,177,1.81248e-05,1.82272e-05,4.261900685651803e-11,4.2648710009187664e-11,-2.970315266963209e-14,2.970315266963209e-14
single_12p5V-0p5ns,A,CS,178,1.82272e-05,1.83296e-05,4.915147828451921e-11,4.919029308294179e-11,-3.881479842258097e-14,3.881479842258097e-14
single_12p5V-0p5ns,A,CS,179,1.83296e-05,1.8432e-05,5.831938814984009e-11,5.836620155299039e-11,-4.681340315029618e-14,4.681340315029618e-14
single_12p5V-0p5ns,A,CS,180,1.8432e-05,1.85344e-05,6.959713527545332e-11,6.964585421681825e-11,-4.871894136493357e-14,4.871894136493357e-14
single_12p5V-0p5ns,A,CS,181,1.85344e-05,1.86368e-05,8.16404140593108e-11,8.169108093184792e-11,-5.066687253712187e-14,5.066687253712187e-14
single_12p5V-0p5ns,A,CS,182,1.86368e-05,1.8739200000000002e-05,9.438437096888352e-11,9.443576855105844e-11,-5.1397582174924826e-14,5.1397582174924826e-14
single_12p5V-0p5ns,A,CS,183,1.8739200000000002e-05,1.88416e-05,1.0778221871685833e-10,1.0783416645711864e-10,-5.19477402603012e-14,5.19477402603012e-14
single_12p5V-0p5ns,A,CS,184,1.88416e-05,1.8944e-05,1.2183330698995e-10,1.218855793161817e-10,-5.22723262316928e-14,5.22723262316928e-14
single_12p5V-0p5ns,A,CS,185,1.8944e-05,1.90464e-05,1.3660998700767505e-10,1.3666268007231042e-10,-5.2693064635362714e-14,5.2693064635362714e-14
single_12p5V-0p5ns,A,CS,186,1.90464e-05,1.9148800000000002e-05,1.5229807747168628e-10,1.5235165812113544e-10,-5.3580649449162165e-14,5.3580649449162165e-14
single_12p5V-0p5ns,A,CS,187,1.9148800000000002e-05,1.92512e-05,1.6927091581819448e-10,1.6932617986886423e-10,-5.5264050669753586e-14,5.5264050669753586e-14
single_12p5V-0p5ns,A,CS,188,1.92512e-05,1.93536e-05,1.8824929582602213e-10,1.8831184136616723e-10,-6.254554014510127e-14,6.254554014510127e-14
single_12p5V-0p5ns,A,CS,189,1.93536e-05,1.9456e-05,2.1076317775675138e-10,2.1081856263866797e-10,-5.538488191659681e-14,5.538488191659681e-14
single_12p5V-0p5ns,A,CS,190,1.9456e-05,1.9558400000000002e-05,2.404095662593869e-10,2.405674234545425e-10,-1.5785719515561017e-13,1.5785719515561017e-13
single_12p5V-0p5ns,A,CS,191,1.9558400000000002e-05,1.96608e-05,2.906612987616261e-10,2.9057975535921103e-10,8.1543402415077e-14,8.1543402415077e-14
single_12p5V-0p5ns,A,CS,192,1.96608e-05,1.97632e-05,5.328837933571349e-10,5.366691815730639e-10,-3.785388215928979e-12,3.785388215928979e-12
single_12p5V-0p5ns,A,CS,193,1.97632e-05,1.9865600000000002e-05,2.2363146248968993e-09,2.236877633347637e-09,-5.630084507376698e-13,5.630084507376698e-13
single_12p5V-0p5ns,A,CS,194,1.9865600000000002e-05,1.9968e-05,9.976084117377046e-10,9.9838640121613e-10,-7.779894784254128e-13,7.779894784254128e-13
single_12p5V-0p5ns,A,CS,195,1.9968e-05,2e-05,1.869984250651388e-10,1.8671898195150708e-10,2.7944311363173257e-13,2.7944311363173257e-13
single_15p8V-1ns,A,PCHIP,0,0.0,1.024e-07,5.046422165481838e-13,5.373520650448733e-13,-3.270984849668949e-14,3.270984849668949e-14
single_15p8V-1ns,A,PCHIP,1,1.024e-07,2.048e-07,3.4883784024989126e-12,3.5446253404148412e-12,-5.62469379159286e-14,5.62469379159286e-14
single_15p8V-1ns,A,PCHIP,2,2.048e-07,3.072e-07,8.949204065662461e-12,9.03368937473944e-12,-8.448530907697829e-14,8.448530907697829e-14
single_15p8V-1ns,A,PCHIP,3,3.072e-07,4.096e-07,1.6458314030249332e-11,1.6565173771502642e-11,-1.0685974125330988e-13,1.0685974125330988e-13
single_15p8V-1ns,A,PCHIP,4,4.096e-07,5.12e-07,2.569701667627527e-11,2.582193037480381e-11,-1.2491369852854084e-13,1.2491369852854084e-13
single_15p8V-1ns,A,PCHIP,5,5.12e-07,6.144e-07,3.644120263485356e-11,3.6579287664417324e-11,-1.3808502956376327e-13,1.3808502956376327e-13
single_15p8V-1ns,A,PCHIP,6,6.144e-07,7.168000000000001e-07,4.853280378600075e-11,4.868195338762266e-11,-1.4914960162190832e-13,1.4914960162190832e-13
single_15p8V-1ns,A,PCHIP,7,7.168000000000001e-07,8.192e-07,6.187291867679122e-11,6.203002643881702e-11,-1.5710776202579917e-13,1.5710776202579917e-13
single_15p8V-1ns,A,PCHIP,8,8.192e-07,9.216e-07,7.641152248885085e-11,7.657461345399793e-11,-1.6309096514707774e-13,1.6309096514707774e-13
single_15p8V-1ns,A,PCHIP,9,9.216e-07,1.024e-06,9.215654365360379e-11,9.23248855739308e-11,-1.6834192032700748e-13,1.6834192032700748e-13
single_15p8V-1ns,A,PCHIP,10,1.024e-06,1.1264000000000001e-06,1.0920102706556456e-10,1.0937263850040347e-10,-1.7161143483891265e-13,1.7161143483891265e-13
single_15p8V-1ns,A,PCHIP,11,1.1264000000000001e-06,1.2288e-06,1.2777390458196958e-10,1.279505220382001e-10,-1.766174562305088e-13,1.766174562305088e-13
single_15p8V-1ns,A,PCHIP,12,1.2288e-06,1.3312e-06,1.4838438749480728e-10,1.4856770714944725e-10,-1.8331965463996773e-13,1.8331965463996773e-13
single_15p8V-1ns,A,PCHIP,13,1.3312e-06,1.4336000000000001e-06,1.721611634749931e-10,1.7235815914758806e-10,-1.9699567259496752e-13,1.9699567259496752e-13
single_15p8V-1ns,A,PCHIP,14,1.4336000000000001e-06,1.536e-06,2.0193419980190952e-10,2.0216735158260015e-10,-2.331517806906309e-13,2.331517806906309e-13
single_15p8V-1ns,A,PCHIP,15,1.536e-06,1.6384e-06,2.4703697281344563e-10,2.474156791388652e-10,-3.787063254195922e-13,3.787063254195922e-13
single_15p8V-1ns,A,PCHIP,16,1.6384e-06,1.7408000000000001e-06,3.7904666277586103e-10,3.8068078883471575e-10,-1.634126058854717e-12,1.634126058854717e-12
single_15p8V-1ns,A,PCHIP,17,1.7408000000000001e-06,1.8432e-06,3.2949752183332393e-09,3.3122167215400616e-09,-1.7241503206822378e-11,1.7241503206822378e-11
single_15p8V-1ns,A,PCHIP,18,1.8432e-06,1.9456e-06,1.976503160884348e-09,1.970412502123081e-09,6.09065876126681e-12,6.09065876126681e-12
single_15p8V-1ns,A,PCHIP,19,1.9456e-06,2.048e-06,9.226150239489031e-10,9.208460143664009e-10,1.7690095825022165e-12,1.7690095825022165e-12
single_15p8V-1ns,A,PCHIP,20,2.048e-06,2.1504e-06,5.16766305695892e-10,5.160243508867588e-10,7.419548091332045e-13,7.419548091332045e-13
single_15p8V-1ns,A,PCHIP,21,2.1504e-06,2.2528000000000003e-06,3.453376473221329e-10,3.4499661137378636e-10,3.4103594834652494e-13,3.4103594834652494e-13
single_15p8V-1ns,A,PCHIP,22,2.2528000000000003e-06,2.3552e-06,2.666801263757918e-10,2.6651540397961893e-10,1.647223961728824e-13,1.647223961728824e-13
single_15p8V-1ns,A,PCHIP,23,2.3552e-06,2.4576e-06,2.2813782293870322e-10,2.2807233545742651e-10,6.548748127670436e-14,6.548748127670436e-14
single_15p8V-1ns,A,PCHIP,24,2.4576e-06,2.56e-06,2.0770729916587582e-10,2.078001833450694e-10,-9.288417919359072e-14,9.288417919359072e-14
single_15p8V-1ns,A,PCHIP,25,2.56e-06,2.6624e-06,1.9461544303152652e-10,1.9417421722181886e-10,4.412258097076662e-13,4.412258097076662e-13
single_15p8V-1ns,A,PCHIP,26,2.6624e-06,2.7648e-06,1.8037199433990073e-10,1.8030530743547627e-10,6.66869044244629e-14,6.66869044244629e-14
single_15p8V-1ns,A,PCHIP,27,2.7648e-06,2.8672000000000003e-06,1.6511445386178064e-10,1.649973477941666e-10,1.171060676140456e-13,1.171060676140456e-13
single_15p8V-1ns,A,PCHIP,28,2.8672000000000003e-06,2.9696e-06,1.514727724533061e-10,1.5136373670117934e-10,1.0903575212677271e-13,1.0903575212677271e-13
single_15p8V-1ns,A,PCHIP,29,2.9696e-06,3.072e-06,1.4364438166388252e-10,1.4357319746024188e-10,7.118420364063968e-14,7.118420364063968e-14
single_15p8V-1ns,A,PCHIP,30,3.072e-06,3.1744e-06,1.4651667957413369e-10,1.4648710967910443e-10,2.956989502925136e-14,2.956989502925136e-14
single_15p8V-1ns,A,PCHIP,31,3.1744e-06,3.2768e-06,1.694010388392229e-10,1.6959984281478015e-10,-1.9880397555724366e-13,1.9880397555724366e-13
single_15p8V-1ns,A,PCHIP,32,3.2768e-06,3.3792e-06,2.121199822757226e-10,2.1228070037112524e-10,-1.6071809540263382e-13,1.6071809540263382e-13
single_15p8V-1ns,A,PCHIP,33,3.3792e-06,3.4816000000000003e-06,2.5942525995533957e-10,2.5958137601343477e-10,-1.5611605809520436e-13,1.5611605809520436e-13
single_15p8V-1ns,A,PCHIP,34,3.4816000000000003e-06,3.5840000000000003e-06,3.140917027542091e-10,3.1403446444266337e-10,5.72383115457059e-14,5.72383115457059e-14
single_15p8V-1ns,A,PCHIP,35,3.5840000000000003e-06,3.6864e-06,3.897447072602794e-10,3.911382429342079e-10,-1.3935356739285112e-12,1.3935356739285112e-12
single_15p8V-1ns,A,PCHIP,36,3.6864e-06,3.7888e-06,5.648956083681558e-10,5.672141445743741e-10,-2.3185362062182783e-12,2.3185362062182783e-12
single_15p8V-1ns,A,PCHIP,37,3.7888e-06,3.8912e-06,7.16604981463283e-10,7.151231448267063e-10,1.4818366365766194e-12,1.4818366365766194e-12
single_15p8V-1ns,A,PCHIP,38,3.8912e-06,3.9936e-06,4.712882476593783e-10,4.703822699420917e-10,9.059777172865639e-13,9.059777172865639e-13
single_15p8V-1ns,A,PCHIP,39,3.9936e-06,4.096e-06,3.279124675324145e-10,3.2763469884312043e-10,2.777686892940784e-13,2.777686892940784e-13
single_15p8V-1ns,A,PCHIP,40,4.096e-06,4.1984e-06,2.595375531589242e-10,2.594387463165446e-10,9.880684237956575e-14,9.880684237956575e-14
single_15p8V-1ns,A,PCHIP,41,4.1984e-06,4.3008e-06,2.2368797763869662e-10,2.237080646427672e-10,-2.0087004070577255e-14,2.0087004070577255e-14
single_15p8V-1ns,A,PCHIP,42,4.3008e-06,4.4032000000000005e-06,2.0247509956306839e-10,2.0187686781016314e-10,5.982317529052443e-13,5.982317529052443e-13
single_15p8V-1ns,A,PCHIP,43,4.4032000000000005e-06,4.5056000000000005e-06,1.8410845346060123e-10,1.8408866248867656e-10,1.9790971924668515e-14,1.9790971924668515e-14
single_15p8V-1ns,A,PCHIP,44,4.5056000000000005e-06,4.608e-06,1.6938302620322516e-10,1.6930299798394513e-10,8.002821928002728e-14,8.002821928002728e-14
single_15p8V-1ns,A,PCHIP,45,4.608e-06,4.7104e-06,1.6202806750246576e-10,1.619559898791688e-10,7.207762329696363e-14,7.207762329696363e-14
single_15p8V-1ns,A,PCHIP,46,4.7104e-06,4.8128e-06,1.665385108409406e-10,1.664977384970294e-10,4.0772343911183874e-14,4.0772343911183874e-14
single_15p8V-1ns,A,PCHIP,47,4.8128e-06,4.9152e-06,1.9291500036016985e-10,1.931380218082557e-10,-2.230214480858633e-13,2.230214480858633e-13
single_15p8V-1ns,A,PCHIP,48,4.9152e-06,5.0176e-06,2.3465591454870126e-10,2.347911880607605e-10,-1.3527351205924733e-13,1.3527351205924733e-13
single_15p8V-1ns,A,PCHIP,49,5.0176e-06,5.12e-06,2.7647100183093346e-10,2.7658753438967694e-10,-1.1653255874347878e-13,1.1653255874347878e-13
single_15p8V-1ns,A,PCHIP,50,5.12e-06,5.2224e-06,3.1871618248401325e-10,3.1877690888930447e-10,-6.072640529121934e-14,6.072640529121934e-14
single_15p8V-1ns,A,PCHIP,51,5.2224e-06,5.3248e-06,3.635967286195654e-10,3.643205404539328e-10,-7.238118343673981e-13,7.238118343673981e-13
single_15p8V-1ns,A,PCHIP,52,5.3248e-06,5.4272e-06,4.1665857762016133e-10,4.169042088950212e-10,-2.4563127485985586e-13,2.4563127485985586e-13
single_15p8V-1ns,A,PCHIP,53,5.4272e-06,5.5296e-06,4.628894905601067e-10,4.632828139010283e-10,-3.933233409216335e-13,3.933233409216335e-13
single_15p8V-1ns,A,PCHIP,54,5.5296e-06,5.6320000000000005e-06,4.4326536592547205e-10,4.430800868067763e-10,1.852791186957618e-13,1.852791186957618e-13
single_15p8V-1ns,A,PCHIP,55,5.6320000000000005e-06,5.7344000000000005e-06,3.6247761490011556e-10,3.621484461503114e-10,3.29168749804146e-13,3.29168749804146e-13
single_15p8V-1ns,A,PCHIP,56,5.7344000000000005e-06,5.836800000000001e-06,3.0383936913455504e-10,3.037145740765709e-10,1.2479505798412418e-13,1.2479505798412418e-13
single_15p8V-1ns,A,PCHIP,57,5.836800000000001e-06,5.9392e-06,2.6958297590843516e-10,2.695767869968633e-10,6.1889115718841425e-15,6.1889115718841425e-15
single_15p8V-1ns,A,PCHIP,58,5.9392e-06,6.0416e-06,2.497762358590654e-10,2.4938718626194057e-10,3.8904959712482885e-13,3.8904959712482885e-13
single_15p8V-1ns,A,PCHIP,59,6.0416e-06,6.144e-06,2.380222767072115e-10,2.380620235379578e-10,-3.974683074625478e-14,3.974683074625478e-14
single_15p8V-1ns,A,PCHIP,60,6.144e-06,6.2464e-06,2.336597415593978e-10,2.336490454783428e-10,1.0696081055036907e-14,1.0696081055036907e-14
single_15p8V-1ns,A,PCHIP,61,6.2464e-06,6.3488e-06,2.3566946492088076e-10,2.3566382614393663e-10,5.6387769441350174e-15,5.6387769441350174e-15
single_15p8V-1ns,A,PCHIP,62,6.3488e-06,6.4512e-06,2.438988485695469e-10,2.439208615092568e-10,-2.2012939709915903e-14,2.2012939709915903e-14
single_15p8V-1ns,A,PCHIP,63,6.4512e-06,6.5536e-06,2.5663434145793744e-10,2.566923447107371e-10,-5.80032527996447e-14,5.80032527996447e-14
single_15p8V-1ns,A,PCHIP,64,6.5536e-06,6.656e-06,2.676494453606457e-10,2.6767998299280337e-10,-3.0537632157679296e-14,3.0537632157679296e-14
single_15p8V-1ns,A,PCHIP,65,6.656e-06,6.7584e-06,2.7552201072343955e-10,2.755439853723918e-10,-2.1974648952225116e-14,2.1974648952225116e-14
single_15p8V-1ns,A,PCHIP,66,6.7584e-06,6.8608000000000004e-06,2.8065651749600217e-10,2.8066533360136603e-10,-8.816105363859273e-15,8.816105363859273e-15
single_15p8V-1ns,A,PCHIP,67,6.8608000000000004e-06,6.9632000000000005e-06,2.834915251825749e-10,2.835387225730086e-10,-4.719739043371453e-14,4.719739043371453e-14
single_15p8V-1ns,A,PCHIP,68,6.9632000000000005e-06,7.065600000000001e-06,2.847492053742162e-10,2.847402963714715e-10,8.909002744681034e-15,8.909002744681034e-15
single_15p8V-1ns,A,PCHIP,69,7.065600000000001e-06,7.168000000000001e-06,2.8482591805157473e-10,2.848250527658316e-10,8.652857431078409e-16,8.652857431078409e-16
single_15p8V-1ns,A,PCHIP,70,7.168000000000001e-06,7.2704e-06,2.842712163839919e-10,2.842696547778949e-10,1.5616060970157767e-15,1.5616060970157767e-15
single_15p8V-1ns,A,PCHIP,71,7.2704e-06,7.3728e-06,2.834435583849027e-10,2.834413350181597e-10,2.2233667429812366e-15,2.2233667429812366e-15
single_15p8V-1ns,A,PCHIP,72,7.3728e-06,7.4752e-06,2.8259165884529904e-10,2.8258929831380885e-10,2.3605314901866187e-15,2.3605314901866187e-15
single_15p8V-1ns,A,PCHIP,73,7.4752e-06,7.5776e-06,2.8185816236676993e-10,2.818560211506345e-10,2.1412161354326622e-15,2.1412161354326622e-15
single_15p8V-1ns,A,PCHIP,74,7.5776e-06,7.680000000000001e-06,2.81305536195322e-10,2.813038484796805e-10,1.6877156415088366e-15,1.6877156415088366e-15
single_15p8V-1ns,A,PCHIP,75,7.680000000000001e-06,7.7824e-06,2.809482376117896e-10,2.8094732455051907e-10,9.130612705123356e-16,9.130612705123356e-16
single_15p8V-1ns,A,PCHIP,76,7.7824e-06,7.8848e-06,2.8073980234340024e-10,2.8073850143563166e-10,1.3009077685811458e-15,1.3009077685811458e-15
single_15p8V-1ns,A,PCHIP,77,7.8848e-06,7.9872e-06,2.806369656410429e-10,2.8063616437670607e-10,8.012643368257152e-16,8.012643368257152e-16
single_15p8V-1ns,A,PCHIP,78,7.9872e-06,8.0896e-06,2.8060472204222397e-10,2.8060485008594855e-10,-1.2804372458257556e-16,1.2804372458257556e-16
single_15p8V-1ns,A,PCHIP,79,8.0896e-06,8.192e-06,2.8061548994336783e-10,2.806155426197391e-10,-5.267637127048865e-17,5.267637127048865e-17
single_15p8V-1ns,A,PCHIP,80,8.192e-06,8.2944e-06,2.8064674362910363e-10,2.806468271839068e-10,-8.355480319685751e-17,8.355480319685751e-17
single_15p8V-1ns,A,PCHIP,81,8.2944e-06,8.3968e-06,2.806843053695391e-10,2.8068440533610585e-10,-9.996656673568623e-17,9.996656673568623e-17
single_15p8V-1ns,A,PCHIP,82,8.3968e-06,8.4992e-06,2.807197170100427e-10,2.807198141594611e-10,-9.714941838816756e-17,9.714941838816756e-17
single_15p8V-1ns,A,PCHIP,83,8.4992e-06,8.6016e-06,2.807488226078279e-10,2.807489049506292e-10,-8.234280125784104e-17,8.234280125784104e-17
single_15p8V-1ns,A,PCHIP,84,8.6016e-06,8.704e-06,2.807703500017526e-10,2.80770412087142e-10,-6.208538938636111e-17,6.208538938636111e-17
single_15p8V-1ns,A,PCHIP,85,8.704e-06,8.806400000000001e-06,2.807847387820621e-10,2.807847764822317e-10,-3.7700169603481995e-17,3.7700169603481995e-17
single_15p8V-1ns,A,PCHIP,86,8.806400000000001e-06,8.9088e-06,2.8079322157948167e-10,2.807932749563153e-10,-5.3376833603462845e-17,5.3376833603462845e-17
single_15p8V-1ns,A,PCHIP,87,8.9088e-06,9.011200000000001e-06,2.807974062373791e-10,2.807974384797776e-10,-3.2242398524439886e-17,3.2242398524439886e-17
single_15p8V-1ns,A,PCHIP,88,9.011200000000001e-06,9.1136e-06,2.8079871326672907e-10,2.8079870809598486e-10,5.170744214473518e-18,5.170744214473518e-18
single_15p8V-1ns,A,PCHIP,89,9.1136e-06,9.216e-06,2.807982688047986e-10,2.807982666471265e-10,2.1576720901134396e-18,2.1576720901134396e-18
single_15p8V-1ns,A,PCHIP,90,9.216e-06,9.3184e-06,2.8079699126670446e-10,2.807969878501278e-10,3.4165766691265217e-18,3.4165766691265217e-18
single_15p8V-1ns,A,PCHIP,91,9.3184e-06,9.4208e-06,2.8079545877013586e-10,2.807954546900822e-10,4.080053688961936e-18,4.080053688961936e-18
single_15p8V-1ns,A,PCHIP,92,9.4208e-06,9.5232e-06,2.8079401560973294e-10,2.807940116496142e-10,3.9601187556951296e-18,3.9601187556951296e-18
single_15p8V-1ns,A,PCHIP,93,9.5232e-06,9.6256e-06,2.807928304774507e-10,2.8079282712413156e-10,3.353319117456083e-18,3.353319117456083e-18
single_15p8V-1ns,A,PCHIP,94,9.6256e-06,9.728e-06,2.8079195459759e-10,2.807919520717292e-10,2.525860830711179e-18,2.525860830711179e-18
single_15p8V-1ns,A,PCHIP,95,9.728e-06,9.8304e-06,2.807913696288325e-10,2.8079136809936154e-10,1.5294709629821733e-18,1.5294709629821733e-18
single_15p8V-1ns,A,PCHIP,96,9.8304e-06,9.932800000000001e-06,2.8079102514846774e-10,2.807910229489643e-10,2.1995034408708588e-18,2.1995034408708588e-18
single_15p8V-1ns,A,PCHIP,97,9.932800000000001e-06,1.00352e-05,2.8079085543499557e-10,2.8079085415348823e-10,1.2815073409498819e-18,1.2815073409498819e-18
single_15p8V-1ns,A,PCHIP,98,1.00352e-05,1.0137600000000001e-05,2.8079080279178587e-10,2.8079080299879035e-10,-2.0700448153202112e-19,2.0700448153202112e-19
single_15p8V-1ns,A,PCHIP,99,1.0137600000000001e-05,1.024e-05,2.807908212458471e-10,2.8079082133411174e-10,-8.826461745520053e-20,8.826461745520053e-20
single_15p8V-1ns,A,PCHIP,100,1.024e-05,1.0342400000000001e-05,2.807908734779271e-10,2.8079087361753836e-10,-1.396112335939703e-19,1.396112335939703e-19
single_15p8V-1ns,A,PCHIP,101,1.0342400000000001e-05,1.04448e-05,2.807909359839695e-10,2.80790936150409e-10,-1.6643949259363236e-19,1.6643949259363236e-19
single_15p8V-1ns,A,PCHIP,102,1.04448e-05,1.05472e-05,2.8079099478076406e-10,2.807909949421409e-10,-1.6137683705207812e-19,1.6137683705207812e-19
single_15p8V-1ns,A,PCHIP,103,1.05472e-05,1.06496e-05,2.807910430285931e-10,2.807910431651329e-10,-1.3653980858198434e-19,1.3653980858198434e-19
single_15p8V-1ns,A,PCHIP,104,1.06496e-05,1.0752e-05,2.807910786630895e-10,2.8079107876584836e-10,-1.0275883803987267e-19,1.0275883803987267e-19
single_15p8V-1ns,A,PCHIP,105,1.0752e-05,1.08544e-05,2.807911024454855e-10,2.807911025075393e-10,-6.205379708402102e-20,6.205379708402102e-20
single_15p8V-1ns,A,PCHIP,106,1.08544e-05,1.09568e-05,2.807911164359599e-10,2.8079111652656743e-10,-9.060750314268041e-20,9.060750314268041e-20
single_15p8V-1ns,A,PCHIP,107,1.09568e-05,1.10592e-05,2.807911233198087e-10,2.807911233707503e-10,-5.09416078313485e-20,5.09416078313485e-20
single_15p8V-1ns,A,PCHIP,108,1.10592e-05,1.11616e-05,2.807911254404748e-10,2.807911254321824e-10,8.292382243267533e-21,8.292382243267533e-21
single_15p8V-1ns,A,PCHIP,109,1.11616e-05,1.1264000000000001e-05,2.807911246747575e-10,2.807911246711457e-10,3.611832445924511e-21,3.611832445924511e-21
single_15p8V-1ns,A,PCHIP,110,1.1264000000000001e-05,1.13664e-05,2.8079112253932226e-10,2.8079112253361606e-10,5.706202058120492e-21,5.706202058120492e-21
single_15p8V-1ns,A,PCHIP,111,1.13664e-05,1.1468800000000001e-05,2.807911199898819e-10,2.807911199830914e-10,6.790532443600942e-21,6.790532443600942e-21
single_15p8V-1ns,A,PCHIP,112,1.1468800000000001e-05,1.15712e-05,2.807911175943822e-10,2.8079111758780546e-10,6.576757954044269e-21,6.576757954044269e-21
single_15p8V-1ns,A,PCHIP,113,1.15712e-05,1.1673600000000001e-05,2.807911156301665e-10,2.807911156246062e-10,5.5602563787931675e-21,5.5602563787931675e-21
single_15p8V-1ns,A,PCHIP,114,1.1673600000000001e-05,1.1776e-05,2.8079111418040295e-10,2.807911141762213e-10,4.181656490396978e-21,4.181656490396978e-21
single_15p8V-1ns,A,PCHIP,115,1.1776e-05,1.18784e-05,2.807911132135163e-10,2.8079111321099835e-10,2.5179377846114162e-21,2.5179377846114162e-21
single_15p8V-1ns,A,PCHIP,116,1.18784e-05,1.19808e-05,2.8079111264532644e-10,2.8079111264159777e-10,3.728671707447626e-21,3.728671707447626e-21
single_15p8V-1ns,A,PCHIP,117,1.19808e-05,1.20832e-05,2.807911123661107e-10,2.807911123640872e-10,2.023490573457844e-21,2.023490573457844e-21
single_15p8V-1ns,A,PCHIP,118,1.20832e-05,1.21856e-05,2.807911122806972e-10,2.8079111228102876e-10,-3.315443292689104e-22,3.315443292689104e-22
single_15p8V-1ns,A,PCHIP,119,1.21856e-05,1.2288e-05,2.807911123124529e-10,2.8079111231260054e-10,-1.4765173934071544e-22,1.4765173934071544e-22
single_15p8V-1ns,A,PCHIP,120,1.2288e-05,1.23904e-05,2.8079111239975865e-10,2.80791112399991e-10,-2.3233435455083165e-22,2.3233435455083165e-22
single_15p8V-1ns,A,PCHIP,121,1.23904e-05,1.24928e-05,2.807911125037358e-10,2.807911125040122e-10,-2.7638172216928037e-22,2.7638172216928037e-22
single_15p8V-1ns,A,PCHIP,122,1.24928e-05,1.2595200000000001e-05,2.8079111260133925e-10,2.807911126016062e-10,-2.669208439132051e-22,2.669208439132051e-22
single_15p8V-1ns,A,PCHIP,123,1.2595200000000001e-05,1.26976e-05,2.8079111268129986e-10,2.8079111268152614e-10,-2.2628559632153763e-22,2.2628559632153763e-22
single_15p8V-1ns,A,PCHIP,124,1.26976e-05,1.2800000000000001e-05,2.807911127402876e-10,2.807911127404575e-10,-1.6988221830307806e-22,1.6988221830307806e-22
single_15p8V-1ns,A,PCHIP,125,1.2800000000000001e-05,1.29024e-05,2.8079111277958804e-10,2.807911127796952e-10,-1.0717158811390165e-22,1.0717158811390165e-22
single_15p8V-1ns,A,PCHIP,126,1.29024e-05,1.3004800000000001e-05,2.807911128026732e-10,2.807911128028272e-10,-1.5401069029971684e-22,1.5401069029971684e-22
single_15p8V-1ns,A,PCHIP,127,1.3004800000000001e-05,1.31072e-05,2.807911128139932e-10,2.8079111281407336e-10,-8.013312184107456e-23,8.013312184107456e-23
single_15p8V-1ns,A,PCHIP,128,1.31072e-05,1.32096e-05,2.8079111281743223e-10,2.807911128174187e-10,1.3545082530555828e-23,1.3545082530555828e-23
single_15p8V-1ns,A,PCHIP,129,1.32096e-05,1.3312e-05,2.8079111281611877e-10,2.807911128161129e-10,5.841963076155758e-24,5.841963076155758e-24
single_15p8V-1ns,A,PCHIP,130,1.3312e-05,1.34144e-05,2.8079111281254576e-10,2.8079111281253583e-10,9.926167350636332e-24,9.926167350636332e-24
single_15p8V-1ns,A,PCHIP,131,1.34144e-05,1.35168e-05,2.807911128083104e-10,2.8079111280829803e-10,1.2356010400010851e-23,1.2356010400010851e-23
single_15p8V-1ns,A,PCHIP,132,1.35168e-05,1.36192e-05,2.8079111280432855e-10,2.807911128043174e-10,1.1166938269465874e-23,1.1166938269465874e-23
single_15p8V-1ns,A,PCHIP,133,1.36192e-05,1.3721600000000001e-05,2.807911128010773e-10,2.807911128010686e-10,8.737095220091355e-24,8.737095220091355e-24
single_15p8V-1ns,A,PCHIP,134,1.3721600000000001e-05,1.3824e-05,2.8079111279867487e-10,2.807911127986676e-10,7.289529148123556e-24,7.289529148123556e-24
single_15p8V-1ns,A,PCHIP,135,1.3824e-05,1.3926400000000001e-05,2.807911127970734e-10,2.807911127970734e-10,0.0,0.0
single_15p8V-1ns,A,PCHIP,136,1.3926400000000001e-05,1.40288e-05,2.8079111279613905e-10,2.807911127961328e-10,6.255553382432272e-24,6.255553382432272e-24
single_15p8V-1ns,A,PCHIP,137,1.40288e-05,1.4131200000000001e-05,2.8079111279568596e-10,2.8079111279568275e-10,3.2053248736429822e-24,3.2053248736429822e-24
single_15p8V-1ns,A,PCHIP,138,1.4131200000000001e-05,1.42336e-05,2.8079111279554353e-10,2.8079111279554363e-10,-1.0339757656912846e-25,1.0339757656912846e-25
single_15p8V-1ns,A,PCHIP,139,1.42336e-05,1.4336000000000001e-05,2.807911127956019e-10,2.8079111279560267e-10,-7.754818242684634e-25,7.754818242684634e-25
single_15p8V-1ns,A,PCHIP,140,1.4336000000000001e-05,1.44384e-05,2.8079111279574365e-10,2.8079111279574314e-10,5.169878828456423e-25,5.169878828456423e-25
single_15p8V-1ns,A,PCHIP,141,1.44384e-05,1.45408e-05,2.807911127959161e-10,2.8079111279591566e-10,4.652890945610781e-25,4.652890945610781e-25
single_15p8V-1ns,A,PCHIP,142,1.45408e-05,1.46432e-05,2.807911127960848e-10,2.8079111279608456e-10,2.5849394142282115e-25,2.5849394142282115e-25
single_15p8V-1ns,A,PCHIP,143,1.46432e-05,1.47456e-05,2.8079111279620414e-10,2.8079111279620377e-10,3.618915179919496e-25,3.618915179919496e-25
single_15p8V-1ns,A,PCHIP,144,1.47456e-05,1.4848e-05,2.8079111279630536e-10,2.8079111279630996e-10,-4.6011921573262164e-24,4.6011921573262164e-24
single_15p8V-1ns,A,PCHIP,145,1.4848e-05,1.49504e-05,2.8079111279637086e-10,2.8079111279637107e-10,-2.0679515313825692e-25,2.0679515313825692e-25
single_15p8V-1ns,A,PCHIP,146,1.49504e-05,1.5052800000000001e-05,2.807911127964071e-10,2.8079111279640623e-10,8.788794008375919e-25,8.788794008375919e-25
single_15p8V-1ns,A,PCHIP,147,1.5052800000000001e-05,1.51552e-05,2.807911127964183e-10,2.8079111279641615e-10,2.1713491079516976e-24,2.1713491079516976e-24
single_15p8V-1ns,A,PCHIP,148,1.51552e-05,1.5257600000000001e-05,2.807911127964306e-10,2.8079111279642205e-10,8.530300066953098e-24,8.530300066953098e-24
single_15p8V-1ns,A,PCHIP,149,1.5257600000000001e-05,1.5360000000000002e-05,2.807911127964306e-10,2.8079111279642205e-10,8.530300066953098e-24,8.530300066953098e-24
single_15p8V-1ns,A,PCHIP,150,1.5360000000000002e-05,1.54624e-05,2.807911127964208e-10,2.8079111279641274e-10,8.06501097239202e-24,8.06501097239202e-24
single_15p8V-1ns,A,PCHIP,151,1.54624e-05,1.55648e-05,2.807911127964306e-10,2.8079111279642205e-10,8.530300066953098e-24,8.530300066953098e-24
single_15p8V-1ns,A,PCHIP,152,1.55648e-05,1.56672e-05,2.807911127964306e-10,2.8079111279642205e-10,8.530300066953098e-24,8.530300066953098e-24
single_15p8V-1ns,A,PCHIP,153,1.56672e-05,1.57696e-05,2.807911127964208e-10,2.8079111279641274e-10,8.06501097239202e-24,8.06501097239202e-24
single_15p8V-1ns,A,PCHIP,154,1.57696e-05,1.5872e-05,2.807911127964257e-10,2.8079111279642205e-10,3.67061396820406e-24,3.67061396820406e-24
single_15p8V-1ns,A,PCHIP,155,1.5872e-05,1.59744e-05,2.807911127964306e-10,2.8079111279642205e-10,8.530300066953098e-24,8.530300066953098e-24
single_15p8V-1ns,A,PCHIP,156,1.59744e-05,1.60768e-05,2.807911127964306e-10,2.8079111279642205e-10,8.530300066953098e-24,8.530300066953098e-24
single_15p8V-1ns,A,PCHIP,157,1.60768e-05,1.61792e-05,2.807911127964257e-10,2.8079111279641274e-10,1.2976395859425622e-23,1.2976395859425622e-23
single_15p8V-1ns,A,PCHIP,158,1.61792e-05,1.62816e-05,2.807911127964257e-10,2.8079111279642205e-10,3.67061396820406e-24,3.67061396820406e-24
single_15p8V-1ns,A,PCHIP,159,1.62816e-05,1.6384e-05,2.807911127964257e-10,2.8079111279642205e-10,3.67061396820406e-24,3.67061396820406e-24
single_15p8V-1ns,A,PCHIP,160,1.6384e-05,1.6486400000000002e-05,2.8079111279643544e-10,2.8079111279642205e-10,1.3389986165702135e-23,1.3389986165702135e-23
single_15p8V-1ns,A,PCHIP,161,1.6486400000000002e-05,1.65888e-05,2.80791112796416e-10,2.8079111279641274e-10,3.2570236619275465e-24,3.2570236619275465e-24
single_15p8V-1ns,A,PCHIP,162,1.65888e-05,1.66912e-05,2.8079111279643544e-10,2.8079111279642205e-10,1.3389986165702135e-23,1.3389986165702135e-23
single_15p8V-1ns,A,PCHIP,163,1.66912e-05,1.67936e-05,2.807911127964257e-10,2.8079111279642205e-10,3.67061396820406e-24,3.67061396820406e-24
single_15p8V-1ns,A,PCHIP,164,1.67936e-05,1.6896000000000002e-05,2.8079111279643544e-10,2.8079111279642205e-10,1.3389986165702135e-23,1.3389986165702135e-23
single_15p8V-1ns,A,PCHIP,165,1.6896000000000002e-05,1.69984e-05,2.80791112796416e-10,2.8079111279641274e-10,3.2570236619275465e-24,3.2570236619275465e-24
single_15p8V-1ns,A,PCHIP,166,1.69984e-05,1.71008e-05,2.8079111279643544e-10,2.8079111279642205e-10,1.3389986165702135e-23,1.3389986165702135e-23
single_15p8V-1ns,A,PCHIP,167,1.71008e-05,1.72032e-05,2.807911127964257e-10,2.8079111279642205e-10,3.67061396820406e-24,3.67061396820406e-24
single_15p8V-1ns,A,PCHIP,168,1.72032e-05,1.73056e-05,2.80791112796416e-10,2.8079111279641274e-10,3.2570236619275465e-24,3.2570236619275465e-24
single_15p8V-1ns,A,PCHIP,169,1.73056e-05,1.7408e-05,2.8079111279643544e-10,2.8079111279642205e-10,1.3389986165702135e-23,1.3389986165702135e-23
single_15p8V-1ns,A,PCHIP,170,1.7408e-05,1.75104e-05,2.807911127964257e-10,2.8079111279642205e-10,3.67061396820406e-24,3.67061396820406e-24
single_15p8V-1ns,A,PCHIP,171,1.75104e-05,1.7612800000000002e-05,2.8079111279643544e-10,2.8079111279642205e-10,1.3389986165702135e-23,1.3389986165702135e-23
single_15p8V-1ns,A,PCHIP,172,1.7612800000000002e-05,1.77152e-05,2.80791112796416e-10,2.8079111279641274e-10,3.2570236619275465e-24,3.2570236619275465e-24
single_15p8V-1ns,A,PCHIP,173,1.77152e-05,1.78176e-05,2.8079111279643544e-10,2.8079111279642205e-10,1.3389986165702135e-23,1.3389986165702135e-23
single_15p8V-1ns,A,PCHIP,174,1.78176e-05,1.792e-05,2.807911127964257e-10,2.8079111279642205e-10,3.67061396820406e-24,3.67061396820406e-24
single_15p8V-1ns,A,PCHIP,175,1.792e-05,1.8022400000000002e-05,2.8079111279643544e-10,2.8079111279642205e-10,1.3389986165702135e-23,1.3389986165702135e-23
single_15p8V-1ns,A,PCHIP,176,1.8022400000000002e-05,1.81248e-05,2.80791112796416e-10,2.8079111279641274e-10,3.2570236619275465e-24,3.2570236619275465e-24
single_15p8V-1ns,A,PCHIP,177,1.81248e-05,1.82272e-05,2.807911127964257e-10,2.8079111279642205e-10,3.67061396820406e-24,3.67061396820406e-24
single_15p8V-1ns,A,PCHIP,178,1.82272e-05,1.83296e-05,2.8079111279643544e-10,2.8079111279642205e-10,1.3389986165702135e-23,1.3389986165702135e-23
single_15p8V-1ns,A,PCHIP,179,1.83296e-05,1.8432e-05,2.80791112796416e-10,2.8079111279641274e-10,3.2570236619275465e-24,3.2570236619275465e-24
single_15p8V-1ns,A,PCHIP,180,1.8432e-05,1.85344e-05,2.8079111279643544e-10,2.8079111279642205e-10,1.3389986165702135e-23,1.3389986165702135e-23
single_15p8V-1ns,A,PCHIP,181,1.85344e-05,1.86368e-05,2.807911127964257e-10,2.8079111279642205e-10,3.67061396820406e-24,3.67061396820406e-24
single_15p8V-1ns,A,PCHIP,182,1.86368e-05,1.8739200000000002e-05,2.8079111279643544e-10,2.8079111279642205e-10,1.3389986165702135e-23,1.3389986165702135e-23
single_15p8V-1ns,A,PCHIP,183,1.8739200000000002e-05,1.88416e-05,2.80791112796416e-10,2.8079111279641274e-10,3.2570236619275465e-24,3.2570236619275465e-24
single_15p8V-1ns,A,PCHIP,184,1.88416e-05,1.8944e-05,2.8079111279643544e-10,2.8079111279642205e-10,1.3389986165702135e-23,1.3389986165702135e-23
single_15p8V-1ns,A,PCHIP,185,1.8944e-05,1.90464e-05,2.807911127964257e-10,2.8079111279642205e-10,3.67061396820406e-24,3.67061396820406e-24
single_15p8V-1ns,A,PCHIP,186,1.90464e-05,1.9148800000000002e-05,2.807911127964257e-10,2.8079111279642205e-10,3.67061396820406e-24,3.67061396820406e-24
single_15p8V-1ns,A,PCHIP,187,1.9148800000000002e-05,1.92512e-05,2.807911127964257e-10,2.8079111279641274e-10,1.2976395859425622e-23,1.2976395859425622e-23
single_15p8V-1ns,A,PCHIP,188,1.92512e-05,1.93536e-05,2.807911127964257e-10,2.8079111279642205e-10,3.67061396820406e-24,3.67061396820406e-24
single_15p8V-1ns,A,PCHIP,189,1.93536e-05,1.9456e-05,2.8079111279643544e-10,2.8079111279642205e-10,1.3389986165702135e-23,1.3389986165702135e-23
single_15p8V-1ns,A,PCHIP,190,1.9456e-05,1.9558400000000002e-05,2.807911127964257e-10,2.8079111279642205e-10,3.67061396820406e-24,3.67061396820406e-24
single_15p8V-1ns,A,PCHIP,191,1.9558400000000002e-05,1.96608e-05,2.807911127964257e-10,2.8079111279641274e-10,1.2976395859425622e-23,1.2976395859425622e-23
single_15p8V-1ns,A,PCHIP,192,1.96608e-05,1.97632e-05,2.807911127964257e-10,2.8079111279642205e-10,3.67061396820406e-24,3.67061396820406e-24
single_15p8V-1ns,A,PCHIP,193,1.97632e-05,1.9865600000000002e-05,2.8079111279643544e-10,2.8079111279642205e-10,1.3389986165702135e-23,1.3389986165702135e-23
single_15p8V-1ns,A,PCHIP,194,1.9865600000000002e-05,1.9968e-05,2.80791112796416e-10,2.8079111279641274e-10,3.2570236619275465e-24,3.2570236619275465e-24
single_15p8V-1ns,A,PCHIP,195,1.9968e-05,2e-05,8.774722274889339e-11,8.77472227488877e-11,5.686866711302065e-24,5.686866711302065e-24
single_15p8V-1ns,A,CS,0,0.0,1.024e-07,5.158358611187166e-13,5.373520650448733e-13,-2.1516203926156657e-14,2.1516203926156657e-14
single_15p8V-1ns,A,CS,1,1.024e-07,2.048e-07,3.4887532196254512e-12,3.5446253404148412e-12,-5.5872120789390025e-14,5.5872120789390025e-14
single_15p8V-1ns,A,CS,2,2.048e-07,3.072e-07,8.949218694762755e-12,9.03368937473944e-12,-8.447067997668483e-14,8.447067997668483e-14
single_15p8V-1ns,A,CS,3,3.072e-07,4.096e-07,1.6458374470952198e-11,1.6565173771502642e-11,-1.0679930055044418e-13,1.0679930055044418e-13
single_15p8V-1ns,A,CS,4,4.096e-07,5.12e-07,2.5697055709814836e-11,2.582193037480381e-11,-1.2487466498897467e-13,1.2487466498897467e-13
single_15p8V-1ns,A,CS,5,5.12e-07,6.144e-07,3.6441231185000985e-11,3.6579287664417324e-11,-1.38056479416339e-13,1.38056479416339e-13
single_15p8V-1ns,A,CS,6,6.144e-07,7.168000000000001e-07,4.8532834141888675e-11,4.868195338762266e-11,-1.4911924573398527e-13,1.4911924573398527e-13
single_15p8V-1ns,A,CS,7,7.168000000000001e-07,8.192e-07,6.187288210296104e-11,6.203002643881702e-11,-1.5714433585597768e-13,1.5714433585597768e-13
single_15p8V-1ns,A,CS,8,8.192e-07,9.216e-07,7.641162831388344e-11,7.657461345399793e-11,-1.629851401144957e-13,1.629851401144957e-13
single_15p8V-1ns,A,CS,9,9.216e-07,1.024e-06,9.21561568223553e-11,9.23248855739308e-11,-1.687287515754906e-13,1.687287515754906e-13
single_15p8V-1ns,A,CS,10,1.024e-06,1.1264000000000001e-06,1.0920189590928016e-10,1.0937263850040347e-10,-1.7074259112331161e-13,1.7074259112331161e-13
single_15p8V-1ns,A,CS,11,1.1264000000000001e-06,1.2288e-06,1.2777161500124297e-10,1.279505220382001e-10,-1.7890703695712637e-13,1.7890703695712637e-13
single_15p8V-1ns,A,CS,12,1.2288e-06,1.3312e-06,1.4838821427639662e-10,1.4856770714944725e-10,-1.7949287305063107e-13,1.7949287305063107e-13
single_15p8V-1ns,A,CS,13,1.3312e-06,1.4336000000000001e-06,1.721612644612685e-10,1.7235815914758806e-10,-1.9689468631957395e-13,1.9689468631957395e-13
single_15p8V-1ns,A,CS,14,1.4336000000000001e-06,1.536e-06,2.0188577720288445e-10,2.0216735158260015e-10,-2.815743797156982e-13,2.815743797156982e-13
single_15p8V-1ns,A,CS,15,1.536e-06,1.6384e-06,2.4739254918906387e-10,2.474156791388652e-10,-2.3129949801356387e-14,2.3129949801356387e-14
single_15p8V-1ns,A,CS,16,1.6384e-06,1.7408000000000001e-06,3.7711083359300967e-10,3.8068078883471575e-10,-3.5699552417060785e-12,3.5699552417060785e-12
single_15p8V-1ns,A,CS,17,1.7408000000000001e-06,1.8432e-06,3.295324517464529e-09,3.3122167215400616e-09,-1.6892204075532742e-11,1.6892204075532742e-11
single_15p8V-1ns,A,CS,18,1.8432e-06,1.9456e-06,1.974714392214561e-09,1.970412502123081e-09,4.301890091479991e-12,4.301890091479991e-12
single_15p8V-1ns,A,CS,19,1.9456e-06,2.048e-06,9.225670772035289e-10,9.208460143664009e-10,1.721062837128003e-12,1.721062837128003e-12
single_15p8V-1ns,A,CS,20,2.048e-06,2.1504e-06,5.166645203245362e-10,5.160243508867588e-10,6.401694377773755e-13,6.401694377773755e-13
single_15p8V-1ns,A,CS,21,2.1504e-06,2.2528000000000003e-06,3.452963076351222e-10,3.4499661137378636e-10,2.9969626133584375e-13,2.9969626133584375e-13
single_15p8V-1ns,A,CS,22,2.2528000000000003e-06,2.3552e-06,2.6665256350556355e-10,2.6651540397961893e-10,1.3715952594462726e-13,1.3715952594462726e-13
single_15p8V-1ns,A,CS,23,2.3552e-06,2.4576e-06,2.281436536056033e-10,2.2807233545742651e-10,7.131814817679648e-14,7.131814817679648e-14
single_15p8V-1ns,A,CS,24,2.4576e-06,2.56e-06,2.0784188714130798e-10,2.078001833450694e-10,4.170379623856609e-14,4.170379623856609e-14
single_15p8V-1ns,A,CS,25,2.56e-06,2.6624e-06,1.9422722205942367e-10,1.9417421722181886e-10,5.3004837604811863e-14,5.3004837604811863e-14
single_15p8V-1ns,A,CS,26,2.6624e-06,2.7648e-06,1.8041150757704598e-10,1.8030530743547627e-10,1.0620014156970374e-13,1.0620014156970374e-13
single_15p8V-1ns,A,CS,27,2.7648e-06,2.8672000000000003e-06,1.6514583164679976e-10,1.649973477941666e-10,1.4848385263317074e-13,1.4848385263317074e-13
single_15p8V-1ns,A,CS,28,2.8672000000000003e-06,2.9696e-06,1.5150722867721448e-10,1.5136373670117934e-10,1.4349197603514157e-13,1.4349197603514157e-13
single_15p8V-1ns,A,CS,29,2.9696e-06,3.072e-06,1.4366026576715777e-10,1.4357319746024188e-10,8.706830691588967e-14,8.706830691588967e-14
single_15p8V-1ns,A,CS,30,3.072e-06,3.1744e-06,1.4651754597402202e-10,1.4648710967910443e-10,3.043629491759098e-14,3.043629491759098e-14
single_15p8V-1ns,A,CS,31,3.1744e-06,3.2768e-06,1.6942231264861146e-10,1.6959984281478015e-10,-1.775301661686963e-13,1.775301661686963e-13
single_15p8V-1ns,A,CS,32,3.2768e-06,3.3792e-06,2.1212872174110017e-10,2.1228070037112524e-10,-1.5197863002507208e-13,1.5197863002507208e-13
single_15p8V-1ns,A,CS,33,3.3792e-06,3.4816000000000003e-06,2.593835888413137e-10,2.5958137601343477e-10,-1.9778717212109127e-13,1.9778717212109127e-13
single_15p8V-1ns,A,CS,34,3.4816000000000003e-06,3.5840000000000003e-06,3.137494824289734e-10,3.1403446444266337e-10,-2.849820136899601e-13,2.849820136899601e-13
single_15p8V-1ns,A,CS,35,3.5840000000000003e-06,3.6864e-06,3.907256471211431e-10,3.911382429342079e-10,-4.1259581306480814e-13,4.1259581306480814e-13
single_15p8V-1ns,A,CS,36,3.6864e-06,3.7888e-06,5.653588297676607e-10,5.672141445743741e-10,-1.8553148067133757e-12,1.8553148067133757e-12
single_15p8V-1ns,A,CS,37,3.7888e-06,3.8912e-06,7.162111918375512e-10,7.151231448267063e-10,1.0880470108448644e-12,1.0880470108448644e-12
single_15p8V-1ns,A,CS,38,3.8912e-06,3.9936e-06,4.704069955519861e-10,4.703822699420917e-10,2.472560989435111e-14,2.472560989435111e-14
single_15p8V-1ns,A,CS,39,3.9936e-06,4.096e-06,3.2803565573921773e-10,3.2763469884312043e-10,4.00956896097297e-13,4.00956896097297e-13
single_15p8V-1ns,A,CS,40,4.096e-06,4.1984e-06,2.595297809060719e-10,2.594387463165446e-10,9.103458952729174e-14,9.103458952729174e-14
single_15p8V-1ns,A,CS,41,4.1984e-06,4.3008e-06,2.2381408097763753e-10,2.237080646427672e-10,1.0601633487033295e-13,1.0601633487033295e-13
single_15p8V-1ns,A,CS,42,4.3008e-06,4.4032000000000005e-06,2.019520278353844e-10,2.0187686781016314e-10,7.516002522126583e-14,7.516002522126583e-14
single_15p8V-1ns,A,CS,43,4.4032000000000005e-06,4.5056000000000005e-06,1.8424069099759166e-10,1.8408866248867656e-10,1.52028508915093e-13,1.52028508915093e-13
single_15p8V-1ns,A,CS,44,4.5056000000000005e-06,4.608e-06,1.6943180114357372e-10,1.6930299798394513e-10,1.2880315962858207e-13,1.2880315962858207e-13
single_15p8V-1ns,A,CS,45,4.608e-06,4.7104e-06,1.6203948093543819e-10,1.619559898791688e-10,8.34910562693944e-14,8.34910562693944e-14
single_15p8V-1ns,A,CS,46,4.7104e-06,4.8128e-06,1.6654059729473614e-10,1.664977384970294e-10,4.285879770673525e-14,4.285879770673525e-14
single_15p8V-1ns,A,CS,47,4.8128e-06,4.9152e-06,1.9294072581050561e-10,1.931380218082557e-10,-1.9729599775009427e-13,1.9729599775009427e-13
single_15p8V-1ns,A,CS,48,4.9152e-06,5.0176e-06,2.3466322858796915e-10,2.347911880607605e-10,-1.279594727913594e-13,1.279594727913594e-13
single_15p8V-1ns,A,CS,49,5.0176e-06,5.12e-06,2.764200393092339e-10,2.7658753438967694e-10,-1.6749508044302314e-13,1.6749508044302314e-13
single_15p8V-1ns,A,CS,50,5.12e-06,5.2224e-06,3.185948885793001e-10,3.1877690888930447e-10,-1.8202031000438705e-13,1.8202031000438705e-13
single_15p8V-1ns,A,CS,51,5.2224e-06,5.3248e-06,3.640736730604407e-10,3.643205404539328e-10,-2.468673934920986e-13,2.468673934920986e-13
single_15p8V-1ns,A,CS,52,5.3248e-06,5.4272e-06,4.1659098765253915e-10,4.169042088950212e-10,-3.132212424820398e-13,3.132212424820398e-13
single_15p8V-1ns,A,CS,53,5.4272e-06,5.5296e-06,4.628933345856458e-10,4.632828139010283e-10,-3.894793153825137e-13,3.894793153825137e-13
single_15p8V-1ns,A,CS,54,5.5296e-06,5.6320000000000005e-06,4.432271218720513e-10,4.430800868067763e-10,1.4703506527501458e-13,1.4703506527501458e-13
single_15p8V-1ns,A,CS,55,5.6320000000000005e-06,5.7344000000000005e-06,3.6234435081559135e-10,3.621484461503114e-10,1.95904665279935e-13,1.95904665279935e-13
single_15p8V-1ns,A,CS,56,5.7344000000000005e-06,5.836800000000001e-06,3.0385777490354473e-10,3.037145740765709e-10,1.4320082697381542e-13,1.4320082697381542e-13
single_15p8V-1ns,A,CS,57,5.836800000000001e-06,5.9392e-06,2.696691523179211e-10,2.695767869968633e-10,9.236532105783579e-14,9.236532105783579e-14
single_15p8V-1ns,A,CS,58,5.9392e-06,6.0416e-06,2.4945943517847595e-10,2.4938718626194057e-10,7.224891653538769e-14,7.224891653538769e-14
single_15p8V-1ns,A,CS,59,6.0416e-06,6.144e-06,2.3811666889281146e-10,2.380620235379578e-10,5.464535485368633e-14,5.464535485368633e-14
single_15p8V-1ns,A,CS,60,6.144e-06,6.2464e-06,2.336839742884385e-10,2.336490454783428e-10,3.492881009571418e-14,3.492881009571418e-14
single_15p8V-1ns,A,CS,61,6.2464e-06,6.3488e-06,2.356706272850946e-10,2.3566382614393663e-10,6.801141157948352e-15,6.801141157948352e-15
single_15p8V-1ns,A,CS,62,6.3488e-06,6.4512e-06,2.4390126942968826e-10,2.439208615092568e-10,-1.959207956855882e-14,1.959207956855882e-14
single_15p8V-1ns,A,CS,63,6.4512e-06,6.5536e-06,2.56645701727577e-10,2.566923447107371e-10,-4.664298316007292e-14,4.664298316007292e-14
single_15p8V-1ns,A,CS,64,6.5536e-06,6.656e-06,2.6764951562874305e-10,2.6767998299280337e-10,-3.0467364060324424e-14,3.0467364060324424e-14
single_15p8V-1ns,A,CS,65,6.656e-06,6.7584e-06,2.7552041957115127e-10,2.755439853723918e-10,-2.3565801240512898e-14,2.3565801240512898e-14
single_15p8V-1ns,A,CS,66,6.7584e-06,6.8608000000000004e-06,2.806494697229682e-10,2.8066533360136603e-10,-1.586387839783956e-14,1.586387839783956e-14
single_15p8V-1ns,A,CS,67,6.8608000000000004e-06,6.9632000000000005e-06,2.835292026781785e-10,2.835387225730086e-10,-9.519894830101064e-15,9.519894830101064e-15
single_15p8V-1ns,A,CS,68,6.9632000000000005e-06,7.065600000000001e-06,2.8473576621631077e-10,2.847402963714715e-10,-4.5301551607469924e-15,4.5301551607469924e-15
single_15p8V-1ns,A,CS,69,7.065600000000001e-06,7.168000000000001e-06,2.8482398933781586e-10,2.848250527658316e-10,-1.0634280157671826e-15,1.0634280157671826e-15
single_15p8V-1ns,A,CS,70,7.168000000000001e-06,7.2704e-06,2.8427070648425415e-10,2.842696547778949e-10,1.0517063592704943e-15,1.0517063592704943e-15
single_15p8V-1ns,A,CS,71,7.2704e-06,7.3728e-06,2.8344339972479924e-10,2.834413350181597e-10,2.064706639513397e-15,2.064706639513397e-15
single_15p8V-1ns,A,CS,72,7.3728e-06,7.4752e-06,2.8259160349137644e-10,2.8258929831380885e-10,2.3051775675850386e-15,2.3051775675850386e-15
single_15p8V-1ns,A,CS,73,7.4752e-06,7.5776e-06,2.8185807312359884e-10,2.818560211506345e-10,2.0519729643467872e-15,2.0519729643467872e-15
single_15p8V-1ns,A,CS,74,7.5776e-06,7.680000000000001e-06,2.813054216060857e-10,2.813038484796805e-10,1.5731264052402628e-15,1.5731264052402628e-15
single_15p8V-1ns,A,CS,75,7.680000000000001e-06,7.7824e-06,2.8094837421224565e-10,2.8094732455051907e-10,1.049661726580965e-15,1.049661726580965e-15
single_15p8V-1ns,A,CS,76,7.7824e-06,7.8848e-06,2.8073913754700587e-10,2.8073850143563166e-10,6.361113742137121e-16,6.361113742137121e-16
single_15p8V-1ns,A,CS,77,7.8848e-06,7.9872e-06,2.8063650246150147e-10,2.8063616437670607e-10,3.3808479539736195e-16,3.3808479539736195e-16
single_15p8V-1ns,A,CS,78,7.9872e-06,8.0896e-06,2.8060497810506275e-10,2.8060485008594855e-10,1.280191142015933e-16,1.280191142015933e-16
single_15p8V-1ns,A,CS,79,8.0896e-06,8.192e-06,2.806155422919725e-10,2.806155426197391e-10,-3.2776659541138073e-19,3.2776659541138073e-19
single_15p8V-1ns,A,CS,80,8.192e-06,8.2944e-06,2.806467590109505e-10,2.806468271839068e-10,-6.81729563450567e-17,6.81729563450567e-17
single_15p8V-1ns,A,CS,81,8.2944e-06,8.3968e-06,2.8068431115597935e-10,2.8068440533610585e-10,-9.418012650378687e-17,9.418012650378687e-17
single_15p8V-1ns,A,CS,82,8.3968e-06,8.4992e-06,2.807197201771948e-10,2.807198141594611e-10,-9.398226629713147e-17,9.398226629713147e-17
single_15p8V-1ns,A,CS,83,8.4992e-06,8.6016e-06,2.8074882481444124e-10,2.807489049506292e-10,-8.013618794111135e-17,8.013618794111135e-17
single_15p8V-1ns,A,CS,84,8.6016e-06,8.704e-06,2.807703507734884e-10,2.80770412087142e-10,-6.131365360459295e-17,6.131365360459295e-17
single_15p8V-1ns,A,CS,85,8.704e-06,8.806400000000001e-06,2.807847343797459e-10,2.807847764822317e-10,-4.2102485828059384e-17,4.2102485828059384e-17
single_15p8V-1ns,A,CS,86,8.806400000000001e-06,8.9088e-06,2.8079324887542006e-10,2.807932749563153e-10,-2.6080895215763376e-17,2.6080895215763376e-17
single_15p8V-1ns,A,CS,87,8.9088e-06,9.011200000000001e-06,2.8079742476530307e-10,2.807974384797776e-10,-1.3714474540948392e-17,1.3714474540948392e-17
single_15p8V-1ns,A,CS,88,9.011200000000001e-06,9.1136e-06,2.80798702888376e-10,2.8079870809598486e-10,-5.207608862640439e-18,5.207608862640439e-18
single_15p8V-1ns,A,CS,89,9.1136e-06,9.216e-06,2.807982666837136e-10,2.807982666471265e-10,3.658707737262125e-20,3.658707737262125e-20
single_15p8V-1ns,A,CS,90,9.216e-06,9.3184e-06,2.8079699064104195e-10,2.807969878501278e-10,2.7909141592951807e-18,2.7909141592951807e-18
single_15p8V-1ns,A,CS,91,9.3184e-06,9.4208e-06,2.807954585349791e-10,2.807954546900822e-10,3.844896942462285e-18,3.844896942462285e-18
single_15p8V-1ns,A,CS,92,9.4208e-06,9.5232e-06,2.8079401548061853e-10,2.807940116496142e-10,3.831004340676881e-18,3.831004340676881e-18
single_15p8V-1ns,A,CS,93,9.5232e-06,9.6256e-06,2.807928303876356e-10,2.8079282712413156e-10,3.2635040533402283e-18,3.2635040533402283e-18
single_15p8V-1ns,A,CS,94,9.6256e-06,9.728e-06,2.8079195456672186e-10,2.807919520717292e-10,2.494992673298596e-18,2.494992673298596e-18
single_15p8V-1ns,A,CS,95,9.728e-06,9.8304e-06,2.8079136981133367e-10,2.8079136809936154e-10,1.7119721317224775e-18,1.7119721317224775e-18
single_15p8V-1ns,A,CS,96,9.8304e-06,9.932800000000001e-06,2.807910240085389e-10,2.807910229489643e-10,1.0595746275055397e-18,1.0595746275055397e-18
single_15p8V-1ns,A,CS,97,9.932800000000001e-06,1.00352e-05,2.8079085470988626e-10,2.8079085415348823e-10,5.563980242513305e-19,5.563980242513305e-19
single_15p8V-1ns,A,CS,98,1.00352e-05,1.0137600000000001e-05,2.807908032093027e-10,2.8079080299879035e-10,2.1051234771470537e-19,2.1051234771470537e-19
single_15p8V-1ns,A,CS,99,1.0137600000000001e-05,1.024e-05,2.8079082133156707e-10,2.8079082133411174e-10,-2.544666058154536e-21,2.544666058154536e-21
single_15p8V-1ns,A,CS,100,1.024e-05,1.0342400000000001e-05,2.807908735032503e-10,2.8079087361753836e-10,-1.1428808141763677e-19,1.1428808141763677e-19
single_15p8V-1ns,A,CS,101,1.0342400000000001e-05,1.04448e-05,2.807909359935069e-10,2.80790936150409e-10,-1.5690210013089595e-19,1.5690210013089595e-19
single_15p8V-1ns,A,CS,102,1.04448e-05,1.05472e-05,2.8079099478601443e-10,2.807909949421409e-10,-1.5612646321026263e-19,1.5612646321026263e-19
single_15p8V-1ns,A,CS,103,1.05472e-05,1.06496e-05,2.807910430322454e-10,2.807910431651329e-10,-1.3288749598483302e-19,1.3288749598483302e-19
single_15p8V-1ns,A,CS,104,1.06496e-05,1.0752e-05,2.8079107866432223e-10,2.8079107876584836e-10,-1.0152613213201552e-19,1.0152613213201552e-19
single_15p8V-1ns,A,CS,105,1.0752e-05,1.08544e-05,2.8079110243792213e-10,2.807911025075393e-10,-6.961717471368792e-20,6.961717471368792e-20
single_15p8V-1ns,A,CS,106,1.08544e-05,1.09568e-05,2.807911164835163e-10,2.8079111652656743e-10,-4.305113196820517e-20,4.305113196820517e-20
single_15p8V-1ns,A,CS,107,1.09568e-05,1.10592e-05,2.8079112334816965e-10,2.807911233707503e-10,-2.2580634855413972e-20,2.2580634855413972e-20
single_15p8V-1ns,A,CS,108,1.10592e-05,1.11616e-05,2.807911254236726e-10,2.807911254321824e-10,-8.509775648004126e-21,8.509775648004126e-21
single_15p8V-1ns,A,CS,109,1.11616e-05,1.1264000000000001e-05,2.807911246712926e-10,2.807911246711457e-10,1.4692795630473154e-22,1.4692795630473154e-22
single_15p8V-1ns,A,CS,110,1.1264000000000001e-05,1.13664e-05,2.807911225382971e-10,2.8079112253361606e-10,4.681066785225868e-21,4.681066785225868e-21
single_15p8V-1ns,A,CS,111,1.13664e-05,1.1468800000000001e-05,2.807911199894951e-10,2.807911199830914e-10,6.403722109655833e-21,6.403722109655833e-21
single_15p8V-1ns,A,CS,112,1.1468800000000001e-05,1.15712e-05,2.8079111759416865e-10,2.8079111758780546e-10,6.3631902596407345e-21,6.3631902596407345e-21
single_15p8V-1ns,A,CS,113,1.15712e-05,1.1673600000000001e-05,2.807911156300179e-10,2.807911156246062e-10,5.41167406126333e-21,5.41167406126333e-21
single_15p8V-1ns,A,CS,114,1.1673600000000001e-05,1.1776e-05,2.8079111418035373e-10,2.807911141762213e-10,4.1324392439500726e-21,4.1324392439500726e-21
single_15p8V-1ns,A,CS,115,1.1776e-05,1.18784e-05,2.8079111321382964e-10,2.8079111321099835e-10,2.83128414040416e-21,2.83128414040416e-21
single_15p8V-1ns,A,CS,116,1.18784e-05,1.19808e-05,2.8079111264334354e-10,2.8079111264159777e-10,1.745764682793165e-21,1.745764682793165e-21
single_15p8V-1ns,A,CS,117,1.19808e-05,1.20832e-05,2.8079111236500315e-10,2.807911123640872e-10,9.159474320376245e-22,9.159474320376245e-22
single_15p8V-1ns,A,CS,118,1.20832e-05,1.21856e-05,2.8079111228137344e-10,2.8079111228102876e-10,3.446758214931897e-22,3.446758214931897e-22
single_15p8V-1ns,A,CS,119,1.21856e-05,1.2288e-05,2.80791112312593e-10,2.8079111231260054e-10,-7.548023089546378e-24,7.548023089546378e-24
single_15p8V-1ns,A,CS,120,1.2288e-05,1.23904e-05,2.8079111239980016e-10,2.80791112399991e-10,-1.9082022755832657e-22,1.9082022755832657e-22
single_15p8V-1ns,A,CS,121,1.23904e-05,1.24928e-05,2.8079111250375154e-10,2.807911125040122e-10,-2.6066529053077285e-22,2.6066529053077285e-22
single_15p8V-1ns,A,CS,122,1.24928e-05,1.2595200000000001e-05,2.8079111260134794e-10,2.807911126016062e-10,-2.5823544748139833e-22,2.5823544748139833e-22
single_15p8V-1ns,A,CS,123,1.2595200000000001e-05,1.26976e-05,2.8079111268130585e-10,2.8079111268152614e-10,-2.202885368805282e-22,2.202885368805282e-22
single_15p8V-1ns,A,CS,124,1.26976e-05,1.2800000000000001e-05,2.8079111274028957e-10,2.807911127404575e-10,-1.6791766434826462e-22,1.6791766434826462e-22
single_15p8V-1ns,A,CS,125,1.2800000000000001e-05,1.29024e-05,2.80791112779575e-10,2.807911127796952e-10,-1.2019968276161183e-22,1.2019968276161183e-22
single_15p8V-1ns,A,CS,126,1.29024e-05,1.3004800000000001e-05,2.807911128027559e-10,2.807911128028272e-10,-7.129262904441407e-23,7.129262904441407e-23
single_15p8V-1ns,A,CS,127,1.3004800000000001e-05,1.31072e-05,2.8079111281403634e-10,2.8079111281407336e-10,-3.701633241174799e-23,3.701633241174799e-23
single_15p8V-1ns,A,CS,128,1.31072e-05,1.32096e-05,2.807911128174051e-10,2.807911128174187e-10,-1.3596781318840392e-23,1.3596781318840392e-23
single_15p8V-1ns,A,CS,129,1.32096e-05,1.3312e-05,2.8079111281611313e-10,2.807911128161129e-10,2.0679515313825692e-25,2.0679515313825692e-25
single_15p8V-1ns,A,CS,130,1.3312e-05,1.34144e-05,2.807911128125441e-10,2.8079111281253583e-10,8.271806125530277e-24,8.271806125530277e-24
single_15p8V-1ns,A,CS,131,1.34144e-05,1.35168e-05,2.807911128083097e-10,2.8079111280829803e-10,1.1683926152311516e-23,1.1683926152311516e-23
single_15p8V-1ns,A,CS,132,1.35168e-05,1.36192e-05,2.8079111280432814e-10,2.807911128043174e-10,1.075334796318936e-23,1.075334796318936e-23
single_15p8V-1ns,A,CS,133,1.36192e-05,1.3721600000000001e-05,2.8079111280107706e-10,2.807911128010686e-10,8.478601278668534e-24,8.478601278668534e-24
single_15p8V-1ns,A,CS,134,1.3721600000000001e-05,1.3824e-05,2.807911127986748e-10,2.807911127986676e-10,7.237830359838992e-24,7.237830359838992e-24
single_15p8V-1ns,A,CS,135,1.3824e-05,1.3926400000000001e-05,2.807911127970739e-10,2.807911127970734e-10,5.169878828456423e-25,5.169878828456423e-25
single_15p8V-1ns,A,CS,136,1.3926400000000001e-05,1.40288e-05,2.807911127961357e-10,2.807911127961328e-10,2.895132143935597e-24,2.895132143935597e-24
single_15p8V-1ns,A,CS,137,1.40288e-05,1.4131200000000001e-05,2.8079111279568425e-10,2.8079111279568275e-10,1.4992648602523627e-24,1.4992648602523627e-24
single_15p8V-1ns,A,CS,138,1.4131200000000001e-05,1.42336e-05,2.807911127955446e-10,2.8079111279554363e-10,9.822769774067204e-25,9.822769774067204e-25
single_15p8V-1ns,A,CS,139,1.42336e-05,1.4336000000000001e-05,2.8079111279560216e-10,2.8079111279560267e-10,-5.169878828456423e-25,5.169878828456423e-25
single_15p8V-1ns,A,CS,140,1.4336000000000001e-05,1.44384e-05,2.807911127957437e-10,2.8079111279574314e-10,5.686866711302065e-25,5.686866711302065e-25
single_15p8V-1ns,A,CS,141,1.44384e-05,1.45408e-05,2.8079111279591617e-10,2.8079111279591566e-10,5.169878828456423e-25,5.169878828456423e-25
single_15p8V-1ns,A,CS,142,1.45408e-05,1.46432e-05,2.807911127960848e-10,2.8079111279608456e-10,2.5849394142282115e-25,2.5849394142282115e-25
single_15p8V-1ns,A,CS,143,1.46432e-05,1.47456e-05,2.80791112796204e-10,2.8079111279620377e-10,2.0679515313825692e-25,2.0679515313825692e-25
single_15p8V-1ns,A,CS,144,1.47456e-05,1.4848e-05,2.807911127963054e-10,2.8079111279630996e-10,-4.549493369041652e-24,4.549493369041652e-24
single_15p8V-1ns,A,CS,145,1.4848e-05,1.49504e-05,2.807911127963709e-10,2.8079111279637107e-10,-1.550963648536927e-25,1.550963648536927e-25
single_15p8V-1ns,A,CS,146,1.49504e-05,1.5052800000000001e-05,2.8079111279640705e-10,2.8079111279640623e-10,8.271806125530277e-25,8.271806125530277e-25
single_15p8V-1ns,A,CS,147,1.5052800000000001e-05,1.51552e-05,2.807911127964183e-10,2.8079111279641615e-10,2.1713491079516976e-24,2.1713491079516976e-24
single_15p8V-1ns,A,CS,148,1.51552e-05,1.5257600000000001e-05,2.8079111279643063e-10,2.8079111279642205e-10,8.581998855237662e-24,8.581998855237662e-24
single_15p8V-1ns,A,CS,149,1.5257600000000001e-05,1.5360000000000002e-05,2.807911127964306e-10,2.8079111279642205e-10,8.530300066953098e-24,8.530300066953098e-24
single_15p8V-1ns,A,CS,150,1.5360000000000002e-05,1.54624e-05,2.807911127964208e-10,2.8079111279641274e-10,8.06501097239202e-24,8.06501097239202e-24
single_15p8V-1ns,A,CS,151,1.54624e-05,1.55648e-05,2.807911127964306e-10,2.8079111279642205e-10,8.530300066953098e-24,8.530300066953098e-24
single_15p8V-1ns,A,CS,152,1.55648e-05,1.56672e-05,2.807911127964306e-10,2.8079111279642205e-10,8.530300066953098e-24,8.530300066953098e-24
single_15p8V-1ns,A,CS,153,1.56672e-05,1.57696e-05,2.807911127964208e-10,2.8079111279641274e-10,8.06501097239202e-24,8.06501097239202e-24
single_15p8V-1ns,A,CS,154,1.57696e-05,1.5872e-05,2.807911127964257e-10,2.8079111279642205e-10,3.67061396820406e-24,3.67061396820406e-24
single_15p8V-1ns,A,CS,155,1.5872e-05,1.59744e-05,2.807911127964306e-10,2.8079111279642205e-10,8.530300066953098e-24,8.530300066953098e-24
single_15p8V-1ns,A,CS,156,1.59744e-05,1.60768e-05,2.807911127964306e-10,2.8079111279642205e-10,8.530300066953098e-24,8.530300066953098e-24
single_15p8V-1ns,A,CS,157,1.60768e-05,1.61792e-05,2.807911127964257e-10,2.8079111279641274e-10,1.2976395859425622e-23,1.2976395859425622e-23
single_15p8V-1ns,A,CS,158,1.61792e-05,1.62816e-05,2.807911127964257e-10,2.8079111279642205e-10,3.67061396820406e-24,3.67061396820406e-24
single_15p8V-1ns,A,CS,159,1.62816e-05,1.6384e-05,2.807911127964257e-10,2.8079111279642205e-10,3.67061396820406e-24,3.67061396820406e-24
single_15p8V-1ns,A,CS,160,1.6384e-05,1.6486400000000002e-05,2.8079111279643544e-10,2.8079111279642205e-10,1.3389986165702135e-23,1.3389986165702135e-23
single_15p8V-1ns,A,CS,161,1.6486400000000002e-05,1.65888e-05,2.80791112796416e-10,2.8079111279641274e-10,3.2570236619275465e-24,3.2570236619275465e-24
single_15p8V-1ns,A,CS,162,1.65888e-05,1.66912e-05,2.8079111279643544e-10,2.8079111279642205e-10,1.3389986165702135e-23,1.3389986165702135e-23
single_15p8V-1ns,A,CS,163,1.66912e-05,1.67936e-05,2.807911127964257e-10,2.8079111279642205e-10,3.67061396820406e-24,3.67061396820406e-24
single_15p8V-1ns,A,CS,164,1.67936e-05,1.6896000000000002e-05,2.8079111279643544e-10,2.8079111279642205e-10,1.3389986165702135e-23,1.3389986165702135e-23
single_15p8V-1ns,A,CS,165,1.6896000000000002e-05,1.69984e-05,2.80791112796416e-10,2.8079111279641274e-10,3.2570236619275465e-24,3.2570236619275465e-24
single_15p8V-1ns,A,CS,166,1.69984e-05,1.71008e-05,2.8079111279643544e-10,2.8079111279642205e-10,1.3389986165702135e-23,1.3389986165702135e-23
single_15p8V-1ns,A,CS,167,1.71008e-05,1.72032e-05,2.807911127964257e-10,2.8079111279642205e-10,3.67061396820406e-24,3.67061396820406e-24
single_15p8V-1ns,A,CS,168,1.72032e-05,1.73056e-05,2.80791112796416e-10,2.8079111279641274e-10,3.2570236619275465e-24,3.2570236619275465e-24
single_15p8V-1ns,A,CS,169,1.73056e-05,1.7408e-05,2.8079111279643544e-10,2.8079111279642205e-10,1.3389986165702135e-23,1.3389986165702135e-23
single_15p8V-1ns,A,CS,170,1.7408e-05,1.75104e-05,2.807911127964257e-10,2.8079111279642205e-10,3.67061396820406e-24,3.67061396820406e-24
single_15p8V-1ns,A,CS,171,1.75104e-05,1.7612800000000002e-05,2.8079111279643544e-10,2.8079111279642205e-10,1.3389986165702135e-23,1.3389986165702135e-23
single_15p8V-1ns,A,CS,172,1.7612800000000002e-05,1.77152e-05,2.80791112796416e-10,2.8079111279641274e-10,3.2570236619275465e-24,3.2570236619275465e-24
single_15p8V-1ns,A,CS,173,1.77152e-05,1.78176e-05,2.8079111279643544e-10,2.8079111279642205e-10,1.3389986165702135e-23,1.3389986165702135e-23
single_15p8V-1ns,A,CS,174,1.78176e-05,1.792e-05,2.807911127964257e-10,2.8079111279642205e-10,3.67061396820406e-24,3.67061396820406e-24
single_15p8V-1ns,A,CS,175,1.792e-05,1.8022400000000002e-05,2.8079111279643544e-10,2.8079111279642205e-10,1.3389986165702135e-23,1.3389986165702135e-23
single_15p8V-1ns,A,CS,176,1.8022400000000002e-05,1.81248e-05,2.80791112796416e-10,2.8079111279641274e-10,3.2570236619275465e-24,3.2570236619275465e-24
single_15p8V-1ns,A,CS,177,1.81248e-05,1.82272e-05,2.807911127964257e-10,2.8079111279642205e-10,3.67061396820406e-24,3.67061396820406e-24
single_15p8V-1ns,A,CS,178,1.82272e-05,1.83296e-05,2.8079111279643544e-10,2.8079111279642205e-10,1.3389986165702135e-23,1.3389986165702135e-23
single_15p8V-1ns,A,CS,179,1.83296e-05,1.8432e-05,2.80791112796416e-10,2.8079111279641274e-10,3.2570236619275465e-24,3.2570236619275465e-24
single_15p8V-1ns,A,CS,180,1.8432e-05,1.85344e-05,2.8079111279643544e-10,2.8079111279642205e-10,1.3389986165702135e-23,1.3389986165702135e-23
single_15p8V-1ns,A,CS,181,1.85344e-05,1.86368e-05,2.807911127964257e-10,2.8079111279642205e-10,3.67061396820406e-24,3.67061396820406e-24
single_15p8V-1ns,A,CS,182,1.86368e-05,1.8739200000000002e-05,2.8079111279643544e-10,2.8079111279642205e-10,1.3389986165702135e-23,1.3389986165702135e-23
single_15p8V-1ns,A,CS,183,1.8739200000000002e-05,1.88416e-05,2.80791112796416e-10,2.8079111279641274e-10,3.2570236619275465e-24,3.2570236619275465e-24
single_15p8V-1ns,A,CS,184,1.88416e-05,1.8944e-05,2.8079111279643544e-10,2.8079111279642205e-10,1.3389986165702135e-23,1.3389986165702135e-23
single_15p8V-1ns,A,CS,185,1.8944e-05,1.90464e-05,2.807911127964257e-10,2.8079111279642205e-10,3.67061396820406e-24,3.67061396820406e-24
single_15p8V-1ns,A,CS,186,1.90464e-05,1.9148800000000002e-05,2.807911127964257e-10,2.8079111279642205e-10,3.67061396820406e-24,3.67061396820406e-24
single_15p8V-1ns,A,CS,187,1.9148800000000002e-05,1.92512e-05,2.807911127964257e-10,2.8079111279641274e-10,1.2976395859425622e-23,1.2976395859425622e-23
single_15p8V-1ns,A,CS,188,1.92512e-05,1.93536e-05,2.807911127964257e-10,2.8079111279642205e-10,3.67061396820406e-24,3.67061396820406e-24
single_15p8V-1ns,A,CS,189,1.93536e-05,1.9456e-05,2.8079111279643544e-10,2.8079111279642205e-10,1.3389986165702135e-23,1.3389986165702135e-23
single_15p8V-1ns,A,CS,190,1.9456e-05,1.9558400000000002e-05,2.807911127964257e-10,2.8079111279642205e-10,3.67061396820406e-24,3.67061396820406e-24
single_15p8V-1ns,A,CS,191,1.9558400000000002e-05,1.96608e-05,2.807911127964257e-10,2.8079111279641274e-10,1.2976395859425622e-23,1.2976395859425622e-23
single_15p8V-1ns,A,CS,192,1.96608e-05,1.97632e-05,2.807911127964257e-10,2.8079111279642205e-10,3.67061396820406e-24,3.67061396820406e-24
single_15p8V-1ns,A,CS,193,1.97632e-05,1.9865600000000002e-05,2.8079111279643544e-10,2.8079111279642205e-10,1.3389986165702135e-23,1.3389986165702135e-23
single_15p8V-1ns,A,CS,194,1.9865600000000002e-05,1.9968e-05,2.80791112796416e-10,2.8079111279641274e-10,3.2570236619275465e-24,3.2570236619275465e-24
single_15p8V-1ns,A,CS,195,1.9968e-05,2e-05,8.774722274889339e-11,8.77472227488877e-11,5.686866711302065e-24,5.686866711302065e-24
single_15p8V-0p5ns,A,PCHIP,0,0.0,1.024e-07,5.147226220002246e-13,5.371501277373364e-13,-2.242750573711178e-14,2.242750573711178e-14
single_15p8V-0p5ns,A,PCHIP,1,1.024e-07,2.048e-07,3.5153456901958574e-12,3.543448559310318e-12,-2.8102869114460394e-14,2.8102869114460394e-14
single_15p8V-0p5ns,A,PCHIP,2,2.048e-07,3.072e-07,8.988617348163276e-12,9.030848847804017e-12,-4.2231499640741455e-14,4.2231499640741455e-14
single_15p8V-0p5ns,A,PCHIP,3,3.072e-07,4.096e-07,1.650671157758796e-11,1.656018437985444e-11,-5.347280226648192e-14,5.347280226648192e-14
single_15p8V-0p5ns,A,PCHIP,4,4.096e-07,5.12e-07,2.5752071301565548e-11,2.5814410754147397e-11,-6.23394525818496e-14,6.23394525818496e-14
single_15p8V-0p5ns,A,PCHIP,5,5.12e-07,6.144e-07,3.6499769699476895e-11,3.656889871961713e-11,-6.912902014023309e-14,6.912902014023309e-14
single_15p8V-0p5ns,A,PCHIP,6,6.144e-07,7.168000000000001e-07,4.8593902907568636e-11,4.866836424594815e-11,-7.446133837951274e-14,7.446133837951274e-14
single_15p8V-0p5ns,A,PCHIP,7,7.168000000000001e-07,8.192e-07,6.193436854518518e-11,6.201289171799745e-11,-7.85231728122682e-14,7.85231728122682e-14
single_15p8V-0p5ns,A,PCHIP,8,8.192e-07,9.216e-07,7.647194712705997e-11,7.655354838340786e-11,-8.160125634788731e-14,8.160125634788731e-14
single_15p8V-0p5ns,A,PCHIP,9,9.216e-07,1.024e-06,9.221543622356623e-11,9.229942594746041e-11,-8.398972389417238e-14,8.398972389417238e-14
single_15p8V-0p5ns,A,PCHIP,10,1.024e-06,1.1264000000000001e-06,1.0925628499186436e-10,1.0934216334304334e-10,-8.587835117898147e-14,8.587835117898147e-14
single_15p8V-0p5ns,A,PCHIP,11,1.1264000000000001e-06,1.2288e-06,1.278259630013607e-10,1.279140954666784e-10,-8.813246531768792e-14,8.813246531768792e-14
single_15p8V-0p5ns,A,PCHIP,12,1.2288e-06,1.3312e-06,1.4843214368624695e-10,1.4852373308729198e-10,-9.158940104502928e-14,9.158940104502928e-14
single_15p8V-0p5ns,A,PCHIP,13,1.3312e-06,1.4336000000000001e-06,1.7220492337317283e-10,1.7230356069585308e-10,-9.863732268024886e-14,9.863732268024886e-14
single_15p8V-0p5ns,A,PCHIP,14,1.4336000000000001e-06,1.536e-06,2.019782900491384e-10,2.0209541566373389e-10,-1.1712561459548903e-13,1.1712561459548903e-13
single_15p8V-0p5ns,A,PCHIP,15,1.536e-06,1.6384e-06,2.471056597057825e-10,2.4731097812440345e-10,-2.053184186209508e-13,2.053184186209508e-13
single_15p8V-0p5ns,A,PCHIP,16,1.6384e-06,1.7408000000000001e-06,3.8005268765589286e-10,3.808383841519948e-10,-7.856964961019358e-13,7.856964961019358e-13
single_15p8V-0p5ns,A,PCHIP,17,1.7408000000000001e-06,1.8432e-06,3.3117457417232748e-09,3.320208618569043e-09,-8.46287684576821e-12,8.46287684576821e-12
single_15p8V-0p5ns,A,PCHIP,18,1.8432e-06,1.9456e-06,1.9622342482558995e-09,1.958466887957689e-09,3.7673602982102994e-12,3.7673602982102994e-12
single_15p8V-0p5ns,A,PCHIP,19,1.9456e-06,2.048e-06,9.182497035163269e-10,9.173263762802048e-10,9.233272361220628e-13,9.233272361220628e-13
single_15p8V-0p5ns,A,PCHIP,20,2.048e-06,2.1504e-06,5.153692912703834e-10,5.149679449066032e-10,4.013463637801343e-13,4.013463637801343e-13
single_15p8V-0p5ns,A,PCHIP,21,2.1504e-06,2.2528000000000003e-06,3.448828892007817e-10,3.446940672131955e-10,1.888219875862226e-13,1.888219875862226e-13
single_15p8V-0p5ns,A,PCHIP,22,2.2528000000000003e-06,2.3552e-06,2.6654266917735714e-10,2.6645035849981433e-10,9.231067754281139e-14,9.231067754281139e-14
single_15p8V-0p5ns,A,PCHIP,23,2.3552e-06,2.4576e-06,2.2810699269711357e-10,2.2807855100084796e-10,2.844169626560346e-14,2.844169626560346e-14
single_15p8V-0p5ns,A,PCHIP,24,2.4576e-06,2.56e-06,2.07700548230366e-10,2.078185834999624e-10,-1.1803526959639041e-13,1.1803526959639041e-13
single_15p8V-0p5ns,A,PCHIP,25,2.56e-06,2.6624e-06,1.9460283976864884e-10,1.941874308604009e-10,4.154089082479531e-13,4.154089082479531e-13
single_15p8V-0p5ns,A,PCHIP,26,2.6624e-06,2.7648e-06,1.8034637180896946e-10,1.803341032918593e-10,1.2268517110175485e-14,1.2268517110175485e-14
single_15p8V-0p5ns,A,PCHIP,27,2.7648e-06,2.8672000000000003e-06,1.6512979164607323e-10,1.650827654846269e-10,4.702616144633776e-14,4.702616144633776e-14
single_15p8V-0p5ns,A,PCHIP,28,2.8672000000000003e-06,2.9696e-06,1.515825585342571e-10,1.5154257621406384e-10,3.99823201932754e-14,3.99823201932754e-14
single_15p8V-0p5ns,A,PCHIP,29,2.9696e-06,3.072e-06,1.4391051319601482e-10,1.438859544351408e-10,2.4558760874019532e-14,2.4558760874019532e-14
single_15p8V-0p5ns,A,PCHIP,30,3.072e-06,3.1744e-06,1.4704723621254277e-10,1.4702324259601242e-10,2.3993616530346907e-14,2.3993616530346907e-14
single_15p8V-0p5ns,A,PCHIP,31,3.1744e-06,3.2768e-06,1.7035755328558056e-10,1.704926222082655e-10,-1.350689226849298e-13,1.350689226849298e-13
single_15p8V-0p5ns,A,PCHIP,32,3.2768e-06,3.3792e-06,2.1299557099568984e-10,2.130712366429327e-10,-7.566564724286337e-14,7.566564724286337e-14
single_15p8V-0p5ns,A,PCHIP,33,3.3792e-06,3.4816000000000003e-06,2.6028641037391844e-10,2.603418687942078e-10,-5.5458420289383063e-14,5.5458420289383063e-14
single_15p8V-0p5ns,A,PCHIP,34,3.4816000000000003e-06,3.5840000000000003e-06,3.1491300843371425e-10,3.1470946359070813e-10,2.0354484300611616e-13,2.0354484300611616e-13
single_15p8V-0p5ns,A,PCHIP,35,3.5840000000000003e-06,3.6864e-06,3.9041478960346046e-10,3.915915447483698e-10,-1.1767551449093354e-12,1.1767551449093354e-12
single_15p8V-0p5ns,A,PCHIP,36,3.6864e-06,3.7888e-06,5.640957187088987e-10,5.655711463499029e-10,-1.4754276410042361e-12,1.4754276410042361e-12
single_15p8V-0p5ns,A,PCHIP,37,3.7888e-06,3.8912e-06,7.105675200741937e-10,7.090788650361569e-10,1.4886550380368327e-12,1.4886550380368327e-12
single_15p8V-0p5ns,A,PCHIP,38,3.8912e-06,3.9936e-06,4.690269013329509e-10,4.684028096954242e-10,6.240916375267191e-13,6.240916375267191e-13
single_15p8V-0p5ns,A,PCHIP,39,3.9936e-06,4.096e-06,3.272117217117837e-10,3.270674105958291e-10,1.443111159546173e-13,1.443111159546173e-13
single_15p8V-0p5ns,A,PCHIP,40,4.096e-06,4.1984e-06,2.593781306142193e-10,2.5934965798499643e-10,2.8472629222897663e-14,2.8472629222897663e-14
single_15p8V-0p5ns,A,PCHIP,41,4.1984e-06,4.3008e-06,2.237296132988525e-10,2.2378670638852315e-10,-5.709308967063691e-14,5.709308967063691e-14
single_15p8V-0p5ns,A,PCHIP,42,4.3008e-06,4.4032000000000005e-06,2.0262171369941623e-10,2.020888115980946e-10,5.329021013216168e-13,5.329021013216168e-13
single_15p8V-0p5ns,A,PCHIP,43,4.4032000000000005e-06,4.5056000000000005e-06,1.8456193327415765e-10,1.8460156578134421e-10,-3.963250718656953e-14,3.963250718656953e-14
single_15p8V-0p5ns,A,PCHIP,44,4.5056000000000005e-06,4.608e-06,1.69987940604703e-10,1.6997114774309156e-10,1.679286161143678e-14,1.679286161143678e-14
single_15p8V-0p5ns,A,PCHIP,45,4.608e-06,4.7104e-06,1.6288357249076515e-10,1.6285651798537262e-10,2.705450539253394e-14,2.705450539253394e-14
single_15p8V-0p5ns,A,PCHIP,46,4.7104e-06,4.8128e-06,1.6788363564147384e-10,1.678475596832248e-10,3.6075958249031667e-14,3.6075958249031667e-14
single_15p8V-0p5ns,A,PCHIP,47,4.8128e-06,4.9152e-06,1.9499451347506226e-10,1.9515450119789164e-10,-1.599877228293758e-13,1.599877228293758e-13
single_15p8V-0p5ns,A,PCHIP,48,4.9152e-06,5.0176e-06,2.3651651173295237e-10,2.3657586013404357e-10,-5.934840109120272e-14,5.934840109120272e-14
single_15p8V-0p5ns,A,PCHIP,49,5.0176e-06,5.12e-06,2.7779599760583824e-10,2.7782944239133743e-10,-3.344478549918484e-14,3.344478549918484e-14
single_15p8V-0p5ns,A,PCHIP,50,5.12e-06,5.2224e-06,3.191153538999774e-10,3.191033927741846e-10,1.1961125792790139e-14,1.1961125792790139e-14
single_15p8V-0p5ns,A,PCHIP,51,5.2224e-06,5.3248e-06,3.6236584924593557e-10,3.6292125020826e-10,-5.554009623244277e-13,5.554009623244277e-13
single_15p8V-0p5ns,A,PCHIP,52,5.3248e-06,5.4272e-06,4.1165030825247524e-10,4.117162476706979e-10,-6.59394182226674e-14,6.59394182226674e-14
single_15p8V-0p5ns,A,PCHIP,53,5.4272e-06,5.5296e-06,4.52100359032632e-10,4.523031167149203e-10,-2.0275768228831393e-13,2.0275768228831393e-13
single_15p8V-0p5ns,A,PCHIP,54,5.5296e-06,5.6320000000000005e-06,4.343309431277785e-10,4.342258174850597e-10,1.0512564271877728e-13,1.0512564271877728e-13
single_15p8V-0p5ns,A,PCHIP,55,5.6320000000000005e-06,5.7344000000000005e-06,3.612930005845203e-10,3.610857938089516e-10,2.0720677556867298e-13,2.0720677556867298e-13
single_15p8V-0p5ns,A,PCHIP,56,5.7344000000000005e-06,5.836800000000001e-06,3.064525572794361e-10,3.063984382296025e-10,5.411904983356911e-14,5.411904983356911e-14
single_15p8V-0p5ns,A,PCHIP,57,5.836800000000001e-06,5.9392e-06,2.7388351350669423e-10,2.7391114672720117e-10,-2.7633220506934443e-14,2.7633220506934443e-14
single_15p8V-0p5ns,A,PCHIP,58,5.9392e-06,6.0416e-06,2.548776228881458e-10,2.5457614131569604e-10,3.0148157244973244e-13,3.0148157244973244e-13
single_15p8V-0p5ns,A,PCHIP,59,6.0416e-06,6.144e-06,2.4370225074207587e-10,2.4374885883284774e-10,-4.66080907718754e-14,4.66080907718754e-14
single_15p8V-0p5ns,A,PCHIP,60,6.144e-06,6.2464e-06,2.39534351578586e-10,2.395415913529115e-10,-7.239774325526853e-15,7.239774325526853e-15
single_15p8V-0p5ns,A,PCHIP,61,6.2464e-06,6.3488e-06,2.4131973590399933e-10,2.4131932240955946e-10,4.1349443986922927e-16,4.1349443986922927e-16
single_15p8V-0p5ns,A,PCHIP,62,6.3488e-06,6.4512e-06,2.4861195462858175e-10,2.4862048187449775e-10,-8.527245916005543e-15,8.527245916005543e-15
single_15p8V-0p5ns,A,PCHIP,63,6.4512e-06,6.5536e-06,2.597484225457195e-10,2.597824149164453e-10,-3.3992370725783794e-14,3.3992370725783794e-14
single_15p8V-0p5ns,A,PCHIP,64,6.5536e-06,6.656e-06,2.6956961490393773e-10,2.6958291705417703e-10,-1.330215023930398e-14,1.330215023930398e-14
single_15p8V-0p5ns,A,PCHIP,65,6.656e-06,6.7584e-06,2.76609150768872e-10,2.7661859709041576e-10,-9.446321543753062e-15,9.446321543753062e-15
single_15p8V-0p5ns,A,PCHIP,66,6.7584e-06,6.8608000000000004e-06,2.8122204691579233e-10,2.8122105014635106e-10,9.967694412665666e-16,9.967694412665666e-16
single_15p8V-0p5ns,A,PCHIP,67,6.8608000000000004e-06,6.9632000000000005e-06,2.837867676614753e-10,2.8382662844238165e-10,-3.986078090634931e-14,3.986078090634931e-14
single_15p8V-0p5ns,A,PCHIP,68,6.9632000000000005e-06,7.065600000000001e-06,2.849585747332932e-10,2.849478204422775e-10,1.0754291015727408e-14,1.0754291015727408e-14
single_15p8V-0p5ns,A,PCHIP,69,7.065600000000001e-06,7.168000000000001e-06,2.850782919159617e-10,2.8507694655457657e-10,1.3453613851228382e-15,1.3453613851228382e-15
single_15p8V-0p5ns,A,PCHIP,70,7.168000000000001e-06,7.2704e-06,2.8463475063879875e-10,2.8463383864062846e-10,9.11998170285963e-16,9.11998170285963e-16
single_15p8V-0p5ns,A,PCHIP,71,7.2704e-06,7.3728e-06,2.8394106889041544e-10,2.839400427607042e-10,1.026129711236493e-15,1.026129711236493e-15
single_15p8V-0p5ns,A,PCHIP,72,7.3728e-06,7.4752e-06,2.8321465039739187e-10,2.8321360567972686e-10,1.0447176650095071e-15,1.0447176650095071e-15
single_15p8V-0p5ns,A,PCHIP,73,7.4752e-06,7.5776e-06,2.8258121183691614e-10,2.8258028724620073e-10,9.245907154119765e-16,9.245907154119765e-16
single_15p8V-0p5ns,A,PCHIP,74,7.5776e-06,7.680000000000001e-06,2.8209558076301274e-10,2.8209471582622513e-10,8.649367876089547e-16,8.649367876089547e-16
single_15p8V-0p5ns,A,PCHIP,75,7.680000000000001e-06,7.7824e-06,2.81772520508647e-10,2.8177216100443203e-10,3.595042149803223e-16,3.595042149803223e-16
single_15p8V-0p5ns,A,PCHIP,76,7.7824e-06,7.8848e-06,2.8158287204402625e-10,2.8158225203517023e-10,6.200088560242955e-16,6.200088560242955e-16
single_15p8V-0p5ns,A,PCHIP,77,7.8848e-06,7.9872e-06,2.8148714187948593e-10,2.814863226645171e-10,8.192149688230677e-16,8.192149688230677e-16
single_15p8V-0p5ns,A,PCHIP,78,7.9872e-06,8.0896e-06,2.8145377885452327e-10,2.814539929839221e-10,-2.1412939884311448e-16,2.1412939884311448e-16
single_15p8V-0p5ns,A,PCHIP,79,8.0896e-06,8.192e-06,2.814599295430738e-10,2.8145997843839844e-10,-4.889532465800328e-17,4.889532465800328e-17
single_15p8V-0p5ns,A,PCHIP,80,8.192e-06,8.2944e-06,2.8148530413000043e-10,2.8148534719344674e-10,-4.3063446309381824e-17,4.3063446309381824e-17
single_15p8V-0p5ns,A,PCHIP,81,8.2944e-06,8.3968e-06,2.8151722355571905e-10,2.8151726942613886e-10,-4.5870419818378204e-17,4.5870419818378204e-17
single_15p8V-0p5ns,A,PCHIP,82,8.3968e-06,8.4992e-06,2.815479617192448e-10,2.8154800561985713e-10,-4.390061233609686e-17,4.390061233609686e-17
single_15p8V-0p5ns,A,PCHIP,83,8.4992e-06,8.6016e-06,2.815735976730138e-10,2.8157363503592766e-10,-3.736291385057735e-17,3.736291385057735e-17
single_15p8V-0p5ns,A,PCHIP,84,8.6016e-06,8.704e-06,2.81592800277976e-10,2.815928283626771e-10,-2.8084701113690354e-17,2.8084701113690354e-17
single_15p8V-0p5ns,A,PCHIP,85,8.704e-06,8.806400000000001e-06,2.816058049518989e-10,2.816058209401912e-10,-1.598829230164132e-17,1.598829230164132e-17
single_15p8V-0p5ns,A,PCHIP,86,8.806400000000001e-06,8.9088e-06,2.816136151321204e-10,2.816136413450388e-10,-2.6212918411405668e-17,2.6212918411405668e-17
single_15p8V-0p5ns,A,PCHIP,87,8.9088e-06,9.011200000000001e-06,2.816175545018588e-10,2.816175875836058e-10,-3.308174701550236e-17,3.308174701550236e-17
single_15p8V-0p5ns,A,PCHIP,88,9.011200000000001e-06,9.1136e-06,2.8161891946306807e-10,2.8161891076258924e-10,8.700478829505776e-18,8.700478829505776e-18
single_15p8V-0p5ns,A,PCHIP,89,9.1136e-06,9.216e-06,2.816186567081808e-10,2.816186546925661e-10,2.015614728351785e-18,2.015614728351785e-18
single_15p8V-0p5ns,A,PCHIP,90,9.216e-06,9.3184e-06,2.8161760314162304e-10,2.816176013580276e-10,1.7835954262167596e-18,1.7835954262167596e-18
single_15p8V-0p5ns,A,PCHIP,91,9.3184e-06,9.4208e-06,2.8161628220239447e-10,2.8161628030431347e-10,1.8980809970056434e-18,1.8980809970056434e-18
single_15p8V-0p5ns,A,PCHIP,92,9.4208e-06,9.5232e-06,2.816150122440227e-10,2.8161501042988494e-10,1.814137777865573e-18,1.814137777865573e-18
single_15p8V-0p5ns,A,PCHIP,93,9.5232e-06,9.6256e-06,2.8161395434313837e-10,2.816139528010564e-10,1.5420819518060036e-18,1.5420819518060036e-18
single_15p8V-0p5ns,A,PCHIP,94,9.6256e-06,9.728e-06,2.8161316274147423e-10,2.8161316158406885e-10,1.1574053819497629e-18,1.1574053819497629e-18
single_15p8V-0p5ns,A,PCHIP,95,9.728e-06,9.8304e-06,2.8161262720682924e-10,2.816126265517394e-10,6.55089822014433e-19,6.55089822014433e-19
single_15p8V-0p5ns,A,PCHIP,96,9.8304e-06,9.932800000000001e-06,2.816123060535548e-10,2.8161230493796813e-10,1.1155866973954734e-18,1.1155866973954734e-18
single_15p8V-0p5ns,A,PCHIP,97,9.932800000000001e-06,1.00352e-05,2.81612144341286e-10,2.81612143017173e-10,1.324112984459439e-18,1.324112984459439e-18
single_15p8V-0p5ns,A,PCHIP,98,1.00352e-05,1.0137600000000001e-05,2.816120887554725e-10,2.8161208910695573e-10,-3.5148320774177143e-19,3.5148320774177143e-19
single_15p8V-0p5ns,A,PCHIP,99,1.0137600000000001e-05,1.024e-05,2.8161210005880936e-10,2.8161210014172124e-10,-8.29118800125816e-20,8.29118800125816e-20
single_15p8V-0p5ns,A,PCHIP,100,1.024e-05,1.0342400000000001e-05,2.816121438165001e-10,2.816121438903058e-10,-7.380570714292674e-20,7.380570714292674e-20
single_15p8V-0p5ns,A,PCHIP,101,1.0342400000000001e-05,1.04448e-05,2.816121984693485e-10,2.816121985478469e-10,-7.849840615551664e-20,7.849840615551664e-20
single_15p8V-0p5ns,A,PCHIP,102,1.04448e-05,1.05472e-05,2.8161225092475046e-10,2.8161225099969313e-10,-7.494266689488088e-20,7.494266689488088e-20
single_15p8V-0p5ns,A,PCHIP,103,1.05472e-05,1.06496e-05,2.8161229457284585e-10,2.8161229463648163e-10,-6.363578000552869e-20,6.363578000552869e-20
single_15p8V-0p5ns,A,PCHIP,104,1.06496e-05,1.0752e-05,2.816123272030382e-10,2.8161232725073476e-10,-4.7696578288302974e-20,4.7696578288302974e-20
single_15p8V-0p5ns,A,PCHIP,105,1.0752e-05,1.08544e-05,2.8161234925648617e-10,2.8161234928332477e-10,-2.6838598757318967e-20,2.6838598757318967e-20
single_15p8V-0p5ns,A,PCHIP,106,1.08544e-05,1.09568e-05,2.8161236246298403e-10,2.816123625104054e-10,-4.742138563826424e-20,4.742138563826424e-20
single_15p8V-0p5ns,A,PCHIP,107,1.09568e-05,1.10592e-05,2.8161236910186837e-10,2.816123691548535e-10,-5.2985157534660757e-20,5.2985157534660757e-20
single_15p8V-0p5ns,A,PCHIP,108,1.10592e-05,1.11616e-05,2.816123713656098e-10,2.8161237135140305e-10,1.420672362302168e-20,1.420672362302168e-20
single_15p8V-0p5ns,A,PCHIP,109,1.11616e-05,1.1264000000000001e-05,2.816123708803539e-10,2.816123708769418e-10,3.4120683279929546e-21,3.4120683279929546e-21
single_15p8V-0p5ns,A,PCHIP,110,1.1264000000000001e-05,1.13664e-05,2.8161236906310456e-10,2.8161236906005077e-10,3.0537957251809245e-21,3.0537957251809245e-21
single_15p8V-0p5ns,A,PCHIP,111,1.13664e-05,1.1468800000000001e-05,2.8161236680191997e-10,2.8161236679867205e-10,3.247924675189463e-21,3.247924675189463e-21
single_15p8V-0p5ns,A,PCHIP,112,1.1468800000000001e-05,1.15712e-05,2.8161236463525674e-10,2.8161236463216034e-10,3.0963955267274054e-21,3.0963955267274054e-21
single_15p8V-0p5ns,A,PCHIP,113,1.15712e-05,1.1673600000000001e-05,2.816123628343839e-10,2.816123628317564e-10,2.627487516986408e-21,2.627487516986408e-21
single_15p8V-0p5ns,A,PCHIP,114,1.1673600000000001e-05,1.1776e-05,2.816123614893542e-10,2.8161236148738907e-10,1.965122641484571e-21,1.965122641484571e-21
single_15p8V-0p5ns,A,PCHIP,115,1.1776e-05,1.18784e-05,2.816123605811986e-10,2.816123605800982e-10,1.1004087086369496e-21,1.1004087086369496e-21
single_15p8V-0p5ns,A,PCHIP,116,1.18784e-05,1.19808e-05,2.816123600381298e-10,2.8161236003612007e-10,2.00973869577415e-21,2.00973869577415e-21
single_15p8V-0p5ns,A,PCHIP,117,1.19808e-05,1.20832e-05,2.8161235976559024e-10,2.816123597634717e-10,2.1185646451131576e-21,2.1185646451131576e-21
single_15p8V-0p5ns,A,PCHIP,118,1.20832e-05,1.21856e-05,2.8161235967341704e-10,2.81612359673991e-10,-5.739599475352321e-22,5.739599475352321e-22
single_15p8V-0p5ns,A,PCHIP,119,1.21856e-05,1.2288e-05,2.816123596942126e-10,2.8161235969435267e-10,-1.400520174628845e-22,1.400520174628845e-22
single_15p8V-0p5ns,A,PCHIP,120,1.2288e-05,1.23904e-05,2.816123597696837e-10,2.8161235976980896e-10,-1.2526616401349913e-22,1.2526616401349913e-22
single_15p8V-0p5ns,A,PCHIP,121,1.23904e-05,1.24928e-05,2.8161235986323043e-10,2.8161235986336516e-10,-1.3472704226957438e-22,1.3472704226957438e-22
single_15p8V-0p5ns,A,PCHIP,122,1.24928e-05,1.2595200000000001e-05,2.816123599527283e-10,2.8161235995285493e-10,-1.266103325088978e-22,1.266103325088978e-22
single_15p8V-0p5ns,A,PCHIP,123,1.2595200000000001e-05,1.26976e-05,2.816123600270234e-10,2.816123600271319e-10,-1.0846405782101575e-22,1.0846405782101575e-22
single_15p8V-0p5ns,A,PCHIP,124,1.26976e-05,1.2800000000000001e-05,2.8161236008246964e-10,2.816123600825515e-10,-8.183918185446518e-23,8.183918185446518e-23
single_15p8V-0p5ns,A,PCHIP,125,1.2800000000000001e-05,1.29024e-05,2.81612360119857e-10,2.816123601199057e-10,-4.8700258564059504e-23,4.8700258564059504e-23
single_15p8V-0p5ns,A,PCHIP,126,1.29024e-05,1.3004800000000001e-05,2.816123601421978e-10,2.816123601422818e-10,-8.395883217413231e-23,8.395883217413231e-23
single_15p8V-0p5ns,A,PCHIP,127,1.3004800000000001e-05,1.31072e-05,2.816123601533802e-10,2.8161236015346546e-10,-8.525130188124641e-23,8.525130188124641e-23
single_15p8V-0p5ns,A,PCHIP,128,1.31072e-05,1.32096e-05,2.816123601571347e-10,2.8161236015711194e-10,2.274746684520826e-23,2.274746684520826e-23
single_15p8V-0p5ns,A,PCHIP,129,1.32096e-05,1.3312e-05,2.816123601562505e-10,2.816123601562433e-10,7.186131571554428e-24,7.186131571554428e-24
single_15p8V-0p5ns,A,PCHIP,130,1.3312e-05,1.34144e-05,2.816123601531109e-10,2.8161236015310507e-10,5.841963076155758e-24,5.841963076155758e-24
single_15p8V-0p5ns,A,PCHIP,131,1.34144e-05,1.35168e-05,2.816123601492451e-10,2.816123601492389e-10,6.2038545941477076e-24,6.2038545941477076e-24
single_15p8V-0p5ns,A,PCHIP,132,1.35168e-05,1.36192e-05,2.8161236014554407e-10,2.816123601455383e-10,5.790264287871194e-24,5.790264287871194e-24
single_15p8V-0p5ns,A,PCHIP,133,1.36192e-05,1.3721600000000001e-05,2.816123601424831e-10,2.816123601424783e-10,4.807987310464473e-24,4.807987310464473e-24
single_15p8V-0p5ns,A,PCHIP,134,1.3721600000000001e-05,1.3824e-05,2.816123601401916e-10,2.816123601401879e-10,3.67061396820406e-24,3.67061396820406e-24
single_15p8V-0p5ns,A,PCHIP,135,1.3824e-05,1.3926400000000001e-05,2.8161236013864094e-10,2.816123601386431e-10,-2.1713491079516976e-24,2.1713491079516976e-24
single_15p8V-0p5ns,A,PCHIP,136,1.3926400000000001e-05,1.40288e-05,2.816123601377369e-10,2.8161236013773254e-10,4.342698215903395e-24,4.342698215903395e-24
single_15p8V-0p5ns,A,PCHIP,137,1.40288e-05,1.4131200000000001e-05,2.816123601372883e-10,2.8161236013728416e-10,4.1359030627651384e-24,4.1359030627651384e-24
single_15p8V-0p5ns,A,PCHIP,138,1.4131200000000001e-05,1.42336e-05,2.816123601371315e-10,2.81612360137133e-10,-1.4992648602523627e-24,1.4992648602523627e-24
single_15p8V-0p5ns,A,PCHIP,139,1.42336e-05,1.4336000000000001e-05,2.816123601371762e-10,2.816123601371742e-10,2.016252743098005e-24,2.016252743098005e-24
single_15p8V-0p5ns,A,PCHIP,140,1.4336000000000001e-05,1.44384e-05,2.816123601373012e-10,2.816123601373003e-10,9.305781891221561e-25,9.305781891221561e-25
single_15p8V-0p5ns,A,PCHIP,141,1.44384e-05,1.45408e-05,2.8161236013745476e-10,2.8161236013745637e-10,-1.6026624368214911e-24,1.6026624368214911e-24
single_15p8V-0p5ns,A,PCHIP,142,1.45408e-05,1.46432e-05,2.8161236013762263e-10,2.816123601376223e-10,3.101927297073854e-25,3.101927297073854e-25
single_15p8V-0p5ns,A,PCHIP,143,1.46432e-05,1.47456e-05,2.816123601377304e-10,2.8161236013772954e-10,8.788794008375919e-25,8.788794008375919e-25
single_15p8V-0p5ns,A,PCHIP,144,1.47456e-05,1.4848e-05,2.816123601378059e-10,2.8161236013781123e-10,-5.324975193310116e-24,5.324975193310116e-24
single_15p8V-0p5ns,A,PCHIP,145,1.4848e-05,1.49504e-05,2.816123601378635e-10,2.8161236013785884e-10,4.652890945610781e-24,4.652890945610781e-24
single_15p8V-0p5ns,A,PCHIP,146,1.49504e-05,1.5052800000000001e-05,2.816123601379044e-10,2.8161236013790046e-10,3.9291079096268815e-24,3.9291079096268815e-24
single_15p8V-0p5ns,A,PCHIP,147,1.5052800000000001e-05,1.51552e-05,2.816123601379207e-10,2.8161236013791773e-10,2.9985297205047253e-24,2.9985297205047253e-24
single_15p8V-0p5ns,A,PCHIP,148,1.51552e-05,1.5257600000000001e-05,2.816123601379343e-10,2.8161236013794306e-10,-8.737095220091355e-24,8.737095220091355e-24
single_15p8V-0p5ns,A,PCHIP,149,1.5257600000000001e-05,1.5360000000000002e-05,2.8161236013797005e-10,2.816123601379539e-10,1.613002194478404e-23,1.613002194478404e-23
single_15p8V-0p5ns,A,PCHIP,150,1.5360000000000002e-05,1.54624e-05,2.816123601379611e-10,2.816123601379446e-10,1.649191346277599e-23,1.649191346277599e-23
single_15p8V-0p5ns,A,PCHIP,151,1.54624e-05,1.55648e-05,2.8161236013797087e-10,2.816123601379539e-10,1.6957202557337067e-23,1.6957202557337067e-23
single_15p8V-0p5ns,A,PCHIP,152,1.55648e-05,1.56672e-05,2.8161236013797087e-10,2.816123601379539e-10,1.6957202557337067e-23,1.6957202557337067e-23
single_15p8V-0p5ns,A,PCHIP,153,1.56672e-05,1.57696e-05,2.816123601379611e-10,2.816123601379446e-10,1.649191346277599e-23,1.649191346277599e-23
single_15p8V-0p5ns,A,PCHIP,154,1.57696e-05,1.5872e-05,2.81612360137966e-10,2.816123601379539e-10,1.209751645858803e-23,1.209751645858803e-23
single_15p8V-0p5ns,A,PCHIP,155,1.5872e-05,1.59744e-05,2.8161236013797087e-10,2.816123601379539e-10,1.6957202557337067e-23,1.6957202557337067e-23
single_15p8V-0p5ns,A,PCHIP,156,1.59744e-05,1.60768e-05,2.8161236013797087e-10,2.816123601379539e-10,1.6957202557337067e-23,1.6957202557337067e-23
single_15p8V-0p5ns,A,PCHIP,157,1.60768e-05,1.61792e-05,2.81612360137966e-10,2.816123601379446e-10,2.140329834980959e-23,2.140329834980959e-23
single_15p8V-0p5ns,A,PCHIP,158,1.61792e-05,1.62816e-05,2.81612360137966e-10,2.816123601379539e-10,1.209751645858803e-23,1.209751645858803e-23
single_15p8V-0p5ns,A,PCHIP,159,1.62816e-05,1.6384e-05,2.81612360137966e-10,2.816123601379539e-10,1.209751645858803e-23,1.209751645858803e-23
single_15p8V-0p5ns,A,PCHIP,160,1.6384e-05,1.6486400000000002e-05,2.816123601379757e-10,2.816123601379539e-10,2.176518986780154e-23,2.176518986780154e-23
single_15p8V-0p5ns,A,PCHIP,161,1.6486400000000002e-05,1.65888e-05,2.816123601379562e-10,2.816123601379446e-10,1.1580528575742387e-23,1.1580528575742387e-23
single_15p8V-0p5ns,A,PCHIP,162,1.65888e-05,1.66912e-05,2.816123601379757e-10,2.816123601379539e-10,2.176518986780154e-23,2.176518986780154e-23
single_15p8V-0p5ns,A,PCHIP,163,1.66912e-05,1.67936e-05,2.81612360137966e-10,2.816123601379539e-10,1.209751645858803e-23,1.209751645858803e-23
single_15p8V-0p5ns,A,PCHIP,164,1.67936e-05,1.6896000000000002e-05,2.816123601379757e-10,2.816123601379539e-10,2.176518986780154e-23,2.176518986780154e-23
single_15p8V-0p5ns,A,PCHIP,165,1.6896000000000002e-05,1.69984e-05,2.816123601379562e-10,2.816123601379446e-10,1.1580528575742387e-23,1.1580528575742387e-23
single_15p8V-0p5ns,A,PCHIP,166,1.69984e-05,1.71008e-05,2.816123601379757e-10,2.816123601379539e-10,2.176518986780154e-23,2.176518986780154e-23
single_15p8V-0p5ns,A,PCHIP,167,1.71008e-05,1.72032e-05,2.81612360137966e-10,2.816123601379539e-10,1.209751645858803e-23,1.209751645858803e-23
single_15p8V-0p5ns,A,PCHIP,168,1.72032e-05,1.73056e-05,2.816123601379562e-10,2.816123601379446e-10,1.1580528575742387e-23,1.1580528575742387e-23
single_15p8V-0p5ns,A,PCHIP,169,1.73056e-05,1.7408e-05,2.816123601379757e-10,2.816123601379539e-10,2.176518986780154e-23,2.176518986780154e-23
single_15p8V-0p5ns,A,PCHIP,170,1.7408e-05,1.75104e-05,2.81612360137966e-10,2.816123601379539e-10,1.209751645858803e-23,1.209751645858803e-23
single_15p8V-0p5ns,A,PCHIP,171,1.75104e-05,1.7612800000000002e-05,2.816123601379757e-10,2.816123601379539e-10,2.176518986780154e-23,2.176518986780154e-23
single_15p8V-0p5ns,A,PCHIP,172,1.7612800000000002e-05,1.77152e-05,2.816123601379562e-10,2.816123601379446e-10,1.1580528575742387e-23,1.1580528575742387e-23
single_15p8V-0p5ns,A,PCHIP,173,1.77152e-05,1.78176e-05,2.816123601379757e-10,2.816123601379539e-10,2.176518986780154e-23,2.176518986780154e-23
single_15p8V-0p5ns,A,PCHIP,174,1.78176e-05,1.792e-05,2.81612360137966e-10,2.816123601379539e-10,1.209751645858803e-23,1.209751645858803e-23
single_15p8V-0p5ns,A,PCHIP,175,1.792e-05,1.8022400000000002e-05,2.816123601379757e-10,2.816123601379539e-10,2.176518986780154e-23,2.176518986780154e-23
single_15p8V-0p5ns,A,PCHIP,176,1.8022400000000002e-05,1.81248e-05,2.816123601379562e-10,2.816123601379446e-10,1.1580528575742387e-23,1.1580528575742387e-23
single_15p8V-0p5ns,A,PCHIP,177,1.81248e-05,1.82272e-05,2.81612360137966e-10,2.816123601379539e-10,1.209751645858803e-23,1.209751645858803e-23
single_15p8V-0p5ns,A,PCHIP,178,1.82272e-05,1.83296e-05,2.816123601379757e-10,2.816123601379539e-10,2.176518986780154e-23,2.176518986780154e-23
single_15p8V-0p5ns,A,PCHIP,179,1.83296e-05,1.8432e-05,2.816123601379562e-10,2.816123601379446e-10,1.1580528575742387e-23,1.1580528575742387e-23
single_15p8V-0p5ns,A,PCHIP,180,1.8432e-05,1.85344e-05,2.816123601379757e-10,2.816123601379539e-10,2.176518986780154e-23,2.176518986780154e-23
single_15p8V-0p5ns,A,PCHIP,181,1.85344e-05,1.86368e-05,2.81612360137966e-10,2.816123601379539e-10,1.209751645858803e-23,1.209751645858803e-23
single_15p8V-0p5ns,A,PCHIP,182,1.86368e-05,1.8739200000000002e-05,2.816123601379757e-10,2.816123601379539e-10,2.176518986780154e-23,2.176518986780154e-23
single_15p8V-0p5ns,A,PCHIP,183,1.8739200000000002e-05,1.88416e-05,2.816123601379562e-10,2.816123601379446e-10,1.1580528575742387e-23,1.1580528575742387e-23
single_15p8V-0p5ns,A,PCHIP,184,1.88416e-05,1.8944e-05,2.816123601379757e-10,2.816123601379539e-10,2.176518986780154e-23,2.176518986780154e-23
single_15p8V-0p5ns,A,PCHIP,185,1.8944e-05,1.90464e-05,2.81612360137966e-10,2.816123601379539e-10,1.209751645858803e-23,1.209751645858803e-23
single_15p8V-0p5ns,A,PCHIP,186,1.90464e-05,1.9148800000000002e-05,2.81612360137966e-10,2.816123601379539e-10,1.209751645858803e-23,1.209751645858803e-23
single_15p8V-0p5ns,A,PCHIP,187,1.9148800000000002e-05,1.92512e-05,2.81612360137966e-10,2.816123601379446e-10,2.140329834980959e-23,2.140329834980959e-23
single_15p8V-0p5ns,A,PCHIP,188,1.92512e-05,1.93536e-05,2.81612360137966e-10,2.816123601379539e-10,1.209751645858803e-23,1.209751645858803e-23
single_15p8V-0p5ns,A,PCHIP,189,1.93536e-05,1.9456e-05,2.816123601379757e-10,2.816123601379539e-10,2.176518986780154e-23,2.176518986780154e-23
single_15p8V-0p5ns,A,PCHIP,190,1.9456e-05,1.9558400000000002e-05,2.81612360137966e-10,2.816123601379539e-10,1.209751645858803e-23,1.209751645858803e-23
single_15p8V-0p5ns,A,PCHIP,191,1.9558400000000002e-05,1.96608e-05,2.81612360137966e-10,2.816123601379446e-10,2.140329834980959e-23,2.140329834980959e-23
single_15p8V-0p5ns,A,PCHIP,192,1.96608e-05,1.97632e-05,2.81612360137966e-10,2.816123601379539e-10,1.209751645858803e-23,1.209751645858803e-23
single_15p8V-0p5ns,A,PCHIP,193,1.97632e-05,1.9865600000000002e-05,2.816123601379757e-10,2.816123601379539e-10,2.176518986780154e-23,2.176518986780154e-23
single_15p8V-0p5ns,A,PCHIP,194,1.9865600000000002e-05,1.9968e-05,2.816123601379562e-10,2.816123601379446e-10,1.1580528575742387e-23,1.1580528575742387e-23
single_15p8V-0p5ns,A,PCHIP,195,1.9968e-05,2e-05,8.800386254312475e-11,8.800386254311642e-11,8.323504913814841e-24,8.323504913814841e-24
single_15p8V-0p5ns,A,CS,0,0.0,1.024e-07,5.259157968652422e-13,5.371501277373364e-13,-1.1234330872094196e-14,1.1234330872094196e-14
single_15p8V-0p5ns,A,CS,1,1.024e-07,2.048e-07,3.5157195906610037e-12,3.543448559310318e-12,-2.772896864931412e-14,2.772896864931412e-14
single_15p8V-0p5ns,A,CS,2,2.048e-07,3.072e-07,8.988629306687232e-12,9.030848847804017e-12,-4.221954111678536e-14,4.221954111678536e-14
single_15p8V-0p5ns,A,CS,3,3.072e-07,4.096e-07,1.6506774099964197e-11,1.656018437985444e-11,-5.341027989024415e-14,5.341027989024415e-14
single_15p8V-0p5ns,A,CS,4,4.096e-07,5.12e-07,2.575210996752461e-11,2.5814410754147397e-11,-6.230078662278778e-14,6.230078662278778e-14
single_15p8V-0p5ns,A,CS,5,5.12e-07,6.144e-07,3.6499797148782116e-11,3.656889871961713e-11,-6.91015708350118e-14,6.91015708350118e-14
single_15p8V-0p5ns,A,CS,6,6.144e-07,7.168000000000001e-07,4.8593934898179586e-11,4.866836424594815e-11,-7.442934776856291e-14,7.442934776856291e-14
single_15p8V-0p5ns,A,CS,7,7.168000000000001e-07,8.192e-07,6.193433025360961e-11,6.201289171799745e-11,-7.856146438783382e-14,7.856146438783382e-14
single_15p8V-0p5ns,A,CS,8,8.192e-07,9.216e-07,7.647205486455419e-11,7.655354838340786e-11,-8.14935188536699e-14,8.14935188536699e-14
single_15p8V-0p5ns,A,CS,9,9.216e-07,1.024e-06,9.221504551304706e-11,9.229942594746041e-11,-8.438043441334681e-14,8.438043441334681e-14
single_15p8V-0p5ns,A,CS,10,1.024e-06,1.1264000000000001e-06,1.0925716347266847e-10,1.0934216334304334e-10,-8.499987037487097e-14,8.499987037487097e-14
single_15p8V-0p5ns,A,CS,11,1.1264000000000001e-06,1.2288e-06,1.2782364867427795e-10,1.279140954666784e-10,-9.044679240044216e-14,9.044679240044216e-14
single_15p8V-0p5ns,A,CS,12,1.2288e-06,1.3312e-06,1.4843601903334423e-10,1.4852373308729198e-10,-8.771405394774548e-14,8.771405394774548e-14
single_15p8V-0p5ns,A,CS,13,1.3312e-06,1.4336000000000001e-06,1.7220498389787072e-10,1.7230356069585308e-10,-9.857679798236183e-14,9.857679798236183e-14
single_15p8V-0p5ns,A,CS,14,1.4336000000000001e-06,1.536e-06,2.0192950270660532e-10,2.0209541566373389e-10,-1.6591295712857036e-13,1.6591295712857036e-13
single_15p8V-0p5ns,A,CS,15,1.536e-06,1.6384e-06,2.4746423972898064e-10,2.4731097812440345e-10,1.5326160457719403e-13,1.5326160457719403e-13
single_15p8V-0p5ns,A,CS,16,1.6384e-06,1.7408000000000001e-06,3.7809582283255646e-10,3.808383841519948e-10,-2.742561319438341e-12,2.742561319438341e-12
single_15p8V-0p5ns,A,CS,17,1.7408000000000001e-06,1.8432e-06,3.3120911921773623e-09,3.320208618569043e-09,-8.11742639168069e-12,8.11742639168069e-12
single_15p8V-0p5ns,A,CS,18,1.8432e-06,1.9456e-06,1.9603828689554123e-09,1.958466887957689e-09,1.9159809977231384e-12,1.9159809977231384e-12
single_15p8V-0p5ns,A,CS,19,1.9456e-06,2.048e-06,9.182520599378765e-10,9.173263762802048e-10,9.256836576716977e-13,9.256836576716977e-13
single_15p8V-0p5ns,A,CS,20,2.048e-06,2.1504e-06,5.152523565413372e-10,5.149679449066032e-10,2.8441163473401035e-13,2.8441163473401035e-13
single_15p8V-0p5ns,A,CS,21,2.1504e-06,2.2528000000000003e-06,3.448464664251539e-10,3.446940672131955e-10,1.523992119584043e-13,1.523992119584043e-13
single_15p8V-0p5ns,A,CS,22,2.2528000000000003e-06,2.3552e-06,2.665140569554906e-10,2.6645035849981433e-10,6.369845567627344e-14,6.369845567627344e-14
single_15p8V-0p5ns,A,CS,23,2.3552e-06,2.4576e-06,2.2811349667982066e-10,2.2807855100084796e-10,3.494567897270119e-14,3.494567897270119e-14
single_15p8V-0p5ns,A,CS,24,2.4576e-06,2.56e-06,2.0783651522498396e-10,2.078185834999624e-10,1.7931725021575653e-14,1.7931725021575653e-14
single_15p8V-0p5ns,A,CS,25,2.56e-06,2.6624e-06,1.9421054556223148e-10,1.941874308604009e-10,2.31147018305848e-14,2.31147018305848e-14
single_15p8V-0p5ns,A,CS,26,2.6624e-06,2.7648e-06,1.803887362449357e-10,1.803341032918593e-10,5.4632953076417e-14,5.4632953076417e-14
single_15p8V-0p5ns,A,CS,27,2.7648e-06,2.8672000000000003e-06,1.6516123003502135e-10,1.650827654846269e-10,7.846455039445716e-14,7.846455039445716e-14
single_15p8V-0p5ns,A,CS,28,2.8672000000000003e-06,2.9696e-06,1.516169640687928e-10,1.5154257621406384e-10,7.438785472896977e-14,7.438785472896977e-14
single_15p8V-0p5ns,A,CS,29,2.9696e-06,3.072e-06,1.4392561466993637e-10,1.438859544351408e-10,3.966023479557054e-14,3.966023479557054e-14
single_15p8V-0p5ns,A,CS,30,3.072e-06,3.1744e-06,1.4704893197353705e-10,1.4702324259601242e-10,2.5689377524622385e-14,2.5689377524622385e-14
single_15p8V-0p5ns,A,CS,31,3.1744e-06,3.2768e-06,1.7037905239987137e-10,1.704926222082655e-10,-1.1356980839412483e-13,1.1356980839412483e-13
single_15p8V-0p5ns,A,CS,32,3.2768e-06,3.3792e-06,2.130028464185184e-10,2.130712366429327e-10,-6.83902244143012e-14,6.83902244143012e-14
single_15p8V-0p5ns,A,CS,33,3.3792e-06,3.4816000000000003e-06,2.602447641538863e-10,2.603418687942078e-10,-9.710464032150773e-14,9.710464032150773e-14
single_15p8V-0p5ns,A,CS,34,3.4816000000000003e-06,3.5840000000000003e-06,3.1455629871093565e-10,3.1470946359070813e-10,-1.5316487977248288e-13,1.5316487977248288e-13
single_15p8V-0p5ns,A,CS,35,3.5840000000000003e-06,3.6864e-06,3.9143355505469166e-10,3.915915447483698e-10,-1.5798969367813206e-13,1.5798969367813206e-13
single_15p8V-0p5ns,A,CS,36,3.6864e-06,3.7888e-06,5.645138632826634e-10,5.655711463499029e-10,-1.0572830672394532e-12,1.0572830672394532e-12
single_15p8V-0p5ns,A,CS,37,3.7888e-06,3.8912e-06,7.101859587086945e-10,7.090788650361569e-10,1.1070936725376513e-12,1.1070936725376513e-12
single_15p8V-0p5ns,A,CS,38,3.8912e-06,3.9936e-06,4.681645913108314e-10,4.684028096954242e-10,-2.382183845928011e-13,2.382183845928011e-13
single_15p8V-0p5ns,A,CS,39,3.9936e-06,4.096e-06,3.2733114747935304e-10,3.270674105958291e-10,2.6373688352396097e-13,2.6373688352396097e-13
single_15p8V-0p5ns,A,CS,40,4.096e-06,4.1984e-06,2.5937290252972444e-10,2.5934965798499643e-10,2.324454472800719e-14,2.324454472800719e-14
single_15p8V-0p5ns,A,CS,41,4.1984e-06,4.3008e-06,2.2384463058124578e-10,2.2378670638852315e-10,5.792419272262796e-14,5.792419272262796e-14
single_15p8V-0p5ns,A,CS,42,4.3008e-06,4.4032000000000005e-06,2.0211692614714896e-10,2.020888115980946e-10,2.8114549054349362e-14,2.8114549054349362e-14
single_15p8V-0p5ns,A,CS,43,4.4032000000000005e-06,4.5056000000000005e-06,1.84687687385353e-10,1.8460156578134421e-10,8.612160400878236e-14,8.612160400878236e-14
single_15p8V-0p5ns,A,CS,44,4.5056000000000005e-06,4.608e-06,1.700351707556097e-10,1.6997114774309156e-10,6.402301251813788e-14,6.402301251813788e-14
single_15p8V-0p5ns,A,CS,45,4.608e-06,4.7104e-06,1.628936598666008e-10,1.6285651798537262e-10,3.7141881228184784e-14,3.7141881228184784e-14
single_15p8V-0p5ns,A,CS,46,4.7104e-06,4.8128e-06,1.6788665762014674e-10,1.678475596832248e-10,3.909793692193699e-14,3.909793692193699e-14
single_15p8V-0p5ns,A,CS,47,4.8128e-06,4.9152e-06,1.9502119373588389e-10,1.9515450119789164e-10,-1.3330746200775293e-13,1.3330746200775293e-13
single_15p8V-0p5ns,A,CS,48,4.9152e-06,5.0176e-06,2.365218835491252e-10,2.3657586013404357e-10,-5.397658491836869e-14,5.397658491836869e-14
single_15p8V-0p5ns,A,CS,49,5.0176e-06,5.12e-06,2.7774503381324067e-10,2.7782944239133743e-10,-8.440857809675502e-14,8.440857809675502e-14
single_15p8V-0p5ns,A,CS,50,5.12e-06,5.2224e-06,3.190161275375834e-10,3.191033927741846e-10,-8.726523660122461e-14,8.726523660122461e-14
single_15p8V-0p5ns,A,CS,51,5.2224e-06,5.3248e-06,3.628038860476079e-10,3.6292125020826e-10,-1.1736416065207063e-13,1.1736416065207063e-13
single_15p8V-0p5ns,A,CS,52,5.3248e-06,5.4272e-06,4.1157814614956624e-10,4.117162476706979e-10,-1.3810152113166488e-13,1.3810152113166488e-13
single_15p8V-0p5ns,A,CS,53,5.4272e-06,5.5296e-06,4.521046426591888e-10,4.523031167149203e-10,-1.9847405573149526e-13,1.9847405573149526e-13
single_15p8V-0p5ns,A,CS,54,5.5296e-06,5.6320000000000005e-06,4.342987586646903e-10,4.342258174850597e-10,7.29411796305847e-14,7.29411796305847e-14
single_15p8V-0p5ns,A,CS,55,5.6320000000000005e-06,5.7344000000000005e-06,3.611787108547308e-10,3.610857938089516e-10,9.291704577921912e-14,9.291704577921912e-14
single_15p8V-0p5ns,A,CS,56,5.7344000000000005e-06,5.836800000000001e-06,3.0646546207502353e-10,3.063984382296025e-10,6.702384542100485e-14,6.702384542100485e-14
single_15p8V-0p5ns,A,CS,57,5.836800000000001e-06,5.9392e-06,2.739548358746154e-10,2.7391114672720117e-10,4.3689147414219776e-14,4.3689147414219776e-14
single_15p8V-0p5ns,A,CS,58,5.9392e-06,6.0416e-06,2.546103426085253e-10,2.5457614131569604e-10,3.420129282926572e-14,3.420129282926572e-14
single_15p8V-0p5ns,A,CS,59,6.0416e-06,6.144e-06,2.437742500962484e-10,2.4374885883284774e-10,2.5391263400654767e-14,2.5391263400654767e-14
single_15p8V-0p5ns,A,CS,60,6.144e-06,6.2464e-06,2.395576959130263e-10,2.395415913529115e-10,1.6104560114795735e-14,1.6104560114795735e-14
single_15p8V-0p5ns,A,CS,61,6.2464e-06,6.3488e-06,2.4132179458834337e-10,2.4131932240955946e-10,2.4721787839018986e-15,2.4721787839018986e-15
single_15p8V-0p5ns,A,CS,62,6.3488e-06,6.4512e-06,2.4861392612466034e-10,2.4862048187449775e-10,-6.555749837406397e-15,6.555749837406397e-15
single_15p8V-0p5ns,A,CS,63,6.4512e-06,6.5536e-06,2.597573220659447e-10,2.597824149164453e-10,-2.5092850500626707e-14,2.5092850500626707e-14
single_15p8V-0p5ns,A,CS,64,6.5536e-06,6.656e-06,2.695704212360287e-10,2.6958291705417703e-10,-1.2495818148350511e-14,1.2495818148350511e-14
single_15p8V-0p5ns,A,CS,65,6.656e-06,6.7584e-06,2.766078285430483e-10,2.7661859709041576e-10,-1.0768547367447147e-14,1.0768547367447147e-14
single_15p8V-0p5ns,A,CS,66,6.7584e-06,6.8608000000000004e-06,2.8121409302258835e-10,2.8122105014635106e-10,-6.957123762714467e-15,6.957123762714467e-15
single_15p8V-0p5ns,A,CS,67,6.8608000000000004e-06,6.9632000000000005e-06,2.838223834041224e-10,2.8382662844238165e-10,-4.245038259263016e-15,4.245038259263016e-15
single_15p8V-0p5ns,A,CS,68,6.9632000000000005e-06,7.065600000000001e-06,2.8494580495636096e-10,2.849478204422775e-10,-2.0154859165297747e-15,2.0154859165297747e-15
single_15p8V-0p5ns,A,CS,69,7.065600000000001e-06,7.168000000000001e-06,2.8507645087202747e-10,2.8507694655457657e-10,-4.956825490984398e-16,4.956825490984398e-16
single_15p8V-0p5ns,A,CS,70,7.168000000000001e-06,7.2704e-06,2.8463427171340747e-10,2.8463383864062846e-10,4.3307277900590593e-16,4.3307277900590593e-16
single_15p8V-0p5ns,A,CS,71,7.2704e-06,7.3728e-06,2.8394091831326563e-10,2.839400427607042e-10,8.755525614259049e-16,8.755525614259049e-16
single_15p8V-0p5ns,A,CS,72,7.3728e-06,7.4752e-06,2.832145990964668e-10,2.8321360567972686e-10,9.934167399496305e-16,9.934167399496305e-16
single_15p8V-0p5ns,A,CS,73,7.4752e-06,7.5776e-06,2.825811581897512e-10,2.8258028724620073e-10,8.709435504472361e-16,8.709435504472361e-16
single_15p8V-0p5ns,A,CS,74,7.5776e-06,7.680000000000001e-06,2.820954974490714e-10,2.8209471582622513e-10,7.816228462749804e-16,7.816228462749804e-16
single_15p8V-0p5ns,A,CS,75,7.680000000000001e-06,7.7824e-06,2.8177258071135854e-10,2.8177216100443203e-10,4.197069265066593e-16,4.197069265066593e-16
single_15p8V-0p5ns,A,CS,76,7.7824e-06,7.8848e-06,2.8158254930824696e-10,2.8158225203517023e-10,2.972730767319209e-16,2.972730767319209e-16
single_15p8V-0p5ns,A,CS,77,7.8848e-06,7.9872e-06,2.8148647328487547e-10,2.814863226645171e-10,1.5062035836536661e-16,1.5062035836536661e-16
single_15p8V-0p5ns,A,CS,78,7.9872e-06,8.0896e-06,2.814540544612395e-10,2.814539929839221e-10,6.147731738924359e-17,6.147731738924359e-17
single_15p8V-0p5ns,A,CS,79,8.0896e-06,8.192e-06,2.814599810194493e-10,2.8145997843839844e-10,2.5810508381685997e-18,2.5810508381685997e-18
single_15p8V-0p5ns,A,CS,80,8.192e-06,8.2944e-06,2.814853190467268e-10,2.8148534719344674e-10,-2.8146719962393495e-17,2.8146719962393495e-17
single_15p8V-0p5ns,A,CS,81,8.2944e-06,8.3968e-06,2.8151722892315094e-10,2.8151726942613886e-10,-4.050298792576758e-17,4.050298792576758e-17
single_15p8V-0p5ns,A,CS,82,8.3968e-06,8.4992e-06,2.8154796452143384e-10,2.8154800561985713e-10,-4.109842329146228e-17,4.109842329146228e-17
single_15p8V-0p5ns,A,CS,83,8.4992e-06,8.6016e-06,2.8157359959713554e-10,2.8157363503592766e-10,-3.543879212221398e-17,3.543879212221398e-17
single_15p8V-0p5ns,A,CS,84,8.6016e-06,8.704e-06,2.8159280109271124e-10,2.815928283626771e-10,-2.7269965847043493e-17,2.7269965847043493e-17
single_15p8V-0p5ns,A,CS,85,8.704e-06,8.806400000000001e-06,2.816058019964679e-10,2.816058209401912e-10,-1.894372327559383e-17,1.894372327559383e-17
single_15p8V-0p5ns,A,CS,86,8.806400000000001e-06,8.9088e-06,2.8161362953105406e-10,2.816136413450388e-10,-1.1813984742300206e-17,1.1813984742300206e-17
single_15p8V-0p5ns,A,CS,87,8.9088e-06,9.011200000000001e-06,2.81617581265458e-10,2.816175875836058e-10,-6.3181477937453845e-18,6.3181477937453845e-18
single_15p8V-0p5ns,A,CS,88,9.011200000000001e-06,9.1136e-06,2.8161890827340705e-10,2.8161891076258924e-10,-2.4891821947845056e-18,2.4891821947845056e-18
single_15p8V-0p5ns,A,CS,89,9.1136e-06,9.216e-06,2.8161865459167926e-10,2.816186546925661e-10,-1.008868249160886e-19,1.008868249160886e-19
single_15p8V-0p5ns,A,CS,90,9.216e-06,9.3184e-06,2.8161760253194445e-10,2.816176013580276e-10,1.1739168375545104e-18,1.1739168375545104e-18
single_15p8V-0p5ns,A,CS,91,9.3184e-06,9.4208e-06,2.8161628198108876e-10,2.8161628030431347e-10,1.6767752864656165e-18,1.6767752864656165e-18
single_15p8V-0p5ns,A,CS,92,9.4208e-06,9.5232e-06,2.8161501212860833e-10,2.8161501042988494e-10,1.6987233866463688e-18,1.6987233866463688e-18
single_15p8V-0p5ns,A,CS,93,9.5232e-06,9.6256e-06,2.8161395426374175e-10,2.816139528010564e-10,1.462685330902831e-18,1.462685330902831e-18
single_15p8V-0p5ns,A,CS,94,9.6256e-06,9.728e-06,2.8161316270845773e-10,2.8161316158406885e-10,1.124388881390015e-18,1.124388881390015e-18
single_15p8V-0p5ns,A,CS,95,9.728e-06,9.8304e-06,2.8161262733202044e-10,2.816126265517394e-10,7.802810227849195e-19,7.802810227849195e-19
single_15p8V-0p5ns,A,CS,96,9.8304e-06,9.932800000000001e-06,2.8161230542400084e-10,2.8161230493796813e-10,4.860327163723766e-19,4.860327163723766e-19
single_15p8V-0p5ns,A,CS,97,9.932800000000001e-06,1.00352e-05,2.81612143276615e-10,2.81612143017173e-10,2.594419938023835e-19,2.594419938023835e-19
single_15p8V-0p5ns,A,CS,98,1.00352e-05,1.0137600000000001e-05,2.816120892086955e-10,2.8161208910695573e-10,1.0173975152520734e-19,1.0173975152520734e-19
single_15p8V-0p5ns,A,CS,99,1.0137600000000001e-05,1.024e-05,2.816121001452037e-10,2.8161210014172124e-10,3.482482077636531e-21,3.482482077636531e-21
single_15p8V-0p5ns,A,CS,100,1.024e-05,1.0342400000000001e-05,2.816121438414413e-10,2.816121438903058e-10,-4.8864505614439565e-20,4.8864505614439565e-20
single_15p8V-0p5ns,A,CS,101,1.0342400000000001e-05,1.04448e-05,2.816121984784262e-10,2.816121985478469e-10,-6.942071931820657e-20,6.942071931820657e-20
single_15p8V-0p5ns,A,CS,102,1.04448e-05,1.05472e-05,2.8161225092950256e-10,2.8161225099969313e-10,-7.019056597455202e-20,7.019056597455202e-20
single_15p8V-0p5ns,A,CS,103,1.05472e-05,1.06496e-05,2.816122945761169e-10,2.8161229463648163e-10,-6.036474597197602e-20,6.036474597197602e-20
single_15p8V-0p5ns,A,CS,104,1.06496e-05,1.0752e-05,2.816123272043746e-10,2.8161232725073476e-10,-4.636016461114699e-20,4.636016461114699e-20
single_15p8V-0p5ns,A,CS,105,1.0752e-05,1.08544e-05,2.8161234925118456e-10,2.8161234928332477e-10,-3.214020609832446e-20,3.214020609832446e-20
single_15p8V-0p5ns,A,CS,106,1.08544e-05,1.09568e-05,2.816123624904086e-10,2.816123625104054e-10,-1.999683281452802e-20,1.999683281452802e-20
single_15p8V-0p5ns,A,CS,107,1.09568e-05,1.10592e-05,2.8161236914419396e-10,2.816123691548535e-10,-1.065956636124116e-20,1.065956636124116e-20
single_15p8V-0p5ns,A,CS,108,1.10592e-05,1.11616e-05,2.8161237134724523e-10,2.8161237135140305e-10,-4.1578233489977936e-21,4.1578233489977936e-21
single_15p8V-0p5ns,A,CS,109,1.11616e-05,1.1264000000000001e-05,2.8161237087682673e-10,2.816123708769418e-10,-1.1508150272143998e-22,1.1508150272143998e-22
single_15p8V-0p5ns,A,CS,110,1.1264000000000001e-05,1.13664e-05,2.8161236906208424e-10,2.8161236906005077e-10,2.033468439596765e-21,2.033468439596765e-21
single_15p8V-0p5ns,A,CS,111,1.13664e-05,1.1468800000000001e-05,2.8161236680154764e-10,2.8161236679867205e-10,2.8755900019640316e-21,2.8755900019640316e-21
single_15p8V-0p5ns,A,CS,112,1.1468800000000001e-05,1.15712e-05,2.81612364635061e-10,2.8161236463216034e-10,2.9006639142820452e-21,2.9006639142820452e-21
single_15p8V-0p5ns,A,CS,113,1.15712e-05,1.1673600000000001e-05,2.8161236283424916e-10,2.816123628317564e-10,2.4927604747168335e-21,2.4927604747168335e-21
single_15p8V-0p5ns,A,CS,114,1.1673600000000001e-05,1.1776e-05,2.8161236148930006e-10,2.8161236148738907e-10,1.910994010150632e-21,1.910994010150632e-21
single_15p8V-0p5ns,A,CS,115,1.1776e-05,1.18784e-05,2.81612360581423e-10,2.816123605800982e-10,1.324833148580243e-21,1.324833148580243e-21
single_15p8V-0p5ns,A,CS,116,1.18784e-05,1.19808e-05,2.816123600369385e-10,2.8161236003612007e-10,8.184435173329363e-22,8.184435173329363e-22
single_15p8V-0p5ns,A,CS,117,1.19808e-05,1.20832e-05,2.816123597639095e-10,2.816123597634717e-10,4.378370379819745e-22,4.378370379819745e-22
single_15p8V-0p5ns,A,CS,118,1.20832e-05,1.21856e-05,2.8161235967416124e-10,2.81612359673991e-10,1.7024410982107e-22,1.7024410982107e-22
single_15p8V-0p5ns,A,CS,119,1.21856e-05,1.2288e-05,2.816123596943566e-10,2.8161235969435267e-10,3.9291079096268815e-24,3.9291079096268815e-24
single_15p8V-0p5ns,A,CS,120,1.2288e-05,1.23904e-05,2.816123597697254e-10,2.8161235976980896e-10,-8.35452418678558e-23,8.35452418678558e-23
single_15p8V-0p5ns,A,CS,121,1.23904e-05,1.24928e-05,2.816123598632457e-10,2.8161235986336516e-10,-1.1947589972562793e-22,1.1947589972562793e-22
single_15p8V-0p5ns,A,CS,122,1.24928e-05,1.2595200000000001e-05,2.8161235995273644e-10,2.8161235995285493e-10,-1.1849362274822121e-22,1.1849362274822121e-22
single_15p8V-0p5ns,A,CS,123,1.2595200000000001e-05,1.26976e-05,2.8161236002702894e-10,2.816123600271319e-10,-1.0293228747456738e-22,1.0293228747456738e-22
single_15p8V-0p5ns,A,CS,124,1.26976e-05,1.2800000000000001e-05,2.8161236008247186e-10,2.816123600825515e-10,-7.961613395822891e-23,7.961613395822891e-23
single_15p8V-0p5ns,A,CS,125,1.2800000000000001e-05,1.29024e-05,2.816123601198475e-10,2.816123601199057e-10,-5.821283560841932e-23,5.821283560841932e-23
single_15p8V-0p5ns,A,CS,126,1.29024e-05,1.3004800000000001e-05,2.816123601422494e-10,2.816123601422818e-10,-3.236344146613721e-23,3.236344146613721e-23
single_15p8V-0p5ns,A,CS,127,1.3004800000000001e-05,1.31072e-05,2.8161236015344696e-10,2.8161236015346546e-10,-1.8508166205873994e-23,1.8508166205873994e-23
single_15p8V-0p5ns,A,CS,128,1.31072e-05,1.32096e-05,2.816123601571044e-10,2.8161236015711194e-10,-7.548023089546378e-24,7.548023089546378e-24
single_15p8V-0p5ns,A,CS,129,1.32096e-05,1.3312e-05,2.816123601562446e-10,2.816123601562433e-10,1.2924697071141057e-24,1.2924697071141057e-24
single_15p8V-0p5ns,A,CS,130,1.3312e-05,1.34144e-05,2.8161236015310916e-10,2.8161236015310507e-10,4.084204274480574e-24,4.084204274480574e-24
single_15p8V-0p5ns,A,CS,131,1.34144e-05,1.35168e-05,2.816123601492444e-10,2.816123601492389e-10,5.5317703464483726e-24,5.5317703464483726e-24
single_15p8V-0p5ns,A,CS,132,1.35168e-05,1.36192e-05,2.8161236014554376e-10,2.816123601455383e-10,5.480071558163808e-24,5.480071558163808e-24
single_15p8V-0p5ns,A,CS,133,1.36192e-05,1.3721600000000001e-05,2.8161236014248294e-10,2.816123601424783e-10,4.652890945610781e-24,4.652890945610781e-24
single_15p8V-0p5ns,A,CS,134,1.3721600000000001e-05,1.3824e-05,2.8161236014019154e-10,2.816123601401879e-10,3.618915179919496e-24,3.618915179919496e-24
single_15p8V-0p5ns,A,CS,135,1.3824e-05,1.3926400000000001e-05,2.816123601386412e-10,2.816123601386431e-10,-1.9128551665288765e-24,1.9128551665288765e-24
single_15p8V-0p5ns,A,CS,136,1.3926400000000001e-05,1.40288e-05,2.816123601377348e-10,2.8161236013773254e-10,2.274746684520826e-24,2.274746684520826e-24
single_15p8V-0p5ns,A,CS,137,1.40288e-05,1.4131200000000001e-05,2.8161236013728555e-10,2.8161236013728416e-10,1.3958672836832342e-24,1.3958672836832342e-24
single_15p8V-0p5ns,A,CS,138,1.4131200000000001e-05,1.42336e-05,2.8161236013713284e-10,2.81612360137133e-10,-1.550963648536927e-25,1.550963648536927e-25
single_15p8V-0p5ns,A,CS,139,1.42336e-05,1.4336000000000001e-05,2.8161236013717657e-10,2.816123601371742e-10,2.3781442610899546e-24,2.3781442610899546e-24
single_15p8V-0p5ns,A,CS,140,1.4336000000000001e-05,1.44384e-05,2.816123601373012e-10,2.816123601373003e-10,9.305781891221561e-25,9.305781891221561e-25
single_15p8V-0p5ns,A,CS,141,1.44384e-05,1.45408e-05,2.8161236013745476e-10,2.8161236013745637e-10,-1.6026624368214911e-24,1.6026624368214911e-24
single_15p8V-0p5ns,A,CS,142,1.45408e-05,1.46432e-05,2.8161236013762284e-10,2.816123601376223e-10,5.169878828456423e-25,5.169878828456423e-25
single_15p8V-0p5ns,A,CS,143,1.46432e-05,1.47456e-05,2.8161236013773037e-10,2.8161236013772954e-10,8.271806125530277e-25,8.271806125530277e-25
single_15p8V-0p5ns,A,CS,144,1.47456e-05,1.4848e-05,2.8161236013780595e-10,2.8161236013781123e-10,-5.2732764050255514e-24,5.2732764050255514e-24
single_15p8V-0p5ns,A,CS,145,1.4848e-05,1.49504e-05,2.8161236013786355e-10,2.8161236013785884e-10,4.704589733895345e-24,4.704589733895345e-24
single_15p8V-0p5ns,A,CS,146,1.49504e-05,1.5052800000000001e-05,2.8161236013790444e-10,2.8161236013790046e-10,3.980806697911446e-24,3.980806697911446e-24
single_15p8V-0p5ns,A,CS,147,1.5052800000000001e-05,1.51552e-05,2.8161236013792047e-10,2.8161236013791773e-10,2.740035779081904e-24,2.740035779081904e-24
single_15p8V-0p5ns,A,CS,148,1.51552e-05,1.5257600000000001e-05,2.81612360137934e-10,2.8161236013794306e-10,-9.04728794979874e-24,9.04728794979874e-24
single_15p8V-0p5ns,A,CS,149,1.5257600000000001e-05,1.5360000000000002e-05,2.8161236013797046e-10,2.816123601379539e-10,1.6543612251060553e-23,1.6543612251060553e-23
single_15p8V-0p5ns,A,CS,150,1.5360000000000002e-05,1.54624e-05,2.8161236013796105e-10,2.816123601379446e-10,1.6440214674491425e-23,1.6440214674491425e-23
single_15p8V-0p5ns,A,CS,151,1.54624e-05,1.55648e-05,2.816123601379709e-10,2.816123601379539e-10,1.7008901345621632e-23,1.7008901345621632e-23
single_15p8V-0p5ns,A,CS,152,1.55648e-05,1.56672e-05,2.8161236013797087e-10,2.816123601379539e-10,1.6957202557337067e-23,1.6957202557337067e-23
single_15p8V-0p5ns,A,CS,153,1.56672e-05,1.57696e-05,2.816123601379611e-10,2.816123601379446e-10,1.649191346277599e-23,1.649191346277599e-23
single_15p8V-0p5ns,A,CS,154,1.57696e-05,1.5872e-05,2.81612360137966e-10,2.816123601379539e-10,1.209751645858803e-23,1.209751645858803e-23
single_15p8V-0p5ns,A,CS,155,1.5872e-05,1.59744e-05,2.8161236013797087e-10,2.816123601379539e-10,1.6957202557337067e-23,1.6957202557337067e-23
single_15p8V-0p5ns,A,CS,156,1.59744e-05,1.60768e-05,2.8161236013797087e-10,2.816123601379539e-10,1.6957202557337067e-23,1.6957202557337067e-23
single_15p8V-0p5ns,A,CS,157,1.60768e-05,1.61792e-05,2.81612360137966e-10,2.816123601379446e-10,2.140329834980959e-23,2.140329834980959e-23
single_15p8V-0p5ns,A,CS,158,1.61792e-05,1.62816e-05,2.81612360137966e-10,2.816123601379539e-10,1.209751645858803e-23,1.209751645858803e-23
single_15p8V-0p5ns,A,CS,159,1.62816e-05,1.6384e-05,2.81612360137966e-10,2.816123601379539e-10,1.209751645858803e-23,1.209751645858803e-23
single_15p8V-0p5ns,A,CS,160,1.6384e-05,1.6486400000000002e-05,2.816123601379757e-10,2.816123601379539e-10,2.176518986780154e-23,2.176518986780154e-23
single_15p8V-0p5ns,A,CS,161,1.6486400000000002e-05,1.65888e-05,2.816123601379562e-10,2.816123601379446e-10,1.1580528575742387e-23,1.1580528575742387e-23
single_15p8V-0p5ns,A,CS,162,1.65888e-05,1.66912e-05,2.816123601379757e-10,2.816123601379539e-10,2.176518986780154e-23,2.176518986780154e-23
single_15p8V-0p5ns,A,CS,163,1.66912e-05,1.67936e-05,2.81612360137966e-10,2.816123601379539e-10,1.209751645858803e-23,1.209751645858803e-23
single_15p8V-0p5ns,A,CS,164,1.67936e-05,1.6896000000000002e-05,2.816123601379757e-10,2.816123601379539e-10,2.176518986780154e-23,2.176518986780154e-23
single_15p8V-0p5ns,A,CS,165,1.6896000000000002e-05,1.69984e-05,2.816123601379562e-10,2.816123601379446e-10,1.1580528575742387e-23,1.1580528575742387e-23
single_15p8V-0p5ns,A,CS,166,1.69984e-05,1.71008e-05,2.816123601379757e-10,2.816123601379539e-10,2.176518986780154e-23,2.176518986780154e-23
single_15p8V-0p5ns,A,CS,167,1.71008e-05,1.72032e-05,2.81612360137966e-10,2.816123601379539e-10,1.209751645858803e-23,1.209751645858803e-23
single_15p8V-0p5ns,A,CS,168,1.72032e-05,1.73056e-05,2.816123601379562e-10,2.816123601379446e-10,1.1580528575742387e-23,1.1580528575742387e-23
single_15p8V-0p5ns,A,CS,169,1.73056e-05,1.7408e-05,2.816123601379757e-10,2.816123601379539e-10,2.176518986780154e-23,2.176518986780154e-23
single_15p8V-0p5ns,A,CS,170,1.7408e-05,1.75104e-05,2.81612360137966e-10,2.816123601379539e-10,1.209751645858803e-23,1.209751645858803e-23
single_15p8V-0p5ns,A,CS,171,1.75104e-05,1.7612800000000002e-05,2.816123601379757e-10,2.816123601379539e-10,2.176518986780154e-23,2.176518986780154e-23
single_15p8V-0p5ns,A,CS,172,1.7612800000000002e-05,1.77152e-05,2.816123601379562e-10,2.816123601379446e-10,1.1580528575742387e-23,1.1580528575742387e-23
single_15p8V-0p5ns,A,CS,173,1.77152e-05,1.78176e-05,2.816123601379757e-10,2.816123601379539e-10,2.176518986780154e-23,2.176518986780154e-23
single_15p8V-0p5ns,A,CS,174,1.78176e-05,1.792e-05,2.81612360137966e-10,2.816123601379539e-10,1.209751645858803e-23,1.209751645858803e-23
single_15p8V-0p5ns,A,CS,175,1.792e-05,1.8022400000000002e-05,2.816123601379757e-10,2.816123601379539e-10,2.176518986780154e-23,2.176518986780154e-23
single_15p8V-0p5ns,A,CS,176,1.8022400000000002e-05,1.81248e-05,2.816123601379562e-10,2.816123601379446e-10,1.1580528575742387e-23,1.1580528575742387e-23
single_15p8V-0p5ns,A,CS,177,1.81248e-05,1.82272e-05,2.81612360137966e-10,2.816123601379539e-10,1.209751645858803e-23,1.209751645858803e-23
single_15p8V-0p5ns,A,CS,178,1.82272e-05,1.83296e-05,2.816123601379757e-10,2.816123601379539e-10,2.176518986780154e-23,2.176518986780154e-23
single_15p8V-0p5ns,A,CS,179,1.83296e-05,1.8432e-05,2.816123601379562e-10,2.816123601379446e-10,1.1580528575742387e-23,1.1580528575742387e-23
single_15p8V-0p5ns,A,CS,180,1.8432e-05,1.85344e-05,2.816123601379757e-10,2.816123601379539e-10,2.176518986780154e-23,2.176518986780154e-23
single_15p8V-0p5ns,A,CS,181,1.85344e-05,1.86368e-05,2.81612360137966e-10,2.816123601379539e-10,1.209751645858803e-23,1.209751645858803e-23
single_15p8V-0p5ns,A,CS,182,1.86368e-05,1.8739200000000002e-05,2.816123601379757e-10,2.816123601379539e-10,2.176518986780154e-23,2.176518986780154e-23
single_15p8V-0p5ns,A,CS,183,1.8739200000000002e-05,1.88416e-05,2.816123601379562e-10,2.816123601379446e-10,1.1580528575742387e-23,1.1580528575742387e-23
single_15p8V-0p5ns,A,CS,184,1.88416e-05,1.8944e-05,2.816123601379757e-10,2.816123601379539e-10,2.176518986780154e-23,2.176518986780154e-23
single_15p8V-0p5ns,A,CS,185,1.8944e-05,1.90464e-05,2.81612360137966e-10,2.816123601379539e-10,1.209751645858803e-23,1.209751645858803e-23
single_15p8V-0p5ns,A,CS,186,1.90464e-05,1.9148800000000002e-05,2.81612360137966e-10,2.816123601379539e-10,1.209751645858803e-23,1.209751645858803e-23
single_15p8V-0p5ns,A,CS,187,1.9148800000000002e-05,1.92512e-05,2.81612360137966e-10,2.816123601379446e-10,2.140329834980959e-23,2.140329834980959e-23
single_15p8V-0p5ns,A,CS,188,1.92512e-05,1.93536e-05,2.81612360137966e-10,2.816123601379539e-10,1.209751645858803e-23,1.209751645858803e-23
single_15p8V-0p5ns,A,CS,189,1.93536e-05,1.9456e-05,2.816123601379757e-10,2.816123601379539e-10,2.176518986780154e-23,2.176518986780154e-23
single_15p8V-0p5ns,A,CS,190,1.9456e-05,1.9558400000000002e-05,2.81612360137966e-10,2.816123601379539e-10,1.209751645858803e-23,1.209751645858803e-23
single_15p8V-0p5ns,A,CS,191,1.9558400000000002e-05,1.96608e-05,2.81612360137966e-10,2.816123601379446e-10,2.140329834980959e-23,2.140329834980959e-23
single_15p8V-0p5ns,A,CS,192,1.96608e-05,1.97632e-05,2.81612360137966e-10,2.816123601379539e-10,1.209751645858803e-23,1.209751645858803e-23
single_15p8V-0p5ns,A,CS,193,1.97632e-05,1.9865600000000002e-05,2.816123601379757e-10,2.816123601379539e-10,2.176518986780154e-23,2.176518986780154e-23
single_15p8V-0p5ns,A,CS,194,1.9865600000000002e-05,1.9968e-05,2.816123601379562e-10,2.816123601379446e-10,1.1580528575742387e-23,1.1580528575742387e-23
single_15p8V-0p5ns,A,CS,195,1.9968e-05,2e-05,8.800386254312475e-11,8.800386254311642e-11,8.323504913814841e-24,8.323504913814841e-24
pair_excitation-1ns,A,PCHIP,0,0.0,1.024e-07,2.4449910762347414e-13,2.604212559151989e-13,-1.592214829172474e-14,1.592214829172474e-14
pair_excitation-1ns,A,PCHIP,1,1.024e-07,2.048e-07,1.689103720522951e-12,1.7164034660334591e-12,-2.7299745510508075e-14,2.7299745510508075e-14
pair_excitation-1ns,A,PCHIP,2,2.048e-07,3.072e-07,4.323334916402242e-12,4.364248412345261e-12,-4.091349594301885e-14,4.091349594301885e-14
pair_excitation-1ns,A,PCHIP,3,3.072e-07,4.096e-07,7.918112519463459e-12,7.969696807864323e-12,-5.158428840086403e-14,5.158428840086403e-14
pair_excitation-1ns,A,PCHIP,4,4.096e-07,5.12e-07,1.2288134617697238e-11,1.2348176841062636e-11,-6.00422233653977e-14,6.00422233653977e-14
pair_excitation-1ns,A,PCHIP,5,5.12e-07,6.144e-07,1.728768526077616e-11,1.7353696194378653e-11,-6.601093360249396e-14,6.601093360249396e-14
pair_excitation-1ns,A,PCHIP,6,6.144e-07,7.168000000000001e-07,2.2798552396563368e-11,2.2869365064701408e-11,-7.081266813804013e-14,7.081266813804013e-14
pair_excitation-1ns,A,PCHIP,7,7.168000000000001e-07,8.192e-07,2.8726180513874225e-11,2.8800133159910297e-11,-7.395264603607136e-14,7.395264603607136e-14
pair_excitation-1ns,A,PCHIP,8,8.192e-07,9.216e-07,3.4991584049292814e-11,3.506751786087451e-11,-7.593381158169809e-14,7.593381158169809e-14
pair_excitation-1ns,A,PCHIP,9,9.216e-07,1.024e-06,4.152864802512337e-11,4.160590076441445e-11,-7.725273929108096e-14,7.725273929108096e-14
pair_excitation-1ns,A,PCHIP,10,1.024e-06,1.1264000000000001e-06,4.82828131201994e-11,4.8359994039802766e-11,-7.718091960336545e-14,7.718091960336545e-14
pair_excitation-1ns,A,PCHIP,11,1.1264000000000001e-06,1.2288e-06,5.5206095093533484e-11,5.528316314142005e-11,-7.706804788656674e-14,7.706804788656674e-14
pair_excitation-1ns,A,PCHIP,12,1.2288e-06,1.3312e-06,6.226025006475196e-11,6.233638117899515e-11,-7.613111424319129e-14,7.613111424319129e-14
pair_excitation-1ns,A,PCHIP,13,1.3312e-06,1.4336000000000001e-06,6.941287619040059e-11,6.948766281435588e-11,-7.478662395528946e-14,7.478662395528946e-14
pair_excitation-1ns,A,PCHIP,14,1.4336000000000001e-06,1.536e-06,7.663846578456938e-11,7.671188257739165e-11,-7.341679282227036e-14,7.341679282227036e-14
pair_excitation-1ns,A,PCHIP,15,1.536e-06,1.6384e-06,8.391967393104781e-11,8.399092902768567e-11,-7.125509663785679e-14,7.125509663785679e-14
pair_excitation-1ns,A,PCHIP,16,1.6384e-06,1.7408000000000001e-06,9.124467524616707e-11,9.131418913409795e-11,-6.95138879308791e-14,6.95138879308791e-14
pair_excitation-1ns,A,PCHIP,17,1.7408000000000001e-06,1.8432e-06,9.861197279651507e-11,9.867940680675889e-11,-6.743401024381575e-14,6.743401024381575e-14
pair_excitation-1ns,A,PCHIP,18,1.8432e-06,1.9456e-06,1.0602865211416392e-10,1.0609402802168735e-10,-6.537590752342974e-14,6.537590752342974e-14
pair_excitation-1ns,A,PCHIP,19,1.9456e-06,2.048e-06,1.1351358163845894e-10,1.1357725397250531e-10,-6.367233404636747e-14,6.367233404636747e-14
pair_excitation-1ns,A,PCHIP,20,2.048e-06,2.1504e-06,1.211015344151734e-10,1.2116321248963374e-10,-6.167807446034007e-14,6.167807446034007e-14
pair_excitation-1ns,A,PCHIP,21,2.1504e-06,2.2528000000000003e-06,1.2884550950575902e-10,1.2890600650173675e-10,-6.04969959777247e-14,6.04969959777247e-14
pair_excitation-1ns,A,PCHIP,22,2.2528000000000003e-06,2.3552e-06,1.3682850467415633e-10,1.3688808409524022e-10,-5.957942108388435e-14,5.957942108388435e-14
pair_excitation-1ns,A,PCHIP,23,2.3552e-06,2.4576e-06,1.4517538575961125e-10,1.4523481926585362e-10,-5.943350624236724e-14,5.943350624236724e-14
pair_excitation-1ns,A,PCHIP,24,2.4576e-06,2.56e-06,1.5408072566665267e-10,1.5414148794945443e-10,-6.076228280176633e-14,6.076228280176633e-14
pair_excitation-1ns,A,PCHIP,25,2.56e-06,2.6624e-06,1.6386335430850084e-10,1.6392710828665043e-10,-6.375397814959103e-14,6.375397814959103e-14
pair_excitation-1ns,A,PCHIP,26,2.6624e-06,2.7648e-06,1.750816656596102e-10,1.7515313663469218e-10,-7.147097508196808e-14,7.147097508196808e-14
pair_excitation-1ns,A,PCHIP,27,2.7648e-06,2.8672000000000003e-06,1.8883361380163417e-10,1.889236001371822e-10,-8.998633554803996e-14,8.998633554803996e-14
pair_excitation-1ns,A,PCHIP,28,2.8672000000000003e-06,2.9696e-06,2.0768956845366772e-10,2.0781467138676462e-10,-1.2510293309690914e-13,1.2510293309690914e-13
pair_excitation-1ns,A,PCHIP,29,2.9696e-06,3.072e-06,2.3975954243712826e-10,2.399250040053096e-10,-1.6546156818136208e-13,1.6546156818136208e-13
pair_excitation-1ns,A,PCHIP,30,3.072e-06,3.1744e-06,3.37642130332635e-10,3.3874156631108164e-10,-1.0994359784466578e-12,1.0994359784466578e-12
pair_excitation-1ns,A,PCHIP,31,3.1744e-06,3.2768e-06,2.120504745171407e-09,2.1302381456317275e-09,-9.733400460320608e-12,9.733400460320608e-12
pair_excitation-1ns,A,PCHIP,32,3.2768e-06,3.3792e-06,1.4093641592817875e-09,1.4051256999906495e-09,4.238459291138003e-12,4.238459291138003e-12
pair_excitation-1ns,A,PCHIP,33,3.3792e-06,3.4816000000000003e-06,6.115591196620133e-10,6.102719729935337e-10,1.2871466684795464e-12,1.2871466684795464e-12
pair_excitation-1ns,A,PCHIP,34,3.4816000000000003e-06,3.5840000000000003e-06,3.158623487357442e-10,3.153399589900311e-10,5.223897457131106e-13,5.223897457131106e-13
pair_excitation-1ns,A,PCHIP,35,3.5840000000000003e-06,3.6864e-06,1.9583427887225734e-10,1.9560531687283451e-10,2.2896199942282565e-13,2.2896199942282565e-13
pair_excitation-1ns,A,PCHIP,36,3.6864e-06,3.7888e-06,1.4257744931560245e-10,1.4247891417425952e-10,9.853514134292898e-14,9.853514134292898e-14
pair_excitation-1ns,A,PCHIP,37,3.7888e-06,3.8912e-06,1.1670010566171711e-10,1.167250697409504e-10,-2.4964079233291318e-14,2.4964079233291318e-14
pair_excitation-1ns,A,PCHIP,38,3.8912e-06,3.9936e-06,1.0171297106161417e-10,1.0147629566203134e-10,2.366753995828335e-13,2.366753995828335e-13
pair_excitation-1ns,A,PCHIP,39,3.9936e-06,4.096e-06,8.688167642269126e-11,8.665969827416031e-11,2.219781485309466e-13,2.219781485309466e-13
pair_excitation-1ns,A,PCHIP,40,4.096e-06,4.1984e-06,6.826408999752169e-11,6.81687069944857e-11,9.538300303599403e-14,9.538300303599403e-14
pair_excitation-1ns,A,PCHIP,41,4.1984e-06,4.3008e-06,5.054950768299547e-11,5.0508134887737656e-11,4.137279525781702e-14,4.137279525781702e-14
pair_excitation-1ns,A,PCHIP,42,4.3008e-06,4.4032000000000005e-06,3.931900998523136e-11,3.9315307701571186e-11,3.7022836601728505e-15,3.7022836601728505e-15
pair_excitation-1ns,A,PCHIP,43,4.4032000000000005e-06,4.5056000000000005e-06,3.48797590067915e-11,3.489724452941608e-11,-1.748552262458164e-14,1.748552262458164e-14
pair_excitation-1ns,A,PCHIP,44,4.5056000000000005e-06,4.608e-06,3.506327976319609e-11,3.509854872000955e-11,-3.526895681345915e-14,3.526895681345915e-14
pair_excitation-1ns,A,PCHIP,45,4.608e-06,4.7104e-06,3.814797138663256e-11,3.8197072927356196e-11,-4.910154072363709e-14,4.910154072363709e-14
pair_excitation-1ns,A,PCHIP,46,4.7104e-06,4.8128e-06,4.32352353597753e-11,4.329531725879283e-11,-6.008189901753215e-14,6.008189901753215e-14
pair_excitation-1ns,A,PCHIP,47,4.8128e-06,4.9152e-06,4.9983200166224404e-11,5.005260102250443e-11,-6.940085628002728e-14,6.940085628002728e-14
pair_excitation-1ns,A,PCHIP,48,4.9152e-06,5.0176e-06,5.822937873752952e-11,5.830456119461046e-11,-7.518245708094139e-14,7.518245708094139e-14
pair_excitation-1ns,A,PCHIP,49,5.0176e-06,5.12e-06,6.715607024222164e-11,6.72323032283468e-11,-7.623298612516128e-14,7.623298612516128e-14
pair_excitation-1ns,A,PCHIP,50,5.12e-06,5.2224e-06,7.644599698497386e-11,7.652235130284578e-11,-7.635431787191591e-14,7.635431787191591e-14
pair_excitation-1ns,A,PCHIP,51,5.2224e-06,5.3248e-06,8.6042721399106e-11,8.611917193208504e-11,-7.645053297904886e-14,7.645053297904886e-14
pair_excitation-1ns,A,PCHIP,52,5.3248e-06,5.4272e-06,9.590161597561803e-11,9.597740235277685e-11,-7.578637715882785e-14,7.578637715882785e-14
pair_excitation-1ns,A,PCHIP,53,5.4272e-06,5.5296e-06,1.0599483363195501e-10,1.060696762337551e-10,-7.484260180009041e-14,7.484260180009041e-14
pair_excitation-1ns,A,PCHIP,54,5.5296e-06,5.6320000000000005e-06,1.1631910454874484e-10,1.1639320316102316e-10,-7.40986122783203e-14,7.40986122783203e-14
pair_excitation-1ns,A,PCHIP,55,5.6320000000000005e-06,5.7344000000000005e-06,1.2690359179009886e-10,1.2697649637342027e-10,-7.290458332141115e-14,7.290458332141115e-14
pair_excitation-1ns,A,PCHIP,56,5.7344000000000005e-06,5.836800000000001e-06,1.3781583373961001e-10,1.3788850226296338e-10,-7.266852335336884e-14,7.266852335336884e-14
pair_excitation-1ns,A,PCHIP,57,5.836800000000001e-06,5.9392e-06,1.4918117194816667e-10,1.4925406079940034e-10,-7.288885123367349e-14,7.288885123367349e-14
pair_excitation-1ns,A,PCHIP,58,5.9392e-06,6.0416e-06,1.6120884971826978e-10,1.6128325643596226e-10,-7.440671769248251e-14,7.440671769248251e-14
pair_excitation-1ns,A,PCHIP,59,6.0416e-06,6.144e-06,1.7425294615658519e-10,1.743315029705434e-10,-7.855681395821582e-14,7.855681395821582e-14
pair_excitation-1ns,A,PCHIP,60,6.144e-06,6.2464e-06,1.8894740286978733e-10,1.8903406547729022e-10,-8.666260750289231e-14,8.666260750289231e-14
pair_excitation-1ns,A,PCHIP,61,6.2464e-06,6.3488e-06,2.065428999371433e-10,2.0664973896088632e-10,-1.0683902374300881e-13,1.0683902374300881e-13
pair_excitation-1ns,A,PCHIP,62,6.3488e-06,6.4512e-06,2.2999817084549328e-10,2.3013929439634066e-10,-1.4112355084737842e-13,1.4112355084737842e-13
pair_excitation-1ns,A,PCHIP,63,6.4512e-06,6.5536e-06,2.687671258743341e-10,2.690047194226603e-10,-2.3759354832617987e-13,2.3759354832617987e-13
pair_excitation-1ns,A,PCHIP,64,6.5536e-06,6.656e-06,3.940929950836955e-10,3.9574615161547827e-10,-1.6531565317827593e-12,1.6531565317827593e-12
pair_excitation-1ns,A,PCHIP,65,6.656e-06,6.7584e-06,1.7662548105468662e-09,1.7732657361365176e-09,-7.010925589651403e-12,7.010925589651403e-12
pair_excitation-1ns,A,PCHIP,66,6.7584e-06,6.8608000000000004e-06,9.741817616704683e-10,9.713409453883208e-10,2.8408162821475e-12,2.8408162821475e-12
pair_excitation-1ns,A,PCHIP,67,6.8608000000000004e-06,6.9632000000000005e-06,4.5324919117765287e-10,4.523778334812207e-10,8.713576964321482e-13,8.713576964321482e-13
pair_excitation-1ns,A,PCHIP,68,6.9632000000000005e-06,7.065600000000001e-06,2.5293244584317917e-10,2.525677063865995e-10,3.647394565796725e-13,3.647394565796725e-13
pair_excitation-1ns,A,PCHIP,69,7.065600000000001e-06,7.168000000000001e-06,1.6838247023443085e-10,1.6822594723073055e-10,1.5652300370030719e-13,1.5652300370030719e-13
pair_excitation-1ns,A,PCHIP,70,7.168000000000001e-06,7.2704e-06,1.2911147437623237e-10,1.290793620690249e-10,3.211230720746385e-14,3.211230720746385e-14
pair_excitation-1ns,A,PCHIP,71,7.2704e-06,7.3728e-06,1.0826121414718698e-10,1.0818586236821217e-10,7.535177897481357e-14,7.535177897481357e-14
pair_excitation-1ns,A,PCHIP,72,7.3728e-06,7.4752e-06,9.341174677244345e-11,9.307070216122199e-11,3.410446112214653e-13,3.410446112214653e-13
pair_excitation-1ns,A,PCHIP,73,7.4752e-06,7.5776e-06,7.763208868442172e-11,7.757060594556906e-11,6.148273885266428e-14,6.148273885266428e-14
pair_excitation-1ns,A,PCHIP,74,7.5776e-06,7.680000000000001e-06,6.148589529734916e-11,6.141101482251437e-11,7.488047483479011e-14,7.488047483479011e-14
pair_excitation-1ns,A,PCHIP,75,7.680000000000001e-06,7.7824e-06,4.8400033362249695e-11,4.836737462623512e-11,3.2658736014576746e-14,3.2658736014576746e-14
pair_excitation-1ns,A,PCHIP,76,7.7824e-06,7.8848e-06,4.091944616882294e-11,4.0916782881618e-11,2.663287204940263e-15,2.663287204940263e-15
pair_excitation-1ns,A,PCHIP,77,7.8848e-06,7.9872e-06,3.850388842612661e-11,3.852377241853004e-11,-1.988399240343296e-14,1.988399240343296e-14
pair_excitation-1ns,A,PCHIP,78,7.9872e-06,8.0896e-06,3.968336890647688e-11,3.97208779843432e-11,-3.7509077866321156e-14,3.7509077866321156e-14
pair_excitation-1ns,A,PCHIP,79,8.0896e-06,8.192e-06,4.3358413748013354e-11,4.340956865088731e-11,-5.115490287395527e-14,5.115490287395527e-14
pair_excitation-1ns,A,PCHIP,80,8.192e-06,8.2944e-06,4.895402850640002e-11,4.9015569883191096e-11,-6.154137679107841e-14,6.154137679107841e-14
pair_excitation-1ns,A,PCHIP,81,8.2944e-06,8.3968e-06,5.630328283614864e-11,5.637506690060306e-11,-7.178406445441922e-14,7.178406445441922e-14
pair_excitation-1ns,A,PCHIP,82,8.3968e-06,8.4992e-06,6.50850965864134e-11,6.516028995540387e-11,-7.519336899047119e-14,7.519336899047119e-14
pair_excitation-1ns,A,PCHIP,83,8.4992e-06,8.6016e-06,7.439251138798899e-11,7.446840330526013e-11,-7.589191727114171e-14,7.589191727114171e-14
pair_excitation-1ns,A,PCHIP,84,8.6016e-06,8.704e-06,8.404885423478744e-11,8.412521379149744e-11,-7.63595567100003e-14,7.63595567100003e-14
pair_excitation-1ns,A,PCHIP,85,8.704e-06,8.806400000000001e-06,9.40033759876961e-11,9.407906575361356e-11,-7.568976591745865e-14,7.568976591745865e-14
pair_excitation-1ns,A,PCHIP,86,8.806400000000001e-06,8.9088e-06,1.0421728679191679e-10,1.0429253122043651e-10,-7.52444285197231e-14,7.52444285197231e-14
pair_excitation-1ns,A,PCHIP,87,8.9088e-06,9.011200000000001e-06,1.1467670816739905e-10,1.1475103810447371e-10,-7.432993707466287e-14,7.432993707466287e-14
pair_excitation-1ns,A,PCHIP,88,9.011200000000001e-06,9.1136e-06,1.253975390798363e-10,1.2547100587160793e-10,-7.346679177162475e-14,7.346679177162475e-14
pair_excitation-1ns,A,PCHIP,89,9.1136e-06,9.216e-06,1.364360283772282e-10,1.3650923042864325e-10,-7.320205141504562e-14,7.320205141504562e-14
pair_excitation-1ns,A,PCHIP,90,9.216e-06,9.3184e-06,1.4790418939600438e-10,1.4797721455481268e-10,-7.302515880829997e-14,7.302515880829997e-14
pair_excitation-1ns,A,PCHIP,91,9.3184e-06,9.4208e-06,1.5999279312460608e-10,1.600673951487028e-10,-7.46020240967148e-14,7.46020240967148e-14
pair_excitation-1ns,A,PCHIP,92,9.4208e-06,9.5232e-06,1.730281068347503e-10,1.731061093875849e-10,-7.800255283459299e-14,7.800255283459299e-14
pair_excitation-1ns,A,PCHIP,93,9.5232e-06,9.6256e-06,1.875849651471522e-10,1.8767041226507573e-10,-8.544711792352576e-14,8.544711792352576e-14
pair_excitation-1ns,A,PCHIP,94,9.6256e-06,9.728e-06,2.0477630252893779e-10,2.0487905394308186e-10,-1.0275141414407453e-13,1.0275141414407453e-13
pair_excitation-1ns,A,PCHIP,95,9.728e-06,9.8304e-06,2.2712707715677115e-10,2.2726725392935413e-10,-1.4017677258297994e-13,1.4017677258297994e-13
pair_excitation-1ns,A,PCHIP,96,9.8304e-06,9.932800000000001e-06,2.622086208543545e-10,2.624053317649626e-10,-1.967109106081208e-13,1.967109106081208e-13
pair_excitation-1ns,A,PCHIP,97,9.932800000000001e-06,1.00352e-05,3.530946056588151e-10,3.5404266863356396e-10,-9.480629747488711e-13,9.480629747488711e-13
pair_excitation-1ns,A,PCHIP,98,1.00352e-05,1.0137600000000001e-05,1.5480995531770278e-09,1.5561676660671249e-09,-8.068112890097107e-12,8.068112890097107e-12
pair_excitation-1ns,A,PCHIP,99,1.0137600000000001e-05,1.024e-05,1.1060259743621072e-09,1.1023486816867777e-09,3.677292675329427e-12,3.677292675329427e-12
pair_excitation-1ns,A,PCHIP,100,1.024e-05,1.0342400000000001e-05,5.016524984565247e-10,5.006578740867613e-10,9.946243697633774e-13,9.946243697633774e-13
pair_excitation-1ns,A,PCHIP,101,1.0342400000000001e-05,1.04448e-05,2.7243725449458517e-10,2.720241193476258e-10,4.131351469593459e-13,4.131351469593459e-13
pair_excitation-1ns,A,PCHIP,102,1.04448e-05,1.05472e-05,1.76977939939851e-10,1.7680542425966327e-10,1.7251568018774408e-13,1.7251568018774408e-13
pair_excitation-1ns,A,PCHIP,103,1.05472e-05,1.06496e-05,1.3309431255896604e-10,1.3304768183072115e-10,4.663072824489564e-14,4.663072824489564e-14
pair_excitation-1ns,A,PCHIP,104,1.06496e-05,1.0752e-05,1.1012136566028587e-10,1.1006943005747001e-10,5.1935602815860295e-14,5.1935602815860295e-14
pair_excitation-1ns,A,PCHIP,105,1.0752e-05,1.08544e-05,9.525956177093555e-11,9.4906622553584e-11,3.529392173515555e-13,3.529392173515555e-13
pair_excitation-1ns,A,PCHIP,106,1.08544e-05,1.09568e-05,8.113234138874146e-11,8.109352949416128e-11,3.8811894580179946e-14,3.8811894580179946e-14
pair_excitation-1ns,A,PCHIP,107,1.09568e-05,1.10592e-05,6.679291954766927e-11,6.671046348005876e-11,8.245606761050942e-14,8.245606761050942e-14
pair_excitation-1ns,A,PCHIP,108,1.10592e-05,1.11616e-05,5.388618153816834e-11,5.383668752277659e-11,4.9494015391751445e-14,4.9494015391751445e-14
pair_excitation-1ns,A,PCHIP,109,1.11616e-05,1.1264000000000001e-05,4.524641429648716e-11,4.523075660327168e-11,1.5657693215478592e-14,1.5657693215478592e-14
pair_excitation-1ns,A,PCHIP,110,1.1264000000000001e-05,1.13664e-05,4.141897711645144e-11,4.1428960033258516e-11,-9.982916807077336e-15,9.982916807077336e-15
pair_excitation-1ns,A,PCHIP,111,1.13664e-05,1.1468800000000001e-05,4.141458333350186e-11,4.144440751592849e-11,-2.9824182426632674e-14,2.9824182426632674e-14
pair_excitation-1ns,A,PCHIP,112,1.1468800000000001e-05,1.15712e-05,4.4178525441607164e-11,4.422359071773735e-11,-4.506527613018522e-14,4.506527613018522e-14
pair_excitation-1ns,A,PCHIP,113,1.15712e-05,1.1673600000000001e-05,4.905313147304389e-11,4.9110032273031283e-11,-5.690079998739069e-14,5.690079998739069e-14
pair_excitation-1ns,A,PCHIP,114,1.1673600000000001e-05,1.1776e-05,5.577617217466932e-11,5.584368768979476e-11,-6.75155151254401e-14,6.75155151254401e-14
pair_excitation-1ns,A,PCHIP,115,1.1776e-05,1.18784e-05,6.426651916029878e-11,6.434117732678766e-11,-7.465816648888439e-14,7.465816648888439e-14
pair_excitation-1ns,A,PCHIP,116,1.18784e-05,1.19808e-05,7.359761873373225e-11,7.367318223652053e-11,-7.556350278827331e-14,7.556350278827331e-14
pair_excitation-1ns,A,PCHIP,117,1.19808e-05,1.20832e-05,8.330414113161257e-11,8.338009964856525e-11,-7.595851695268331e-14,7.595851695268331e-14
pair_excitation-1ns,A,PCHIP,118,1.20832e-05,1.21856e-05,9.333092234358705e-11,9.340669039458215e-11,-7.576805099510421e-14,7.576805099510421e-14
pair_excitation-1ns,A,PCHIP,119,1.21856e-05,1.2288e-05,1.0363519405773077e-10,1.037106483489427e-10,-7.545429121193392e-14,7.545429121193392e-14
pair_excitation-1ns,A,PCHIP,120,1.2288e-05,1.23904e-05,1.1419688164075254e-10,1.1427121921529367e-10,-7.43375745411281e-14,7.43375745411281e-14
pair_excitation-1ns,A,PCHIP,121,1.23904e-05,1.24928e-05,1.250247318340899e-10,1.2509854695008315e-10,-7.38151159932542e-14,7.38151159932542e-14
pair_excitation-1ns,A,PCHIP,122,1.24928e-05,1.2595200000000001e-05,1.3617044722103562e-10,1.3624372875182636e-10,-7.328153079074204e-14,7.328153079074204e-14
pair_excitation-1ns,A,PCHIP,123,1.2595200000000001e-05,1.26976e-05,1.4773977397397854e-10,1.4781315133305046e-10,-7.3377359071928e-14,7.3377359071928e-14
pair_excitation-1ns,A,PCHIP,124,1.26976e-05,1.2800000000000001e-05,1.5991908363981166e-10,1.599939989020018e-10,-7.491526219012669e-14,7.491526219012669e-14
pair_excitation-1ns,A,PCHIP,125,1.2800000000000001e-05,1.29024e-05,1.730274992180949e-10,1.731054158344285e-10,-7.791661633359298e-14,7.791661633359298e-14
pair_excitation-1ns,A,PCHIP,126,1.29024e-05,1.3004800000000001e-05,1.8762553727330978e-10,1.8771098588624473e-10,-8.544861293494575e-14,8.544861293494575e-14
pair_excitation-1ns,A,PCHIP,127,1.3004800000000001e-05,1.31072e-05,2.0479555194834833e-10,2.0489724153359768e-10,-1.0168958524935132e-13,1.0168958524935132e-13
pair_excitation-1ns,A,PCHIP,128,1.31072e-05,1.32096e-05,2.2696186109906133e-10,2.271016466413281e-10,-1.397855422667656e-13,1.397855422667656e-13
pair_excitation-1ns,A,PCHIP,129,1.32096e-05,1.3312e-05,2.6127515308630807e-10,2.614652050454796e-10,-1.9005195917153377e-13,1.9005195917153377e-13
pair_excitation-1ns,A,PCHIP,130,1.3312e-05,1.34144e-05,3.459855459310439e-10,3.4682974886972537e-10,-8.442029386814599e-13,8.442029386814599e-13
pair_excitation-1ns,A,PCHIP,131,1.34144e-05,1.35168e-05,1.4632784914772956e-09,1.4714726147718833e-09,-8.194123294587691e-12,8.194123294587691e-12
pair_excitation-1ns,A,PCHIP,132,1.35168e-05,1.36192e-05,1.1371710854012135e-09,1.1332678035673945e-09,3.903281833818977e-12,3.903281833818977e-12
pair_excitation-1ns,A,PCHIP,133,1.36192e-05,1.3721600000000001e-05,5.129980171774681e-10,5.119712267236006e-10,1.0267904538675045e-12,1.0267904538675045e-12
pair_excitation-1ns,A,PCHIP,134,1.3721600000000001e-05,1.3824e-05,2.7697103671562707e-10,2.765464712047893e-10,4.2456551083774533e-13,4.2456551083774533e-13
pair_excitation-1ns,A,PCHIP,135,1.3824e-05,1.3926400000000001e-05,1.7895449822746333e-10,1.7878135241333994e-10,1.73145814123396e-13,1.73145814123396e-13
pair_excitation-1ns,A,PCHIP,136,1.3926400000000001e-05,1.40288e-05,1.3389696038249002e-10,1.3385776638348582e-10,3.919399900419798e-14,3.919399900419798e-14
pair_excitation-1ns,A,PCHIP,137,1.40288e-05,1.4131200000000001e-05,1.1003050491794886e-10,1.099255317189509e-10,1.0497319899795463e-13,1.0497319899795463e-13
pair_excitation-1ns,A,PCHIP,138,1.4131200000000001e-05,1.42336e-05,9.506670251527987e-11,9.476980385889037e-11,2.968986563894982e-13,2.968986563894982e-13
pair_excitation-1ns,A,PCHIP,139,1.42336e-05,1.4336000000000001e-05,8.221190692721158e-11,8.217743712817428e-11,3.4469799037304584e-14,3.4469799037304584e-14
pair_excitation-1ns,A,PCHIP,140,1.4336000000000001e-05,1.44384e-05,6.951283669396768e-11,6.943092506409675e-11,8.191162987093274e-14,8.191162987093274e-14
pair_excitation-1ns,A,PCHIP,141,1.44384e-05,1.45408e-05,5.750260075396746e-11,5.7444612550693965e-11,5.79882032734958e-14,5.79882032734958e-14
pair_excitation-1ns,A,PCHIP,142,1.45408e-05,1.46432e-05,4.869318867812712e-11,4.866908154656047e-11,2.410713156664634e-14,2.410713156664634e-14
pair_excitation-1ns,A,PCHIP,143,1.46432e-05,1.47456e-05,4.4194088658638775e-11,4.419731533084803e-11,-3.2266722092564706e-15,3.2266722092564706e-15
pair_excitation-1ns,A,PCHIP,144,1.47456e-05,1.4848e-05,4.3481130360009095e-11,4.3505609474855566e-11,-2.4479114846471287e-14,2.4479114846471287e-14
pair_excitation-1ns,A,PCHIP,145,1.4848e-05,1.49504e-05,4.5652362255662527e-11,4.569311037658293e-11,-4.07481209204021e-14,4.07481209204021e-14
pair_excitation-1ns,A,PCHIP,146,1.49504e-05,1.5052800000000001e-05,5.005967805376965e-11,5.011334641162573e-11,-5.366835785607877e-14,5.366835785607877e-14
pair_excitation-1ns,A,PCHIP,147,1.5052800000000001e-05,1.51552e-05,5.640757943166179e-11,5.647207690258912e-11,-6.449747092732792e-14,6.449747092732792e-14
pair_excitation-1ns,A,PCHIP,148,1.51552e-05,1.5257600000000001e-05,6.467244828448226e-11,6.474651171422179e-11,-7.406342973952695e-14,7.406342973952695e-14
pair_excitation-1ns,A,PCHIP,149,1.5257600000000001e-05,1.5360000000000002e-05,7.406010914675043e-11,7.413545261462501e-11,-7.534346787458456e-14,7.534346787458456e-14
pair_excitation-1ns,A,PCHIP,150,1.5360000000000002e-05,1.54624e-05,8.385405878416045e-11,8.392961891506396e-11,-7.556013090351352e-14,7.556013090351352e-14
pair_excitation-1ns,A,PCHIP,151,1.54624e-05,1.55648e-05,9.398329047661001e-11,9.405906771133206e-11,-7.577723472204995e-14,7.577723472204995e-14
pair_excitation-1ns,A,PCHIP,152,1.55648e-05,1.56672e-05,1.0440390431897938e-10,1.0447916407844169e-10,-7.525975946230652e-14,7.525975946230652e-14
pair_excitation-1ns,A,PCHIP,153,1.56672e-05,1.57696e-05,1.1509214599796862e-10,1.1516665668097028e-10,-7.451068300166041e-14,7.451068300166041e-14
pair_excitation-1ns,A,PCHIP,154,1.57696e-05,1.5872e-05,1.2605606536343736e-10,1.2613011906180032e-10,-7.405369836296129e-14,7.405369836296129e-14
pair_excitation-1ns,A,PCHIP,155,1.5872e-05,1.59744e-05,1.3734772999852833e-10,1.3742103645437192e-10,-7.330645584358532e-14,7.330645584358532e-14
pair_excitation-1ns,A,PCHIP,156,1.59744e-05,1.60768e-05,1.4907536122320747e-10,1.4914914929616226e-10,-7.378807295479223e-14,7.378807295479223e-14
pair_excitation-1ns,A,PCHIP,157,1.60768e-05,1.61792e-05,1.6143430050065552e-10,1.6150948743786973e-10,-7.518693721420794e-14,7.518693721420794e-14
pair_excitation-1ns,A,PCHIP,158,1.61792e-05,1.62816e-05,1.7475807554547819e-10,1.7483681902868227e-10,-7.874348320408769e-14,7.874348320408769e-14
pair_excitation-1ns,A,PCHIP,159,1.62816e-05,1.6384e-05,1.8963969033381584e-10,1.8972650345593508e-10,-8.681312211924446e-14,8.681312211924446e-14
pair_excitation-1ns,A,PCHIP,160,1.6384e-05,1.6486400000000002e-05,2.0723374285880318e-10,2.0733770975197513e-10,-1.0396689317195104e-13,1.0396689317195104e-13
pair_excitation-1ns,A,PCHIP,161,1.6486400000000002e-05,1.65888e-05,2.3017232892415057e-10,2.303125682646592e-10,-1.4023934050861607e-13,1.4023934050861607e-13
pair_excitation-1ns,A,PCHIP,162,1.65888e-05,1.66912e-05,2.664156536375842e-10,2.6662885309312654e-10,-2.1319945554235772e-13,2.1319945554235772e-13
pair_excitation-1ns,A,PCHIP,163,1.66912e-05,1.67936e-05,3.629610331746949e-10,3.6399071338607646e-10,-1.029680211381577e-12,1.029680211381577e-12
pair_excitation-1ns,A,PCHIP,164,1.67936e-05,1.6896000000000002e-05,1.5348369614669545e-09,1.5425287869889679e-09,-7.691825522013381e-12,7.691825522013381e-12
pair_excitation-1ns,A,PCHIP,165,1.6896000000000002e-05,1.69984e-05,1.0442074711003479e-09,1.040789002018995e-09,3.4184690813528395e-12,3.4184690813528395e-12
pair_excitation-1ns,A,PCHIP,166,1.69984e-05,1.71008e-05,4.789871377681546e-10,4.78047724856069e-10,9.394129120855797e-13,9.394129120855797e-13
pair_excitation-1ns,A,PCHIP,167,1.71008e-05,1.72032e-05,2.633338777501836e-10,2.629441604607728e-10,3.897172894107954e-13,3.897172894107954e-13
pair_excitation-1ns,A,PCHIP,168,1.72032e-05,1.73056e-05,1.7294013386840876e-10,1.7278729144518548e-10,1.5284242322328326e-13,1.5284242322328326e-13
pair_excitation-1ns,A,PCHIP,169,1.73056e-05,1.7408e-05,1.307173255322359e-10,1.307221570711993e-10,-4.83153896338688e-15,4.83153896338688e-15
pair_excitation-1ns,A,PCHIP,170,1.7408e-05,1.75104e-05,1.0739087736049073e-10,1.0711040869438132e-10,2.8046866610940255e-13,2.8046866610940255e-13
pair_excitation-1ns,A,PCHIP,171,1.75104e-05,1.7612800000000002e-05,9.260652562771237e-11,9.246762742058939e-11,1.3889820712298424e-13,1.3889820712298424e-13
pair_excitation-1ns,A,PCHIP,172,1.7612800000000002e-05,1.77152e-05,8.154437716687623e-11,8.15020107547532e-11,4.236641212303293e-14,4.236641212303293e-14
pair_excitation-1ns,A,PCHIP,173,1.77152e-05,1.78176e-05,7.084802188517889e-11,7.076938231503648e-11,7.86395701424161e-14,7.86395701424161e-14
pair_excitation-1ns,A,PCHIP,174,1.78176e-05,1.792e-05,6.036677430846614e-11,6.030597946712721e-11,6.079484133892397e-14,6.079484133892397e-14
pair_excitation-1ns,A,PCHIP,175,1.792e-05,1.8022400000000002e-05,5.2137325560474655e-11,5.210810151968818e-11,2.922404078647628e-14,2.922404078647628e-14
pair_excitation-1ns,A,PCHIP,176,1.8022400000000002e-05,1.81248e-05,4.7530218459850976e-11,4.7528640162660524e-11,1.5782971904518754e-15,1.5782971904518754e-15
pair_excitation-1ns,A,PCHIP,177,1.81248e-05,1.82272e-05,4.6454654986433576e-11,4.6474990199976193e-11,-2.0335213542617092e-14,2.0335213542617092e-14
pair_excitation-1ns,A,PCHIP,178,1.82272e-05,1.83296e-05,4.8248752555613694e-11,4.828619822695551e-11,-3.7445671341813466e-14,3.7445671341813466e-14
pair_excitation-1ns,A,PCHIP,179,1.83296e-05,1.8432e-05,5.2356795956499605e-11,5.2407928819311594e-11,-5.1132862811989305e-14,5.1132862811989305e-14
pair_excitation-1ns,A,PCHIP,180,1.8432e-05,1.85344e-05,5.850908807671012e-11,5.85714576779638e-11,-6.236960125367829e-14,6.236960125367829e-14
pair_excitation-1ns,A,PCHIP,181,1.85344e-05,1.86368e-05,6.671902067272235e-11,6.679250039879682e-11,-7.347972607447293e-14,7.347972607447293e-14
pair_excitation-1ns,A,PCHIP,182,1.86368e-05,1.8739200000000002e-05,7.62510747348881e-11,7.632594809399314e-11,-7.48733591050387e-14,7.48733591050387e-14
pair_excitation-1ns,A,PCHIP,183,1.8739200000000002e-05,1.88416e-05,8.621980623861601e-11,8.629523688392203e-11,-7.543064530602001e-14,7.543064530602001e-14
pair_excitation-1ns,A,PCHIP,184,1.88416e-05,1.8944e-05,9.653680509767157e-11,9.661251285955242e-11,-7.57077618808535e-14,7.57077618808535e-14
pair_excitation-1ns,A,PCHIP,185,1.8944e-05,1.90464e-05,1.071575487822181e-10,1.0723251192569689e-10,-7.496314347878928e-14,7.496314347878928e-14
pair_excitation-1ns,A,PCHIP,186,1.90464e-05,1.9148800000000002e-05,1.1805844594410205e-10,1.1813303438168224e-10,-7.458843758019037e-14,7.458843758019037e-14
pair_excitation-1ns,A,PCHIP,187,1.9148800000000002e-05,1.92512e-05,1.292528542888498e-10,1.29326811845212e-10,-7.395755636220598e-14,7.395755636220598e-14
pair_excitation-1ns,A,PCHIP,188,1.92512e-05,1.93536e-05,1.4080073360180135e-10,1.4087441068462774e-10,-7.367708282639852e-14,7.367708282639852e-14
pair_excitation-1ns,A,PCHIP,189,1.93536e-05,1.9456e-05,1.5282786875411189e-10,1.5290232153051722e-10,-7.445277640533658e-14,7.445277640533658e-14
pair_excitation-1ns,A,PCHIP,190,1.9456e-05,1.9558400000000002e-05,1.655593638896119e-10,1.656354124808184e-10,-7.604859120648996e-14,7.604859120648996e-14
pair_excitation-1ns,A,PCHIP,191,1.9558400000000002e-05,1.96608e-05,1.793830137533162e-10,1.7946381071789264e-10,-8.079696457643224e-14,8.079696457643224e-14
pair_excitation-1ns,A,PCHIP,192,1.96608e-05,1.97632e-05,1.9500556905600638e-10,1.9509593420032393e-10,-9.036514431754927e-14,9.036514431754927e-14
pair_excitation-1ns,A,PCHIP,193,1.97632e-05,1.9865600000000002e-05,2.1384646261599045e-10,2.13959585936286e-10,-1.1312332029556468e-13,1.1312332029556468e-13
pair_excitation-1ns,A,PCHIP,194,1.9865600000000002e-05,1.9968e-05,2.393601879086307e-10,2.3950464927593726e-10,-1.4446136730657403e-13,1.4446136730657403e-13
pair_excitation-1ns,A,PCHIP,195,1.9968e-05,2e-05,8.21963003933745e-11,8.226540881068798e-11,-6.910841731348009e-14,6.910841731348009e-14
pair_excitation-1ns,B,PCHIP,0,0.0,1.024e-07,1.7852656871196654e-13,1.9016613789657053e-13,-1.1639569184603988e-14,1.1639569184603988e-14
pair_excitation-1ns,B,PCHIP,1,1.024e-07,2.048e-07,1.2331508445648288e-12,1.2530930470856991e-12,-1.994220252087035e-14,1.994220252087035e-14
pair_excitation-1ns,B,PCHIP,2,2.048e-07,3.072e-07,3.1544871927457317e-12,3.1843570910269345e-12,-2.9869898281202794e-14,2.9869898281202794e-14
pair_excitation-1ns,B,PCHIP,3,3.072e-07,4.096e-07,5.771452608628788e-12,5.809083251279735e-12,-3.7630642650947456e-14,3.7630642650947456e-14
pair_excitation-1ns,B,PCHIP,4,4.096e-07,5.12e-07,8.943428747948095e-12,8.987184604180349e-12,-4.3755856232254026e-14,4.3755856232254026e-14
pair_excitation-1ns,B,PCHIP,5,5.12e-07,6.144e-07,1.2558056485565277e-11,1.2606102044889954e-11,-4.8045559324676423e-14,4.8045559324676423e-14
pair_excitation-1ns,B,PCHIP,6,6.144e-07,7.168000000000001e-07,1.6523052776734372e-11,1.657451800839967e-11,-5.146523166529945e-14,5.146523166529945e-14
pair_excitation-1ns,B,PCHIP,7,7.168000000000001e-07,8.192e-07,2.076375239357094e-11,2.0817410166978698e-11,-5.365777340775641e-14,5.365777340775641e-14
pair_excitation-1ns,B,PCHIP,8,8.192e-07,9.216e-07,2.5217347956573314e-11,2.5272340158305225e-11,-5.4992201731911436e-14,5.4992201731911436e-14
pair_excitation-1ns,B,PCHIP,9,9.216e-07,1.024e-06,2.983090430104602e-11,2.988673464129808e-11,-5.583034025206056e-14,5.583034025206056e-14
pair_excitation-1ns,B,PCHIP,10,1.024e-06,1.1264000000000001e-06,3.456026576765861e-11,3.461591368317043e-11,-5.564791551182325e-14,5.564791551182325e-14
pair_excitation-1ns,B,PCHIP,11,1.1264000000000001e-06,1.2288e-06,3.9366242754214084e-11,3.9421662682490226e-11,-5.541992827614185e-14,5.541992827614185e-14
pair_excitation-1ns,B,PCHIP,12,1.2288e-06,1.3312e-06,4.421661206654044e-11,4.42711929111603e-11,-5.458084461986426e-14,5.458084461986426e-14
pair_excitation-1ns,B,PCHIP,13,1.3312e-06,1.4336000000000001e-06,4.908294881345714e-11,4.913637748049501e-11,-5.342866703786815e-14,5.342866703786815e-14
pair_excitation-1ns,B,PCHIP,14,1.4336000000000001e-06,1.536e-06,5.394095096816126e-11,5.3993182095224736e-11,-5.223112706347667e-14,5.223112706347667e-14
pair_excitation-1ns,B,PCHIP,15,1.536e-06,1.6384e-06,5.877079724812852e-11,5.882123392998623e-11,-5.043668185770536e-14,5.043668185770536e-14
pair_excitation-1ns,B,PCHIP,16,1.6384e-06,1.7408000000000001e-06,6.3554593541221e-11,6.360348930287139e-11,-4.8895761650386456e-14,4.8895761650386456e-14
pair_excitation-1ns,B,PCHIP,17,1.7408000000000001e-06,1.8432e-06,6.82789174256468e-11,6.832597364100524e-11,-4.7056215358446036e-14,4.7056215358446036e-14
pair_excitation-1ns,B,PCHIP,18,1.8432e-06,1.9456e-06,7.29324235258393e-11,7.297757707161133e-11,-4.515354577203886e-14,4.515354577203886e-14
pair_excitation-1ns,B,PCHIP,19,1.9456e-06,2.048e-06,7.75065106146157e-11,7.754989742489384e-11,-4.3386810278143254e-14,4.3386810278143254e-14
pair_excitation-1ns,B,PCHIP,20,2.048e-06,2.1504e-06,8.199585297237785e-11,8.203713043976961e-11,-4.1277467391762926e-14,4.1277467391762926e-14
pair_excitation-1ns,B,PCHIP,21,2.1504e-06,2.2528000000000003e-06,8.639650563059155e-11,8.643601659521096e-11,-3.951096461940702e-14,3.951096461940702e-14
pair_excitation-1ns,B,PCHIP,22,2.2528000000000003e-06,2.3552e-06,9.070824434832613e-11,9.074586702511926e-11,-3.7622676793132814e-14,3.7622676793132814e-14
pair_excitation-1ns,B,PCHIP,23,2.3552e-06,2.4576e-06,9.493291683028454e-11,9.496871253839239e-11,-3.5795708107850134e-14,3.5795708107850134e-14
pair_excitation-1ns,B,PCHIP,24,2.4576e-06,2.56e-06,9.90754765294059e-11,9.910965982221828e-11,-3.4183292812375675e-14,3.4183292812375675e-14
pair_excitation-1ns,B,PCHIP,25,2.56e-06,2.6624e-06,1.0314521091910017e-10,1.0317762170514069e-10,-3.24107860405205e-14,3.24107860405205e-14
pair_excitation-1ns,B,PCHIP,26,2.6624e-06,2.7648e-06,1.0715574892338161e-10,1.0718678059440643e-10,-3.103167102481623e-14,3.103167102481623e-14
pair_excitation-1ns,B,PCHIP,27,2.7648e-06,2.8672000000000003e-06,1.1112992914838509e-10,1.1115964879016967e-10,-2.97196417845813e-14,2.97196417845813e-14
pair_excitation-1ns,B,PCHIP,28,2.8672000000000003e-06,2.9696e-06,1.1510544515639341e-10,1.1513416182735309e-10,-2.8716670959677093e-14,2.8716670959677093e-14
pair_excitation-1ns,B,PCHIP,29,2.9696e-06,3.072e-06,1.1915510572268737e-10,1.1918358039190144e-10,-2.847466921406998e-14,2.847466921406998e-14
pair_excitation-1ns,B,PCHIP,30,3.072e-06,3.1744e-06,1.2346688345836547e-10,1.2350003024522097e-10,-3.314678685549855e-14,3.314678685549855e-14
pair_excitation-1ns,B,PCHIP,31,3.1744e-06,3.2768e-06,1.3045696452522674e-10,1.3057843485568434e-10,-1.2147033045759881e-13,1.2147033045759881e-13
pair_excitation-1ns,B,PCHIP,32,3.2768e-06,3.3792e-06,1.605414177105331e-10,1.6066317598028264e-10,-1.2175826974953235e-13,1.2175826974953235e-13
pair_excitation-1ns,B,PCHIP,33,3.3792e-06,3.4816000000000003e-06,2.6590217646677895e-10,2.6702331862200243e-10,-1.1211421552234842e-12,1.1211421552234842e-12
pair_excitation-1ns,B,PCHIP,34,3.4816000000000003e-06,3.5840000000000003e-06,1.658643543007445e-09,1.6658086423394163e-09,-7.165099331971188e-12,7.165099331971188e-12
pair_excitation-1ns,B,PCHIP,35,3.5840000000000003e-06,3.6864e-06,1.1144979376758483e-09,1.1112194945914037e-09,3.2784430844445165e-12,3.2784430844445165e-12
pair_excitation-1ns,B,PCHIP,36,3.6864e-06,3.7888e-06,4.770675374387484e-10,4.760446316364324e-10,1.0229058023160578e-12,1.0229058023160578e-12
pair_excitation-1ns,B,PCHIP,37,3.7888e-06,3.8912e-06,2.425056068020907e-10,2.4209599307214946e-10,4.09613729941245e-13,4.09613729941245e-13
pair_excitation-1ns,B,PCHIP,38,3.8912e-06,3.9936e-06,1.479992154073931e-10,1.4783512096726445e-10,1.6409444012863913e-13,1.6409444012863913e-13
pair_excitation-1ns,B,PCHIP,39,3.9936e-06,4.096e-06,1.0561657536970943e-10,1.0568377175090708e-10,-6.719638119764497e-14,6.719638119764497e-14
pair_excitation-1ns,B,PCHIP,40,4.096e-06,4.1984e-06,8.157410692493982e-11,8.108842574243914e-11,4.856811825006754e-13,4.856811825006754e-13
pair_excitation-1ns,B,PCHIP,41,4.1984e-06,4.3008e-06,5.695269597398e-11,5.676074966918796e-11,1.9194630479204196e-13,1.9194630479204196e-13
pair_excitation-1ns,B,PCHIP,42,4.3008e-06,4.4032000000000005e-06,3.5110770675046854e-11,3.513966726600684e-11,-2.889659095998387e-14,2.889659095998387e-14
pair_excitation-1ns,B,PCHIP,43,4.4032000000000005e-06,4.5056000000000005e-06,2.4127044317410835e-11,2.4151824264098712e-11,-2.4779946687876934e-14,2.4779946687876934e-14
pair_excitation-1ns,B,PCHIP,44,4.5056000000000005e-06,4.608e-06,2.1000787839735095e-11,2.1023959698083652e-11,-2.3171858348557065e-14,2.3171858348557065e-14
pair_excitation-1ns,B,PCHIP,45,4.608e-06,4.7104e-06,2.1675618897880295e-11,2.170721610226784e-11,-3.159720438754367e-14,3.159720438754367e-14
pair_excitation-1ns,B,PCHIP,46,4.7104e-06,4.8128e-06,2.425729351142947e-11,2.4297138076583523e-11,-3.984456515405198e-14,3.984456515405198e-14
pair_excitation-1ns,B,PCHIP,47,4.8128e-06,4.9152e-06,2.7990695416718463e-11,2.803669714719738e-11,-4.6001730478915396e-14,4.6001730478915396e-14
pair_excitation-1ns,B,PCHIP,48,4.9152e-06,5.0176e-06,3.258060554412058e-11,3.263131377000142e-11,-5.070822588083757e-14,5.070822588083757e-14
pair_excitation-1ns,B,PCHIP,49,5.0176e-06,5.12e-06,3.791119599074291e-11,3.796560853145056e-11,-5.441254070764548e-14,5.441254070764548e-14
pair_excitation-1ns,B,PCHIP,50,5.12e-06,5.2224e-06,4.366377185583474e-11,4.371841742331114e-11,-5.464556747640443e-14,5.464556747640443e-14
pair_excitation-1ns,B,PCHIP,51,5.2224e-06,5.3248e-06,4.958620648393912e-11,4.964103111725816e-11,-5.482463331903762e-14,5.482463331903762e-14
pair_excitation-1ns,B,PCHIP,52,5.3248e-06,5.4272e-06,5.562820599634128e-11,5.56825148355622e-11,-5.4308839220919107e-14,5.4308839220919107e-14
pair_excitation-1ns,B,PCHIP,53,5.4272e-06,5.5296e-06,6.174628316920597e-11,6.179968446781616e-11,-5.340129861019248e-14,5.340129861019248e-14
pair_excitation-1ns,B,PCHIP,54,5.5296e-06,5.6320000000000005e-06,6.79025758447852e-11,6.79549645617727e-11,-5.238871698749966e-14,5.238871698749966e-14
pair_excitation-1ns,B,PCHIP,55,5.6320000000000005e-06,5.7344000000000005e-06,7.406655297165577e-11,7.411729198146795e-11,-5.073900981218048e-14,5.073900981218048e-14
pair_excitation-1ns,B,PCHIP,56,5.7344000000000005e-06,5.836800000000001e-06,8.021319309056912e-11,8.026252053582164e-11,-4.932744525252642e-14,4.932744525252642e-14
pair_excitation-1ns,B,PCHIP,57,5.836800000000001e-06,5.9392e-06,8.632595973928395e-11,8.637357922237011e-11,-4.761948308616128e-14,4.761948308616128e-14
pair_excitation-1ns,B,PCHIP,58,5.9392e-06,6.0416e-06,9.239477369700822e-11,9.244064833930636e-11,-4.5874642298144686e-14,4.5874642298144686e-14
pair_excitation-1ns,B,PCHIP,59,6.0416e-06,6.144e-06,9.841734859200403e-11,9.846167016259712e-11,-4.432157059309033e-14,4.432157059309033e-14
pair_excitation-1ns,B,PCHIP,60,6.144e-06,6.2464e-06,1.0440118416526463e-10,1.04443691193609e-10,-4.2507028344365015e-14,4.2507028344365015e-14
pair_excitation-1ns,B,PCHIP,61,6.2464e-06,6.3488e-06,1.1036488382087573e-10,1.1040607746885614e-10,-4.119364798041575e-14,4.119364798041575e-14
pair_excitation-1ns,B,PCHIP,62,6.3488e-06,6.4512e-06,1.1634838732659077e-10,1.16388415864199e-10,-4.002853760822631e-14,4.002853760822631e-14
pair_excitation-1ns,B,PCHIP,63,6.4512e-06,6.5536e-06,1.224336415282809e-10,1.2247320498790866e-10,-3.956345962776099e-14,3.956345962776099e-14
pair_excitation-1ns,B,PCHIP,64,6.5536e-06,6.656e-06,1.2884072813035948e-10,1.2888450146442126e-10,-4.3773334061783225e-14,4.3773334061783225e-14
pair_excitation-1ns,B,PCHIP,65,6.656e-06,6.7584e-06,1.3820521419101526e-10,1.3829734342769958e-10,-9.212923668432065e-14,9.212923668432065e-14
pair_excitation-1ns,B,PCHIP,66,6.7584e-06,6.8608000000000004e-06,1.620263208472777e-10,1.621621380976828e-10,-1.3581725040511791e-13,1.3581725040511791e-13
pair_excitation-1ns,B,PCHIP,67,6.8608000000000004e-06,6.9632000000000005e-06,2.0430335913428687e-10,2.0455632731578933e-10,-2.5296818150245795e-13,2.5296818150245795e-13
pair_excitation-1ns,B,PCHIP,68,6.9632000000000005e-06,7.065600000000001e-06,3.025220032674985e-10,3.035459420583738e-10,-1.0239387908753439e-12,1.0239387908753439e-12
pair_excitation-1ns,B,PCHIP,69,7.065600000000001e-06,7.168000000000001e-06,1.3197052989640772e-09,1.3257348645411972e-09,-6.029565577120041e-12,6.029565577120041e-12
pair_excitation-1ns,B,PCHIP,70,7.168000000000001e-06,7.2704e-06,9.065172629462769e-10,9.036651540381642e-10,2.8521089081127364e-12,2.8521089081127364e-12
pair_excitation-1ns,B,PCHIP,71,7.2704e-06,7.3728e-06,4.0238733075732055e-10,4.015633032756646e-10,8.240274816559308e-13,8.240274816559308e-13
pair_excitation-1ns,B,PCHIP,72,7.3728e-06,7.4752e-06,2.1327086749244026e-10,2.129394356226799e-10,3.314318697603478e-13,3.314318697603478e-13
pair_excitation-1ns,B,PCHIP,73,7.4752e-06,7.5776e-06,1.351478232446118e-10,1.3506335117979073e-10,8.447206482106307e-14,8.447206482106307e-14
pair_excitation-1ns,B,PCHIP,74,7.5776e-06,7.680000000000001e-06,9.746776092298472e-11,9.74675302470858e-11,2.306758989238651e-16,2.306758989238651e-16
pair_excitation-1ns,B,PCHIP,75,7.680000000000001e-06,7.7824e-06,7.014644607341647e-11,6.944839963968563e-11,6.980464337308403e-13,6.980464337308403e-13
pair_excitation-1ns,B,PCHIP,76,7.7824e-06,7.8848e-06,4.305474994054197e-11,4.3111356866817487e-11,-5.660692627551527e-14,5.660692627551527e-14
pair_excitation-1ns,B,PCHIP,77,7.8848e-06,7.9872e-06,2.7200589241025365e-11,2.7234113472702157e-11,-3.3524231676791937e-14,3.3524231676791937e-14
pair_excitation-1ns,B,PCHIP,78,7.9872e-06,8.0896e-06,2.1628082639844404e-11,2.165049159845281e-11,-2.2408958608407144e-14,2.2408958608407144e-14
pair_excitation-1ns,B,PCHIP,79,8.0896e-06,8.192e-06,2.1246021414252866e-11,2.1274842464595534e-11,-2.882105034266772e-14,2.882105034266772e-14
pair_excitation-1ns,B,PCHIP,80,8.192e-06,8.2944e-06,2.3311001103719684e-11,2.3348401247921555e-11,-3.740014420187175e-14,3.740014420187175e-14
pair_excitation-1ns,B,PCHIP,81,8.2944e-06,8.3968e-06,2.673889816616616e-11,2.6783278467106264e-11,-4.4380300940102914e-14,4.4380300940102914e-14
pair_excitation-1ns,B,PCHIP,82,8.3968e-06,8.4992e-06,3.111322281310631e-11,3.1162763840292715e-11,-4.954102718640476e-14,4.954102718640476e-14
pair_excitation-1ns,B,PCHIP,83,8.4992e-06,8.6016e-06,3.6284679384478224e-11,3.6338420208028983e-11,-5.3740823550759577e-14,5.3740823550759577e-14
pair_excitation-1ns,B,PCHIP,84,8.6016e-06,8.704e-06,4.199674942955328e-11,4.205164734713757e-11,-5.4897917584291994e-14,5.4897917584291994e-14
pair_excitation-1ns,B,PCHIP,85,8.704e-06,8.806400000000001e-06,4.791398708688581e-11,4.796878989944512e-11,-5.4802812559311977e-14,5.4802812559311977e-14
pair_excitation-1ns,B,PCHIP,86,8.806400000000001e-06,8.9088e-06,5.396746595858195e-11,5.4022110975772554e-11,-5.4645017190605134e-14,5.4645017190605134e-14
pair_excitation-1ns,B,PCHIP,87,8.9088e-06,9.011200000000001e-06,6.011248375010067e-11,6.016633294645154e-11,-5.384919635086825e-14,5.384919635086825e-14
pair_excitation-1ns,B,PCHIP,88,9.011200000000001e-06,9.1136e-06,6.6309105983197e-11,6.636182793340322e-11,-5.2721950206218506e-14,5.2721950206218506e-14
pair_excitation-1ns,B,PCHIP,89,9.1136e-06,9.216e-06,7.252419355172976e-11,7.257573771548146e-11,-5.1544163751700346e-14,5.1544163751700346e-14
pair_excitation-1ns,B,PCHIP,90,9.216e-06,9.3184e-06,7.873276141115923e-11,7.878255221736824e-11,-4.979080620900952e-14,4.979080620900952e-14
pair_excitation-1ns,B,PCHIP,91,9.3184e-06,9.4208e-06,8.491612018715984e-11,8.496444201375378e-11,-4.83218265939437e-14,4.83218265939437e-14
pair_excitation-1ns,B,PCHIP,92,9.4208e-06,9.5232e-06,9.10650669119174e-11,9.111168247182664e-11,-4.661555990923147e-14,4.661555990923147e-14
pair_excitation-1ns,B,PCHIP,93,9.5232e-06,9.6256e-06,9.717869595644291e-11,9.72236317717172e-11,-4.4935815274297146e-14,4.4935815274297146e-14
pair_excitation-1ns,B,PCHIP,94,9.6256e-06,9.728e-06,1.0326758706659789e-10,1.0331111835614106e-10,-4.35312895431707e-14,4.35312895431707e-14
pair_excitation-1ns,B,PCHIP,95,9.728e-06,9.8304e-06,1.0936035389746117e-10,1.0940237290977858e-10,-4.201901231740724e-14,4.201901231740724e-14
pair_excitation-1ns,B,PCHIP,96,9.8304e-06,9.932800000000001e-06,1.1551832568493234e-10,1.1555967811972435e-10,-4.135243479200436e-14,4.135243479200436e-14
pair_excitation-1ns,B,PCHIP,97,9.932800000000001e-06,1.00352e-05,1.2190174511284442e-10,1.2194475494928096e-10,-4.300983643653668e-14,4.300983643653668e-14
pair_excitation-1ns,B,PCHIP,98,1.00352e-05,1.0137600000000001e-05,1.2992292828831472e-10,1.299949738355828e-10,-7.204554726808672e-14,7.204554726808672e-14
pair_excitation-1ns,B,PCHIP,99,1.0137600000000001e-05,1.024e-05,1.4866103052160543e-10,1.4880952362118383e-10,-1.4849309957840292e-13,1.4849309957840292e-13
pair_excitation-1ns,B,PCHIP,100,1.024e-05,1.0342400000000001e-05,1.8047664681163698e-10,1.8060129436091988e-10,-1.246475492828971e-13,1.246475492828971e-13
pair_excitation-1ns,B,PCHIP,101,1.0342400000000001e-05,1.04448e-05,2.291769974766187e-10,2.2952170811562964e-10,-3.4471063901094355e-13,3.4471063901094355e-13
pair_excitation-1ns,B,PCHIP,102,1.04448e-05,1.05472e-05,3.921310063608766e-10,3.9449819287802774e-10,-2.3671865171511265e-12,2.3671865171511265e-12
pair_excitation-1ns,B,PCHIP,103,1.05472e-05,1.06496e-05,1.4459988236106352e-09,1.4500874652777456e-09,-4.08864166711043e-12,4.08864166711043e-12
pair_excitation-1ns,B,PCHIP,104,1.06496e-05,1.0752e-05,7.094062505708381e-10,7.074925632846003e-10,1.9136872862377977e-12,1.9136872862377977e-12
pair_excitation-1ns,B,PCHIP,105,1.0752e-05,1.08544e-05,3.303075979012386e-10,3.296755558462672e-10,6.320420549714296e-13,6.320420549714296e-13
pair_excitation-1ns,B,PCHIP,106,1.08544e-05,1.09568e-05,1.843705721984004e-10,1.841186896275621e-10,2.5188257083830995e-13,2.5188257083830995e-13
pair_excitation-1ns,B,PCHIP,107,1.09568e-05,1.10592e-05,1.219798333917607e-10,1.219922663063271e-10,-1.2432914566392736e-14,1.2432914566392736e-14
pair_excitation-1ns,B,PCHIP,108,1.10592e-05,1.11616e-05,8.914120725851942e-11,8.875206157630111e-11,3.89145682218311e-13,3.89145682218311e-13
pair_excitation-1ns,B,PCHIP,109,1.11616e-05,1.1264000000000001e-05,6.039595132580567e-11,6.005723801375766e-11,3.3871331204801423e-13,3.3871331204801423e-13
pair_excitation-1ns,B,PCHIP,110,1.1264000000000001e-05,1.13664e-05,3.608174842127611e-11,3.612877778668221e-11,-4.7029365406104897e-14,4.7029365406104897e-14
pair_excitation-1ns,B,PCHIP,111,1.13664e-05,1.1468800000000001e-05,2.4344633094022992e-11,2.43723086037963e-11,-2.7675509773308136e-14,2.7675509773308136e-14
pair_excitation-1ns,B,PCHIP,112,1.1468800000000001e-05,1.15712e-05,2.1093541802673626e-11,2.1117377828409524e-11,-2.383602573589727e-14,2.383602573589727e-14
pair_excitation-1ns,B,PCHIP,113,1.15712e-05,1.1673600000000001e-05,2.179765314502981e-11,2.182975412754175e-11,-3.2100982511941366e-14,3.2100982511941366e-14
pair_excitation-1ns,B,PCHIP,114,1.1673600000000001e-05,1.1776e-05,2.4446620853974018e-11,2.4486986566249102e-11,-4.0365712275084126e-14,4.0365712275084126e-14
pair_excitation-1ns,B,PCHIP,115,1.1776e-05,1.18784e-05,2.826817356875933e-11,2.8314546405479937e-11,-4.6372836720608006e-14,4.6372836720608006e-14
pair_excitation-1ns,B,PCHIP,116,1.18784e-05,1.19808e-05,3.297109078395069e-11,3.302246426700357e-11,-5.137348305287589e-14,5.137348305287589e-14
pair_excitation-1ns,B,PCHIP,117,1.19808e-05,1.20832e-05,3.842454238857782e-11,3.847908673225063e-11,-5.454434367280863e-14,5.454434367280863e-14
pair_excitation-1ns,B,PCHIP,118,1.20832e-05,1.21856e-05,4.425175032531286e-11,4.430663511923086e-11,-5.4884793918004103e-14,5.4884793918004103e-14
pair_excitation-1ns,B,PCHIP,119,1.21856e-05,1.2288e-05,5.024812414716754e-11,5.030316590074255e-11,-5.504175357500992e-14,5.504175357500992e-14
pair_excitation-1ns,B,PCHIP,120,1.2288e-05,1.23904e-05,5.636579195456892e-11,5.6420082628379526e-11,-5.429067381060329e-14,5.429067381060329e-14
pair_excitation-1ns,B,PCHIP,121,1.23904e-05,1.24928e-05,6.256032394439795e-11,6.261390136937373e-11,-5.3577424975781125e-14,5.3577424975781125e-14
pair_excitation-1ns,B,PCHIP,122,1.24928e-05,1.2595200000000001e-05,6.879515621080797e-11,6.884750626390119e-11,-5.235005309322282e-14,5.235005309322282e-14
pair_excitation-1ns,B,PCHIP,123,1.2595200000000001e-05,1.26976e-05,7.504017354470615e-11,7.509107829359316e-11,-5.090474888701842e-14,5.090474888701842e-14
pair_excitation-1ns,B,PCHIP,124,1.26976e-05,1.2800000000000001e-05,8.127311842543695e-11,8.132262513591619e-11,-4.9506710479233285e-14,4.9506710479233285e-14
pair_excitation-1ns,B,PCHIP,125,1.2800000000000001e-05,1.29024e-05,8.748081573044829e-11,8.752846502544583e-11,-4.764929499753407e-14,4.764929499753407e-14
pair_excitation-1ns,B,PCHIP,126,1.29024e-05,1.3004800000000001e-05,9.365796881242008e-11,9.370413033186972e-11,-4.616151944963985e-14,4.616151944963985e-14
pair_excitation-1ns,B,PCHIP,127,1.3004800000000001e-05,1.31072e-05,9.981194156586626e-11,9.985650474059534e-11,-4.456317472908116e-14,4.456317472908116e-14
pair_excitation-1ns,B,PCHIP,128,1.31072e-05,1.32096e-05,1.0596598493054888e-10,1.0600914682391615e-10,-4.316189336726546e-14,4.316189336726546e-14
pair_excitation-1ns,B,PCHIP,129,1.32096e-05,1.3312e-05,1.1217481937875474e-10,1.1221720063033103e-10,-4.2381251576286747e-14,4.2381251576286747e-14
pair_excitation-1ns,B,PCHIP,130,1.3312e-05,1.34144e-05,1.1858137779424955e-10,1.1862468074315203e-10,-4.330294890247604e-14,4.330294890247604e-14
pair_excitation-1ns,B,PCHIP,131,1.34144e-05,1.35168e-05,1.263240745797502e-10,1.2639140268110435e-10,-6.732810135414474e-14,6.732810135414474e-14
pair_excitation-1ns,B,PCHIP,132,1.35168e-05,1.36192e-05,1.4347753406198617e-10,1.436114197808827e-10,-1.3388571889653507e-13,1.3388571889653507e-13
pair_excitation-1ns,B,PCHIP,133,1.36192e-05,1.3721600000000001e-05,1.718823643583464e-10,1.720004722693444e-10,-1.1810791099799167e-13,1.1810791099799167e-13
pair_excitation-1ns,B,PCHIP,134,1.3721600000000001e-05,1.3824e-05,2.1098554431260138e-10,2.112240538477722e-10,-2.385095351708146e-13,2.385095351708146e-13
pair_excitation-1ns,B,PCHIP,135,1.3824e-05,1.3926400000000001e-05,2.841840356334144e-10,2.848563897632942e-10,-6.723541298797747e-13,6.723541298797747e-13
pair_excitation-1ns,B,PCHIP,136,1.3926400000000001e-05,1.40288e-05,1.0660486773643502e-09,1.0723568947379878e-09,-6.308217373637535e-12,6.308217373637535e-12
pair_excitation-1ns,B,PCHIP,137,1.40288e-05,1.4131200000000001e-05,1.03860641193133e-09,1.0351007894325794e-09,3.5056224987505558e-12,3.5056224987505558e-12
pair_excitation-1ns,B,PCHIP,138,1.4131200000000001e-05,1.42336e-05,4.499742071085851e-10,4.490249688157392e-10,9.49238292845893e-13,9.49238292845893e-13
pair_excitation-1ns,B,PCHIP,139,1.42336e-05,1.4336000000000001e-05,2.3196305922043643e-10,2.3158375989577492e-10,3.7929932466150685e-13,3.7929932466150685e-13
pair_excitation-1ns,B,PCHIP,140,1.4336000000000001e-05,1.44384e-05,1.4321607544451095e-10,1.4310742744990961e-10,1.0864799460133627e-13,1.0864799460133627e-13
pair_excitation-1ns,B,PCHIP,141,1.44384e-05,1.45408e-05,1.0131863192052798e-10,1.0138013776083104e-10,-6.15058403030645e-14,6.15058403030645e-14
pair_excitation-1ns,B,PCHIP,142,1.45408e-05,1.46432e-05,7.251654609656953e-11,7.171941616240549e-11,7.971299341640462e-13,7.971299341640462e-13
pair_excitation-1ns,B,PCHIP,143,1.46432e-05,1.47456e-05,4.4206906948738066e-11,4.4282688098507287e-11,-7.578114976922041e-14,7.578114976922041e-14
pair_excitation-1ns,B,PCHIP,144,1.47456e-05,1.4848e-05,2.7600920070700602e-11,2.7637160327779003e-11,-3.624025707840099e-14,3.624025707840099e-14
pair_excitation-1ns,B,PCHIP,145,1.4848e-05,1.49504e-05,2.172671377269828e-11,2.1749574555221246e-11,-2.2860782522966755e-14,2.2860782522966755e-14
pair_excitation-1ns,B,PCHIP,146,1.49504e-05,1.5052800000000001e-05,2.1251097855661692e-11,2.1279773511910365e-11,-2.8675656248672746e-14,2.8675656248672746e-14
pair_excitation-1ns,B,PCHIP,147,1.5052800000000001e-05,1.51552e-05,2.3293112298469556e-11,2.3330512012132242e-11,-3.739971366268642e-14,3.739971366268642e-14
pair_excitation-1ns,B,PCHIP,148,1.51552e-05,1.5257600000000001e-05,2.6728420858001065e-11,2.6772732524754177e-11,-4.431166675311188e-14,4.431166675311188e-14
pair_excitation-1ns,B,PCHIP,149,1.5257600000000001e-05,1.5360000000000002e-05,3.113032967730306e-11,3.118007565068194e-11,-4.9745973378876617e-14,4.9745973378876617e-14
pair_excitation-1ns,B,PCHIP,150,1.5360000000000002e-05,1.54624e-05,3.634697796202526e-11,3.640075959884345e-11,-5.378163681819147e-14,5.378163681819147e-14
pair_excitation-1ns,B,PCHIP,151,1.54624e-05,1.55648e-05,4.209881153106935e-11,4.215369177793826e-11,-5.4880246868915e-14,5.4880246868915e-14
pair_excitation-1ns,B,PCHIP,152,1.55648e-05,1.56672e-05,4.805654224351592e-11,4.811155688887366e-11,-5.5014645357740065e-14,5.5014645357740065e-14
pair_excitation-1ns,B,PCHIP,153,1.56672e-05,1.57696e-05,5.415437374478241e-11,5.42090254404838e-11,-5.46516957013905e-14,5.46516957013905e-14
pair_excitation-1ns,B,PCHIP,154,1.57696e-05,1.5872e-05,6.03463943047513e-11,6.040046989147201e-11,-5.407558672070376e-14,5.407558672070376e-14
pair_excitation-1ns,B,PCHIP,155,1.5872e-05,1.59744e-05,6.659352937380138e-11,6.664627755924319e-11,-5.274818544180774e-14,5.274818544180774e-14
pair_excitation-1ns,B,PCHIP,156,1.59744e-05,1.60768e-05,7.286246787880177e-11,7.291405563349043e-11,-5.1587754688669434e-14,5.1587754688669434e-14
pair_excitation-1ns,B,PCHIP,157,1.60768e-05,1.61792e-05,7.912929499907503e-11,7.9179345816798e-11,-5.00508177229709e-14,5.00508177229709e-14
pair_excitation-1ns,B,PCHIP,158,1.61792e-05,1.62816e-05,8.537779777553357e-11,8.542621768246152e-11,-4.841990692794606e-14,4.841990692794606e-14
pair_excitation-1ns,B,PCHIP,159,1.62816e-05,1.6384e-05,9.160128434617328e-11,9.164823428278724e-11,-4.694993661396343e-14,4.694993661396343e-14
pair_excitation-1ns,B,PCHIP,160,1.6384e-05,1.6486400000000002e-05,9.780547008879121e-11,9.785064852319691e-11,-4.517843440569658e-14,4.517843440569658e-14
pair_excitation-1ns,B,PCHIP,161,1.6486400000000002e-05,1.65888e-05,1.0401194818400941e-10,1.040558978800176e-10,-4.3949696008190606e-14,4.3949696008190606e-14
pair_excitation-1ns,B,PCHIP,162,1.65888e-05,1.66912e-05,1.1027630681668518e-10,1.1031931299352299e-10,-4.300617683780958e-14,4.300617683780958e-14
pair_excitation-1ns,B,PCHIP,163,1.66912e-05,1.67936e-05,1.1674802789501797e-10,1.1679239280009236e-10,-4.4364905074394424e-14,4.4364905074394424e-14
pair_excitation-1ns,B,PCHIP,164,1.67936e-05,1.6896000000000002e-05,1.248036248294697e-10,1.2487357422706096e-10,-6.994939759125912e-14,6.994939759125912e-14
pair_excitation-1ns,B,PCHIP,165,1.6896000000000002e-05,1.69984e-05,1.4224154336146408e-10,1.4236917737674513e-10,-1.2763401528104526e-13,1.2763401528104526e-13
pair_excitation-1ns,B,PCHIP,166,1.69984e-05,1.71008e-05,1.6925001365292678e-10,1.693700205893762e-10,-1.2000693644942555e-13,1.2000693644942555e-13
pair_excitation-1ns,B,PCHIP,167,1.71008e-05,1.72032e-05,2.0394680420325132e-10,2.0413966264449201e-10,-1.928584412406892e-13,1.928584412406892e-13
pair_excitation-1ns,B,PCHIP,168,1.72032e-05,1.73056e-05,2.573503853148344e-10,2.5776626290666895e-10,-4.1587759183454663e-13,4.1587759183454663e-13
pair_excitation-1ns,B,PCHIP,169,1.73056e-05,1.7408e-05,6.00708352850423e-10,6.069772349978168e-10,-6.268882147393745e-12,6.268882147393745e-12
pair_excitation-1ns,B,PCHIP,170,1.7408e-05,1.75104e-05,1.3470248941395743e-09,1.3449810692433101e-09,2.0438248962642145e-12,2.0438248962642145e-12
pair_excitation-1ns,B,PCHIP,171,1.75104e-05,1.7612800000000002e-05,5.717489906567555e-10,5.704375218568739e-10,1.311468799881598e-12,1.311468799881598e-12
pair_excitation-1ns,B,PCHIP,172,1.7612800000000002e-05,1.77152e-05,2.787754676235496e-10,2.7827569341818163e-10,4.997742053679922e-13,4.997742053679922e-13
pair_excitation-1ns,B,PCHIP,173,1.77152e-05,1.78176e-05,1.6310936612659356e-10,1.6292727281625674e-10,1.8209331033682009e-13,1.8209331033682009e-13
pair_excitation-1ns,B,PCHIP,174,1.78176e-05,1.792e-05,1.1142830064584257e-10,1.1161199021454064e-10,-1.836895686980673e-13,1.836895686980673e-13
pair_excitation-1ns,B,PCHIP,175,1.792e-05,1.8022400000000002e-05,8.107649593987025e-11,8.01429779047028e-11,9.335180351674467e-13,9.335180351674467e-13
pair_excitation-1ns,B,PCHIP,176,1.8022400000000002e-05,1.81248e-05,5.1108265533532334e-11,5.1171239527851214e-11,-6.29739943188803e-14,6.29739943188803e-14
pair_excitation-1ns,B,PCHIP,177,1.81248e-05,1.82272e-05,3.085538014905255e-11,3.0898709462349736e-11,-4.332931329718682e-14,4.332931329718682e-14
pair_excitation-1ns,B,PCHIP,178,1.82272e-05,1.83296e-05,2.2632847861621233e-11,2.265681618240894e-11,-2.396832078770813e-14,2.396832078770813e-14
pair_excitation-1ns,B,PCHIP,179,1.83296e-05,1.8432e-05,2.1103184900082534e-11,2.1129596538197306e-11,-2.6411638114771922e-14,2.6411638114771922e-14
pair_excitation-1ns,B,PCHIP,180,1.8432e-05,1.85344e-05,2.2636843753552755e-11,2.267199456592213e-11,-3.5150812369374097e-14,3.5150812369374097e-14
pair_excitation-1ns,B,PCHIP,181,1.85344e-05,1.86368e-05,2.577378063522246e-11,2.5816533991348402e-11,-4.275335612594322e-14,4.275335612594322e-14
pair_excitation-1ns,B,PCHIP,182,1.86368e-05,1.8739200000000002e-05,2.996128178113501e-11,3.000968621084061e-11,-4.840442970559928e-14,4.840442970559928e-14
pair_excitation-1ns,B,PCHIP,183,1.8739200000000002e-05,1.88416e-05,3.5001447784882755e-11,3.505451980262421e-11,-5.3072017741452414e-14,5.3072017741452414e-14
pair_excitation-1ns,B,PCHIP,184,1.88416e-05,1.8944e-05,4.0686408044033317e-11,4.074130025178206e-11,-5.48922077487461e-14,5.48922077487461e-14
pair_excitation-1ns,B,PCHIP,185,1.8944e-05,1.90464e-05,4.662361548607231e-11,4.6678539205701165e-11,-5.4923719628858255e-14,5.4923719628858255e-14
pair_excitation-1ns,B,PCHIP,186,1.90464e-05,1.9148800000000002e-05,5.271482428880787e-11,5.276972909615523e-11,-5.490480734735752e-14,5.490480734735752e-14
pair_excitation-1ns,B,PCHIP,187,1.9148800000000002e-05,1.92512e-05,5.89136276483844e-11,5.89678494596399e-11,-5.42218112555015e-14,5.42218112555015e-14
pair_excitation-1ns,B,PCHIP,188,1.92512e-05,1.93536e-05,6.517845975797656e-11,6.523164620062314e-11,-5.318644264658253e-14,5.318644264658253e-14
pair_excitation-1ns,B,PCHIP,189,1.93536e-05,1.9456e-05,7.147499366442274e-11,7.152708082998794e-11,-5.2087165565200166e-14,5.2087165565200166e-14
pair_excitation-1ns,B,PCHIP,190,1.9456e-05,1.9558400000000002e-05,7.777784048301213e-11,7.782823978945044e-11,-5.039930643830564e-14,5.039930643830564e-14
pair_excitation-1ns,B,PCHIP,191,1.9558400000000002e-05,1.96608e-05,8.406910285864377e-11,8.411810346604426e-11,-4.9000607400488315e-14,4.9000607400488315e-14
pair_excitation-1ns,B,PCHIP,192,1.96608e-05,1.97632e-05,9.034236542618395e-11,9.038974140459117e-11,-4.737597840722545e-14,4.737597840722545e-14
pair_excitation-1ns,B,PCHIP,193,1.97632e-05,1.9865600000000002e-05,9.660315765135278e-11,9.664897533313657e-11,-4.581768178379158e-14,4.581768178379158e-14
pair_excitation-1ns,B,PCHIP,194,1.9865600000000002e-05,1.9968e-05,1.0287808952511403e-10,1.0292118399360534e-10,-4.309446849131413e-14,4.309446849131413e-14
pair_excitation-1ns,B,PCHIP,195,1.9968e-05,2e-05,3.344462465166572e-11,3.345845353170477e-11,-1.3828880039051318e-14,1.3828880039051318e-14
pair_excitation-1ns,A,CS,0,0.0,1.024e-07,2.5004796108861396e-13,2.604212559151989e-13,-1.0373294826584926e-14,1.0373294826584926e-14
pair_excitation-1ns,A,CS,1,1.024e-07,2.048e-07,1.6893208146143346e-12,1.7164034660334591e-12,-2.7082651419124505e-14,2.7082651419124505e-14
pair_excitation-1ns,A,CS,2,2.048e-07,3.072e-07,4.3233958395826796e-12,4.364248412345261e-12,-4.08525727625815e-14,4.08525727625815e-14
pair_excitation-1ns,A,CS,3,3.072e-07,4.096e-07,7.918186578475407e-12,7.969696807864323e-12,-5.1510229388916305e-14,5.1510229388916305e-14
pair_excitation-1ns,A,CS,4,4.096e-07,5.12e-07,1.2288193231659247e-11,1.2348176841062636e-11,-5.998360940338877e-14,5.998360940338877e-14
pair_excitation-1ns,A,CS,5,5.12e-07,6.144e-07,1.7287738062736117e-11,1.7353696194378653e-11,-6.595813164253657e-14,6.595813164253657e-14
pair_excitation-1ns,A,CS,6,6.144e-07,7.168000000000001e-07,2.2798596453885097e-11,2.2869365064701408e-11,-7.076861081631114e-14,7.076861081631114e-14
pair_excitation-1ns,A,CS,7,7.168000000000001e-07,8.192e-07,2.8726219608318402e-11,2.8800133159910297e-11,-7.391355159189461e-14,7.391355159189461e-14
pair_excitation-1ns,A,CS,8,8.192e-07,9.216e-07,3.499161614972931e-11,3.506751786087451e-11,-7.590171114520285e-14,7.590171114520285e-14
pair_excitation-1ns,A,CS,9,9.216e-07,1.024e-06,4.1528675129395064e-11,4.160590076441445e-11,-7.722563501938508e-14,7.722563501938508e-14
pair_excitation-1ns,A,CS,10,1.024e-06,1.1264000000000001e-06,4.8282835479226314e-11,4.8359994039802766e-11,-7.715856057645169e-14,7.715856057645169e-14
pair_excitation-1ns,A,CS,11,1.1264000000000001e-06,1.2288e-06,5.5206113135651605e-11,5.528316314142005e-11,-7.705000576844534e-14,7.705000576844534e-14
pair_excitation-1ns,A,CS,12,1.2288e-06,1.3312e-06,6.226026504905457e-11,6.233638117899515e-11,-7.611612994058265e-14,7.611612994058265e-14
pair_excitation-1ns,A,CS,13,1.3312e-06,1.4336000000000001e-06,6.941288881034152e-11,6.948766281435588e-11,-7.477400401435515e-14,7.477400401435515e-14
pair_excitation-1ns,A,CS,14,1.4336000000000001e-06,1.536e-06,7.663847714007722e-11,7.671188257739165e-11,-7.340543731442839e-14,7.340543731442839e-14
pair_excitation-1ns,A,CS,15,1.536e-06,1.6384e-06,8.39196852574039e-11,8.399092902768567e-11,-7.124377028177245e-14,7.124377028177245e-14
pair_excitation-1ns,A,CS,16,1.6384e-06,1.7408000000000001e-06,9.124468834636126e-11,9.131418913409795e-11,-6.950078773668766e-14,6.950078773668766e-14
pair_excitation-1ns,A,CS,17,1.7408000000000001e-06,1.8432e-06,9.8611989308831e-11,9.867940680675889e-11,-6.741749792789146e-14,6.741749792789146e-14
pair_excitation-1ns,A,CS,18,1.8432e-06,1.9456e-06,1.0602867511346911e-10,1.0609402802168735e-10,-6.535290821824171e-14,6.535290821824171e-14
pair_excitation-1ns,A,CS,19,1.9456e-06,2.048e-06,1.1351361620727822e-10,1.1357725397250531e-10,-6.363776522708224e-14,6.363776522708224e-14
pair_excitation-1ns,A,CS,20,2.048e-06,2.1504e-06,1.2110158109078235e-10,1.2116321248963374e-10,-6.16313988513846e-14,6.16313988513846e-14
pair_excitation-1ns,A,CS,21,2.1504e-06,2.2528000000000003e-06,1.2884560396129278e-10,1.2890600650173675e-10,-6.04025404439692e-14,6.04025404439692e-14
pair_excitation-1ns,A,CS,22,2.2528000000000003e-06,2.3552e-06,1.3682856641826656e-10,1.3688808409524022e-10,-5.951767697365739e-14,5.951767697365739e-14
pair_excitation-1ns,A,CS,23,2.3552e-06,2.4576e-06,1.4517584821697205e-10,1.4523481926585362e-10,-5.897104888157093e-14,5.897104888157093e-14
pair_excitation-1ns,A,CS,24,2.4576e-06,2.56e-06,1.540801165602605e-10,1.5414148794945443e-10,-6.137138919392671e-14,6.137138919392671e-14
pair_excitation-1ns,A,CS,25,2.56e-06,2.6624e-06,1.6386795912187358e-10,1.6392710828665043e-10,-5.914916477685071e-14,5.914916477685071e-14
pair_excitation-1ns,A,CS,26,2.6624e-06,2.7648e-06,1.7506869373734982e-10,1.7515313663469218e-10,-8.444289734236285e-14,8.444289734236285e-14
pair_excitation-1ns,A,CS,27,2.7648e-06,2.8672000000000003e-06,1.8889676925516726e-10,1.889236001371822e-10,-2.683088201494951e-14,2.683088201494951e-14
pair_excitation-1ns,A,CS,28,2.8672000000000003e-06,2.9696e-06,2.0748302375218054e-10,2.0781467138676462e-10,-3.3164763458408045e-13,3.3164763458408045e-13
pair_excitation-1ns,A,CS,29,2.9696e-06,3.072e-06,2.4049778226577636e-10,2.399250040053096e-10,5.727782604667336e-13,5.727782604667336e-13
pair_excitation-1ns,A,CS,30,3.072e-06,3.1744e-06,3.3462818526693433e-10,3.3874156631108164e-10,-4.113381044147307e-12,4.113381044147307e-12
pair_excitation-1ns,A,CS,31,3.1744e-06,3.2768e-06,2.1215839939643394e-09,2.1302381456317275e-09,-8.654151667388126e-12,8.654151667388126e-12
pair_excitation-1ns,A,CS,32,3.2768e-06,3.3792e-06,1.4089689733607338e-09,1.4051256999906495e-09,3.843273370084308e-12,3.843273370084308e-12
pair_excitation-1ns,A,CS,33,3.3792e-06,3.4816000000000003e-06,6.112632070869454e-10,6.102719729935337e-10,9.912340934116352e-13,9.912340934116352e-13
pair_excitation-1ns,A,CS,34,3.4816000000000003e-06,3.5840000000000003e-06,3.158965845711738e-10,3.153399589900311e-10,5.566255811427245e-13,5.566255811427245e-13
pair_excitation-1ns,A,CS,35,3.5840000000000003e-06,3.6864e-06,1.957817761479543e-10,1.9560531687283451e-10,1.7645927511977824e-13,1.7645927511977824e-13
pair_excitation-1ns,A,CS,36,3.6864e-06,3.7888e-06,1.425793649323192e-10,1.4247891417425952e-10,1.0045075805968768e-13,1.0045075805968768e-13
pair_excitation-1ns,A,CS,37,3.7888e-06,3.8912e-06,1.167743888001178e-10,1.167250697409504e-10,4.931905916739261e-14,4.931905916739261e-14
pair_excitation-1ns,A,CS,38,3.8912e-06,3.9936e-06,1.0152197189942505e-10,1.0147629566203134e-10,4.567623739371508e-14,4.567623739371508e-14
pair_excitation-1ns,A,CS,39,3.9936e-06,4.096e-06,8.676466642364457e-11,8.665969827416031e-11,1.0496814948425799e-13,1.0496814948425799e-13
pair_excitation-1ns,A,CS,40,4.096e-06,4.1984e-06,6.832304774606158e-11,6.81687069944857e-11,1.5434075157588323e-13,1.5434075157588323e-13
pair_excitation-1ns,A,CS,41,4.1984e-06,4.3008e-06,5.06046664781831e-11,5.0508134887737656e-11,9.653159044544304e-14,9.653159044544304e-14
pair_excitation-1ns,A,CS,42,4.3008e-06,4.4032000000000005e-06,3.935569178357635e-11,3.9315307701571186e-11,4.03840820051634e-14,4.03840820051634e-14
pair_excitation-1ns,A,CS,43,4.4032000000000005e-06,4.5056000000000005e-06,3.489444748393076e-11,3.489724452941608e-11,-2.797045485323202e-15,2.797045485323202e-15
pair_excitation-1ns,A,CS,44,4.5056000000000005e-06,4.608e-06,3.506825530633318e-11,3.509854872000955e-11,-3.0293413676371814e-14,3.0293413676371814e-14
pair_excitation-1ns,A,CS,45,4.608e-06,4.7104e-06,3.814957797169509e-11,3.8197072927356196e-11,-4.7494955661106843e-14,4.7494955661106843e-14
pair_excitation-1ns,A,CS,46,4.7104e-06,4.8128e-06,4.3235647059855744e-11,4.329531725879283e-11,-5.967019893708705e-14,5.967019893708705e-14
pair_excitation-1ns,A,CS,47,4.8128e-06,4.9152e-06,4.9983646124015974e-11,5.005260102250443e-11,-6.895489848845711e-14,6.895489848845711e-14
pair_excitation-1ns,A,CS,48,4.9152e-06,5.0176e-06,5.822977649181912e-11,5.830456119461046e-11,-7.478470279133925e-14,7.478470279133925e-14
pair_excitation-1ns,A,CS,49,5.0176e-06,5.12e-06,6.71561096632246e-11,6.72323032283468e-11,-7.619356512220206e-14,7.619356512220206e-14
pair_excitation-1ns,A,CS,50,5.12e-06,5.2224e-06,7.644601608028595e-11,7.652235130284578e-11,-7.633522255983146e-14,7.633522255983146e-14
pair_excitation-1ns,A,CS,51,5.2224e-06,5.3248e-06,8.604273835372961e-11,8.611917193208504e-11,-7.643357835543387e-14,7.643357835543387e-14
pair_excitation-1ns,A,CS,52,5.3248e-06,5.4272e-06,9.590163034436255e-11,9.597740235277685e-11,-7.577200841430428e-14,7.577200841430428e-14
pair_excitation-1ns,A,CS,53,5.4272e-06,5.5296e-06,1.0599484919159513e-10,1.060696762337551e-10,-7.482704215996833e-14,7.482704215996833e-14
pair_excitation-1ns,A,CS,54,5.5296e-06,5.6320000000000005e-06,1.1631912643497124e-10,1.1639320316102316e-10,-7.407672605192146e-14,7.407672605192146e-14
pair_excitation-1ns,A,CS,55,5.6320000000000005e-06,5.7344000000000005e-06,1.2690363103104544e-10,1.2697649637342027e-10,-7.286534237483668e-14,7.286534237483668e-14
pair_excitation-1ns,A,CS,56,5.7344000000000005e-06,5.836800000000001e-06,1.3781588234711335e-10,1.3788850226296338e-10,-7.261991585003069e-14,7.261991585003069e-14
pair_excitation-1ns,A,CS,57,5.836800000000001e-06,5.9392e-06,1.4918136799656933e-10,1.4925406079940034e-10,-7.269280283100926e-14,7.269280283100926e-14
pair_excitation-1ns,A,CS,58,5.9392e-06,6.0416e-06,1.612087287095622e-10,1.6128325643596226e-10,-7.452772640006941e-14,7.452772640006941e-14
pair_excitation-1ns,A,CS,59,6.0416e-06,6.144e-06,1.7425494081151598e-10,1.743315029705434e-10,-7.656215902741851e-14,7.656215902741851e-14
pair_excitation-1ns,A,CS,60,6.144e-06,6.2464e-06,1.8894247674282476e-10,1.8903406547729022e-10,-9.158873446546177e-14,9.158873446546177e-14
pair_excitation-1ns,A,CS,61,6.2464e-06,6.3488e-06,2.0657237450782368e-10,2.0664973896088632e-10,-7.736445306263312e-14,7.736445306263312e-14
pair_excitation-1ns,A,CS,62,6.3488e-06,6.4512e-06,2.2990193435318293e-10,2.3013929439634066e-10,-2.373600431577269e-13,2.373600431577269e-13
pair_excitation-1ns,A,CS,63,6.4512e-06,6.5536e-06,2.69089646010838e-10,2.690047194226603e-10,8.49265881777103e-14,8.49265881777103e-14
pair_excitation-1ns,A,CS,64,6.5536e-06,6.656e-06,3.927613055018473e-10,3.9574615161547827e-10,-2.9848461136309816e-12,2.9848461136309816e-12
pair_excitation-1ns,A,CS,65,6.656e-06,6.7584e-06,1.766539747346255e-09,1.7732657361365176e-09,-6.725988790262582e-12,6.725988790262582e-12
pair_excitation-1ns,A,CS,66,6.7584e-06,6.8608000000000004e-06,9.732447961335464e-10,9.713409453883208e-10,1.9038507452255743e-12,1.9038507452255743e-12
pair_excitation-1ns,A,CS,67,6.8608000000000004e-06,6.9632000000000005e-06,4.5332273098169847e-10,4.523778334812207e-10,9.448975004777472e-13,9.448975004777472e-13
pair_excitation-1ns,A,CS,68,6.9632000000000005e-06,7.065600000000001e-06,2.52853414475469e-10,2.525677063865995e-10,2.857080888694776e-13,2.857080888694776e-13
pair_excitation-1ns,A,CS,69,7.065600000000001e-06,7.168000000000001e-06,1.6838364028490605e-10,1.6822594723073055e-10,1.576930541755048e-13,1.576930541755048e-13
pair_excitation-1ns,A,CS,70,7.168000000000001e-06,7.2704e-06,1.291502715427015e-10,1.290793620690249e-10,7.090947367660982e-14,7.090947367660982e-14
pair_excitation-1ns,A,CS,71,7.2704e-06,7.3728e-06,1.0824255384186856e-10,1.0818586236821217e-10,5.669147365639522e-14,5.669147365639522e-14
pair_excitation-1ns,A,CS,72,7.3728e-06,7.4752e-06,9.314973478393943e-11,9.307070216122199e-11,7.903262271744783e-14,7.903262271744783e-14
pair_excitation-1ns,A,CS,73,7.4752e-06,7.5776e-06,7.76975892016107e-11,7.757060594556906e-11,1.2698325604164862e-13,1.2698325604164862e-13
pair_excitation-1ns,A,CS,74,7.5776e-06,7.680000000000001e-06,6.152687259445201e-11,6.141101482251437e-11,1.1585777193764106e-13,1.1585777193764106e-13
pair_excitation-1ns,A,CS,75,7.680000000000001e-06,7.7824e-06,4.843408968465367e-11,4.836737462623512e-11,6.67150584185482e-14,6.67150584185482e-14
pair_excitation-1ns,A,CS,76,7.7824e-06,7.8848e-06,4.0938708939101426e-11,4.0916782881618e-11,2.1926057483427706e-14,2.1926057483427706e-14
pair_excitation-1ns,A,CS,77,7.8848e-06,7.9872e-06,3.851176644240013e-11,3.852377241853004e-11,-1.20059761299099e-14,1.20059761299099e-14
pair_excitation-1ns,A,CS,78,7.9872e-06,8.0896e-06,3.9686285091669075e-11,3.97208779843432e-11,-3.4592892674123993e-14,3.4592892674123993e-14
pair_excitation-1ns,A,CS,79,8.0896e-06,8.192e-06,4.335936372201997e-11,4.340956865088731e-11,-5.02049288673379e-14,5.02049288673379e-14
pair_excitation-1ns,A,CS,80,8.192e-06,8.2944e-06,4.895433127149406e-11,4.9015569883191096e-11,-6.123861169703366e-14,6.123861169703366e-14
pair_excitation-1ns,A,CS,81,8.2944e-06,8.3968e-06,5.630377529276666e-11,5.637506690060306e-11,-7.129160783640086e-14,7.129160783640086e-14
pair_excitation-1ns,A,CS,82,8.3968e-06,8.4992e-06,6.508541090792492e-11,6.516028995540387e-11,-7.487904747895063e-14,7.487904747895063e-14
pair_excitation-1ns,A,CS,83,8.4992e-06,8.6016e-06,7.439251078455458e-11,7.446840330526013e-11,-7.589252070555072e-14,7.589252070555072e-14
pair_excitation-1ns,A,CS,84,8.6016e-06,8.704e-06,8.404887705219391e-11,8.412521379149744e-11,-7.633673930353504e-14,7.633673930353504e-14
pair_excitation-1ns,A,CS,85,8.704e-06,8.806400000000001e-06,9.400338960213348e-11,9.407906575361356e-11,-7.567615148007303e-14,7.567615148007303e-14
pair_excitation-1ns,A,CS,86,8.806400000000001e-06,8.9088e-06,1.0421730023454515e-10,1.0429253122043651e-10,-7.523098589136962e-14,7.523098589136962e-14
pair_excitation-1ns,A,CS,87,8.9088e-06,9.011200000000001e-06,1.1467672563958171e-10,1.1475103810447371e-10,-7.431246489199683e-14,7.431246489199683e-14
pair_excitation-1ns,A,CS,88,9.011200000000001e-06,9.1136e-06,1.2539756868517481e-10,1.2547100587160793e-10,-7.343718643311324e-14,7.343718643311324e-14
pair_excitation-1ns,A,CS,89,9.1136e-06,9.216e-06,1.364360697557743e-10,1.3650923042864325e-10,-7.316067286895257e-14,7.316067286895257e-14
pair_excitation-1ns,A,CS,90,9.216e-06,9.3184e-06,1.4790433529815446e-10,1.4797721455481268e-10,-7.287925665821501e-14,7.287925665821501e-14
pair_excitation-1ns,A,CS,91,9.3184e-06,9.4208e-06,1.5999273841696998e-10,1.600673951487028e-10,-7.465673173281573e-14,7.465673173281573e-14
pair_excitation-1ns,A,CS,92,9.4208e-06,9.5232e-06,1.7302956551250622e-10,1.731061093875849e-10,-7.654387507867648e-14,7.654387507867648e-14
pair_excitation-1ns,A,CS,93,9.5232e-06,9.6256e-06,1.8758149340665795e-10,1.8767041226507573e-10,-8.891885841777536e-14,8.891885841777536e-14
pair_excitation-1ns,A,CS,94,9.6256e-06,9.728e-06,2.047977886221625e-10,2.0487905394308186e-10,-8.126532091936359e-14,8.126532091936359e-14
pair_excitation-1ns,A,CS,95,9.728e-06,9.8304e-06,2.2706395929026756e-10,2.2726725392935413e-10,-2.0329463908657673e-13,2.0329463908657673e-13
pair_excitation-1ns,A,CS,96,9.8304e-06,9.932800000000001e-06,2.62434408605737e-10,2.624053317649626e-10,2.907684077440365e-14,2.907684077440365e-14
pair_excitation-1ns,A,CS,97,9.932800000000001e-06,1.00352e-05,3.5212000623281747e-10,3.5404266863356396e-10,-1.9226624007464953e-12,1.9226624007464953e-12
pair_excitation-1ns,A,CS,98,1.00352e-05,1.0137600000000001e-05,1.5483531335361163e-09,1.5561676660671249e-09,-7.814532531008596e-12,7.814532531008596e-12
pair_excitation-1ns,A,CS,99,1.0137600000000001e-05,1.024e-05,1.10561806768587e-09,1.1023486816867777e-09,3.2693859990922983e-12,3.2693859990922983e-12
pair_excitation-1ns,A,CS,100,1.024e-05,1.0342400000000001e-05,5.012764433609511e-10,5.006578740867613e-10,6.185692741897336e-13,6.185692741897336e-13
pair_excitation-1ns,A,CS,101,1.0342400000000001e-05,1.04448e-05,2.7250146414288626e-10,2.720241193476258e-10,4.77344795260436e-13,4.77344795260436e-13
pair_excitation-1ns,A,CS,102,1.04448e-05,1.05472e-05,1.7693645348893591e-10,1.7680542425966327e-10,1.310292292726456e-13,1.310292292726456e-13
pair_excitation-1ns,A,CS,103,1.05472e-05,1.06496e-05,1.3314072727501773e-10,1.3304768183072115e-10,9.304544429658492e-14,9.304544429658492e-14
pair_excitation-1ns,A,CS,104,1.06496e-05,1.0752e-05,1.1012743677088855e-10,1.1006943005747001e-10,5.800671341853741e-14,5.800671341853741e-14
pair_excitation-1ns,A,CS,105,1.0752e-05,1.08544e-05,9.497948657524949e-11,9.4906622553584e-11,7.286402166549364e-14,7.286402166549364e-14
pair_excitation-1ns,A,CS,106,1.08544e-05,1.09568e-05,8.120189682170899e-11,8.109352949416128e-11,1.0836732754771017e-13,1.0836732754771017e-13
pair_excitation-1ns,A,CS,107,1.09568e-05,1.10592e-05,6.682435963850009e-11,6.671046348005876e-11,1.1389615844132842e-13,1.1389615844132842e-13
pair_excitation-1ns,A,CS,108,1.10592e-05,1.11616e-05,5.391451320445578e-11,5.383668752277659e-11,7.782568167919326e-14,7.782568167919326e-14
pair_excitation-1ns,A,CS,109,1.11616e-05,1.1264000000000001e-05,4.5265759796550015e-11,4.523075660327168e-11,3.500319327833517e-14,3.500319327833517e-14
pair_excitation-1ns,A,CS,110,1.1264000000000001e-05,1.13664e-05,4.142825608452362e-11,4.1428960033258516e-11,-7.039487348927301e-16,7.039487348927301e-16
pair_excitation-1ns,A,CS,111,1.13664e-05,1.1468800000000001e-05,4.141830488776826e-11,4.144440751592849e-11,-2.610262816023097e-14,2.610262816023097e-14
pair_excitation-1ns,A,CS,112,1.1468800000000001e-05,1.15712e-05,4.417991053930856e-11,4.422359071773735e-11,-4.3680178428789424e-14,4.3680178428789424e-14
pair_excitation-1ns,A,CS,113,1.15712e-05,1.1673600000000001e-05,4.905347171153546e-11,4.9110032273031283e-11,-5.656056149582438e-14,5.656056149582438e-14
pair_excitation-1ns,A,CS,114,1.1673600000000001e-05,1.1776e-05,5.5776602038953076e-11,5.584368768979476e-11,-6.708565084168433e-14,6.708565084168433e-14
pair_excitation-1ns,A,CS,115,1.1776e-05,1.18784e-05,6.426698585107296e-11,6.434117732678766e-11,-7.419147571469996e-14,7.419147571469996e-14
pair_excitation-1ns,A,CS,116,1.18784e-05,1.19808e-05,7.359768394256401e-11,7.367318223652053e-11,-7.549829395651874e-14,7.549829395651874e-14
pair_excitation-1ns,A,CS,117,1.19808e-05,1.20832e-05,8.330415233745232e-11,8.338009964856525e-11,-7.594731111293682e-14,7.594731111293682e-14
pair_excitation-1ns,A,CS,118,1.20832e-05,1.21856e-05,9.333093821432422e-11,9.340669039458215e-11,-7.575218025793721e-14,7.575218025793721e-14
pair_excitation-1ns,A,CS,119,1.21856e-05,1.2288e-05,1.0363520624634142e-10,1.037106483489427e-10,-7.54421026012798e-14,7.54421026012798e-14
pair_excitation-1ns,A,CS,120,1.2288e-05,1.23904e-05,1.1419689693144802e-10,1.1427121921529367e-10,-7.432228384565069e-14,7.432228384565069e-14
pair_excitation-1ns,A,CS,121,1.23904e-05,1.24928e-05,1.2502475672991602e-10,1.2509854695008315e-10,-7.37902201671318e-14,7.37902201671318e-14
pair_excitation-1ns,A,CS,122,1.24928e-05,1.2595200000000001e-05,1.361704847149573e-10,1.3624372875182636e-10,-7.324403686906002e-14,7.324403686906002e-14
pair_excitation-1ns,A,CS,123,1.2595200000000001e-05,1.26976e-05,1.4773989801665986e-10,1.4781315133305046e-10,-7.325331639060343e-14,7.325331639060343e-14
pair_excitation-1ns,A,CS,124,1.26976e-05,1.2800000000000001e-05,1.5991905692435275e-10,1.599939989020018e-10,-7.494197764903946e-14,7.494197764903946e-14
pair_excitation-1ns,A,CS,125,1.2800000000000001e-05,1.29024e-05,1.7302873366246345e-10,1.731054158344285e-10,-7.668217196505785e-14,7.668217196505785e-14
pair_excitation-1ns,A,CS,126,1.29024e-05,1.3004800000000001e-05,1.8762271112651313e-10,1.8771098588624473e-10,-8.82747597316029e-14,8.82747597316029e-14
pair_excitation-1ns,A,CS,127,1.3004800000000001e-05,1.31072e-05,2.0481380682670362e-10,2.0489724153359768e-10,-8.343470689406903e-14,8.343470689406903e-14
pair_excitation-1ns,A,CS,128,1.31072e-05,1.32096e-05,2.2691082357075978e-10,2.271016466413281e-10,-1.9082307056832085e-13,1.9082307056832085e-13
pair_excitation-1ns,A,CS,129,1.32096e-05,1.3312e-05,2.614612489764813e-10,2.614652050454796e-10,-3.956068998323283e-15,3.956068998323283e-15
pair_excitation-1ns,A,CS,130,1.3312e-05,1.34144e-05,3.4516495601164806e-10,3.4682974886972537e-10,-1.6647928580773054e-12,1.6647928580773054e-12
pair_excitation-1ns,A,CS,131,1.34144e-05,1.35168e-05,1.463500368452953e-09,1.4714726147718833e-09,-7.97224631893028e-12,7.97224631893028e-12
pair_excitation-1ns,A,CS,132,1.35168e-05,1.36192e-05,1.1368765311182698e-09,1.1332678035673945e-09,3.608727550875246e-12,3.608727550875246e-12
pair_excitation-1ns,A,CS,133,1.36192e-05,1.3721600000000001e-05,5.124908883244268e-10,5.119712267236006e-10,5.19661600826147e-13,5.19661600826147e-13
pair_excitation-1ns,A,CS,134,1.3721600000000001e-05,1.3824e-05,2.770780426106301e-10,2.765464712047893e-10,5.315714058407671e-13,5.315714058407671e-13
pair_excitation-1ns,A,CS,135,1.3824e-05,1.3926400000000001e-05,1.7890379082352957e-10,1.7878135241333994e-10,1.2243841018963156e-13,1.2243841018963156e-13
pair_excitation-1ns,A,CS,136,1.3926400000000001e-05,1.40288e-05,1.3395717313512227e-10,1.3385776638348582e-10,9.940675163644115e-14,9.940675163644115e-14
pair_excitation-1ns,A,CS,137,1.40288e-05,1.4131200000000001e-05,1.0998875649971229e-10,1.099255317189509e-10,6.322478076137975e-14,6.322478076137975e-14
pair_excitation-1ns,A,CS,138,1.4131200000000001e-05,1.42336e-05,9.484167519541775e-11,9.476980385889037e-11,7.187133652737549e-14,7.187133652737549e-14
pair_excitation-1ns,A,CS,139,1.42336e-05,1.4336000000000001e-05,8.227504775860958e-11,8.217743712817428e-11,9.761063043529837e-14,9.761063043529837e-14
pair_excitation-1ns,A,CS,140,1.4336000000000001e-05,1.44384e-05,6.953698176347272e-11,6.943092506409675e-11,1.0605669937597156e-13,1.0605669937597156e-13
pair_excitation-1ns,A,CS,141,1.44384e-05,1.45408e-05,5.752478406634378e-11,5.7444612550693965e-11,8.017151564981786e-14,8.017151564981786e-14
pair_excitation-1ns,A,CS,142,1.45408e-05,1.46432e-05,4.87102531763523e-11,4.866908154656047e-11,4.117162979182583e-14,4.117162979182583e-14
pair_excitation-1ns,A,CS,143,1.46432e-05,1.47456e-05,4.420337944723901e-11,4.419731533084803e-11,6.064116390979273e-15,6.064116390979273e-15
pair_excitation-1ns,A,CS,144,1.47456e-05,1.4848e-05,4.348516209083977e-11,4.3505609474855566e-11,-2.0447384015797812e-14,2.0447384015797812e-14
pair_excitation-1ns,A,CS,145,1.4848e-05,1.49504e-05,4.565396036220753e-11,4.569311037658293e-11,-3.915001437539848e-14,3.915001437539848e-14
pair_excitation-1ns,A,CS,146,1.49504e-05,1.5052800000000001e-05,5.006010240199711e-11,5.011334641162573e-11,-5.3244009628615954e-14,5.3244009628615954e-14
pair_excitation-1ns,A,CS,147,1.5052800000000001e-05,1.51552e-05,5.640794452828504e-11,5.647207690258912e-11,-6.413237430407878e-14,6.413237430407878e-14
pair_excitation-1ns,A,CS,148,1.51552e-05,1.5257600000000001e-05,6.467297429024095e-11,6.474651171422179e-11,-7.353742398084425e-14,7.353742398084425e-14
pair_excitation-1ns,A,CS,149,1.5257600000000001e-05,1.5360000000000002e-05,7.406025688894905e-11,7.413545261462501e-11,-7.519572567596113e-14,7.519572567596113e-14
pair_excitation-1ns,A,CS,150,1.5360000000000002e-05,1.54624e-05,8.385405669105612e-11,8.392961891506396e-11,-7.556222400784957e-14,7.556222400784957e-14
pair_excitation-1ns,A,CS,151,1.54624e-05,1.55648e-05,9.398330861637122e-11,9.405906771133206e-11,-7.575909496084071e-14,7.575909496084071e-14
pair_excitation-1ns,A,CS,152,1.55648e-05,1.56672e-05,1.0440391527724428e-10,1.0447916407844169e-10,-7.524880119740717e-14,7.524880119740717e-14
pair_excitation-1ns,A,CS,153,1.56672e-05,1.57696e-05,1.1509215992345699e-10,1.1516665668097028e-10,-7.44967575132935e-14,7.44967575132935e-14
pair_excitation-1ns,A,CS,154,1.57696e-05,1.5872e-05,1.260560878346998e-10,1.2613011906180032e-10,-7.403122710051141e-14,7.403122710051141e-14
pair_excitation-1ns,A,CS,155,1.5872e-05,1.59744e-05,1.3734776529791793e-10,1.3742103645437192e-10,-7.327115645398869e-14,7.327115645398869e-14
pair_excitation-1ns,A,CS,156,1.59744e-05,1.60768e-05,1.4907548218925735e-10,1.4914914929616226e-10,-7.366710690490952e-14,7.366710690490952e-14
pair_excitation-1ns,A,CS,157,1.60768e-05,1.61792e-05,1.6143426641248188e-10,1.6150948743786973e-10,-7.522102538784223e-14,7.522102538784223e-14
pair_excitation-1ns,A,CS,158,1.61792e-05,1.62816e-05,1.7475934829709488e-10,1.7483681902868227e-10,-7.747073158739587e-14,7.747073158739587e-14
pair_excitation-1ns,A,CS,159,1.62816e-05,1.6384e-05,1.8963671631599348e-10,1.8972650345593508e-10,-8.978713994159819e-14,8.978713994159819e-14
pair_excitation-1ns,A,CS,160,1.6384e-05,1.6486400000000002e-05,2.0725307352742886e-10,2.0733770975197513e-10,-8.46362245462702e-14,8.46362245462702e-14
pair_excitation-1ns,A,CS,161,1.6486400000000002e-05,1.65888e-05,2.3011332793573877e-10,2.303125682646592e-10,-1.9924032892041934e-13,1.9924032892041934e-13
pair_excitation-1ns,A,CS,162,1.65888e-05,1.66912e-05,2.666190629171364e-10,2.6662885309312654e-10,-9.79017599014913e-15,9.79017599014913e-15
pair_excitation-1ns,A,CS,163,1.66912e-05,1.67936e-05,3.6210058404529605e-10,3.6399071338607646e-10,-1.8901293407804175e-12,1.8901293407804175e-12
pair_excitation-1ns,A,CS,164,1.67936e-05,1.6896000000000002e-05,1.5350241446109797e-09,1.5425287869889679e-09,-7.504642377988147e-12,7.504642377988147e-12
pair_excitation-1ns,A,CS,165,1.6896000000000002e-05,1.69984e-05,1.0437118170144162e-09,1.040789002018995e-09,2.9228149954211977e-12,2.9228149954211977e-12
pair_excitation-1ns,A,CS,166,1.69984e-05,1.71008e-05,4.786967399210133e-10,4.78047724856069e-10,6.490150649442755e-13,6.490150649442755e-13
pair_excitation-1ns,A,CS,167,1.71008e-05,1.72032e-05,2.633708545711913e-10,2.629441604607728e-10,4.266941104185143e-13,4.266941104185143e-13
pair_excitation-1ns,A,CS,168,1.72032e-05,1.73056e-05,1.729217043294407e-10,1.7278729144518548e-10,1.3441288425521328e-13,1.3441288425521328e-13
pair_excitation-1ns,A,CS,169,1.73056e-05,1.7408e-05,1.3080706813456709e-10,1.307221570711993e-10,8.491106336778566e-14,8.491106336778566e-14
pair_excitation-1ns,A,CS,170,1.7408e-05,1.75104e-05,1.0718937733125005e-10,1.0711040869438132e-10,7.896863686872633e-14,7.896863686872633e-14
pair_excitation-1ns,A,CS,171,1.75104e-05,1.7612800000000002e-05,9.253777042203275e-11,9.246762742058939e-11,7.014300144335712e-14,7.014300144335712e-14
pair_excitation-1ns,A,CS,172,1.7612800000000002e-05,1.77152e-05,8.159083906282062e-11,8.15020107547532e-11,8.882830806742341e-14,8.882830806742341e-14
pair_excitation-1ns,A,CS,173,1.77152e-05,1.78176e-05,7.08640700431096e-11,7.076938231503648e-11,9.468772807312519e-14,9.468772807312519e-14
pair_excitation-1ns,A,CS,174,1.78176e-05,1.792e-05,6.038188671535903e-11,6.030597946712721e-11,7.590724823181971e-14,7.590724823181971e-14
pair_excitation-1ns,A,CS,175,1.792e-05,1.8022400000000002e-05,5.215031146690917e-11,5.210810151968818e-11,4.220994722098823e-14,4.220994722098823e-14
pair_excitation-1ns,A,CS,176,1.8022400000000002e-05,1.81248e-05,4.7538222830931714e-11,4.7528640162660524e-11,9.58266827119023e-15,9.58266827119023e-15
pair_excitation-1ns,A,CS,177,1.81248e-05,1.82272e-05,4.645845329473525e-11,4.6474990199976193e-11,-1.6536905240943333e-14,1.6536905240943333e-14
pair_excitation-1ns,A,CS,178,1.82272e-05,1.83296e-05,4.825034936272051e-11,4.828619822695551e-11,-3.5848864234996636e-14,3.5848864234996636e-14
pair_excitation-1ns,A,CS,179,1.83296e-05,1.8432e-05,5.235724224284481e-11,5.2407928819311594e-11,-5.068657646678722e-14,5.068657646678722e-14
pair_excitation-1ns,A,CS,180,1.8432e-05,1.85344e-05,5.850941477381797e-11,5.85714576779638e-11,-6.204290414582687e-14,6.204290414582687e-14
pair_excitation-1ns,A,CS,181,1.85344e-05,1.86368e-05,6.671958470091741e-11,6.679250039879682e-11,-7.291569787941183e-14,7.291569787941183e-14
pair_excitation-1ns,A,CS,182,1.86368e-05,1.8739200000000002e-05,7.625127712451695e-11,7.632594809399314e-11,-7.467096947618994e-14,7.467096947618994e-14
pair_excitation-1ns,A,CS,183,1.8739200000000002e-05,1.88416e-05,8.6219795978011e-11,8.629523688392203e-11,-7.54409059110226e-14,7.54409059110226e-14
pair_excitation-1ns,A,CS,184,1.88416e-05,1.8944e-05,9.653682365058261e-11,9.661251285955242e-11,-7.568920896981166e-14,7.568920896981166e-14
pair_excitation-1ns,A,CS,185,1.8944e-05,1.90464e-05,1.0715755826656704e-10,1.0723251192569689e-10,-7.495365912985201e-14,7.495365912985201e-14
pair_excitation-1ns,A,CS,186,1.90464e-05,1.9148800000000002e-05,1.180584581125201e-10,1.1813303438168224e-10,-7.457626916215237e-14,7.457626916215237e-14
pair_excitation-1ns,A,CS,187,1.9148800000000002e-05,1.92512e-05,1.2925287529246315e-10,1.29326811845212e-10,-7.393655274884276e-14,7.393655274884276e-14
pair_excitation-1ns,A,CS,188,1.92512e-05,1.93536e-05,1.4080077551275397e-10,1.4087441068462774e-10,-7.363517187377601e-14,7.363517187377601e-14
pair_excitation-1ns,A,CS,189,1.93536e-05,1.9456e-05,1.5282795525044916e-10,1.5290232153051722e-10,-7.436628006805856e-14,7.436628006805856e-14
pair_excitation-1ns,A,CS,190,1.9456e-05,1.9558400000000002e-05,1.655595438896365e-10,1.656354124808184e-10,-7.586859118190667e-14,7.586859118190667e-14
pair_excitation-1ns,A,CS,191,1.9558400000000002e-05,1.96608e-05,1.7938344444185778e-10,1.7946381071789264e-10,-8.036627603485491e-14,8.036627603485491e-14
pair_excitation-1ns,A,CS,192,1.96608e-05,1.97632e-05,1.9500668932852696e-10,1.9509593420032393e-10,-8.924487179697665e-14,8.924487179697665e-14
pair_excitation-1ns,A,CS,193,1.97632e-05,1.9865600000000002e-05,2.1385178887614587e-10,2.13959585936286e-10,-1.0779706014014209e-13,1.0779706014014209e-13
pair_excitation-1ns,A,CS,194,1.9865600000000002e-05,1.9968e-05,2.393495069091013e-10,2.3950464927593726e-10,-1.551423668359671e-13,1.551423668359671e-13
pair_excitation-1ns,A,CS,195,1.9968e-05,2e-05,8.219643288351697e-11,8.226540881068798e-11,-6.897592717100867e-14,6.897592717100867e-14
pair_excitation-1ns,B,CS,0,0.0,1.024e-07,1.8260122384849466e-13,1.9016613789657053e-13,-7.564914048075866e-15,7.564914048075866e-15
pair_excitation-1ns,B,CS,1,1.024e-07,2.048e-07,1.2333157193510469e-12,1.2530930470856991e-12,-1.9777327734652252e-14,1.9777327734652252e-14
pair_excitation-1ns,B,CS,2,2.048e-07,3.072e-07,3.1545410314866827e-12,3.1843570910269345e-12,-2.981605954025176e-14,2.981605954025176e-14
pair_excitation-1ns,B,CS,3,3.072e-07,4.096e-07,5.771513778399288e-12,5.809083251279735e-12,-3.756947288044733e-14,3.756947288044733e-14
pair_excitation-1ns,B,CS,4,4.096e-07,5.12e-07,8.943477207351258e-12,8.987184604180349e-12,-4.37073968290905e-14,4.37073968290905e-14
pair_excitation-1ns,B,CS,5,5.12e-07,6.144e-07,1.2558099321494318e-11,1.2606102044889954e-11,-4.8002723395635295e-14,4.8002723395635295e-14
pair_excitation-1ns,B,CS,6,6.144e-07,7.168000000000001e-07,1.652308819914607e-11,1.657451800839967e-11,-5.1429809253602263e-14,5.1429809253602263e-14
pair_excitation-1ns,B,CS,7,7.168000000000001e-07,8.192e-07,2.0763783375305758e-11,2.0817410166978698e-11,-5.36267916729398e-14,5.36267916729398e-14
pair_excitation-1ns,B,CS,8,8.192e-07,9.216e-07,2.5217373184415103e-11,2.5272340158305225e-11,-5.496697389012192e-14,5.496697389012192e-14
pair_excitation-1ns,B,CS,9,9.216e-07,1.024e-06,2.9830925309766395e-11,2.988673464129808e-11,-5.580933153168424e-14,5.580933153168424e-14
pair_excitation-1ns,B,CS,10,1.024e-06,1.1264000000000001e-06,3.456028276154306e-11,3.461591368317043e-11,-5.5630921627372965e-14,5.5630921627372965e-14
pair_excitation-1ns,B,CS,11,1.1264000000000001e-06,1.2288e-06,3.936625600597439e-11,3.9421662682490226e-11,-5.540667651583731e-14,5.540667651583731e-14
pair_excitation-1ns,B,CS,12,1.2288e-06,1.3312e-06,4.4216622365528404e-11,4.42711929111603e-11,-5.457054563189764e-14,5.457054563189764e-14
pair_excitation-1ns,B,CS,13,1.3312e-06,1.4336000000000001e-06,4.908295645965881e-11,4.913637748049501e-11,-5.342102083619471e-14,5.342102083619471e-14
pair_excitation-1ns,B,CS,14,1.4336000000000001e-06,1.536e-06,5.394095642501365e-11,5.3993182095224736e-11,-5.22256702110851e-14,5.22256702110851e-14
pair_excitation-1ns,B,CS,15,1.536e-06,1.6384e-06,5.877080091575761e-11,5.882123392998623e-11,-5.0433014228618396e-14,5.0433014228618396e-14
pair_excitation-1ns,B,CS,16,1.6384e-06,1.7408000000000001e-06,6.355459600158355e-11,6.360348930287139e-11,-4.88933012878363e-14,4.88933012878363e-14
pair_excitation-1ns,B,CS,17,1.7408000000000001e-06,1.8432e-06,6.827891872530408e-11,6.832597364100524e-11,-4.7054915701159784e-14,4.7054915701159784e-14
pair_excitation-1ns,B,CS,18,1.8432e-06,1.9456e-06,7.293242447298759e-11,7.297757707161133e-11,-4.5152598623741856e-14,4.5152598623741856e-14
pair_excitation-1ns,B,CS,19,1.9456e-06,2.048e-06,7.750651125655957e-11,7.754989742489384e-11,-4.3386168334263275e-14,4.3386168334263275e-14
pair_excitation-1ns,B,CS,20,2.048e-06,2.1504e-06,8.19958538834613e-11,8.203713043976961e-11,-4.1276556308307987e-14,4.1276556308307987e-14
pair_excitation-1ns,B,CS,21,2.1504e-06,2.2528000000000003e-06,8.639650722318275e-11,8.643601659521096e-11,-3.950937202820435e-14,3.950937202820435e-14
pair_excitation-1ns,B,CS,22,2.2528000000000003e-06,2.3552e-06,9.070824817913872e-11,9.074586702511926e-11,-3.761884598054294e-14,3.761884598054294e-14
pair_excitation-1ns,B,CS,23,2.3552e-06,2.4576e-06,9.493291831509434e-11,9.496871253839239e-11,-3.5794223298048634e-14,3.5794223298048634e-14
pair_excitation-1ns,B,CS,24,2.4576e-06,2.56e-06,9.907550004292892e-11,9.910965982221828e-11,-3.415977928935173e-14,3.415977928935173e-14
pair_excitation-1ns,B,CS,25,2.56e-06,2.6624e-06,1.0314516601402703e-10,1.0317762170514069e-10,-3.245569111365481e-14,3.245569111365481e-14
pair_excitation-1ns,B,CS,26,2.6624e-06,2.7648e-06,1.0715600058991992e-10,1.0718678059440643e-10,-3.0780004486508085e-14,3.0780004486508085e-14
pair_excitation-1ns,B,CS,27,2.7648e-06,2.8672000000000003e-06,1.1112908608404194e-10,1.1115964879016967e-10,-3.056270612773193e-14,3.056270612773193e-14
pair_excitation-1ns,B,CS,28,2.8672000000000003e-06,2.9696e-06,1.1510892663629979e-10,1.1513416182735309e-10,-2.5235191053306237e-14,2.5235191053306237e-14
pair_excitation-1ns,B,CS,29,2.9696e-06,3.072e-06,1.1914230122395317e-10,1.1918358039190144e-10,-4.127916794827228e-14,4.127916794827228e-14
pair_excitation-1ns,B,CS,30,3.072e-06,3.1744e-06,1.2352040930375083e-10,1.2350003024522097e-10,2.0379058529861654e-14,2.0379058529861654e-14
pair_excitation-1ns,B,CS,31,3.1744e-06,3.2768e-06,1.3032062203566708e-10,1.3057843485568434e-10,-2.5781282001726524e-13,2.5781282001726524e-13
pair_excitation-1ns,B,CS,32,3.2768e-06,3.3792e-06,1.6109361074389636e-10,1.6066317598028264e-10,4.3043476361371846e-13,4.3043476361371846e-13
pair_excitation-1ns,B,CS,33,3.3792e-06,3.4816000000000003e-06,2.633668034559935e-10,2.6702331862200243e-10,-3.6565151660089465e-12,3.6565151660089465e-12
pair_excitation-1ns,B,CS,34,3.4816000000000003e-06,3.5840000000000003e-06,1.6595847768373607e-09,1.6658086423394163e-09,-6.223865502055574e-12,6.223865502055574e-12
pair_excitation-1ns,B,CS,35,3.5840000000000003e-06,3.6864e-06,1.114269764381992e-09,1.1112194945914037e-09,3.050269790588338e-12,3.050269790588338e-12
pair_excitation-1ns,B,CS,36,3.6864e-06,3.7888e-06,4.768257936326169e-10,4.760446316364324e-10,7.811619961844822e-13,7.811619961844822e-13
pair_excitation-1ns,B,CS,37,3.7888e-06,3.8912e-06,2.4254030555876163e-10,2.4209599307214946e-10,4.4431248661216457e-13,4.4431248661216457e-13
pair_excitation-1ns,B,CS,38,3.8912e-06,3.9936e-06,1.4797323311730585e-10,1.4783512096726445e-10,1.381121500413943e-13,1.381121500413943e-13
pair_excitation-1ns,B,CS,39,3.9936e-06,4.096e-06,1.0577148290555e-10,1.0568377175090708e-10,8.771115464291479e-14,8.771115464291479e-14
pair_excitation-1ns,B,CS,40,4.096e-06,4.1984e-06,8.115808811926067e-11,8.108842574243914e-11,6.96623768215253e-14,6.96623768215253e-14
pair_excitation-1ns,B,CS,41,4.1984e-06,4.3008e-06,5.69598817598264e-11,5.676074966918796e-11,1.991320906384446e-13,1.991320906384446e-13
pair_excitation-1ns,B,CS,42,4.3008e-06,4.4032000000000005e-06,3.5221372620257524e-11,3.513966726600684e-11,8.170535425068589e-14,8.170535425068589e-14
pair_excitation-1ns,B,CS,43,4.4032000000000005e-06,4.5056000000000005e-06,2.418122890235189e-11,2.4151824264098712e-11,2.940463825317835e-14,2.940463825317835e-14
pair_excitation-1ns,B,CS,44,4.5056000000000005e-06,4.608e-06,2.101477646890747e-11,2.1023959698083652e-11,-9.183229176180873e-15,9.183229176180873e-15
pair_excitation-1ns,B,CS,45,4.608e-06,4.7104e-06,2.167934518188355e-11,2.170721610226784e-11,-2.7870920384290268e-14,2.7870920384290268e-14
pair_excitation-1ns,B,CS,46,4.7104e-06,4.8128e-06,2.425831035921716e-11,2.4297138076583523e-11,-3.882771736636215e-14,3.882771736636215e-14
pair_excitation-1ns,B,CS,47,4.8128e-06,4.9152e-06,2.799098275123872e-11,2.803669714719738e-11,-4.5714395958657585e-14,4.5714395958657585e-14
pair_excitation-1ns,B,CS,48,4.9152e-06,5.0176e-06,3.258078733405529e-11,3.263131377000142e-11,-5.0526435946131274e-14,5.0526435946131274e-14
pair_excitation-1ns,B,CS,49,5.0176e-06,5.12e-06,3.7911383768204423e-11,3.796560853145056e-11,-5.422476324613435e-14,5.422476324613435e-14
pair_excitation-1ns,B,CS,50,5.12e-06,5.2224e-06,4.366382818259939e-11,4.371841742331114e-11,-5.458924071175091e-14,5.458924071175091e-14
pair_excitation-1ns,B,CS,51,5.2224e-06,5.3248e-06,4.9586219748934524e-11,4.964103111725816e-11,-5.4811368323636486e-14,5.4811368323636486e-14
pair_excitation-1ns,B,CS,52,5.3248e-06,5.4272e-06,5.5628221726047126e-11,5.56825148355622e-11,-5.429310951507387e-14,5.429310951507387e-14
pair_excitation-1ns,B,CS,53,5.4272e-06,5.5296e-06,6.174629449790267e-11,6.179968446781616e-11,-5.3389969913497204e-14,5.3389969913497204e-14
pair_excitation-1ns,B,CS,54,5.5296e-06,5.6320000000000005e-06,6.79025850571486e-11,6.79549645617727e-11,-5.237950462410395e-14,5.237950462410395e-14
pair_excitation-1ns,B,CS,55,5.6320000000000005e-06,5.7344000000000005e-06,7.406656089131898e-11,7.411729198146795e-11,-5.073109014896508e-14,5.073109014896508e-14
pair_excitation-1ns,B,CS,56,5.7344000000000005e-06,5.836800000000001e-06,8.02132007447718e-11,8.026252053582164e-11,-4.931979104984511e-14,4.931979104984511e-14
pair_excitation-1ns,B,CS,57,5.836800000000001e-06,5.9392e-06,8.632596838814146e-11,8.637357922237011e-11,-4.761083422864943e-14,4.761083422864943e-14
pair_excitation-1ns,B,CS,58,5.9392e-06,6.0416e-06,9.239478332264136e-11,9.244064833930636e-11,-4.5865016665001033e-14,4.5865016665001033e-14
pair_excitation-1ns,B,CS,59,6.0416e-06,6.144e-06,9.841736868325659e-11,9.846167016259712e-11,-4.430147934052986e-14,4.430147934052986e-14
pair_excitation-1ns,B,CS,60,6.144e-06,6.2464e-06,1.0440118503834377e-10,1.04443691193609e-10,-4.250615526523218e-14,4.250615526523218e-14
pair_excitation-1ns,B,CS,61,6.2464e-06,6.3488e-06,1.1036501233698465e-10,1.1040607746885614e-10,-4.106513187149351e-14,4.106513187149351e-14
pair_excitation-1ns,B,CS,62,6.3488e-06,6.4512e-06,1.1634809141951147e-10,1.16388415864199e-10,-4.032444468752836e-14,4.032444468752836e-14
pair_excitation-1ns,B,CS,63,6.4512e-06,6.5536e-06,1.224353080932527e-10,1.2247320498790866e-10,-3.789689465596562e-14,3.789689465596562e-14
pair_excitation-1ns,B,CS,64,6.5536e-06,6.656e-06,1.2883773453898025e-10,1.2888450146442126e-10,-4.676692544100647e-14,4.676692544100647e-14
pair_excitation-1ns,B,CS,65,6.656e-06,6.7584e-06,1.3824229152577667e-10,1.3829734342769958e-10,-5.505190192291153e-14,5.505190192291153e-14
pair_excitation-1ns,B,CS,66,6.7584e-06,6.8608000000000004e-06,1.6190817425498502e-10,1.621621380976828e-10,-2.5396384269778977e-13,2.5396384269778977e-13
pair_excitation-1ns,B,CS,67,6.8608000000000004e-06,6.9632000000000005e-06,2.046328888373852e-10,2.0455632731578933e-10,7.656152159588632e-14,7.656152159588632e-14
pair_excitation-1ns,B,CS,68,6.9632000000000005e-06,7.065600000000001e-06,3.0129085145738203e-10,3.035459420583738e-10,-2.255090600991793e-12,2.255090600991793e-12
pair_excitation-1ns,B,CS,69,7.065600000000001e-06,7.168000000000001e-06,1.3200827385214271e-09,1.3257348645411972e-09,-5.652126019770108e-12,5.652126019770108e-12
pair_excitation-1ns,B,CS,70,7.168000000000001e-06,7.2704e-06,9.062301983158371e-10,9.036651540381642e-10,2.5650442776728792e-12,2.5650442776728792e-12
pair_excitation-1ns,B,CS,71,7.2704e-06,7.3728e-06,4.021347659959485e-10,4.015633032756646e-10,5.714627202838633e-13,5.714627202838633e-13
pair_excitation-1ns,B,CS,72,7.3728e-06,7.4752e-06,2.1331432649433915e-10,2.129394356226799e-10,3.7489087165923837e-13,3.7489087165923837e-13
pair_excitation-1ns,B,CS,73,7.4752e-06,7.5776e-06,1.351834581429402e-10,1.3506335117979073e-10,1.2010696314947758e-13,1.2010696314947758e-13
pair_excitation-1ns,B,CS,74,7.5776e-06,7.680000000000001e-06,9.754515475773488e-11,9.74675302470858e-11,7.76245106490812e-14,7.76245106490812e-14
pair_excitation-1ns,B,CS,75,7.680000000000001e-06,7.7824e-06,6.962938605963253e-11,6.944839963968563e-11,1.809864199468986e-13,1.809864199468986e-13
pair_excitation-1ns,B,CS,76,7.7824e-06,7.8848e-06,4.3250568844653986e-11,4.3111356866817487e-11,1.3921197783649976e-13,1.3921197783649976e-13
pair_excitation-1ns,B,CS,77,7.8848e-06,7.9872e-06,2.7277459349101854e-11,2.7234113472702157e-11,4.3345876399696885e-14,4.3345876399696885e-14
pair_excitation-1ns,B,CS,78,7.9872e-06,8.0896e-06,2.1653710491659865e-11,2.165049159845281e-11,3.218893207054103e-15,3.218893207054103e-15
pair_excitation-1ns,B,CS,79,8.0896e-06,8.192e-06,2.1251630493121436e-11,2.1274842464595534e-11,-2.3211971474097996e-14,2.3211971474097996e-14
pair_excitation-1ns,B,CS,80,8.192e-06,8.2944e-06,2.3312672579524662e-11,2.3348401247921555e-11,-3.5728668396892964e-14,3.5728668396892964e-14
pair_excitation-1ns,B,CS,81,8.2944e-06,8.3968e-06,2.6739319907583968e-11,2.6783278467106264e-11,-4.395855952229613e-14,4.395855952229613e-14
pair_excitation-1ns,B,CS,82,8.3968e-06,8.4992e-06,3.1113416232747807e-11,3.1162763840292715e-11,-4.934760754490886e-14,4.934760754490886e-14
pair_excitation-1ns,B,CS,83,8.4992e-06,8.6016e-06,3.6284890080933466e-11,3.6338420208028983e-11,-5.353012709551723e-14,5.353012709551723e-14
pair_excitation-1ns,B,CS,84,8.6016e-06,8.704e-06,4.199684473757542e-11,4.205164734713757e-11,-5.480260956215216e-14,5.480260956215216e-14
pair_excitation-1ns,B,CS,85,8.704e-06,8.806400000000001e-06,4.791399859473455e-11,4.796878989944512e-11,-5.4791304710573015e-14,5.4791304710573015e-14
pair_excitation-1ns,B,CS,86,8.806400000000001e-06,8.9088e-06,5.3967483481756474e-11,5.4022110975772554e-11,-5.462749401608004e-14,5.462749401608004e-14
pair_excitation-1ns,B,CS,87,8.9088e-06,9.011200000000001e-06,6.011249600365581e-11,6.016633294645154e-11,-5.3836942795730996e-14,5.3836942795730996e-14
pair_excitation-1ns,B,CS,88,9.011200000000001e-06,9.1136e-06,6.630911590671549e-11,6.636182793340322e-11,-5.2712026687732836e-14,5.2712026687732836e-14
pair_excitation-1ns,B,CS,89,9.1136e-06,9.216e-06,7.252420201105055e-11,7.257573771548146e-11,-5.153570443091608e-14,5.153570443091608e-14
pair_excitation-1ns,B,CS,90,9.216e-06,9.3184e-06,7.87327693836902e-11,7.878255221736824e-11,-4.978283367804453e-14,4.978283367804453e-14
pair_excitation-1ns,B,CS,91,9.3184e-06,9.4208e-06,8.491612959718561e-11,8.496444201375378e-11,-4.831241656816675e-14,4.831241656816675e-14
pair_excitation-1ns,B,CS,92,9.4208e-06,9.5232e-06,9.106507651029942e-11,9.111168247182664e-11,-4.660596152721705e-14,4.660596152721705e-14
pair_excitation-1ns,B,CS,93,9.5232e-06,9.6256e-06,9.71787209041962e-11,9.72236317717172e-11,-4.491086752100707e-14,4.491086752100707e-14
pair_excitation-1ns,B,CS,94,9.6256e-06,9.728e-06,1.03267578675997e-10,1.0331111835614106e-10,-4.353968014406442e-14,4.353968014406442e-14
pair_excitation-1ns,B,CS,95,9.728e-06,9.8304e-06,1.0936055175274517e-10,1.0940237290977858e-10,-4.1821157033407065e-14,4.1821157033407065e-14
pair_excitation-1ns,B,CS,96,9.8304e-06,9.932800000000001e-06,1.1551784645068728e-10,1.1555967811972435e-10,-4.1831669037067204e-14,4.1831669037067204e-14
pair_excitation-1ns,B,CS,97,9.932800000000001e-06,1.00352e-05,1.2190549172421995e-10,1.2194475494928096e-10,-3.926322506100883e-14,3.926322506100883e-14
pair_excitation-1ns,B,CS,98,1.00352e-05,1.0137600000000001e-05,1.2992233177936103e-10,1.299949738355828e-10,-7.264205622177908e-14,7.264205622177908e-14
pair_excitation-1ns,B,CS,99,1.0137600000000001e-05,1.024e-05,1.4870597555514834e-10,1.4880952362118383e-10,-1.0354806603549352e-13,1.0354806603549352e-13
pair_excitation-1ns,B,CS,100,1.024e-05,1.0342400000000001e-05,1.8031796227419828e-10,1.8060129436091988e-10,-2.8333208672159816e-13,2.8333208672159816e-13
pair_excitation-1ns,B,CS,101,1.0342400000000001e-05,1.04448e-05,2.295522824796154e-10,2.2952170811562964e-10,3.057436398576545e-14,3.057436398576545e-14
pair_excitation-1ns,B,CS,102,1.04448e-05,1.05472e-05,3.908375039272835e-10,3.9449819287802774e-10,-3.660688950744232e-12,3.660688950744232e-12
pair_excitation-1ns,B,CS,103,1.05472e-05,1.06496e-05,1.4462985524177577e-09,1.4500874652777456e-09,-3.7889128599878746e-12,3.7889128599878746e-12
pair_excitation-1ns,B,CS,104,1.06496e-05,1.0752e-05,7.0854428168652e-10,7.074925632846003e-10,1.0517184019196493e-12,1.0517184019196493e-12
pair_excitation-1ns,B,CS,105,1.0752e-05,1.08544e-05,3.30501185799385e-10,3.296755558462672e-10,8.25629953117842e-13,8.25629953117842e-13
pair_excitation-1ns,B,CS,106,1.08544e-05,1.09568e-05,1.842834640990851e-10,1.841186896275621e-10,1.647744715229916e-13,1.647744715229916e-13
pair_excitation-1ns,B,CS,107,1.09568e-05,1.10592e-05,1.221305533116258e-10,1.219922663063271e-10,1.3828700529869817e-13,1.3828700529869817e-13
pair_excitation-1ns,B,CS,108,1.10592e-05,1.11616e-05,8.883293457061715e-11,8.875206157630111e-11,8.087299431603605e-14,8.087299431603605e-14
pair_excitation-1ns,B,CS,109,1.11616e-05,1.1264000000000001e-05,6.027413249850829e-11,6.005723801375766e-11,2.1689448475062902e-13,2.1689448475062902e-13
pair_excitation-1ns,B,CS,110,1.1264000000000001e-05,1.13664e-05,3.621503537261087e-11,3.612877778668221e-11,8.625758592865723e-14,8.625758592865723e-14
pair_excitation-1ns,B,CS,111,1.13664e-05,1.1468800000000001e-05,2.4403091820083838e-11,2.43723086037963e-11,3.078321628753707e-14,3.078321628753707e-14
pair_excitation-1ns,B,CS,112,1.1468800000000001e-05,1.15712e-05,2.1107963918233254e-11,2.1117377828409524e-11,-9.413910176269414e-15,9.413910176269414e-15
pair_excitation-1ns,B,CS,113,1.15712e-05,1.1673600000000001e-05,2.180139583076983e-11,2.182975412754175e-11,-2.835829677192233e-14,2.835829677192233e-14
pair_excitation-1ns,B,CS,114,1.1673600000000001e-05,1.1776e-05,2.4447616216718785e-11,2.4486986566249102e-11,-3.937034953031718e-14,3.937034953031718e-14
pair_excitation-1ns,B,CS,115,1.1776e-05,1.18784e-05,2.826845010409708e-11,2.8314546405479937e-11,-4.6096301382856415e-14,4.6096301382856415e-14
pair_excitation-1ns,B,CS,116,1.18784e-05,1.19808e-05,3.297130103909378e-11,3.302246426700357e-11,-5.116322790978653e-14,5.116322790978653e-14
pair_excitation-1ns,B,CS,117,1.19808e-05,1.20832e-05,3.8424730808875505e-11,3.847908673225063e-11,-5.4355923375122284e-14,5.4355923375122284e-14
pair_excitation-1ns,B,CS,118,1.20832e-05,1.21856e-05,4.4251789615407946e-11,4.430663511923086e-11,-5.484550382291672e-14,5.484550382291672e-14
pair_excitation-1ns,B,CS,119,1.21856e-05,1.2288e-05,5.024814002522975e-11,5.030316590074255e-11,-5.502587551279671e-14,5.502587551279671e-14
pair_excitation-1ns,B,CS,120,1.2288e-05,1.23904e-05,5.636580709764482e-11,5.6420082628379526e-11,-5.4275530734708577e-14,5.4275530734708577e-14
pair_excitation-1ns,B,CS,121,1.23904e-05,1.24928e-05,6.256033527255134e-11,6.261390136937373e-11,-5.3566096822388417e-14,5.3566096822388417e-14
pair_excitation-1ns,B,CS,122,1.24928e-05,1.2595200000000001e-05,6.879516554452869e-11,6.884750626390119e-11,-5.234071937250508e-14,5.234071937250508e-14
pair_excitation-1ns,B,CS,123,1.2595200000000001e-05,1.26976e-05,7.504018190651989e-11,7.509107829359316e-11,-5.0896387073276636e-14,5.0896387073276636e-14
pair_excitation-1ns,B,CS,124,1.26976e-05,1.2800000000000001e-05,8.127312724994585e-11,8.132262513591619e-11,-4.9497885970331944e-14,4.9497885970331944e-14
pair_excitation-1ns,B,CS,125,1.2800000000000001e-05,1.29024e-05,8.748082501201768e-11,8.752846502544583e-11,-4.7640013428149956e-14,4.7640013428149956e-14
pair_excitation-1ns,B,CS,126,1.29024e-05,1.3004800000000001e-05,9.365798871923117e-11,9.370413033186972e-11,-4.614161263855534e-14,4.614161263855534e-14
pair_excitation-1ns,B,CS,127,1.3004800000000001e-05,1.31072e-05,9.981194162333208e-11,9.985650474059534e-11,-4.4563117263267196e-14,4.4563117263267196e-14
pair_excitation-1ns,B,CS,128,1.31072e-05,1.32096e-05,1.059661260355804e-10,1.0600914682391615e-10,-4.3020788335751305e-14,4.3020788335751305e-14
pair_excitation-1ns,B,CS,129,1.32096e-05,1.3312e-05,1.1217451725248156e-10,1.1221720063033103e-10,-4.268337784947192e-14,4.268337784947192e-14
pair_excitation-1ns,B,CS,130,1.3312e-05,1.34144e-05,1.1858402658068614e-10,1.1862468074315203e-10,-4.065416246588184e-14,4.065416246588184e-14
pair_excitation-1ns,B,CS,131,1.34144e-05,1.35168e-05,1.2632492879719776e-10,1.2639140268110435e-10,-6.64738839065966e-14,6.64738839065966e-14
pair_excitation-1ns,B,CS,132,1.35168e-05,1.36192e-05,1.4350735953733232e-10,1.436114197808827e-10,-1.0406024355037705e-13,1.0406024355037705e-13
pair_excitation-1ns,B,CS,133,1.36192e-05,1.3721600000000001e-05,1.7178194143610443e-10,1.720004722693444e-10,-2.1853083323996083e-13,2.1853083323996083e-13
pair_excitation-1ns,B,CS,134,1.3721600000000001e-05,1.3824e-05,2.1119805702185234e-10,2.112240538477722e-10,-2.599682591984814e-14,2.599682591984814e-14
pair_excitation-1ns,B,CS,135,1.3824e-05,1.3926400000000001e-05,2.83494702508214e-10,2.848563897632942e-10,-1.3616872550801997e-12,1.3616872550801997e-12
pair_excitation-1ns,B,CS,136,1.3926400000000001e-05,1.40288e-05,1.0662308932725362e-09,1.0723568947379878e-09,-6.126001465451604e-12,6.126001465451604e-12
pair_excitation-1ns,B,CS,137,1.40288e-05,1.4131200000000001e-05,1.0385834484741723e-09,1.0351007894325794e-09,3.4826590415929037e-12,3.4826590415929037e-12
pair_excitation-1ns,B,CS,138,1.4131200000000001e-05,1.42336e-05,4.4934285190542264e-10,4.490249688157392e-10,3.178830896834434e-13,3.178830896834434e-13
pair_excitation-1ns,B,CS,139,1.42336e-05,1.4336000000000001e-05,2.32136098212431e-10,2.3158375989577492e-10,5.523383166560667e-13,5.523383166560667e-13
pair_excitation-1ns,B,CS,140,1.4336000000000001e-05,1.44384e-05,1.4320385961480676e-10,1.4310742744990961e-10,9.643216489714989e-14,9.643216489714989e-14
pair_excitation-1ns,B,CS,141,1.44384e-05,1.45408e-05,1.0147537780344506e-10,1.0138013776083104e-10,9.524004261401579e-14,9.524004261401579e-14
pair_excitation-1ns,B,CS,142,1.45408e-05,1.46432e-05,7.189709588333007e-11,7.171941616240549e-11,1.776797209245881e-13,1.776797209245881e-13
pair_excitation-1ns,B,CS,143,1.46432e-05,1.47456e-05,4.443127293049271e-11,4.4282688098507287e-11,1.4858483198542447e-13,1.4858483198542447e-13
pair_excitation-1ns,B,CS,144,1.47456e-05,1.4848e-05,2.7681902393766045e-11,2.7637160327779003e-11,4.474206598704212e-14,4.474206598704212e-14
pair_excitation-1ns,B,CS,145,1.4848e-05,1.49504e-05,2.17541184184011e-11,2.1749574555221246e-11,4.543863179854118e-15,4.543863179854118e-15
pair_excitation-1ns,B,CS,146,1.49504e-05,1.5052800000000001e-05,2.1256912623314132e-11,2.1279773511910365e-11,-2.28608885962335e-14,2.28608885962335e-14
pair_excitation-1ns,B,CS,147,1.5052800000000001e-05,1.51552e-05,2.3294857692733477e-11,2.3330512012132242e-11,-3.565431939876448e-14,3.565431939876448e-14
pair_excitation-1ns,B,CS,148,1.51552e-05,1.5257600000000001e-05,2.672884743663404e-11,2.6772732524754177e-11,-4.3885088120136376e-14,4.3885088120136376e-14
pair_excitation-1ns,B,CS,149,1.5257600000000001e-05,1.5360000000000002e-05,3.113053673161375e-11,3.118007565068194e-11,-4.953891906819129e-14,4.953891906819129e-14
pair_excitation-1ns,B,CS,150,1.5360000000000002e-05,1.54624e-05,3.6347196533950016e-11,3.640075959884345e-11,-5.356306489343476e-14,5.356306489343476e-14
pair_excitation-1ns,B,CS,151,1.54624e-05,1.55648e-05,4.209890296337144e-11,4.215369177793826e-11,-5.478881456681954e-14,5.478881456681954e-14
pair_excitation-1ns,B,CS,152,1.55648e-05,1.56672e-05,4.805655399264489e-11,4.811155688887366e-11,-5.5002896228765777e-14,5.5002896228765777e-14
pair_excitation-1ns,B,CS,153,1.56672e-05,1.57696e-05,5.415439138718851e-11,5.42090254404838e-11,-5.463405329529415e-14,5.463405329529415e-14
pair_excitation-1ns,B,CS,154,1.57696e-05,1.5872e-05,6.034640660121804e-11,6.040046989147201e-11,-5.4063290253969565e-14,5.4063290253969565e-14
pair_excitation-1ns,B,CS,155,1.5872e-05,1.59744e-05,6.659353944795664e-11,6.664627755924319e-11,-5.2738111286546394e-14,5.2738111286546394e-14
pair_excitation-1ns,B,CS,156,1.59744e-05,1.60768e-05,7.28624766246812e-11,7.291405563349043e-11,-5.157900880923068e-14,5.157900880923068e-14
pair_excitation-1ns,B,CS,157,1.60768e-05,1.61792e-05,7.912930363868896e-11,7.9179345816798e-11,-5.004217810904729e-14,5.004217810904729e-14
pair_excitation-1ns,B,CS,158,1.61792e-05,1.62816e-05,8.537780763128508e-11,8.542621768246152e-11,-4.8410051176438867e-14,4.8410051176438867e-14
pair_excitation-1ns,B,CS,159,1.62816e-05,1.6384e-05,9.160129965765082e-11,9.164823428278724e-11,-4.693462513642616e-14,4.693462513642616e-14
pair_excitation-1ns,B,CS,160,1.6384e-05,1.6486400000000002e-05,9.78054854740135e-11,9.785064852319691e-11,-4.516304918340504e-14,4.516304918340504e-14
pair_excitation-1ns,B,CS,161,1.6486400000000002e-05,1.65888e-05,1.0401201782400589e-10,1.040558978800176e-10,-4.3880056011718915e-14,4.3880056011718915e-14
pair_excitation-1ns,B,CS,162,1.65888e-05,1.66912e-05,1.1027629341143405e-10,1.1031931299352299e-10,-4.301958208894725e-14,4.301958208894725e-14
pair_excitation-1ns,B,CS,163,1.66912e-05,1.67936e-05,1.167496878692012e-10,1.1679239280009236e-10,-4.27049308911648e-14,4.27049308911648e-14
pair_excitation-1ns,B,CS,164,1.67936e-05,1.6896000000000002e-05,1.2480808184659972e-10,1.2487357422706096e-10,-6.549238046124604e-14,6.549238046124604e-14
pair_excitation-1ns,B,CS,165,1.6896000000000002e-05,1.69984e-05,1.4225111167819282e-10,1.4236917737674513e-10,-1.1806569855230474e-13,1.1806569855230474e-13
pair_excitation-1ns,B,CS,166,1.69984e-05,1.71008e-05,1.6922424784494128e-10,1.693700205893762e-10,-1.4577274443492762e-13,1.4577274443492762e-13
pair_excitation-1ns,B,CS,167,1.71008e-05,1.72032e-05,2.039269628508588e-10,2.0413966264449201e-10,-2.126997936332227e-13,2.126997936332227e-13
pair_excitation-1ns,B,CS,168,1.72032e-05,1.73056e-05,2.574518621006114e-10,2.5776626290666895e-10,-3.1440080605755107e-13,3.1440080605755107e-13
pair_excitation-1ns,B,CS,169,1.73056e-05,1.7408e-05,6.000572460046309e-10,6.069772349978168e-10,-6.919988993185816e-12,6.919988993185816e-12
pair_excitation-1ns,B,CS,170,1.7408e-05,1.75104e-05,1.3471583018651723e-09,1.3449810692433101e-09,2.1772326218622264e-12,2.1772326218622264e-12
pair_excitation-1ns,B,CS,171,1.75104e-05,1.7612800000000002e-05,5.706115457851006e-10,5.704375218568739e-10,1.7402392822668288e-13,1.7402392822668288e-13
pair_excitation-1ns,B,CS,172,1.7612800000000002e-05,1.77152e-05,2.791349926213206e-10,2.7827569341818163e-10,8.59299203138989e-13,8.59299203138989e-13
pair_excitation-1ns,B,CS,173,1.77152e-05,1.78176e-05,1.6300075909596297e-10,1.6292727281625674e-10,7.348627970622773e-14,7.348627970622773e-14
pair_excitation-1ns,B,CS,174,1.78176e-05,1.792e-05,1.117421749206849e-10,1.1161199021454064e-10,1.3018470614425603e-13,1.3018470614425603e-13
pair_excitation-1ns,B,CS,175,1.792e-05,1.8022400000000002e-05,8.027033305502981e-11,8.01429779047028e-11,1.2735515032700494e-13,1.2735515032700494e-13
pair_excitation-1ns,B,CS,176,1.8022400000000002e-05,1.81248e-05,5.1366549768529886e-11,5.1171239527851214e-11,1.9531024067867176e-13,1.9531024067867176e-13
pair_excitation-1ns,B,CS,177,1.81248e-05,1.82272e-05,3.095554546307287e-11,3.0898709462349736e-11,5.683600072313044e-14,5.683600072313044e-14
pair_excitation-1ns,B,CS,178,1.82272e-05,1.83296e-05,2.267321462870389e-11,2.265681618240894e-11,1.6398446294948706e-14,1.6398446294948706e-14
pair_excitation-1ns,B,CS,179,1.83296e-05,1.8432e-05,2.111152625340777e-11,2.1129596538197306e-11,-1.8070284789535834e-14,1.8070284789535834e-14
pair_excitation-1ns,B,CS,180,1.8432e-05,1.85344e-05,2.2639343626193354e-11,2.267199456592213e-11,-3.265093972877475e-14,3.265093972877475e-14
pair_excitation-1ns,B,CS,181,1.85344e-05,1.86368e-05,2.5774382153629168e-11,2.5816533991348402e-11,-4.2151837719234394e-14,4.2151837719234394e-14
pair_excitation-1ns,B,CS,182,1.86368e-05,1.8739200000000002e-05,2.996150367121797e-11,3.000968621084061e-11,-4.8182539622639715e-14,4.8182539622639715e-14
pair_excitation-1ns,B,CS,183,1.8739200000000002e-05,1.88416e-05,3.500167670960787e-11,3.505451980262421e-11,-5.284309301633924e-14,5.284309301633924e-14
pair_excitation-1ns,B,CS,184,1.88416e-05,1.8944e-05,4.0686543292426847e-11,4.074130025178206e-11,-5.4756959355215947e-14,5.4756959355215947e-14
pair_excitation-1ns,B,CS,185,1.8944e-05,1.90464e-05,4.662362877767007e-11,4.6678539205701165e-11,-5.491042803109598e-14,5.491042803109598e-14
pair_excitation-1ns,B,CS,186,1.90464e-05,1.9148800000000002e-05,5.271484300736863e-11,5.276972909615523e-11,-5.488608878659962e-14,5.488608878659962e-14
pair_excitation-1ns,B,CS,187,1.9148800000000002e-05,1.92512e-05,5.891364081883652e-11,5.89678494596399e-11,-5.420864080338056e-14,5.420864080338056e-14
pair_excitation-1ns,B,CS,188,1.92512e-05,1.93536e-05,6.517847040238424e-11,6.523164620062314e-11,-5.317579823890055e-14,5.317579823890055e-14
pair_excitation-1ns,B,CS,189,1.93536e-05,1.9456e-05,7.147500275173168e-11,7.152708082998794e-11,-5.207807825626193e-14,5.207807825626193e-14
pair_excitation-1ns,B,CS,190,1.9456e-05,1.9558400000000002e-05,7.777784927535449e-11,7.782823978945044e-11,-5.039051409595093e-14,5.039051409595093e-14
pair_excitation-1ns,B,CS,191,1.9558400000000002e-05,1.96608e-05,8.406911316751078e-11,8.411810346604426e-11,-4.899029853347779e-14,4.899029853347779e-14
pair_excitation-1ns,B,CS,192,1.96608e-05,1.97632e-05,9.034237918189406e-11,9.038974140459117e-11,-4.736222269711058e-14,4.736222269711058e-14
pair_excitation-1ns,B,CS,193,1.97632e-05,1.9865600000000002e-05,9.660318157330721e-11,9.664897533313657e-11,-4.5793759829354194e-14,4.5793759829354194e-14
pair_excitation-1ns,B,CS,194,1.9865600000000002e-05,1.9968e-05,1.0287658156158864e-10,1.0292118399360534e-10,-4.460243201669911e-14,4.460243201669911e-14
pair_excitation-1ns,B,CS,195,1.9968e-05,2e-05,3.344476169406891e-11,3.345845353170477e-11,-1.3691837635858726e-14,1.3691837635858726e-14
pair_excitation-0p5ns,A,PCHIP,0,0.0,1.024e-07,2.4938408532990563e-13,2.603231652544318e-13,-1.0939079924526197e-14,1.0939079924526197e-14
pair_excitation-0p5ns,A,PCHIP,1,1.024e-07,2.048e-07,1.7021621853324646e-12,1.7158292385833806e-12,-1.366705325091593e-14,1.366705325091593e-14
pair_excitation-0p5ns,A,PCHIP,2,2.048e-07,3.072e-07,4.342380267793092e-12,4.36285872744805e-12,-2.0478459654958176e-14,2.0478459654958176e-14
pair_excitation-0p5ns,A,PCHIP,3,3.072e-07,4.096e-07,7.941425461514762e-12,7.967262222285875e-12,-2.5836760771112516e-14,2.5836760771112516e-14
pair_excitation-0p5ns,A,PCHIP,4,4.096e-07,5.12e-07,1.2314554270335587e-11,1.234454005167354e-11,-2.998578133795271e-14,2.998578133795271e-14
pair_excitation-0p5ns,A,PCHIP,5,5.12e-07,6.144e-07,1.7315680428222187e-11,1.734874658770619e-11,-3.3066159484003547e-14,3.3066159484003547e-14
pair_excitation-0p5ns,A,PCHIP,6,6.144e-07,7.168000000000001e-07,2.2827652307364317e-11,2.2863023641129307e-11,-3.5371333764989985e-14,3.5371333764989985e-14
pair_excitation-0p5ns,A,PCHIP,7,7.168000000000001e-07,8.192e-07,2.8755362312099288e-11,2.8792343890989173e-11,-3.69815788898853e-14,3.69815788898853e-14
pair_excitation-0p5ns,A,PCHIP,8,8.192e-07,9.216e-07,3.50202284044671e-11,3.505824254240178e-11,-3.801413793467869e-14,3.801413793467869e-14
pair_excitation-0p5ns,A,PCHIP,9,9.216e-07,1.024e-06,4.15565481854957e-11,4.159511569088399e-11,-3.856750538829094e-14,3.856750538829094e-14
pair_excitation-0p5ns,A,PCHIP,10,1.024e-06,1.1264000000000001e-06,4.830903623996078e-11,4.8347687189883377e-11,-3.8650949922599427e-14,3.8650949922599427e-14
pair_excitation-0p5ns,A,PCHIP,11,1.1264000000000001e-06,1.2288e-06,5.523084368406751e-11,5.526933144986484e-11,-3.848776579732902e-14,3.848776579732902e-14
pair_excitation-0p5ns,A,PCHIP,12,1.2288e-06,1.3312e-06,6.228296323646884e-11,6.232102746652926e-11,-3.806423006042316e-14,3.806423006042316e-14
pair_excitation-0p5ns,A,PCHIP,13,1.3312e-06,1.4336000000000001e-06,6.943335694233828e-11,6.947079213891848e-11,-3.743519658020265e-14,3.743519658020265e-14
pair_excitation-0p5ns,A,PCHIP,14,1.4336000000000001e-06,1.536e-06,7.6656848306617e-11,7.669349785484636e-11,-3.6649548229362135e-14,3.6649548229362135e-14
pair_excitation-0p5ns,A,PCHIP,15,1.536e-06,1.6384e-06,8.393534304029161e-11,8.397102560966268e-11,-3.5682569371068625e-14,3.5682569371068625e-14
pair_excitation-0p5ns,A,PCHIP,16,1.6384e-06,1.7408000000000001e-06,9.12580311383226e-11,9.129274805061933e-11,-3.471691229672916e-14,3.471691229672916e-14
pair_excitation-0p5ns,A,PCHIP,17,1.7408000000000001e-06,1.8432e-06,9.862266577812004e-11,9.865638612817604e-11,-3.372035005599886e-14,3.372035005599886e-14
pair_excitation-0p5ns,A,PCHIP,18,1.8432e-06,1.9456e-06,1.0603661824110997e-10,1.0606935149138648e-10,-3.2733250276515675e-14,3.2733250276515675e-14
pair_excitation-0p5ns,A,PCHIP,19,1.9456e-06,2.048e-06,1.135189962833051e-10,1.1355079552250838e-10,-3.179923920328513e-14,3.179923920328513e-14
pair_excitation-0p5ns,A,PCHIP,20,2.048e-06,2.1504e-06,1.2110386529054378e-10,1.2113477415309994e-10,-3.09088625561607e-14,3.09088625561607e-14
pair_excitation-0p5ns,A,PCHIP,21,2.1504e-06,2.2528000000000003e-06,1.288450366097241e-10,1.2887528534425449e-10,-3.0248734530373815e-14,3.0248734530373815e-14
pair_excitation-0p5ns,A,PCHIP,22,2.2528000000000003e-06,2.3552e-06,1.368247713737424e-10,1.3685461992563036e-10,-2.9848551887965724e-14,2.9848551887965724e-14
pair_excitation-0p5ns,A,PCHIP,23,2.3552e-06,2.4576e-06,1.4516805354931737e-10,1.4519790676371693e-10,-2.9853214399564696e-14,2.9853214399564696e-14
pair_excitation-0p5ns,A,PCHIP,24,2.4576e-06,2.56e-06,1.540694997663114e-10,1.5410001912537815e-10,-3.051935906674263e-14,3.051935906674263e-14
pair_excitation-0p5ns,A,PCHIP,25,2.56e-06,2.6624e-06,1.6384696316953668e-10,1.638792666350966e-10,-3.230346555990926e-14,3.230346555990926e-14
pair_excitation-0p5ns,A,PCHIP,26,2.6624e-06,2.7648e-06,1.750591293568601e-10,1.750957437362124e-10,-3.6614379352296706e-14,3.6614379352296706e-14
pair_excitation-0p5ns,A,PCHIP,27,2.7648e-06,2.8672000000000003e-06,1.8880228643013785e-10,1.888505311773086e-10,-4.824474717075041e-14,4.824474717075041e-14
pair_excitation-0p5ns,A,PCHIP,28,2.8672000000000003e-06,2.9696e-06,2.07645153989202e-10,2.0771227049760917e-10,-6.711650840717195e-14,6.711650840717195e-14
pair_excitation-0p5ns,A,PCHIP,29,2.9696e-06,3.072e-06,2.3970176398955e-10,2.3975504400986745e-10,-5.328002031746461e-14,5.328002031746461e-14
pair_excitation-0p5ns,A,PCHIP,30,3.072e-06,3.1744e-06,3.378880455166806e-10,3.384246594122876e-10,-5.366138956069656e-13,5.366138956069656e-13
pair_excitation-0p5ns,A,PCHIP,31,3.1744e-06,3.2768e-06,2.1306500360483622e-09,2.1344829514125535e-09,-3.832915364191323e-12,3.832915364191323e-12
pair_excitation-0p5ns,A,PCHIP,32,3.2768e-06,3.3792e-06,1.4013056412469113e-09,1.3988204751216908e-09,2.485166125220537e-12,2.485166125220537e-12
pair_excitation-0p5ns,A,PCHIP,33,3.3792e-06,3.4816000000000003e-06,6.093602735250241e-10,6.086949576734516e-10,6.65315851572488e-13,6.65315851572488e-13
pair_excitation-0p5ns,A,PCHIP,34,3.4816000000000003e-06,3.5840000000000003e-06,3.1526975347188125e-10,3.149912887500662e-10,2.7846472181503426e-13,2.7846472181503426e-13
pair_excitation-0p5ns,A,PCHIP,35,3.5840000000000003e-06,3.6864e-06,1.9569612096103319e-10,1.9557055104517408e-10,1.255699158591031e-13,1.255699158591031e-13
pair_excitation-0p5ns,A,PCHIP,36,3.6864e-06,3.7888e-06,1.4256497446618655e-10,1.4251519205249206e-10,4.978241369448515e-14,4.978241369448515e-14
pair_excitation-0p5ns,A,PCHIP,37,3.7888e-06,3.8912e-06,1.167122290438228e-10,1.1676503254276513e-10,-5.280349894232876e-14,5.280349894232876e-14
pair_excitation-0p5ns,A,PCHIP,38,3.8912e-06,3.9936e-06,1.0170907374674605e-10,1.0149725080127294e-10,2.11822945473111e-13,2.11822945473111e-13
pair_excitation-0p5ns,A,PCHIP,39,3.9936e-06,4.096e-06,8.682913223144709e-11,8.66606576364312e-11,1.6847459501589049e-13,1.6847459501589049e-13
pair_excitation-0p5ns,A,PCHIP,40,4.096e-06,4.1984e-06,6.819936488649991e-11,6.817144916267379e-11,2.7915723826117723e-14,2.7915723826117723e-14
pair_excitation-0p5ns,A,PCHIP,41,4.1984e-06,4.3008e-06,5.051992631021993e-11,5.0529971130562144e-11,-1.0044820342214819e-14,1.0044820342214819e-14
pair_excitation-0p5ns,A,PCHIP,42,4.3008e-06,4.4032000000000005e-06,3.93361961031429e-11,3.93541221614451e-11,-1.79260583021988e-14,1.79260583021988e-14
pair_excitation-0p5ns,A,PCHIP,43,4.4032000000000005e-06,4.5056000000000005e-06,3.4928358427616754e-11,3.494495251900015e-11,-1.6594091383394033e-14,1.6594091383394033e-14
pair_excitation-0p5ns,A,PCHIP,44,4.5056000000000005e-06,4.608e-06,3.5130064282818606e-11,3.515033742430802e-11,-2.0273141489411383e-14,2.0273141489411383e-14
pair_excitation-0p5ns,A,PCHIP,45,4.608e-06,4.7104e-06,3.822596326496814e-11,3.8251410156740364e-11,-2.5446891772225778e-14,2.5446891772225778e-14
pair_excitation-0p5ns,A,PCHIP,46,4.7104e-06,4.8128e-06,4.3322173359115286e-11,4.335241562224238e-11,-3.0242263127092745e-14,3.0242263127092745e-14
pair_excitation-0p5ns,A,PCHIP,47,4.8128e-06,4.9152e-06,5.007885701985784e-11,5.011375201463147e-11,-3.489499477362785e-14,3.489499477362785e-14
pair_excitation-0p5ns,A,PCHIP,48,4.9152e-06,5.0176e-06,5.833011786051204e-11,5.836796025055509e-11,-3.7842390043048384e-14,3.7842390043048384e-14
pair_excitation-0p5ns,A,PCHIP,49,5.0176e-06,5.12e-06,6.726027520737435e-11,6.729833438125018e-11,-3.8059173875825065e-14,3.8059173875825065e-14
pair_excitation-0p5ns,A,PCHIP,50,5.12e-06,5.2224e-06,7.655285302437148e-11,7.659108802936921e-11,-3.8235004997737603e-14,3.8235004997737603e-14
pair_excitation-0p5ns,A,PCHIP,51,5.2224e-06,5.3248e-06,8.615227764900655e-11,8.619045318701093e-11,-3.8175538004377815e-14,3.8175538004377815e-14
pair_excitation-0p5ns,A,PCHIP,52,5.3248e-06,5.4272e-06,9.601326242155246e-11,9.605114998069565e-11,-3.788755914318693e-14,3.788755914318693e-14
pair_excitation-0p5ns,A,PCHIP,53,5.4272e-06,5.5296e-06,1.0610846324519433e-10,1.0614592382410816e-10,-3.746057891383016e-14,3.746057891383016e-14
pair_excitation-0p5ns,A,PCHIP,54,5.5296e-06,5.6320000000000005e-06,1.164351455513353e-10,1.1647213726443971e-10,-3.69917131044271e-14,3.69917131044271e-14
pair_excitation-0p5ns,A,PCHIP,55,5.6320000000000005e-06,5.7344000000000005e-06,1.270219986227522e-10,1.2705851773888998e-10,-3.651911613778102e-14,3.651911613778102e-14
pair_excitation-0p5ns,A,PCHIP,56,5.7344000000000005e-06,5.836800000000001e-06,1.3793800493999293e-10,1.379743239261353e-10,-3.6318986142380744e-14,3.6318986142380744e-14
pair_excitation-0p5ns,A,PCHIP,57,5.836800000000001e-06,5.9392e-06,1.4930837542092815e-10,1.49344879377946e-10,-3.65039570178653e-14,3.65039570178653e-14
pair_excitation-0p5ns,A,PCHIP,58,5.9392e-06,6.0416e-06,1.613437071069768e-10,1.613810796985548e-10,-3.7372591578005015e-14,3.7372591578005015e-14
pair_excitation-0p5ns,A,PCHIP,59,6.0416e-06,6.144e-06,1.7440035118119028e-10,1.7443984308983677e-10,-3.9491908646481535e-14,3.9491908646481535e-14
pair_excitation-0p5ns,A,PCHIP,60,6.144e-06,6.2464e-06,1.8911550065725006e-10,1.8915959893243744e-10,-4.4098275187384275e-14,4.4098275187384275e-14
pair_excitation-0p5ns,A,PCHIP,61,6.2464e-06,6.3488e-06,2.0675105905139998e-10,2.0680702267497778e-10,-5.5963623577808106e-14,5.5963623577808106e-14
pair_excitation-0p5ns,A,PCHIP,62,6.3488e-06,6.4512e-06,2.302978300650933e-10,2.303681570633282e-10,-7.032699823489437e-14,7.032699823489437e-14
pair_excitation-0p5ns,A,PCHIP,63,6.4512e-06,6.5536e-06,2.693672044620175e-10,2.6947295575949576e-10,-1.0575129747828818e-13,1.0575129747828818e-13
pair_excitation-0p5ns,A,PCHIP,64,6.5536e-06,6.656e-06,3.987114161688045e-10,3.995497246668782e-10,-8.383084980736739e-13,8.383084980736739e-13
pair_excitation-0p5ns,A,PCHIP,65,6.656e-06,6.7584e-06,1.778987771904517e-09,1.7823614635564772e-09,-3.373691651960186e-12,3.373691651960186e-12
pair_excitation-0p5ns,A,PCHIP,66,6.7584e-06,6.8608000000000004e-06,9.602808808500198e-10,9.586199641681645e-10,1.6609166818552761e-12,1.6609166818552761e-12
pair_excitation-0p5ns,A,PCHIP,67,6.8608000000000004e-06,6.9632000000000005e-06,4.4855950861651803e-10,4.481074460168044e-10,4.5206259971364433e-13,4.5206259971364433e-13
pair_excitation-0p5ns,A,PCHIP,68,6.9632000000000005e-06,7.065600000000001e-06,2.512118421785869e-10,2.510170197505831e-10,1.9482242800380538e-13,1.9482242800380538e-13
pair_excitation-0p5ns,A,PCHIP,69,7.065600000000001e-06,7.168000000000001e-06,1.6769621002222443e-10,1.6761622786556935e-10,7.99821566550742e-14,7.99821566550742e-14
pair_excitation-0p5ns,A,PCHIP,70,7.168000000000001e-06,7.2704e-06,1.2880353589362675e-10,1.2881212223129727e-10,-8.586337670512674e-15,8.586337670512674e-15
pair_excitation-0p5ns,A,PCHIP,71,7.2704e-06,7.3728e-06,1.0808296207499772e-10,1.0802910958100146e-10,5.385249399625854e-14,5.385249399625854e-14
pair_excitation-0p5ns,A,PCHIP,72,7.3728e-06,7.4752e-06,9.321095288971203e-11,9.292023229808841e-11,2.907205916236223e-13,2.907205916236223e-13
pair_excitation-0p5ns,A,PCHIP,73,7.4752e-06,7.5776e-06,7.741085587351811e-11,7.740565716450514e-11,5.1987090129656845e-15,5.1987090129656845e-15
pair_excitation-0p5ns,A,PCHIP,74,7.5776e-06,7.680000000000001e-06,6.129501383876972e-11,6.127691642659603e-11,1.8097412173692005e-14,1.8097412173692005e-14
pair_excitation-0p5ns,A,PCHIP,75,7.680000000000001e-06,7.7824e-06,4.830584056290906e-11,4.830832292573652e-11,-2.4823628274580612e-15,2.4823628274580612e-15
pair_excitation-0p5ns,A,PCHIP,76,7.7824e-06,7.8848e-06,4.092184120624621e-11,4.093091489202253e-11,-9.073685776319372e-15,9.073685776319372e-15
pair_excitation-0p5ns,A,PCHIP,77,7.8848e-06,7.9872e-06,3.857404131734182e-11,3.858828122122553e-11,-1.4239903883706772e-14,1.4239903883706772e-14
pair_excitation-0p5ns,A,PCHIP,78,7.9872e-06,8.0896e-06,3.979753550275752e-11,3.98179348622014e-11,-2.039935944387887e-14,2.039935944387887e-14
pair_excitation-0p5ns,A,PCHIP,79,8.0896e-06,8.192e-06,4.350407443447123e-11,4.353019214763494e-11,-2.6117713163710444e-14,2.6117713163710444e-14
pair_excitation-0p5ns,A,PCHIP,80,8.192e-06,8.2944e-06,4.912632977818302e-11,4.915731113106201e-11,-3.098135287899395e-14,3.098135287899395e-14
pair_excitation-0p5ns,A,PCHIP,81,8.2944e-06,8.3968e-06,5.650395131097511e-11,5.654022458224951e-11,-3.6273271274400007e-14,3.6273271274400007e-14
pair_excitation-0p5ns,A,PCHIP,82,8.3968e-06,8.4992e-06,6.530289033183363e-11,6.534057154316477e-11,-3.76812113311334e-14,3.76812113311334e-14
pair_excitation-0p5ns,A,PCHIP,83,8.4992e-06,8.6016e-06,7.461940739074825e-11,7.46573995836525e-11,-3.799219290424274e-14,3.799219290424274e-14
pair_excitation-0p5ns,A,PCHIP,84,8.6016e-06,8.704e-06,8.428407287383674e-11,8.432218840794522e-11,-3.811553410847759e-14,3.811553410847759e-14
pair_excitation-0p5ns,A,PCHIP,85,8.704e-06,8.806400000000001e-06,9.424556456263242e-11,9.428345956360522e-11,-3.789500097280359e-14,3.789500097280359e-14
pair_excitation-0p5ns,A,PCHIP,86,8.806400000000001e-06,8.9088e-06,1.044665231007487e-10,1.0450409074339648e-10,-3.756764264777685e-14,3.756764264777685e-14
pair_excitation-0p5ns,A,PCHIP,87,8.9088e-06,9.011200000000001e-06,1.149328019780211e-10,1.1496995978512482e-10,-3.7157807103725074e-14,3.7157807103725074e-14
pair_excitation-0p5ns,A,PCHIP,88,9.011200000000001e-06,9.1136e-06,1.2566133172493619e-10,1.2569810973928022e-10,-3.677801434403099e-14,3.677801434403099e-14
pair_excitation-0p5ns,A,PCHIP,89,9.1136e-06,9.216e-06,1.3670964557381494e-10,1.36746208867081e-10,-3.656329326604934e-14,3.656329326604934e-14
pair_excitation-0p5ns,A,PCHIP,90,9.216e-06,9.3184e-06,1.4819042603183806e-10,1.4822704849949895e-10,-3.66224676608886e-14,3.66224676608886e-14
pair_excitation-0p5ns,A,PCHIP,91,9.3184e-06,9.4208e-06,1.6029775979491445e-10,1.603351350075018e-10,-3.7375212587353636e-14,3.7375212587353636e-14
pair_excitation-0p5ns,A,PCHIP,92,9.4208e-06,9.5232e-06,1.7336123087726783e-10,1.734004894658318e-10,-3.925858856398163e-14,3.925858856398163e-14
pair_excitation-0p5ns,A,PCHIP,93,9.5232e-06,9.6256e-06,1.8796417469150524e-10,1.8800758012723067e-10,-4.3405435725428495e-14,4.3405435725428495e-14
pair_excitation-0p5ns,A,PCHIP,94,9.6256e-06,9.728e-06,2.0523921317283715e-10,2.052926085018693e-10,-5.339532903214711e-14,5.339532903214711e-14
pair_excitation-0p5ns,A,PCHIP,95,9.728e-06,9.8304e-06,2.2776871443395526e-10,2.2784231411392825e-10,-7.359967997298785e-14,7.359967997298785e-14
pair_excitation-0p5ns,A,PCHIP,96,9.8304e-06,9.932800000000001e-06,2.633684280094382e-10,2.63451849798446e-10,-8.34217890077704e-14,8.34217890077704e-14
pair_excitation-0p5ns,A,PCHIP,97,9.932800000000001e-06,1.00352e-05,3.5813587658773694e-10,3.586379948610962e-10,-5.02118273359249e-13,5.02118273359249e-13
pair_excitation-0p5ns,A,PCHIP,98,1.00352e-05,1.0137600000000001e-05,1.5811744009150696e-09,1.5850497039603846e-09,-3.875303045314996e-12,3.875303045314996e-12
pair_excitation-0p5ns,A,PCHIP,99,1.0137600000000001e-05,1.024e-05,1.077296185130254e-09,1.0750451553978256e-09,2.2510297324282735e-12,2.2510297324282735e-12
pair_excitation-0p5ns,A,PCHIP,100,1.024e-05,1.0342400000000001e-05,4.916642450165661e-10,4.911561534552552e-10,5.080915613108534e-13,5.080915613108534e-13
pair_excitation-0p5ns,A,PCHIP,101,1.0342400000000001e-05,1.04448e-05,2.6863821370556256e-10,2.6842119089509836e-10,2.1702281046419727e-13,2.1702281046419727e-13
pair_excitation-0p5ns,A,PCHIP,102,1.04448e-05,1.05472e-05,1.7539616147430643e-10,1.7531046856723564e-10,8.569290707079306e-14,8.569290707079306e-14
pair_excitation-0p5ns,A,PCHIP,103,1.05472e-05,1.06496e-05,1.3234696449656355e-10,1.3234683280731845e-10,1.3168924509631963e-16,1.3168924509631963e-16
pair_excitation-0p5ns,A,PCHIP,104,1.06496e-05,1.0752e-05,1.0970086589787298e-10,1.0966440325760245e-10,3.6462640270526287e-14,3.6462640270526287e-14
pair_excitation-0p5ns,A,PCHIP,105,1.0752e-05,1.08544e-05,9.48835236925725e-11,9.458649746352283e-11,2.970262290496758e-13,2.970262290496758e-13
pair_excitation-0p5ns,A,PCHIP,106,1.08544e-05,1.09568e-05,8.077541680215547e-11,8.078405228918929e-11,-8.635487033813923e-15,8.635487033813923e-15
pair_excitation-0p5ns,A,PCHIP,107,1.09568e-05,1.10592e-05,6.647057238507349e-11,6.644270991874502e-11,2.7862466328465366e-14,2.7862466328465366e-14
pair_excitation-0p5ns,A,PCHIP,108,1.10592e-05,1.11616e-05,5.368870165639239e-11,5.367934734638717e-11,9.35431000522188e-15,9.35431000522188e-15
pair_excitation-0p5ns,A,PCHIP,109,1.11616e-05,1.1264000000000001e-05,4.5200797062018394e-11,4.5203633730742546e-11,-2.8366687241517282e-15,2.8366687241517282e-15
pair_excitation-0p5ns,A,PCHIP,110,1.1264000000000001e-05,1.13664e-05,4.1493110042436255e-11,4.1503214099812885e-11,-1.0104057376630744e-14,1.0104057376630744e-14
pair_excitation-0p5ns,A,PCHIP,111,1.13664e-05,1.1468800000000001e-05,4.1570033830861e-11,4.158706585858029e-11,-1.7032027719290365e-14,1.7032027719290365e-14
pair_excitation-0p5ns,A,PCHIP,112,1.1468800000000001e-05,1.15712e-05,4.4391349182153505e-11,4.441472516001826e-11,-2.3375977864757436e-14,2.3375977864757436e-14
pair_excitation-0p5ns,A,PCHIP,113,1.15712e-05,1.1673600000000001e-05,4.931304629663999e-11,4.934183238005925e-11,-2.878608341926084e-14,2.878608341926084e-14
pair_excitation-0p5ns,A,PCHIP,114,1.1673600000000001e-05,1.1776e-05,5.6084005055233364e-11,5.611796826621543e-11,-3.3963210982068873e-14,3.3963210982068873e-14
pair_excitation-0p5ns,A,PCHIP,115,1.1776e-05,1.18784e-05,6.46156462613181e-11,6.465334178616812e-11,-3.769552485001613e-14,3.769552485001613e-14
pair_excitation-0p5ns,A,PCHIP,116,1.18784e-05,1.19808e-05,7.396404685057785e-11,7.400179065107831e-11,-3.77438005004608e-14,3.77438005004608e-14
pair_excitation-0p5ns,A,PCHIP,117,1.19808e-05,1.20832e-05,8.368549593469862e-11,8.37234713595538e-11,-3.79754248551828e-14,3.79754248551828e-14
pair_excitation-0p5ns,A,PCHIP,118,1.20832e-05,1.21856e-05,9.372586673472452e-11,9.376378323460997e-11,-3.791649988545154e-14,3.791649988545154e-14
pair_excitation-0p5ns,A,PCHIP,119,1.21856e-05,1.2288e-05,1.0404323715430365e-10,1.0408089009404174e-10,-3.765293973808581e-14,3.765293973808581e-14
pair_excitation-0p5ns,A,PCHIP,120,1.2288e-05,1.23904e-05,1.1461757993596054e-10,1.1465479353580479e-10,-3.7213599844245746e-14,3.7213599844245746e-14
pair_excitation-0p5ns,A,PCHIP,121,1.23904e-05,1.24928e-05,1.2545986168951492e-10,1.2549672182357363e-10,-3.686013405871013e-14,3.686013405871013e-14
pair_excitation-0p5ns,A,PCHIP,122,1.24928e-05,1.2595200000000001e-05,1.3662264251525435e-10,1.366592990827708e-10,-3.665656751645864e-14,3.665656751645864e-14
pair_excitation-0p5ns,A,PCHIP,123,1.2595200000000001e-05,1.26976e-05,1.4821436768091248e-10,1.482511532135933e-10,-3.678553268082327e-14,3.678553268082327e-14
pair_excitation-0p5ns,A,PCHIP,124,1.26976e-05,1.2800000000000001e-05,1.6042550351347855e-10,1.604630290236299e-10,-3.752551015135795e-14,3.752551015135795e-14
pair_excitation-0p5ns,A,PCHIP,125,1.2800000000000001e-05,1.29024e-05,1.7358103763820583e-10,1.7362033600521078e-10,-3.929836700494427e-14,3.929836700494427e-14
pair_excitation-0p5ns,A,PCHIP,126,1.29024e-05,1.3004800000000001e-05,1.8825577205226576e-10,1.882991150010265e-10,-4.334294876074105e-14,4.334294876074105e-14
pair_excitation-0p5ns,A,PCHIP,127,1.3004800000000001e-05,1.31072e-05,2.0556184184706883e-10,2.056148030448758e-10,-5.2961197806969e-14,5.2961197806969e-14
pair_excitation-0p5ns,A,PCHIP,128,1.31072e-05,1.32096e-05,2.280147948669458e-10,2.2808846696868699e-10,-7.367210174117927e-14,7.367210174117927e-14
pair_excitation-0p5ns,A,PCHIP,129,1.32096e-05,1.3312e-05,2.6313092703747916e-10,2.6321314499450536e-10,-8.22179570261986e-14,8.22179570261986e-14
pair_excitation-0p5ns,A,PCHIP,130,1.3312e-05,1.34144e-05,3.532137800072148e-10,3.53677944161399e-10,-4.641641541841565e-13,4.641641541841565e-13
pair_excitation-0p5ns,A,PCHIP,131,1.34144e-05,1.35168e-05,1.5157652426271152e-09,1.5196894471369447e-09,-3.924204509829457e-12,3.924204509829457e-12
pair_excitation-0p5ns,A,PCHIP,132,1.35168e-05,1.36192e-05,1.092808617033336e-09,1.0904334616395336e-09,2.375155393802463e-12,2.375155393802463e-12
pair_excitation-0p5ns,A,PCHIP,133,1.36192e-05,1.3721600000000001e-05,4.973287650334476e-10,4.968122924043531e-10,5.164726290945283e-13,5.164726290945283e-13
pair_excitation-0p5ns,A,PCHIP,134,1.3721600000000001e-05,1.3824e-05,2.709121826845726e-10,2.7069224395453666e-10,2.1993873003593014e-13,2.1993873003593014e-13
pair_excitation-0p5ns,A,PCHIP,135,1.3824e-05,1.3926400000000001e-05,1.7638488060292617e-10,1.7630251882639383e-10,8.236177653234429e-14,8.236177653234429e-14
pair_excitation-0p5ns,A,PCHIP,136,1.3926400000000001e-05,1.40288e-05,1.3264502930519405e-10,1.3265629506964067e-10,-1.1265764446622744e-14,1.1265764446622744e-14
pair_excitation-0p5ns,A,PCHIP,137,1.40288e-05,1.4131200000000001e-05,1.0930364804608223e-10,1.0920405604412613e-10,9.959200195610315e-14,9.959200195610315e-14
pair_excitation-0p5ns,A,PCHIP,138,1.4131200000000001e-05,1.42336e-05,9.447470933652854e-11,9.424488744592697e-11,2.298218906015733e-13,2.298218906015733e-13
pair_excitation-0p5ns,A,PCHIP,139,1.42336e-05,1.4336000000000001e-05,8.17257877214208e-11,8.173304538868632e-11,-7.257667265515115e-15,7.257667265515115e-15
pair_excitation-0p5ns,A,PCHIP,140,1.4336000000000001e-05,1.44384e-05,6.910176531106342e-11,6.907056339199812e-11,3.120191906529617e-14,3.120191906529617e-14
pair_excitation-0p5ns,A,PCHIP,141,1.44384e-05,1.45408e-05,5.72522059065498e-11,5.723510108570092e-11,1.7104820848880082e-14,1.7104820848880082e-14
pair_excitation-0p5ns,A,PCHIP,142,1.45408e-05,1.46432e-05,4.864279631389939e-11,4.86402440645791e-11,2.552249320288475e-15,2.552249320288475e-15
pair_excitation-0p5ns,A,PCHIP,143,1.46432e-05,1.47456e-05,4.431016993628112e-11,4.431697452109047e-11,-6.804584809350452e-15,6.804584809350452e-15
pair_excitation-0p5ns,A,PCHIP,144,1.47456e-05,1.4848e-05,4.3713499726985964e-11,4.37280793064751e-11,-1.4579579489134914e-14,1.4579579489134914e-14
pair_excitation-0p5ns,A,PCHIP,145,1.4848e-05,1.49504e-05,4.5967107715742854e-11,4.5988515706529855e-11,-2.140799078700013e-14,2.140799078700013e-14
pair_excitation-0p5ns,A,PCHIP,146,1.49504e-05,1.5052800000000001e-05,5.0442153875299083e-11,5.0469358984452604e-11,-2.7205109153520317e-14,2.7205109153520317e-14
pair_excitation-0p5ns,A,PCHIP,147,1.5052800000000001e-05,1.51552e-05,5.685839599040031e-11,5.689087136154291e-11,-3.247537114259552e-14,3.247537114259552e-14
pair_excitation-0p5ns,A,PCHIP,148,1.51552e-05,1.5257600000000001e-05,6.51935639766093e-11,6.523114151341196e-11,-3.757753680266909e-14,3.757753680266909e-14
pair_excitation-0p5ns,A,PCHIP,149,1.5257600000000001e-05,1.5360000000000002e-05,7.46127175533686e-11,7.465034427267096e-11,-3.762671930236039e-14,3.762671930236039e-14
pair_excitation-0p5ns,A,PCHIP,150,1.5360000000000002e-05,1.54624e-05,8.443159732451076e-11,8.446943203819013e-11,-3.783471367937128e-14,3.783471367937128e-14
pair_excitation-0p5ns,A,PCHIP,151,1.54624e-05,1.55648e-05,9.458456630188725e-11,9.462239527606164e-11,-3.782897417438839e-14,3.782897417438839e-14
pair_excitation-0p5ns,A,PCHIP,152,1.55648e-05,1.56672e-05,1.0502764078300261e-10,1.0506525044014979e-10,-3.760965714717863e-14,3.760965714717863e-14
pair_excitation-0p5ns,A,PCHIP,153,1.56672e-05,1.57696e-05,1.1573860320231419e-10,1.1577588352863886e-10,-3.7280326324665334e-14,3.7280326324665334e-14
pair_excitation-0p5ns,A,PCHIP,154,1.57696e-05,1.5872e-05,1.2672761998866308e-10,1.26764582000875e-10,-3.696201221192408e-14,3.696201221192408e-14
pair_excitation-0p5ns,A,PCHIP,155,1.5872e-05,1.59744e-05,1.3804858221983046e-10,1.3808531128956892e-10,-3.672906973845948e-14,3.672906973845948e-14
pair_excitation-0p5ns,A,PCHIP,156,1.59744e-05,1.60768e-05,1.4981459067536665e-10,1.4985150829363898e-10,-3.691761827232768e-14,3.691761827232768e-14
pair_excitation-0p5ns,A,PCHIP,157,1.60768e-05,1.61792e-05,1.622263788488448e-10,1.622641302115161e-10,-3.775136267129858e-14,3.775136267129858e-14
pair_excitation-0p5ns,A,PCHIP,158,1.61792e-05,1.62816e-05,1.7562868620324099e-10,1.7566845424989416e-10,-3.9768046653169915e-14,3.9768046653169915e-14
pair_excitation-0p5ns,A,PCHIP,159,1.62816e-05,1.6384e-05,1.9063674943078913e-10,1.9068091968522401e-10,-4.4170254434885986e-14,4.4170254434885986e-14
pair_excitation-0p5ns,A,PCHIP,160,1.6384e-05,1.6486400000000002e-05,2.0845548080822745e-10,2.0851022172699876e-10,-5.474091877130894e-14,5.474091877130894e-14
pair_excitation-0p5ns,A,PCHIP,161,1.6486400000000002e-05,1.65888e-05,2.3187367915167234e-10,2.319447073622771e-10,-7.102821060476415e-14,7.102821060476415e-14
pair_excitation-0p5ns,A,PCHIP,162,1.65888e-05,1.66912e-05,2.6950280116080464e-10,2.6960409359975385e-10,-1.0129243894920918e-13,1.0129243894920918e-13
pair_excitation-0p5ns,A,PCHIP,163,1.66912e-05,1.67936e-05,3.7694269168032015e-10,3.7754686691803037e-10,-6.04175237710217e-13,6.04175237710217e-13
pair_excitation-0p5ns,A,PCHIP,164,1.67936e-05,1.6896000000000002e-05,1.5967367978157477e-09,1.6003699526836842e-09,-3.633154867936489e-12,3.633154867936489e-12
pair_excitation-0p5ns,A,PCHIP,165,1.6896000000000002e-05,1.69984e-05,9.865873147427412e-10,9.846345764071345e-10,1.952738335606711e-12,1.952738335606711e-12
pair_excitation-0p5ns,A,PCHIP,166,1.69984e-05,1.71008e-05,4.5823537007207143e-10,4.5777086369080014e-10,4.645063812712944e-13,4.645063812712944e-13
pair_excitation-0p5ns,A,PCHIP,167,1.71008e-05,1.72032e-05,2.551401086475121e-10,2.5494118507880654e-10,1.9892356870558182e-13,1.9892356870558182e-13
pair_excitation-0p5ns,A,PCHIP,168,1.72032e-05,1.73056e-05,1.6938221437066732e-10,1.6931761994973419e-10,6.4594420933137e-14,6.4594420933137e-14
pair_excitation-0p5ns,A,PCHIP,169,1.73056e-05,1.7408e-05,1.2889336829792038e-10,1.2895657095993122e-10,-6.32026620108401e-14,6.32026620108401e-14
pair_excitation-0p5ns,A,PCHIP,170,1.7408e-05,1.75104e-05,1.0623204049641419e-10,1.0593186026771952e-10,3.0018022869467144e-13,3.0018022869467144e-13
pair_excitation-0p5ns,A,PCHIP,171,1.75104e-05,1.7612800000000002e-05,9.170366740668659e-11,9.165092629672241e-11,5.274110996417713e-14,5.274110996417713e-14
pair_excitation-0p5ns,A,PCHIP,172,1.7612800000000002e-05,1.77152e-05,8.093986317425009e-11,8.093568481701546e-11,4.178357234628211e-15,4.178357234628211e-15
pair_excitation-0p5ns,A,PCHIP,173,1.77152e-05,1.78176e-05,7.04481308700046e-11,7.041522185463541e-11,3.290901536918818e-14,3.290901536918818e-14
pair_excitation-0p5ns,A,PCHIP,174,1.78176e-05,1.792e-05,6.02136226343694e-11,6.01911937330265e-11,2.242890134289552e-14,2.242890134289552e-14
pair_excitation-0p5ns,A,PCHIP,175,1.792e-05,1.8022400000000002e-05,5.2242068844954705e-11,5.223470455500456e-11,7.364289950145458e-15,7.364289950145458e-15
pair_excitation-0p5ns,A,PCHIP,176,1.8022400000000002e-05,1.81248e-05,4.7839757423396864e-11,4.7843496306231874e-11,-3.7388828350102315e-15,3.7388828350102315e-15
pair_excitation-0p5ns,A,PCHIP,177,1.81248e-05,1.82272e-05,4.690369826580923e-11,4.691608714052101e-11,-1.238887471177791e-14,1.238887471177791e-14
pair_excitation-0p5ns,A,PCHIP,178,1.82272e-05,1.83296e-05,4.8795768819260554e-11,4.8815516653628215e-11,-1.974783436766145e-14,1.974783436766145e-14
pair_excitation-0p5ns,A,PCHIP,179,1.83296e-05,1.8432e-05,5.298700926100375e-11,5.3012957607328685e-11,-2.5948346324934445e-14,2.5948346324934445e-14
pair_excitation-0p5ns,A,PCHIP,180,1.8432e-05,1.85344e-05,5.922937883947472e-11,5.926084220891233e-11,-3.1463369437612135e-14,3.1463369437612135e-14
pair_excitation-0p5ns,A,PCHIP,181,1.85344e-05,1.86368e-05,6.754430518418888e-11,6.758161313201321e-11,-3.730794782433323e-14,3.730794782433323e-14
pair_excitation-0p5ns,A,PCHIP,182,1.86368e-05,1.8739200000000002e-05,7.713146245800171e-11,7.716891559178233e-11,-3.745313378062216e-14,3.745313378062216e-14
pair_excitation-0p5ns,A,PCHIP,183,1.8739200000000002e-05,1.88416e-05,8.714539236469639e-11,8.71831414393778e-11,-3.7749074681413676e-14,3.7749074681413676e-14
pair_excitation-0p5ns,A,PCHIP,184,1.88416e-05,1.8944e-05,9.750628449792029e-11,9.754405661706173e-11,-3.777211914143491e-14,3.777211914143491e-14
pair_excitation-0p5ns,A,PCHIP,185,1.8944e-05,1.90464e-05,1.0816980158488709e-10,1.0820731393874998e-10,-3.751235386289555e-14,3.751235386289555e-14
pair_excitation-0p5ns,A,PCHIP,186,1.90464e-05,1.9148800000000002e-05,1.1911528493147815e-10,1.1915251239031745e-10,-3.722745883929845e-14,3.722745883929845e-14
pair_excitation-0p5ns,A,PCHIP,187,1.9148800000000002e-05,1.92512e-05,1.3035831741407302e-10,1.303952924799559e-10,-3.697506588286708e-14,3.697506588286708e-14
pair_excitation-0p5ns,A,PCHIP,188,1.92512e-05,1.93536e-05,1.4196373150395215e-10,1.420006497812503e-10,-3.691827729815939e-14,3.691827729815939e-14
pair_excitation-0p5ns,A,PCHIP,189,1.93536e-05,1.9456e-05,1.540646604076355e-10,1.541019404667281e-10,-3.728005909260764e-14,3.728005909260764e-14
pair_excitation-0p5ns,A,PCHIP,190,1.9456e-05,1.9558400000000002e-05,1.6689707245837234e-10,1.669354103940568e-10,-3.8337935684449665e-14,3.8337935684449665e-14
pair_excitation-0p5ns,A,PCHIP,191,1.9558400000000002e-05,1.96608e-05,1.8087111245921329e-10,1.809120171840131e-10,-4.090472479980801e-14,4.090472479980801e-14
pair_excitation-0p5ns,A,PCHIP,192,1.96608e-05,1.97632e-05,1.9673704101173123e-10,1.9678355675204478e-10,-4.6515740313543026e-14,4.6515740313543026e-14
pair_excitation-0p5ns,A,PCHIP,193,1.97632e-05,1.9865600000000002e-05,2.1602351761067883e-10,2.16085146719073e-10,-6.162910839416211e-14,6.162910839416211e-14
pair_excitation-0p5ns,A,PCHIP,194,1.9865600000000002e-05,1.9968e-05,2.4254563096439103e-10,2.4261111757128236e-10,-6.548660689132409e-14,6.548660689132409e-14
pair_excitation-0p5ns,A,PCHIP,195,1.9968e-05,2e-05,8.363379579530345e-11,8.367125677768743e-11,-3.746098238398231e-14,3.746098238398231e-14
pair_excitation-0p5ns,B,PCHIP,0,0.0,1.024e-07,1.8209363497911555e-13,1.9009446845900944e-13,-8.000833479893888e-15,8.000833479893888e-15
pair_excitation-0p5ns,B,PCHIP,1,1.024e-07,2.048e-07,1.242684473037236e-12,1.2526730221023955e-12,-9.9885490651595e-15,9.9885490651595e-15
pair_excitation-0p5ns,B,PCHIP,2,2.048e-07,3.072e-07,3.1683845142810746e-12,3.183340005068268e-12,-1.495549078719353e-14,1.495549078719353e-14
pair_excitation-0p5ns,B,PCHIP,3,3.072e-07,4.096e-07,5.788451108178452e-12,5.807302794670876e-12,-1.8851686492423968e-14,1.8851686492423968e-14
pair_excitation-0p5ns,B,PCHIP,4,4.096e-07,5.12e-07,8.962676034098512e-12,8.984531180211802e-12,-2.185514611329004e-14,2.185514611329004e-14
pair_excitation-0p5ns,B,PCHIP,5,5.12e-07,6.144e-07,1.2578435409037612e-11,1.260250463252593e-11,-2.4069223488317206e-14,2.4069223488317206e-14
pair_excitation-0p5ns,B,PCHIP,6,6.144e-07,7.168000000000001e-07,1.654422380729991e-11,1.6569932740155742e-11,-2.570893285583049e-14,2.570893285583049e-14
pair_excitation-0p5ns,B,PCHIP,7,7.168000000000001e-07,8.192e-07,2.0784979233727136e-11,2.0811813333778715e-11,-2.6834100051579378e-14,2.6834100051579378e-14
pair_excitation-0p5ns,B,PCHIP,8,8.192e-07,9.216e-07,2.5238192457409913e-11,2.526572384642061e-11,-2.753138901069754e-14,2.753138901069754e-14
pair_excitation-0p5ns,B,PCHIP,9,9.216e-07,1.024e-06,2.985123043671314e-11,2.98791039151964e-11,-2.787347848326397e-14,2.787347848326397e-14
pair_excitation-0p5ns,B,PCHIP,10,1.024e-06,1.1264000000000001e-06,3.457941625714018e-11,3.46072844460879e-11,-2.7868188947719275e-14,2.7868188947719275e-14
pair_excitation-0p5ns,B,PCHIP,11,1.1264000000000001e-06,1.2288e-06,3.9384382876732047e-11,3.941205992840118e-11,-2.767705166913461e-14,2.767705166913461e-14
pair_excitation-0p5ns,B,PCHIP,12,1.2288e-06,1.3312e-06,4.423335955684914e-11,4.4260649114334485e-11,-2.728955748534449e-14,2.728955748534449e-14
pair_excitation-0p5ns,B,PCHIP,13,1.3312e-06,1.4336000000000001e-06,4.909818716016412e-11,4.912493104305024e-11,-2.6743882886114344e-14,2.6743882886114344e-14
pair_excitation-0p5ns,B,PCHIP,14,1.4336000000000001e-06,1.536e-06,5.395480305654707e-11,5.3980875829733174e-11,-2.6072773186106912e-14,2.6072773186106912e-14
pair_excitation-0p5ns,B,PCHIP,15,1.536e-06,1.6384e-06,5.878285799088236e-11,5.880811355794394e-11,-2.5255567061577656e-14,2.5255567061577656e-14
pair_excitation-0p5ns,B,PCHIP,16,1.6384e-06,1.7408000000000001e-06,6.356518513404648e-11,6.358960197605753e-11,-2.441684201104987e-14,2.441684201104987e-14
pair_excitation-0p5ns,B,PCHIP,17,1.7408000000000001e-06,1.8432e-06,6.828784042747354e-11,6.831136647938768e-11,-2.3526051914149397e-14,2.3526051914149397e-14
pair_excitation-0p5ns,B,PCHIP,18,1.8432e-06,1.9456e-06,7.293969452266358e-11,7.29622957345913e-11,-2.2601211927717656e-14,2.2601211927717656e-14
pair_excitation-0p5ns,B,PCHIP,19,1.9456e-06,2.048e-06,7.751232666662485e-11,7.753398466292562e-11,-2.1657996300762056e-14,2.1657996300762056e-14
pair_excitation-0p5ns,B,PCHIP,20,2.048e-06,2.1504e-06,8.19999545836854e-11,8.20206246415754e-11,-2.0670057890005102e-14,2.0670057890005102e-14
pair_excitation-0p5ns,B,PCHIP,21,2.1504e-06,2.2528000000000003e-06,8.63992181729089e-11,8.641895023152064e-11,-1.9732058611734473e-14,1.9732058611734473e-14
pair_excitation-0p5ns,B,PCHIP,22,2.2528000000000003e-06,2.3552e-06,9.070945266638179e-11,9.072826490200449e-11,-1.881223562269752e-14,1.881223562269752e-14
pair_excitation-0p5ns,B,PCHIP,23,2.3552e-06,2.4576e-06,9.493266873996682e-11,9.49505897103802e-11,-1.7920970413389875e-14,1.7920970413389875e-14
pair_excitation-0p5ns,B,PCHIP,24,2.4576e-06,2.56e-06,9.907394973973652e-11,9.909101883293126e-11,-1.706909319474141e-14,1.706909319474141e-14
pair_excitation-0p5ns,B,PCHIP,25,2.56e-06,2.6624e-06,1.0314221093569423e-10,1.0315844873188018e-10,-1.6237796185957318e-14,1.6237796185957318e-14
pair_excitation-0p5ns,B,PCHIP,26,2.6624e-06,2.7648e-06,1.0715153013141327e-10,1.0716703962818698e-10,-1.550949677371078e-14,1.550949677371078e-14
pair_excitation-0p5ns,B,PCHIP,27,2.7648e-06,2.8672000000000003e-06,1.1112439186708355e-10,1.1113927256730419e-10,-1.4880700220635922e-14,1.4880700220635922e-14
pair_excitation-0p5ns,B,PCHIP,28,2.8672000000000003e-06,2.9696e-06,1.150986213975576e-10,1.1511303845030746e-10,-1.441705274985589e-14,1.441705274985589e-14
pair_excitation-0p5ns,B,PCHIP,29,2.9696e-06,3.072e-06,1.1914721570945805e-10,1.191615473840921e-10,-1.433167463403938e-14,1.433167463403938e-14
pair_excitation-0p5ns,B,PCHIP,30,3.072e-06,3.1744e-06,1.234585330099604e-10,1.2347717815781583e-10,-1.8645147855435866e-14,1.8645147855435866e-14
pair_excitation-0p5ns,B,PCHIP,31,3.1744e-06,3.2768e-06,1.3052728276549386e-10,1.3061243929074103e-10,-8.515652524716991e-14,8.515652524716991e-14
pair_excitation-0p5ns,B,PCHIP,32,3.2768e-06,3.3792e-06,1.608594822528171e-10,1.6085885911450973e-10,6.231383073685111e-16,6.231383073685111e-16
pair_excitation-0p5ns,B,PCHIP,33,3.3792e-06,3.4816000000000003e-06,2.671606213142485e-10,2.677163848034028e-10,-5.557634891543015e-13,5.557634891543015e-13
pair_excitation-0p5ns,B,PCHIP,34,3.4816000000000003e-06,3.5840000000000003e-06,1.669773490064482e-09,1.6724058834338148e-09,-2.632393369332783e-12,2.632393369332783e-12
pair_excitation-0p5ns,B,PCHIP,35,3.5840000000000003e-06,3.6864e-06,1.1050997654024773e-09,1.103222820607467e-09,1.876944795010309e-12,1.876944795010309e-12
pair_excitation-0p5ns,B,PCHIP,36,3.6864e-06,3.7888e-06,4.742641492607117e-10,4.737396085656875e-10,5.245406950242139e-13,5.245406950242139e-13
pair_excitation-0p5ns,B,PCHIP,37,3.7888e-06,3.8912e-06,2.416304185144913e-10,2.41413144893032e-10,2.1727362145929137e-13,2.1727362145929137e-13
pair_excitation-0p5ns,B,PCHIP,38,3.8912e-06,3.9936e-06,1.4771534254666965e-10,1.4763349474195356e-10,8.184780471609437e-14,8.184780471609437e-14
pair_excitation-0p5ns,B,PCHIP,39,3.9936e-06,4.096e-06,1.0550649335239891e-10,1.0561959008957467e-10,-1.13096737175753e-13,1.13096737175753e-13
pair_excitation-0p5ns,B,PCHIP,40,4.096e-06,4.1984e-06,8.14771449981503e-11,8.103138450930679e-11,4.457604888435059e-13,4.457604888435059e-13
pair_excitation-0p5ns,B,PCHIP,41,4.1984e-06,4.3008e-06,5.680936611192152e-11,5.669868379366824e-11,1.1068231825328129e-13,1.1068231825328129e-13
pair_excitation-0p5ns,B,PCHIP,42,4.3008e-06,4.4032000000000005e-06,3.504634057561495e-11,3.512577003618114e-11,-7.942946056619177e-14,7.942946056619177e-14
pair_excitation-0p5ns,B,PCHIP,43,4.4032000000000005e-06,4.5056000000000005e-06,2.4136385946838435e-11,2.4176378573375416e-11,-3.999262653698116e-14,3.999262653698116e-14
pair_excitation-0p5ns,B,PCHIP,44,4.5056000000000005e-06,4.608e-06,2.104356741898232e-11,2.1062557585596352e-11,-1.8990166614033057e-14,1.8990166614033057e-14
pair_excitation-0p5ns,B,PCHIP,45,4.608e-06,4.7104e-06,2.1732594822924688e-11,2.1750338453487622e-11,-1.774363056293417e-14,1.774363056293417e-14
pair_excitation-0p5ns,B,PCHIP,46,4.7104e-06,4.8128e-06,2.4321753940156912e-11,2.434219962180916e-11,-2.0445681652247784e-14,2.0445681652247784e-14
pair_excitation-0p5ns,B,PCHIP,47,4.8128e-06,4.9152e-06,2.8060016252460887e-11,2.8083177407454846e-11,-2.3161154993958688e-14,2.3161154993958688e-14
pair_excitation-0p5ns,B,PCHIP,48,4.9152e-06,5.0176e-06,3.2653913444745536e-11,3.2679357792280144e-11,-2.5444347534608407e-14,2.5444347534608407e-14
pair_excitation-0p5ns,B,PCHIP,49,5.0176e-06,5.12e-06,3.798803001778397e-11,3.801533528646496e-11,-2.730526868098788e-14,2.730526868098788e-14
pair_excitation-0p5ns,B,PCHIP,50,5.12e-06,5.2224e-06,4.3741883274634513e-11,4.3769253374217094e-11,-2.7370099582580117e-14,2.7370099582580117e-14
pair_excitation-0p5ns,B,PCHIP,51,5.2224e-06,5.3248e-06,4.9665355230864024e-11,4.9692734185901127e-11,-2.7378955037103042e-14,2.7378955037103042e-14
pair_excitation-0p5ns,B,PCHIP,52,5.3248e-06,5.4272e-06,5.5707699921185505e-11,5.5734850643310375e-11,-2.715072212486999e-14,2.715072212486999e-14
pair_excitation-0p5ns,B,PCHIP,53,5.4272e-06,5.5296e-06,6.182573934787511e-11,6.185246519202874e-11,-2.6725844153636727e-14,2.6725844153636727e-14
pair_excitation-0p5ns,B,PCHIP,54,5.5296e-06,5.6320000000000005e-06,6.798189900926463e-11,6.800804527373548e-11,-2.614626447084839e-14,2.614626447084839e-14
pair_excitation-0p5ns,B,PCHIP,55,5.6320000000000005e-06,5.7344000000000005e-06,7.414516710171673e-11,7.417056858318172e-11,-2.5401481464999225e-14,2.5401481464999225e-14
pair_excitation-0p5ns,B,PCHIP,56,5.7344000000000005e-06,5.836800000000001e-06,8.02913025087509e-11,8.03159296733628e-11,-2.4627164611894335e-14,2.4627164611894335e-14
pair_excitation-0p5ns,B,PCHIP,57,5.836800000000001e-06,5.9392e-06,8.640329727901473e-11,8.642710057832765e-11,-2.3803299312921737e-14,2.3803299312921737e-14
pair_excitation-0p5ns,B,PCHIP,58,5.9392e-06,6.0416e-06,9.247135105289797e-11,9.249431038044674e-11,-2.2959327548774647e-14,2.2959327548774647e-14
pair_excitation-0p5ns,B,PCHIP,59,6.0416e-06,6.144e-06,9.849343742404515e-11,9.85155619136477e-11,-2.2124489602558292e-14,2.2124489602558292e-14
pair_excitation-0p5ns,B,PCHIP,60,6.144e-06,6.2464e-06,1.0447669615454565e-10,1.0449798641533351e-10,-2.1290260787866947e-14,2.1290260787866947e-14
pair_excitation-0p5ns,B,PCHIP,61,6.2464e-06,6.3488e-06,1.1044050266813486e-10,1.1046108827015054e-10,-2.0585602015676686e-14,2.0585602015676686e-14
pair_excitation-0p5ns,B,PCHIP,62,6.3488e-06,6.4512e-06,1.1642468294541714e-10,1.1644473089137318e-10,-2.0047945956043766e-14,2.0047945956043766e-14
pair_excitation-0p5ns,B,PCHIP,63,6.4512e-06,6.5536e-06,1.2251224815777915e-10,1.2253215779871812e-10,-1.9909640938968112e-14,1.9909640938968112e-14
pair_excitation-0p5ns,B,PCHIP,64,6.5536e-06,6.656e-06,1.2892784125654818e-10,1.2895129975573013e-10,-2.345849918195061e-14,2.345849918195061e-14
pair_excitation-0p5ns,B,PCHIP,65,6.656e-06,6.7584e-06,1.3844927999841243e-10,1.3850285738337945e-10,-5.357738496701945e-14,5.357738496701945e-14
pair_excitation-0p5ns,B,PCHIP,66,6.7584e-06,6.8608000000000004e-06,1.6253936178415277e-10,1.6259399070185615e-10,-5.4628917703379965e-14,5.4628917703379965e-14
pair_excitation-0p5ns,B,PCHIP,67,6.8608000000000004e-06,6.9632000000000005e-06,2.0500072546493539e-10,2.0512130800214748e-10,-1.2058253721209523e-13,1.2058253721209523e-13
pair_excitation-0p5ns,B,PCHIP,68,6.9632000000000005e-06,7.065600000000001e-06,3.0468394330594157e-10,3.0520933335175273e-10,-5.253900458111607e-13,5.253900458111607e-13
pair_excitation-0p5ns,B,PCHIP,69,7.065600000000001e-06,7.168000000000001e-06,1.3314981636887837e-09,1.3341880255232293e-09,-2.6898618344455943e-12,2.6898618344455943e-12
pair_excitation-0p5ns,B,PCHIP,70,7.168000000000001e-06,7.2704e-06,8.953143554332554e-10,8.935831727672215e-10,1.731182666033965e-12,1.731182666033965e-12
pair_excitation-0p5ns,B,PCHIP,71,7.2704e-06,7.3728e-06,3.987620330520467e-10,3.9833823054289044e-10,4.2380250915623477e-13,4.2380250915623477e-13
pair_excitation-0p5ns,B,PCHIP,72,7.3728e-06,7.4752e-06,2.1200671111621145e-10,2.1183338222353556e-10,1.733288926758878e-13,1.733288926758878e-13
pair_excitation-0p5ns,B,PCHIP,73,7.4752e-06,7.5776e-06,1.3465805536802796e-10,1.3464641973131703e-10,1.163563671093073e-14,1.163563671093073e-14
pair_excitation-0p5ns,B,PCHIP,74,7.5776e-06,7.680000000000001e-06,9.719867657384839e-11,9.723775728909302e-11,-3.9080715244625135e-14,3.9080715244625135e-14
pair_excitation-0p5ns,B,PCHIP,75,7.680000000000001e-06,7.7824e-06,6.98200230808512e-11,6.920984173025395e-11,6.101813505972516e-13,6.101813505972516e-13
pair_excitation-0p5ns,B,PCHIP,76,7.7824e-06,7.8848e-06,4.281842524680185e-11,4.294126035966049e-11,-1.2283511285863926e-13,1.2283511285863926e-13
pair_excitation-0p5ns,B,PCHIP,77,7.8848e-06,7.9872e-06,2.7129053033437953e-11,2.7189308239038078e-11,-6.025520560012548e-14,6.025520560012548e-14
pair_excitation-0p5ns,B,PCHIP,78,7.9872e-06,8.0896e-06,2.1649400434847168e-11,2.1672973695801253e-11,-2.357326095408459e-14,2.357326095408459e-14
pair_excitation-0p5ns,B,PCHIP,79,8.0896e-06,8.192e-06,2.1307724402424408e-11,2.1325233492875374e-11,-1.7509090450965898e-14,1.7509090450965898e-14
pair_excitation-0p5ns,B,PCHIP,80,8.192e-06,8.2944e-06,2.3392630381594174e-11,2.3412215962761824e-11,-1.9585581167650287e-14,1.9585581167650287e-14
pair_excitation-0p5ns,B,PCHIP,81,8.2944e-06,8.3968e-06,2.683323451057371e-11,2.6855659756605094e-11,-2.242524603138414e-14,2.242524603138414e-14
pair_excitation-0p5ns,B,PCHIP,82,8.3968e-06,8.4992e-06,3.121748405886475e-11,3.124233907579353e-11,-2.4855016928782662e-14,2.4855016928782662e-14
pair_excitation-0p5ns,B,PCHIP,83,8.4992e-06,8.6016e-06,3.639771996457767e-11,3.642479642695363e-11,-2.7076462375955926e-14,2.7076462375955926e-14
pair_excitation-0p5ns,B,PCHIP,84,8.6016e-06,8.704e-06,4.211390246280258e-11,4.2141325180098653e-11,-2.7422717296075838e-14,2.7422717296075838e-14
pair_excitation-0p5ns,B,PCHIP,85,8.704e-06,8.806400000000001e-06,4.803326950258112e-11,4.806071375952797e-11,-2.744425694685197e-14,2.744425694685197e-14
pair_excitation-0p5ns,B,PCHIP,86,8.806400000000001e-06,8.9088e-06,5.4088458134861297e-11,5.4115743840522274e-11,-2.7285705660977654e-14,2.7285705660977654e-14
pair_excitation-0p5ns,B,PCHIP,87,8.9088e-06,9.011200000000001e-06,6.023429820638942e-11,6.026121488391852e-11,-2.6916677529101643e-14,2.6916677529101643e-14
pair_excitation-0p5ns,B,PCHIP,88,9.011200000000001e-06,9.1136e-06,6.643120347741267e-11,6.64575846828668e-11,-2.6381205454135347e-14,2.6381205454135347e-14
pair_excitation-0p5ns,B,PCHIP,89,9.1136e-06,9.216e-06,7.264636702408448e-11,7.267208702523584e-11,-2.572000115135465e-14,2.572000115135465e-14
pair_excitation-0p5ns,B,PCHIP,90,9.216e-06,9.3184e-06,7.885438827173448e-11,7.88793105047807e-11,-2.4922233046222432e-14,2.4922233046222432e-14
pair_excitation-0p5ns,B,PCHIP,91,9.3184e-06,9.4208e-06,8.503741361196506e-11,8.506153476955127e-11,-2.4121157586215125e-14,2.4121157586215125e-14
pair_excitation-0p5ns,B,PCHIP,92,9.4208e-06,9.5232e-06,9.118586526326319e-11,9.120916397643618e-11,-2.3298713172991577e-14,2.3298713172991577e-14
pair_excitation-0p5ns,B,PCHIP,93,9.5232e-06,9.6256e-06,9.729923648076001e-11,9.732172550735155e-11,-2.2489026591542432e-14,2.2489026591542432e-14
pair_excitation-0p5ns,B,PCHIP,94,9.6256e-06,9.728e-06,1.0338857179216657e-10,1.0341030599168323e-10,-2.1734199516658083e-14,2.1734199516658083e-14
pair_excitation-0p5ns,B,PCHIP,95,9.728e-06,9.8304e-06,1.094825546024005e-10,1.0950361588752669e-10,-2.1061285126186572e-14,2.1061285126186572e-14
pair_excitation-0p5ns,B,PCHIP,96,9.8304e-06,9.932800000000001e-06,1.1564439092904302e-10,1.1566511162622917e-10,-2.0720697186147577e-14,2.0720697186147577e-14
pair_excitation-0p5ns,B,PCHIP,97,9.932800000000001e-06,1.00352e-05,1.2203901284096397e-10,1.220613569133349e-10,-2.2344072370936087e-14,2.2344072370936087e-14
pair_excitation-0p5ns,B,PCHIP,98,1.00352e-05,1.0137600000000001e-05,1.3022158348385623e-10,1.3026242727515014e-10,-4.0843791293907723e-14,4.0843791293907723e-14
pair_excitation-0p5ns,B,PCHIP,99,1.0137600000000001e-05,1.024e-05,1.493630099080606e-10,1.4944518565030385e-10,-8.217574224326116e-14,8.217574224326116e-14
pair_excitation-0p5ns,B,PCHIP,100,1.024e-05,1.0342400000000001e-05,1.8137033692739523e-10,1.8140532576135987e-10,-3.498883396463993e-14,3.498883396463993e-14
pair_excitation-0p5ns,B,PCHIP,101,1.0342400000000001e-05,1.04448e-05,2.3037812144651432e-10,2.3056495611275914e-10,-1.8683466624481404e-13,1.8683466624481404e-13
pair_excitation-0p5ns,B,PCHIP,102,1.04448e-05,1.05472e-05,4.008526323682229e-10,4.0202141102466197e-10,-1.1687786564390698e-12,1.1687786564390698e-12
pair_excitation-0p5ns,B,PCHIP,103,1.05472e-05,1.06496e-05,1.450228138623167e-09,1.452160318695042e-09,-1.932180071874969e-12,1.932180071874969e-12
pair_excitation-0p5ns,B,PCHIP,104,1.06496e-05,1.0752e-05,6.98086593367894e-10,6.970304493739184e-10,1.0561439939755833e-12,1.0561439939755833e-12
pair_excitation-0p5ns,B,PCHIP,105,1.0752e-05,1.08544e-05,3.2644609387856004e-10,3.2611874342068887e-10,3.2735045787116725e-13,3.2735045787116725e-13
pair_excitation-0p5ns,B,PCHIP,106,1.08544e-05,1.09568e-05,1.8293009119711098e-10,1.8280399708930783e-10,1.2609410780315122e-13,1.2609410780315122e-13
pair_excitation-0p5ns,B,PCHIP,107,1.09568e-05,1.10592e-05,1.213528823198634e-10,1.2143198557988423e-10,-7.910326002083328e-14,7.910326002083328e-14
pair_excitation-0p5ns,B,PCHIP,108,1.10592e-05,1.11616e-05,8.871122018458525e-11,8.835511191911838e-11,3.5610826546686865e-13,3.5610826546686865e-13
pair_excitation-0p5ns,B,PCHIP,109,1.11616e-05,1.1264000000000001e-05,5.98890395423931e-11,5.965335536433586e-11,2.356841780572382e-13,2.356841780572382e-13
pair_excitation-0p5ns,B,PCHIP,110,1.1264000000000001e-05,1.13664e-05,3.579752716284227e-11,3.589729853186673e-11,-9.977136902445985e-14,9.977136902445985e-14
pair_excitation-0p5ns,B,PCHIP,111,1.13664e-05,1.1468800000000001e-05,2.4276314839553784e-11,2.431932306008453e-11,-4.300822053074438e-14,4.300822053074438e-14
pair_excitation-0p5ns,B,PCHIP,112,1.1468800000000001e-05,1.15712e-05,2.1129431257994606e-11,2.114887909037224e-11,-1.9447832377634223e-14,1.9447832377634223e-14
pair_excitation-0p5ns,B,PCHIP,113,1.15712e-05,1.1673600000000001e-05,2.1880516912942382e-11,2.1898536191664108e-11,-1.801927872172624e-14,1.801927872172624e-14
pair_excitation-0p5ns,B,PCHIP,114,1.1673600000000001e-05,1.1776e-05,2.4555214720810983e-11,2.4575939054868146e-11,-2.0724334057163235e-14,2.0724334057163235e-14
pair_excitation-0p5ns,B,PCHIP,115,1.1776e-05,1.18784e-05,2.839437614034878e-11,2.8417784073777455e-11,-2.3407933428675407e-14,2.3407933428675407e-14
pair_excitation-0p5ns,B,PCHIP,116,1.18784e-05,1.19808e-05,3.3112722717316406e-11,3.313849268972441e-11,-2.5769972408001062e-14,2.5769972408001062e-14
pair_excitation-0p5ns,B,PCHIP,117,1.19808e-05,1.20832e-05,3.8577411723705716e-11,3.860480343901262e-11,-2.7391715306901827e-14,2.7391715306901827e-14
pair_excitation-0p5ns,B,PCHIP,118,1.20832e-05,1.21856e-05,4.440897737615085e-11,4.443645660678106e-11,-2.747923063021146e-14,2.747923063021146e-14
pair_excitation-0p5ns,B,PCHIP,119,1.21856e-05,1.2288e-05,5.040883118752315e-11,5.0436306732653723e-11,-2.747554513057237e-14,2.747554513057237e-14
pair_excitation-0p5ns,B,PCHIP,120,1.2288e-05,1.23904e-05,5.652858557106855e-11,5.655576544710382e-11,-2.7179876035268457e-14,2.7179876035268457e-14
pair_excitation-0p5ns,B,PCHIP,121,1.23904e-05,1.24928e-05,6.272472202198826e-11,6.275146715057612e-11,-2.6745128587863267e-14,2.6745128587863267e-14
pair_excitation-0p5ns,B,PCHIP,122,1.24928e-05,1.2595200000000001e-05,6.896027329932736e-11,6.898643375440283e-11,-2.6160455075474235e-14,2.6160455075474235e-14
pair_excitation-0p5ns,B,PCHIP,123,1.2595200000000001e-05,1.26976e-05,7.520553410051477e-11,7.523100003196153e-11,-2.546593144675283e-14,2.546593144675283e-14
pair_excitation-0p5ns,B,PCHIP,124,1.26976e-05,1.2800000000000001e-05,8.143864761973836e-11,8.146334619404506e-11,-2.4698574306692664e-14,2.4698574306692664e-14
pair_excitation-0p5ns,B,PCHIP,125,1.2800000000000001e-05,1.29024e-05,8.764614636979697e-11,8.76699937745322e-11,-2.38474047352292e-14,2.38474047352292e-14
pair_excitation-0p5ns,B,PCHIP,126,1.29024e-05,1.3004800000000001e-05,9.38236960099663e-11,9.38467388512109e-11,-2.3042841244597653e-14,2.3042841244597653e-14
pair_excitation-0p5ns,B,PCHIP,127,1.3004800000000001e-05,1.31072e-05,9.997858195915662e-11,1.000008603261185e-10,-2.2278366961876894e-14,2.2278366961876894e-14
pair_excitation-0p5ns,B,PCHIP,128,1.31072e-05,1.32096e-05,1.0613501731255881e-10,1.0615663632324817e-10,-2.161901068935889e-14,2.161901068935889e-14
pair_excitation-0p5ns,B,PCHIP,129,1.32096e-05,1.3312e-05,1.1234970909508458e-10,1.1237092708957923e-10,-2.121799449465646e-14,2.121799449465646e-14
pair_excitation-0p5ns,B,PCHIP,130,1.3312e-05,1.34144e-05,1.187720708727177e-10,1.1879446810364356e-10,-2.2397230925870612e-14,2.2397230925870612e-14
pair_excitation-0p5ns,B,PCHIP,131,1.34144e-05,1.35168e-05,1.2671447403949444e-10,1.2675241923672496e-10,-3.7945197230518844e-14,3.7945197230518844e-14
pair_excitation-0p5ns,B,PCHIP,132,1.35168e-05,1.36192e-05,1.4440770876112806e-10,1.4448356613920455e-10,-7.585737807649002e-14,7.585737807649002e-14
pair_excitation-0p5ns,B,PCHIP,133,1.36192e-05,1.3721600000000001e-05,1.7305306538957745e-10,1.7308704030536584e-10,-3.397491578838596e-14,3.397491578838596e-14
pair_excitation-0p5ns,B,PCHIP,134,1.3721600000000001e-05,1.3824e-05,2.123163942817481e-10,2.1244273116964944e-10,-1.2633688790133877e-13,1.2633688790133877e-13
pair_excitation-0p5ns,B,PCHIP,135,1.3824e-05,1.3926400000000001e-05,2.8690519545662117e-10,2.872703337385511e-10,-3.651382819299253e-13,3.651382819299253e-13
pair_excitation-0p5ns,B,PCHIP,136,1.3926400000000001e-05,1.40288e-05,1.0921276164667205e-09,1.0947219572774092e-09,-2.594340810688685e-12,2.594340810688685e-12
pair_excitation-0p5ns,B,PCHIP,137,1.40288e-05,1.4131200000000001e-05,1.0163779418590134e-09,1.0141937059875247e-09,2.1842358714887823e-12,2.1842358714887823e-12
pair_excitation-0p5ns,B,PCHIP,138,1.4131200000000001e-05,1.42336e-05,4.424852423609518e-10,4.4200254721851333e-10,4.826951424384783e-13,4.826951424384783e-13
pair_excitation-0p5ns,B,PCHIP,139,1.42336e-05,1.4336000000000001e-05,2.292302671159087e-10,2.290342635185297e-10,1.9600359737901687e-13,1.9600359737901687e-13
pair_excitation-0p5ns,B,PCHIP,140,1.4336000000000001e-05,1.44384e-05,1.4210532990979597e-10,1.420798893709583e-10,2.5440538837680952e-14,2.5440538837680952e-14
pair_excitation-0p5ns,B,PCHIP,141,1.44384e-05,1.45408e-05,1.007198314770577e-10,1.0081348753987273e-10,-9.365606281502331e-14,9.365606281502331e-14
pair_excitation-0p5ns,B,PCHIP,142,1.45408e-05,1.46432e-05,7.185356699720708e-11,7.115904063056207e-11,6.945263666450035e-13,6.945263666450035e-13
pair_excitation-0p5ns,B,PCHIP,143,1.46432e-05,1.47456e-05,4.3708153216977795e-11,4.384984633839747e-11,-1.4169312141967772e-13,1.4169312141967772e-13
pair_excitation-0p5ns,B,PCHIP,144,1.47456e-05,1.4848e-05,2.7412542347026856e-11,2.747644235659582e-11,-6.390000956896443e-14,6.390000956896443e-14
pair_excitation-0p5ns,B,PCHIP,145,1.4848e-05,1.49504e-05,2.1721553123019362e-11,2.1745866242878536e-11,-2.4313119859173983e-14,2.4313119859173983e-14
pair_excitation-0p5ns,B,PCHIP,146,1.49504e-05,1.5052800000000001e-05,2.1327124819313336e-11,2.134471070701564e-11,-1.7585887702305212e-14,1.7585887702305212e-14
pair_excitation-0p5ns,B,PCHIP,147,1.5052800000000001e-05,1.51552e-05,2.3410071376464885e-11,2.3429690295303455e-11,-1.9618918838569973e-14,1.9618918838569973e-14
pair_excitation-0p5ns,B,PCHIP,148,1.51552e-05,1.5257600000000001e-05,2.687151437816507e-11,2.6893994195858283e-11,-2.2479817693212768e-14,2.2479817693212768e-14
pair_excitation-0p5ns,B,PCHIP,149,1.5257600000000001e-05,1.5360000000000002e-05,3.129470423112882e-11,3.131965530927069e-11,-2.4951078141870694e-14,2.4951078141870694e-14
pair_excitation-0p5ns,B,PCHIP,150,1.5360000000000002e-05,1.54624e-05,3.6530422020885044e-11,3.6557557913275225e-11,-2.713589239018058e-14,2.713589239018058e-14
pair_excitation-0p5ns,B,PCHIP,151,1.54624e-05,1.55648e-05,4.2291585146383485e-11,4.2319009638190644e-11,-2.7424491807159e-14,2.7424491807159e-14
pair_excitation-0p5ns,B,PCHIP,152,1.55648e-05,1.56672e-05,4.825483385699159e-11,4.828234188898375e-11,-2.7508031992161577e-14,2.7508031992161577e-14
pair_excitation-0p5ns,B,PCHIP,153,1.56672e-05,1.57696e-05,5.4356898782974465e-11,5.438424962809807e-11,-2.7350845123608292e-14,2.7350845123608292e-14
pair_excitation-0p5ns,B,PCHIP,154,1.57696e-05,1.5872e-05,6.055225795964262e-11,6.057924106124504e-11,-2.6983101602422244e-14,2.6983101602422244e-14
pair_excitation-0p5ns,B,PCHIP,155,1.5872e-05,1.59744e-05,6.680147762725877e-11,6.682787659426726e-11,-2.639896700849035e-14,2.639896700849035e-14
pair_excitation-0p5ns,B,PCHIP,156,1.59744e-05,1.60768e-05,7.307222308695786e-11,7.30979679487077e-11,-2.5744861749832234e-14,2.5744861749832234e-14
pair_excitation-0p5ns,B,PCHIP,157,1.60768e-05,1.61792e-05,7.934028955071201e-11,7.936529590881742e-11,-2.5006358105407138e-14,2.5006358105407138e-14
pair_excitation-0p5ns,B,PCHIP,158,1.61792e-05,1.62816e-05,8.559000086935405e-11,8.561422121440727e-11,-2.422034505321949e-14,2.422034505321949e-14
pair_excitation-0p5ns,B,PCHIP,159,1.62816e-05,1.6384e-05,9.181527099655932e-11,9.18386953899331e-11,-2.342439337378209e-14,2.342439337378209e-14
pair_excitation-0p5ns,B,PCHIP,160,1.6384e-05,1.6486400000000002e-05,9.802194921038513e-11,9.804456826272134e-11,-2.2619052336218175e-14,2.2619052336218175e-14
pair_excitation-0p5ns,B,PCHIP,161,1.6486400000000002e-05,1.65888e-05,1.0423342832262728e-10,1.0425539053759219e-10,-2.1962214964904627e-14,2.1962214964904627e-14
pair_excitation-0p5ns,B,PCHIP,162,1.65888e-05,1.66912e-05,1.1050765454065836e-10,1.1052922847728049e-10,-2.1573936622126836e-14,2.1573936622126836e-14
pair_excitation-0p5ns,B,PCHIP,163,1.66912e-05,1.67936e-05,1.1700592125661e-10,1.17029069081449e-10,-2.314782483899777e-14,2.314782483899777e-14
pair_excitation-0p5ns,B,PCHIP,164,1.67936e-05,1.6896000000000002e-05,1.2539079411232435e-10,1.2542985757005926e-10,-3.906345773490897e-14,3.906345773490897e-14
pair_excitation-0p5ns,B,PCHIP,165,1.6896000000000002e-05,1.69984e-05,1.4351275932617722e-10,1.4358358074988039e-10,-7.08214237031661e-14,7.08214237031661e-14
pair_excitation-0p5ns,B,PCHIP,166,1.69984e-05,1.71008e-05,1.7075629280511791e-10,1.7079717479564275e-10,-4.0881990524839213e-14,4.0881990524839213e-14
pair_excitation-0p5ns,B,PCHIP,167,1.71008e-05,1.72032e-05,2.0546599995419348e-10,2.0556532356466152e-10,-9.932361046803738e-14,9.932361046803738e-14
pair_excitation-0p5ns,B,PCHIP,168,1.72032e-05,1.73056e-05,2.5926405201973263e-10,2.594943704517246e-10,-2.303184319919712e-13,2.303184319919712e-13
pair_excitation-0p5ns,B,PCHIP,169,1.73056e-05,1.7408e-05,6.297782735841957e-10,6.326344835164483e-10,-2.8562099322525637e-12,2.8562099322525637e-12
pair_excitation-0p5ns,B,PCHIP,170,1.7408e-05,1.75104e-05,1.3261560261385424e-09,1.3245088659896277e-09,1.647160148914693e-12,1.647160148914693e-12
pair_excitation-0p5ns,B,PCHIP,171,1.75104e-05,1.7612800000000002e-05,5.615947040485925e-10,5.609284853461426e-10,6.662187024498255e-13,6.662187024498255e-13
pair_excitation-0p5ns,B,PCHIP,172,1.7612800000000002e-05,1.77152e-05,2.7517841309263483e-10,2.7491944232351064e-10,2.5897076912418603e-13,2.5897076912418603e-13
pair_excitation-0p5ns,B,PCHIP,173,1.77152e-05,1.78176e-05,1.6170559906321557e-10,1.6162671075848485e-10,7.888830473071954e-14,7.888830473071954e-14
pair_excitation-0p5ns,B,PCHIP,174,1.78176e-05,1.792e-05,1.107200638531411e-10,1.109808742706572e-10,-2.608104175160893e-13,2.608104175160893e-13
pair_excitation-0p5ns,B,PCHIP,175,1.792e-05,1.8022400000000002e-05,8.049051318475302e-11,7.9576094164978e-11,9.144190197750174e-13,9.144190197750174e-13
pair_excitation-0p5ns,B,PCHIP,176,1.8022400000000002e-05,1.81248e-05,5.048040960858505e-11,5.065321043421978e-11,-1.728008256347334e-13,1.728008256347334e-13
pair_excitation-0p5ns,B,PCHIP,177,1.81248e-05,1.82272e-05,3.0581899960218517e-11,3.066341439439874e-11,-8.151443418022397e-14,8.151443418022397e-14
pair_excitation-0p5ns,B,PCHIP,178,1.82272e-05,1.83296e-05,2.2592784826955465e-11,2.262341490624855e-11,-3.0630079293085034e-14,3.0630079293085034e-14
pair_excitation-0p5ns,B,PCHIP,179,1.83296e-05,1.8432e-05,2.1168328961434786e-11,2.1186205867586204e-11,-1.787690615141844e-14,1.787690615141844e-14
pair_excitation-0p5ns,B,PCHIP,180,1.8432e-05,1.85344e-05,2.2752683025417997e-11,2.2771558450860037e-11,-1.8875425442040595e-14,1.8875425442040595e-14
pair_excitation-0p5ns,B,PCHIP,181,1.85344e-05,1.86368e-05,2.5920771262707714e-11,2.5942524845526302e-11,-2.1753582818587514e-14,2.1753582818587514e-14
pair_excitation-0p5ns,B,PCHIP,182,1.86368e-05,1.8739200000000002e-05,3.013268027259918e-11,3.0157025935391686e-11,-2.4345662792506405e-14,2.4345662792506405e-14
pair_excitation-0p5ns,B,PCHIP,183,1.8739200000000002e-05,1.88416e-05,3.51959648803792e-11,3.522273726687807e-11,-2.6772386498871202e-14,2.6772386498871202e-14
pair_excitation-0p5ns,B,PCHIP,184,1.88416e-05,1.8944e-05,4.089474852846044e-11,4.092219102636581e-11,-2.7442497905371047e-14,2.7442497905371047e-14
pair_excitation-0p5ns,B,PCHIP,185,1.8944e-05,1.90464e-05,4.6839611915677543e-11,4.686712057422779e-11,-2.7508658550249518e-14,2.7508658550249518e-14
pair_excitation-0p5ns,B,PCHIP,186,1.90464e-05,1.9148800000000002e-05,5.293757801469526e-11,5.2964993928188546e-11,-2.741591349328353e-14,2.741591349328353e-14
pair_excitation-0p5ns,B,PCHIP,187,1.9148800000000002e-05,1.92512e-05,5.914182175489438e-11,5.916892251018954e-11,-2.7100755295158507e-14,2.7100755295158507e-14
pair_excitation-0p5ns,B,PCHIP,188,1.92512e-05,1.93536e-05,6.541123138942291e-11,6.543784092685019e-11,-2.6609537427282585e-14,2.6609537427282585e-14
pair_excitation-0p5ns,B,PCHIP,189,1.93536e-05,1.9456e-05,7.171196859834578e-11,7.173795436743642e-11,-2.598576909064024e-14,2.598576909064024e-14
pair_excitation-0p5ns,B,PCHIP,190,1.9456e-05,1.9558400000000002e-05,7.801843756902991e-11,7.80436590723481e-11,-2.522150331817992e-14,2.522150331817992e-14
pair_excitation-0p5ns,B,PCHIP,191,1.9558400000000002e-05,1.96608e-05,8.43138907310061e-11,8.433834655891112e-11,-2.445582790502569e-14,2.445582790502569e-14
pair_excitation-0p5ns,B,PCHIP,192,1.96608e-05,1.97632e-05,9.059200735633719e-11,9.06156851669228e-11,-2.3677810585611748e-14,2.3677810585611748e-14
pair_excitation-0p5ns,B,PCHIP,193,1.97632e-05,1.9865600000000002e-05,9.685956370199096e-11,9.688250062580313e-11,-2.293692381216717e-14,2.293692381216717e-14
pair_excitation-0p5ns,B,PCHIP,194,1.9865600000000002e-05,1.9968e-05,1.031454611842738e-10,1.0316622148215442e-10,-2.076029788061441e-14,2.076029788061441e-14
pair_excitation-0p5ns,B,PCHIP,195,1.9968e-05,2e-05,3.353160307216997e-11,3.3538591651976426e-11,-6.988579806455066e-15,6.988579806455066e-15
pair_excitation-0p5ns,A,CS,0,0.0,1.024e-07,2.5493314109005817e-13,2.603231652544318e-13,-5.390024164373658e-15,5.390024164373658e-15
pair_excitation-0p5ns,A,CS,1,1.024e-07,2.048e-07,1.7023788259733496e-12,1.7158292385833806e-12,-1.3450412610030919e-14,1.3450412610030919e-14
pair_excitation-0p5ns,A,CS,2,2.048e-07,3.072e-07,4.3424398670239644e-12,4.36285872744805e-12,-2.041886042408542e-14,2.041886042408542e-14
pair_excitation-0p5ns,A,CS,3,3.072e-07,4.096e-07,7.941500490664295e-12,7.967262222285875e-12,-2.5761731621579864e-14,2.5761731621579864e-14
pair_excitation-0p5ns,A,CS,4,4.096e-07,5.12e-07,1.231461268239201e-11,1.234454005167354e-11,-2.9927369281528925e-14,2.9927369281528925e-14
pair_excitation-0p5ns,A,CS,5,5.12e-07,6.144e-07,1.7315732717104732e-11,1.734874658770619e-11,-3.30138706014585e-14,3.30138706014585e-14
pair_excitation-0p5ns,A,CS,6,6.144e-07,7.168000000000001e-07,2.282769707300065e-11,2.2863023641129307e-11,-3.532656812865756e-14,3.532656812865756e-14
pair_excitation-0p5ns,A,CS,7,7.168000000000001e-07,8.192e-07,2.8755400808069968e-11,2.8792343890989173e-11,-3.6943082919205243e-14,3.6943082919205243e-14
pair_excitation-0p5ns,A,CS,8,8.192e-07,9.216e-07,3.50202608177585e-11,3.505824254240178e-11,-3.7981724643276333e-14,3.7981724643276333e-14
pair_excitation-0p5ns,A,CS,9,9.216e-07,1.024e-06,4.155657522575737e-11,4.159511569088399e-11,-3.854046512662259e-14,3.854046512662259e-14
pair_excitation-0p5ns,A,CS,10,1.024e-06,1.1264000000000001e-06,4.830905848753808e-11,4.8347687189883377e-11,-3.8628702345296815e-14,3.8628702345296815e-14
pair_excitation-0p5ns,A,CS,11,1.1264000000000001e-06,1.2288e-06,5.5230861836666253e-11,5.526933144986484e-11,-3.846961319858686e-14,3.846961319858686e-14
pair_excitation-0p5ns,A,CS,12,1.2288e-06,1.3312e-06,6.228297816559865e-11,6.232102746652926e-11,-3.8049300930606284e-14,3.8049300930606284e-14
pair_excitation-0p5ns,A,CS,13,1.3312e-06,1.4336000000000001e-06,6.943336955405993e-11,6.947079213891848e-11,-3.7422584858548494e-14,3.7422584858548494e-14
pair_excitation-0p5ns,A,CS,14,1.4336000000000001e-06,1.536e-06,7.665685966410314e-11,7.669349785484636e-11,-3.663819074321433e-14,3.663819074321433e-14
pair_excitation-0p5ns,A,CS,15,1.536e-06,1.6384e-06,8.393535441038156e-11,8.397102560966268e-11,-3.5671199281118125e-14,3.5671199281118125e-14
pair_excitation-0p5ns,A,CS,16,1.6384e-06,1.7408000000000001e-06,9.125804410785808e-11,9.129274805061933e-11,-3.470394276124724e-14,3.470394276124724e-14
pair_excitation-0p5ns,A,CS,17,1.7408000000000001e-06,1.8432e-06,9.862268242103672e-11,9.865638612817604e-11,-3.370370713931939e-14,3.370370713931939e-14
pair_excitation-0p5ns,A,CS,18,1.8432e-06,1.9456e-06,1.060366410906128e-10,1.0606935149138648e-10,-3.2710400773684885e-14,3.2710400773684885e-14
pair_excitation-0p5ns,A,CS,19,1.9456e-06,2.048e-06,1.1351903084004858e-10,1.1355079552250838e-10,-3.1764682459802874e-14,3.1764682459802874e-14
pair_excitation-0p5ns,A,CS,20,2.048e-06,2.1504e-06,1.2110391196764895e-10,1.2113477415309994e-10,-3.0862185450990604e-14,3.0862185450990604e-14
pair_excitation-0p5ns,A,CS,21,2.1504e-06,2.2528000000000003e-06,1.2884513091113603e-10,1.2887528534425449e-10,-3.0154433118461014e-14,3.0154433118461014e-14
pair_excitation-0p5ns,A,CS,22,2.2528000000000003e-06,2.3552e-06,1.3682483250604053e-10,1.3685461992563036e-10,-2.9787419589833024e-14,2.9787419589833024e-14
pair_excitation-0p5ns,A,CS,23,2.3552e-06,2.4576e-06,1.4516851807268287e-10,1.4519790676371693e-10,-2.938869103405827e-14,2.938869103405827e-14
pair_excitation-0p5ns,A,CS,24,2.4576e-06,2.56e-06,1.5406888000045825e-10,1.5410001912537815e-10,-3.1139124919902125e-14,3.1139124919902125e-14
pair_excitation-0p5ns,A,CS,25,2.56e-06,2.6624e-06,1.638516059232707e-10,1.638792666350966e-10,-2.7660711825899815e-14,2.7660711825899815e-14
pair_excitation-0p5ns,A,CS,26,2.6624e-06,2.7648e-06,1.7504600198365223e-10,1.750957437362124e-10,-4.9741752560172815e-14,4.9741752560172815e-14
pair_excitation-0p5ns,A,CS,27,2.7648e-06,2.8672000000000003e-06,1.8886600354235256e-10,1.888505311773086e-10,1.5472365043968412e-14,1.5472365043968412e-14
pair_excitation-0p5ns,A,CS,28,2.8672000000000003e-06,2.9696e-06,2.0743656968943655e-10,2.0771227049760917e-10,-2.7570080817261976e-13,2.7570080817261976e-13
pair_excitation-0p5ns,A,CS,29,2.9696e-06,3.072e-06,2.404478949531798e-10,2.3975504400986745e-10,6.928509433123279e-13,6.928509433123279e-13
pair_excitation-0p5ns,A,CS,30,3.072e-06,3.1744e-06,3.3484134154287473e-10,3.384246594122876e-10,-3.583317869412859e-12,3.583317869412859e-12
pair_excitation-0p5ns,A,CS,31,3.1744e-06,3.2768e-06,2.1317394795880004e-09,2.1344829514125535e-09,-2.743471824553101e-12,2.743471824553101e-12
pair_excitation-0p5ns,A,CS,32,3.2768e-06,3.3792e-06,1.4008921011360833e-09,1.3988204751216908e-09,2.071626014392549e-12,2.071626014392549e-12
pair_excitation-0p5ns,A,CS,33,3.3792e-06,3.4816000000000003e-06,6.090853253855273e-10,6.086949576734516e-10,3.903677120757387e-13,3.903677120757387e-13
pair_excitation-0p5ns,A,CS,34,3.4816000000000003e-06,3.5840000000000003e-06,3.1529709221656725e-10,3.149912887500662e-10,3.0580346650102794e-13,3.0580346650102794e-13
pair_excitation-0p5ns,A,CS,35,3.5840000000000003e-06,3.6864e-06,1.9564600550159488e-10,1.9557055104517408e-10,7.545445642080148e-14,7.545445642080148e-14
pair_excitation-0p5ns,A,CS,36,3.6864e-06,3.7888e-06,1.4256650805549563e-10,1.4251519205249206e-10,5.131600300356989e-14,5.131600300356989e-14
pair_excitation-0p5ns,A,CS,37,3.7888e-06,3.8912e-06,1.1678762887479123e-10,1.1676503254276513e-10,2.2596332026100218e-14,2.2596332026100218e-14
pair_excitation-0p5ns,A,CS,38,3.8912e-06,3.9936e-06,1.015145416595822e-10,1.0149725080127294e-10,1.729085830925736e-14,1.729085830925736e-14
pair_excitation-0p5ns,A,CS,39,3.9936e-06,4.096e-06,8.671482508649612e-11,8.66606576364312e-11,5.416745006492328e-14,5.416745006492328e-14
pair_excitation-0p5ns,A,CS,40,4.096e-06,4.1984e-06,6.825846082183035e-11,6.817144916267379e-11,8.701165915656161e-14,8.701165915656161e-14
pair_excitation-0p5ns,A,CS,41,4.1984e-06,4.3008e-06,5.057499457875762e-11,5.0529971130562144e-11,4.5023448195476935e-14,4.5023448195476935e-14
pair_excitation-0p5ns,A,CS,42,4.3008e-06,4.4032000000000005e-06,3.937270321713507e-11,3.93541221614451e-11,1.858105568997218e-14,1.858105568997218e-14
pair_excitation-0p5ns,A,CS,43,4.4032000000000005e-06,4.5056000000000005e-06,3.4942956993028346e-11,3.494495251900015e-11,-1.9955259718023518e-15,1.9955259718023518e-15
pair_excitation-0p5ns,A,CS,44,4.5056000000000005e-06,4.608e-06,3.513501256483202e-11,3.515033742430802e-11,-1.5324859475998084e-14,1.5324859475998084e-14
pair_excitation-0p5ns,A,CS,45,4.608e-06,4.7104e-06,3.8227559995214935e-11,3.8251410156740364e-11,-2.3850161525428805e-14,2.3850161525428805e-14
pair_excitation-0p5ns,A,CS,46,4.7104e-06,4.8128e-06,4.332258517341332e-11,4.335241562224238e-11,-2.9830448829057526e-14,2.9830448829057526e-14
pair_excitation-0p5ns,A,CS,47,4.8128e-06,4.9152e-06,5.0079303232261086e-11,5.011375201463147e-11,-3.444878237038506e-14,3.444878237038506e-14
pair_excitation-0p5ns,A,CS,48,4.9152e-06,5.0176e-06,5.833051388920946e-11,5.836796025055509e-11,-3.744636134562374e-14,3.744636134562374e-14
pair_excitation-0p5ns,A,CS,49,5.0176e-06,5.12e-06,6.726031440808645e-11,6.729833438125018e-11,-3.8019973163729176e-14,3.8019973163729176e-14
pair_excitation-0p5ns,A,CS,50,5.12e-06,5.2224e-06,7.65528720527204e-11,7.659108802936921e-11,-3.8215976648818864e-14,3.8215976648818864e-14
pair_excitation-0p5ns,A,CS,51,5.2224e-06,5.3248e-06,8.615229467008787e-11,8.619045318701093e-11,-3.815851692305617e-14,3.815851692305617e-14
pair_excitation-0p5ns,A,CS,52,5.3248e-06,5.4272e-06,9.601327668762815e-11,9.605114998069565e-11,-3.7873293067493804e-14,3.7873293067493804e-14
pair_excitation-0p5ns,A,CS,53,5.4272e-06,5.5296e-06,1.0610847880541767e-10,1.0614592382410816e-10,-3.744501869049405e-14,3.744501869049405e-14
pair_excitation-0p5ns,A,CS,54,5.5296e-06,5.6320000000000005e-06,1.1643516744933024e-10,1.1647213726443971e-10,-3.696981510947118e-14,3.696981510947118e-14
pair_excitation-0p5ns,A,CS,55,5.6320000000000005e-06,5.7344000000000005e-06,1.2702203798764212e-10,1.2705851773888998e-10,-3.647975124785943e-14,3.647975124785943e-14
pair_excitation-0p5ns,A,CS,56,5.7344000000000005e-06,5.836800000000001e-06,1.379380535002366e-10,1.379743239261353e-10,-3.627042589871442e-14,3.627042589871442e-14
pair_excitation-0p5ns,A,CS,57,5.836800000000001e-06,5.9392e-06,1.493085727088651e-10,1.49344879377946e-10,-3.630666908091725e-14,3.630666908091725e-14
pair_excitation-0p5ns,A,CS,58,5.9392e-06,6.0416e-06,1.6134358396993075e-10,1.613810796985548e-10,-3.749572862404805e-14,3.749572862404805e-14
pair_excitation-0p5ns,A,CS,59,6.0416e-06,6.144e-06,1.7440236229853046e-10,1.7443984308983677e-10,-3.748079130630633e-14,3.748079130630633e-14
pair_excitation-0p5ns,A,CS,60,6.144e-06,6.2464e-06,1.8911053183360686e-10,1.8915959893243744e-10,-4.906709883058336e-14,4.906709883058336e-14
pair_excitation-0p5ns,A,CS,61,6.2464e-06,6.3488e-06,2.067808243417981e-10,2.0680702267497778e-10,-2.6198333179679563e-14,2.6198333179679563e-14
pair_excitation-0p5ns,A,CS,62,6.3488e-06,6.4512e-06,2.3020017057561402e-10,2.303681570633282e-10,-1.6798648771416624e-13,1.6798648771416624e-13
pair_excitation-0p5ns,A,CS,63,6.4512e-06,6.5536e-06,2.6969318273423417e-10,2.6947295575949576e-10,2.2022697473840376e-13,2.2022697473840376e-13
pair_excitation-0p5ns,A,CS,64,6.5536e-06,6.656e-06,3.9736692971147446e-10,3.995497246668782e-10,-2.182794955403724e-12,2.182794955403724e-12
pair_excitation-0p5ns,A,CS,65,6.656e-06,6.7584e-06,1.7792685080873065e-09,1.7823614635564772e-09,-3.0929554691707096e-12,3.0929554691707096e-12
pair_excitation-0p5ns,A,CS,66,6.7584e-06,6.8608000000000004e-06,9.592852426422572e-10,9.586199641681645e-10,6.652784740927106e-13,6.652784740927106e-13
pair_excitation-0p5ns,A,CS,67,6.8608000000000004e-06,6.9632000000000005e-06,4.4867535859228946e-10,4.481074460168044e-10,5.679125754850756e-13,5.679125754850756e-13
pair_excitation-0p5ns,A,CS,68,6.9632000000000005e-06,7.065600000000001e-06,2.5112004097875477e-10,2.510170197505831e-10,1.0302122817165604e-13,1.0302122817165604e-13
pair_excitation-0p5ns,A,CS,69,7.065600000000001e-06,7.168000000000001e-06,1.6770187186695055e-10,1.6761622786556935e-10,8.564400138120009e-14,8.564400138120009e-14
pair_excitation-0p5ns,A,CS,70,7.168000000000001e-06,7.2704e-06,1.28842871010973e-10,1.2881212223129727e-10,3.074877967572459e-14,3.074877967572459e-14
pair_excitation-0p5ns,A,CS,71,7.2704e-06,7.3728e-06,1.0805536614492577e-10,1.0802910958100146e-10,2.6256563924304006e-14,2.6256563924304006e-14
pair_excitation-0p5ns,A,CS,72,7.3728e-06,7.4752e-06,9.295824130416329e-11,9.292023229808841e-11,3.800900607488064e-14,3.800900607488064e-14
pair_excitation-0p5ns,A,CS,73,7.4752e-06,7.5776e-06,7.747532707023978e-11,7.740565716450514e-11,6.966990573463598e-14,6.966990573463598e-14
pair_excitation-0p5ns,A,CS,74,7.5776e-06,7.680000000000001e-06,6.13359124255394e-11,6.127691642659603e-11,5.899599894337993e-14,5.899599894337993e-14
pair_excitation-0p5ns,A,CS,75,7.680000000000001e-06,7.7824e-06,4.833963313339386e-11,4.830832292573652e-11,3.131020765733928e-14,3.131020765733928e-14
pair_excitation-0p5ns,A,CS,76,7.7824e-06,7.8848e-06,4.0940828335198635e-11,4.093091489202253e-11,9.913443176104347e-15,9.913443176104347e-15
pair_excitation-0p5ns,A,CS,77,7.8848e-06,7.9872e-06,3.858179387625784e-11,3.858828122122553e-11,-6.487344967690022e-15,6.487344967690022e-15
pair_excitation-0p5ns,A,CS,78,7.9872e-06,8.0896e-06,3.980040571645923e-11,3.98179348622014e-11,-1.752914574216589e-14,1.752914574216589e-14
pair_excitation-0p5ns,A,CS,79,8.0896e-06,8.192e-06,4.350500490923282e-11,4.353019214763494e-11,-2.5187238402124304e-14,2.5187238402124304e-14
pair_excitation-0p5ns,A,CS,80,8.192e-06,8.2944e-06,4.9126632344840595e-11,4.915731113106201e-11,-3.06787862214164e-14,3.06787862214164e-14
pair_excitation-0p5ns,A,CS,81,8.2944e-06,8.3968e-06,5.650444653651597e-11,5.654022458224951e-11,-3.5778045733542714e-14,3.5778045733542714e-14
pair_excitation-0p5ns,A,CS,82,8.3968e-06,8.4992e-06,6.530319890087676e-11,6.534057154316477e-11,-3.7372642288002275e-14,3.7372642288002275e-14
pair_excitation-0p5ns,A,CS,83,8.4992e-06,8.6016e-06,7.461940583672755e-11,7.46573995836525e-11,-3.799374692494402e-14,3.799374692494402e-14
pair_excitation-0p5ns,A,CS,84,8.6016e-06,8.704e-06,8.428409574449353e-11,8.432218840794522e-11,-3.8092663451691706e-14,3.8092663451691706e-14
pair_excitation-0p5ns,A,CS,85,8.704e-06,8.806400000000001e-06,9.424557800810901e-11,9.428345956360522e-11,-3.788155549620877e-14,3.788155549620877e-14
pair_excitation-0p5ns,A,CS,86,8.806400000000001e-06,8.9088e-06,1.0446653656706813e-10,1.0450409074339648e-10,-3.7554176328350245e-14,3.7554176328350245e-14
pair_excitation-0p5ns,A,CS,87,8.9088e-06,9.011200000000001e-06,1.1493281949740466e-10,1.1496995978512482e-10,-3.7140287720168727e-14,3.7140287720168727e-14
pair_excitation-0p5ns,A,CS,88,9.011200000000001e-06,9.1136e-06,1.256613615729786e-10,1.2569810973928022e-10,-3.6748166301628764e-14,3.6748166301628764e-14
pair_excitation-0p5ns,A,CS,89,9.1136e-06,9.216e-06,1.3670968696677388e-10,1.36746208867081e-10,-3.65219003071096e-14,3.65219003071096e-14
pair_excitation-0p5ns,A,CS,90,9.216e-06,9.3184e-06,1.4819057536687981e-10,1.4822704849949895e-10,-3.64731326191343e-14,3.64731326191343e-14
pair_excitation-0p5ns,A,CS,91,9.3184e-06,9.4208e-06,1.6029769645589076e-10,1.603351350075018e-10,-3.7438551611041135e-14,3.7438551611041135e-14
pair_excitation-0p5ns,A,CS,92,9.4208e-06,9.5232e-06,1.7336274345908216e-10,1.734004894658318e-10,-3.774600674965004e-14,3.774600674965004e-14
pair_excitation-0p5ns,A,CS,93,9.5232e-06,9.6256e-06,1.8796052730408285e-10,1.8800758012723067e-10,-4.7052823147816493e-14,4.7052823147816493e-14
pair_excitation-0p5ns,A,CS,94,9.6256e-06,9.728e-06,2.052616048044955e-10,2.052926085018693e-10,-3.10036973738113e-14,3.10036973738113e-14
pair_excitation-0p5ns,A,CS,95,9.728e-06,9.8304e-06,2.2770136868800183e-10,2.2784231411392825e-10,-1.4094542592642078e-13,1.4094542592642078e-13
pair_excitation-0p5ns,A,CS,96,9.8304e-06,9.932800000000001e-06,2.636064691688159e-10,2.63451849798446e-10,1.5461937036991715e-13,1.5461937036991715e-13
pair_excitation-0p5ns,A,CS,97,9.932800000000001e-06,1.00352e-05,3.571184096969478e-10,3.586379948610962e-10,-1.5195851641483812e-12,1.5195851641483812e-12
pair_excitation-0p5ns,A,CS,98,1.00352e-05,1.0137600000000001e-05,1.5814261837818126e-09,1.5850497039603846e-09,-3.6235201785719565e-12,3.6235201785719565e-12
pair_excitation-0p5ns,A,CS,99,1.0137600000000001e-05,1.024e-05,1.076809860634536e-09,1.0750451553978256e-09,1.7647052367103185e-12,1.7647052367103185e-12
pair_excitation-0p5ns,A,CS,100,1.024e-05,1.0342400000000001e-05,4.913692770700093e-10,4.911561534552552e-10,2.131236147540315e-13,2.131236147540315e-13
pair_excitation-0p5ns,A,CS,101,1.0342400000000001e-05,1.04448e-05,2.6867661420514185e-10,2.6842119089509836e-10,2.5542331004348364e-13,2.5542331004348364e-13
pair_excitation-0p5ns,A,CS,102,1.04448e-05,1.05472e-05,1.7536381611290657e-10,1.7531046856723564e-10,5.3347545670928625e-14,5.3347545670928625e-14
pair_excitation-0p5ns,A,CS,103,1.05472e-05,1.06496e-05,1.3239363273948533e-10,1.3234683280731845e-10,4.679993216687632e-14,4.679993216687632e-14
pair_excitation-0p5ns,A,CS,104,1.06496e-05,1.0752e-05,1.0969068000033555e-10,1.0966440325760245e-10,2.6276742733105134e-14,2.6276742733105134e-14
pair_excitation-0p5ns,A,CS,105,1.0752e-05,1.08544e-05,9.462201868270183e-11,9.458649746352283e-11,3.552121917900334e-14,3.552121917900334e-14
pair_excitation-0p5ns,A,CS,106,1.08544e-05,1.09568e-05,8.084174707969943e-11,8.078405228918929e-11,5.769479051014283e-14,5.769479051014283e-14
pair_excitation-0p5ns,A,CS,107,1.09568e-05,1.10592e-05,6.650178176737984e-11,6.644270991874502e-11,5.90718486348191e-14,5.90718486348191e-14
pair_excitation-0p5ns,A,CS,108,1.10592e-05,1.11616e-05,5.3716717817520055e-11,5.367934734638717e-11,3.7370471132887564e-14,3.7370471132887564e-14
pair_excitation-0p5ns,A,CS,109,1.11616e-05,1.1264000000000001e-05,4.5219738559289645e-11,4.5203633730742546e-11,1.610482854709896e-14,1.610482854709896e-14
pair_excitation-0p5ns,A,CS,110,1.1264000000000001e-05,1.13664e-05,4.150214959831662e-11,4.1503214099812885e-11,-1.064501496263675e-15,1.064501496263675e-15
pair_excitation-0p5ns,A,CS,111,1.13664e-05,1.1468800000000001e-05,4.157365686409508e-11,4.158706585858029e-11,-1.3408994485211361e-14,1.3408994485211361e-14
pair_excitation-0p5ns,A,CS,112,1.1468800000000001e-05,1.15712e-05,4.4392694237229925e-11,4.441472516001826e-11,-2.203092278833774e-14,2.203092278833774e-14
pair_excitation-0p5ns,A,CS,113,1.15712e-05,1.1673600000000001e-05,4.9313374930495166e-11,4.934183238005925e-11,-2.845744956408733e-14,2.845744956408733e-14
pair_excitation-0p5ns,A,CS,114,1.1673600000000001e-05,1.1776e-05,5.608444249248648e-11,5.611796826621543e-11,-3.352577372895555e-14,3.352577372895555e-14
pair_excitation-0p5ns,A,CS,115,1.1776e-05,1.18784e-05,6.461610785888855e-11,6.465334178616812e-11,-3.723392727956687e-14,3.723392727956687e-14
pair_excitation-0p5ns,A,CS,116,1.18784e-05,1.19808e-05,7.396410486088061e-11,7.400179065107831e-11,-3.768579019769892e-14,3.768579019769892e-14
pair_excitation-0p5ns,A,CS,117,1.19808e-05,1.20832e-05,8.368550809511658e-11,8.37234713595538e-11,-3.7963264437222095e-14,3.7963264437222095e-14
pair_excitation-0p5ns,A,CS,118,1.20832e-05,1.21856e-05,9.372588230237878e-11,9.376378323460997e-11,-3.7900932231190094e-14,3.7900932231190094e-14
pair_excitation-0p5ns,A,CS,119,1.21856e-05,1.2288e-05,1.0404324929560573e-10,1.0408089009404174e-10,-3.7640798436010566e-14,3.7640798436010566e-14
pair_excitation-0p5ns,A,CS,120,1.2288e-05,1.23904e-05,1.146175952887137e-10,1.1465479353580479e-10,-3.719824709109385e-14,3.719824709109385e-14
pair_excitation-0p5ns,A,CS,121,1.23904e-05,1.24928e-05,1.2545988694100555e-10,1.2549672182357363e-10,-3.683488256808539e-14,3.683488256808539e-14
pair_excitation-0p5ns,A,CS,122,1.24928e-05,1.2595200000000001e-05,1.3662268018483202e-10,1.366592990827708e-10,-3.661889793878594e-14,3.661889793878594e-14
pair_excitation-0p5ns,A,CS,123,1.2595200000000001e-05,1.26976e-05,1.4821449660505528e-10,1.482511532135933e-10,-3.6656608538025424e-14,3.6656608538025424e-14
pair_excitation-0p5ns,A,CS,124,1.26976e-05,1.2800000000000001e-05,1.6042546468453327e-10,1.604630290236299e-10,-3.7564339096640107e-14,3.7564339096640107e-14
pair_excitation-0p5ns,A,CS,125,1.2800000000000001e-05,1.29024e-05,1.735823521163667e-10,1.7362033600521078e-10,-3.798388884407038e-14,3.798388884407038e-14
pair_excitation-0p5ns,A,CS,126,1.29024e-05,1.3004800000000001e-05,1.8825268399514974e-10,1.882991150010265e-10,-4.643100587676e-14,4.643100587676e-14
pair_excitation-0p5ns,A,CS,127,1.3004800000000001e-05,1.31072e-05,2.0558145612908393e-10,2.056148030448758e-10,-3.3346915791874996e-14,3.3346915791874996e-14
pair_excitation-0p5ns,A,CS,128,1.31072e-05,1.32096e-05,2.2795733757543953e-10,2.2808846696868699e-10,-1.311293932474562e-13,1.311293932474562e-13
pair_excitation-0p5ns,A,CS,129,1.32096e-05,1.3312e-05,2.6333568495006807e-10,2.6321314499450536e-10,1.225399555627084e-13,1.225399555627084e-13
pair_excitation-0p5ns,A,CS,130,1.3312e-05,1.34144e-05,3.523290644511987e-10,3.53677944161399e-10,-1.348879710200297e-12,1.348879710200297e-12
pair_excitation-0p5ns,A,CS,131,1.34144e-05,1.35168e-05,1.5159858659057896e-09,1.5196894471369447e-09,-3.70358123115507e-12,3.70358123115507e-12
pair_excitation-0p5ns,A,CS,132,1.35168e-05,1.36192e-05,1.0924097638605058e-09,1.0904334616395336e-09,1.976302220972176e-12,1.976302220972176e-12
pair_excitation-0p5ns,A,CS,133,1.36192e-05,1.3721600000000001e-05,4.969432523909649e-10,4.968122924043531e-10,1.3095998661178662e-13,1.3095998661178662e-13
pair_excitation-0p5ns,A,CS,134,1.3721600000000001e-05,1.3824e-05,2.709800063289116e-10,2.7069224395453666e-10,2.8776237437495977e-13,2.8776237437495977e-13
pair_excitation-0p5ns,A,CS,135,1.3824e-05,1.3926400000000001e-05,1.7634847405953098e-10,1.7630251882639383e-10,4.595523313714654e-14,4.595523313714654e-14
pair_excitation-0p5ns,A,CS,136,1.3926400000000001e-05,1.40288e-05,1.3270639540569677e-10,1.3265629506964067e-10,5.010033605610389e-14,5.010033605610389e-14
pair_excitation-0p5ns,A,CS,137,1.40288e-05,1.4131200000000001e-05,1.0923363257256775e-10,1.0920405604412613e-10,2.9576528441619814e-14,2.9576528441619814e-14
pair_excitation-0p5ns,A,CS,138,1.4131200000000001e-05,1.42336e-05,9.42801855305645e-11,9.424488744592697e-11,3.529808463752793e-14,3.529808463752793e-14
pair_excitation-0p5ns,A,CS,139,1.42336e-05,1.4336000000000001e-05,8.17840696635946e-11,8.173304538868632e-11,5.102427490827985e-14,5.102427490827985e-14
pair_excitation-0p5ns,A,CS,140,1.4336000000000001e-05,1.44384e-05,6.912537548654908e-11,6.907056339199812e-11,5.481209455095887e-14,5.481209455095887e-14
pair_excitation-0p5ns,A,CS,141,1.44384e-05,1.45408e-05,5.727396346453143e-11,5.723510108570092e-11,3.886237883050606e-14,3.886237883050606e-14
pair_excitation-0p5ns,A,CS,142,1.45408e-05,1.46432e-05,4.8659351534113504e-11,4.86402440645791e-11,1.9107469534403762e-14,1.9107469534403762e-14
pair_excitation-0p5ns,A,CS,143,1.46432e-05,1.47456e-05,4.431912195995919e-11,4.431697452109047e-11,2.1474388687182314e-15,2.1474388687182314e-15
pair_excitation-0p5ns,A,CS,144,1.47456e-05,1.4848e-05,4.371737875022188e-11,4.37280793064751e-11,-1.070055625322114e-14,1.070055625322114e-14
pair_excitation-0p5ns,A,CS,145,1.4848e-05,1.49504e-05,4.596864449666353e-11,4.5988515706529855e-11,-1.9871209866326287e-14,1.9871209866326287e-14
pair_excitation-0p5ns,A,CS,146,1.49504e-05,1.5052800000000001e-05,5.044255178588105e-11,5.0469358984452604e-11,-2.6807198571553557e-14,2.6807198571553557e-14
pair_excitation-0p5ns,A,CS,147,1.5052800000000001e-05,1.51552e-05,5.68587729121039e-11,5.689087136154291e-11,-3.2098449439010136e-14,3.2098449439010136e-14
pair_excitation-0p5ns,A,CS,148,1.51552e-05,1.5257600000000001e-05,6.519408838717157e-11,6.523114151341196e-11,-3.70531262403944e-14,3.70531262403944e-14
pair_excitation-0p5ns,A,CS,149,1.5257600000000001e-05,1.5360000000000002e-05,7.461285072076602e-11,7.465034427267096e-11,-3.7493551904948185e-14,3.7493551904948185e-14
pair_excitation-0p5ns,A,CS,150,1.5360000000000002e-05,1.54624e-05,8.443159672876794e-11,8.446943203819013e-11,-3.783530942218967e-14,3.783530942218967e-14
pair_excitation-0p5ns,A,CS,151,1.54624e-05,1.55648e-05,9.458458396389975e-11,9.462239527606164e-11,-3.781131216188848e-14,3.781131216188848e-14
pair_excitation-0p5ns,A,CS,152,1.55648e-05,1.56672e-05,1.0502765157504282e-10,1.0506525044014979e-10,-3.759886510696341e-14,3.759886510696341e-14
pair_excitation-0p5ns,A,CS,153,1.56672e-05,1.57696e-05,1.15738617217416e-10,1.1577588352863886e-10,-3.726631122285958e-14,3.726631122285958e-14
pair_excitation-0p5ns,A,CS,154,1.57696e-05,1.5872e-05,1.2672764292939313e-10,1.26764582000875e-10,-3.693907148187677e-14,3.693907148187677e-14
pair_excitation-0p5ns,A,CS,155,1.5872e-05,1.59744e-05,1.3804861801188231e-10,1.3808531128956892e-10,-3.669327768660406e-14,3.669327768660406e-14
pair_excitation-0p5ns,A,CS,156,1.59744e-05,1.60768e-05,1.4981471733251846e-10,1.4985150829363898e-10,-3.679096112051723e-14,3.679096112051723e-14
pair_excitation-0p5ns,A,CS,157,1.60768e-05,1.61792e-05,1.6222633462806475e-10,1.622641302115161e-10,-3.779558345133539e-14,3.779558345133539e-14
pair_excitation-0p5ns,A,CS,158,1.61792e-05,1.62816e-05,1.7563004556209868e-10,1.7566845424989416e-10,-3.840868779547643e-14,3.840868779547643e-14
pair_excitation-0p5ns,A,CS,159,1.62816e-05,1.6384e-05,1.9063353180746233e-10,1.9068091968522401e-10,-4.7387877761685705e-14,4.7387877761685705e-14
pair_excitation-0p5ns,A,CS,160,1.6384e-05,1.6486400000000002e-05,2.0847632146468805e-10,2.0851022172699876e-10,-3.3900262310709165e-14,3.3900262310709165e-14
pair_excitation-0p5ns,A,CS,161,1.6486400000000002e-05,1.65888e-05,2.3180726892635065e-10,2.319447073622771e-10,-1.3743843592645102e-13,1.3743843592645102e-13
pair_excitation-0p5ns,A,CS,162,1.65888e-05,1.66912e-05,2.697252062703096e-10,2.6960409359975385e-10,1.211126705557383e-13,1.211126705557383e-13
pair_excitation-0p5ns,A,CS,163,1.66912e-05,1.67936e-05,3.7602095544625337e-10,3.7754686691803037e-10,-1.5259114717770001e-12,1.5259114717770001e-12
pair_excitation-0p5ns,A,CS,164,1.67936e-05,1.6896000000000002e-05,1.5969074641360163e-09,1.6003699526836842e-09,-3.4624885476679554e-12,3.4624885476679554e-12
pair_excitation-0p5ns,A,CS,165,1.6896000000000002e-05,1.69984e-05,9.859041087637335e-10,9.846345764071345e-10,1.2695323565990101e-12,1.2695323565990101e-12
pair_excitation-0p5ns,A,CS,166,1.69984e-05,1.71008e-05,4.5811234390996536e-10,4.5777086369080014e-10,3.4148021916522266e-13,3.4148021916522266e-13
pair_excitation-0p5ns,A,CS,167,1.71008e-05,1.72032e-05,2.5512497513311727e-10,2.5494118507880654e-10,1.8379005431073705e-13,1.8379005431073705e-13
pair_excitation-0p5ns,A,CS,168,1.72032e-05,1.73056e-05,1.6938413140743802e-10,1.6931761994973419e-10,6.651145770383709e-14,6.651145770383709e-14
pair_excitation-0p5ns,A,CS,169,1.73056e-05,1.7408e-05,1.2899192680775425e-10,1.2895657095993122e-10,3.535584782302864e-14,3.535584782302864e-14
pair_excitation-0p5ns,A,CS,170,1.7408e-05,1.75104e-05,1.0597408796746989e-10,1.0593186026771952e-10,4.2227699750369773e-14,4.2227699750369773e-14
pair_excitation-0p5ns,A,CS,171,1.75104e-05,1.7612800000000002e-05,9.168397576250401e-11,9.165092629672241e-11,3.304946578159779e-14,3.304946578159779e-14
pair_excitation-0p5ns,A,CS,172,1.7612800000000002e-05,1.77152e-05,8.098151747553452e-11,8.093568481701546e-11,4.5832658519054705e-14,4.5832658519054705e-14
pair_excitation-0p5ns,A,CS,173,1.77152e-05,1.78176e-05,7.046320658926903e-11,7.041522185463541e-11,4.798473463361831e-14,4.798473463361831e-14
pair_excitation-0p5ns,A,CS,174,1.78176e-05,1.792e-05,6.022804352980288e-11,6.01911937330265e-11,3.6849796776378274e-14,3.6849796776378274e-14
pair_excitation-0p5ns,A,CS,175,1.792e-05,1.8022400000000002e-05,5.2254396074513934e-11,5.223470455500456e-11,1.969151950937458e-14,1.969151950937458e-14
pair_excitation-0p5ns,A,CS,176,1.8022400000000002e-05,1.81248e-05,4.784733335942223e-11,4.7843496306231874e-11,3.837053190354869e-15,3.837053190354869e-15
pair_excitation-0p5ns,A,CS,177,1.81248e-05,1.82272e-05,4.6907295266816275e-11,4.691608714052101e-11,-8.791873704735204e-15,8.791873704735204e-15
pair_excitation-0p5ns,A,CS,178,1.82272e-05,1.83296e-05,4.879728412035409e-11,4.8815516653628215e-11,-1.8232533274123138e-14,1.8232533274123138e-14
pair_excitation-0p5ns,A,CS,179,1.83296e-05,1.8432e-05,5.2987415177994976e-11,5.3012957607328685e-11,-2.5542429333709187e-14,2.5542429333709187e-14
pair_excitation-0p5ns,A,CS,180,1.8432e-05,1.85344e-05,5.922972247475061e-11,5.926084220891233e-11,-3.1119734161714953e-14,3.1119734161714953e-14
pair_excitation-0p5ns,A,CS,181,1.85344e-05,1.86368e-05,6.75448715023676e-11,6.758161313201321e-11,-3.6741629645610536e-14,3.6741629645610536e-14
pair_excitation-0p5ns,A,CS,182,1.86368e-05,1.8739200000000002e-05,7.713164388479198e-11,7.716891559178233e-11,-3.727170699035399e-14,3.727170699035399e-14
pair_excitation-0p5ns,A,CS,183,1.8739200000000002e-05,1.88416e-05,8.714538390580481e-11,8.71831414393778e-11,-3.77575335729946e-14,3.77575335729946e-14
pair_excitation-0p5ns,A,CS,184,1.88416e-05,1.8944e-05,9.750630217325381e-11,9.754405661706173e-11,-3.775444380791502e-14,3.775444380791502e-14
pair_excitation-0p5ns,A,CS,185,1.8944e-05,1.90464e-05,1.0816981079240427e-10,1.0820731393874998e-10,-3.75031463457184e-14,3.75031463457184e-14
pair_excitation-0p5ns,A,CS,186,1.90464e-05,1.9148800000000002e-05,1.1911529710216148e-10,1.1915251239031745e-10,-3.7215288155974646e-14,3.7215288155974646e-14
pair_excitation-0p5ns,A,CS,187,1.9148800000000002e-05,1.92512e-05,1.303583389236188e-10,1.303952924799559e-10,-3.69535563370967e-14,3.69535563370967e-14
pair_excitation-0p5ns,A,CS,188,1.92512e-05,1.93536e-05,1.4196377495331807e-10,1.420006497812503e-10,-3.687482793223449e-14,3.687482793223449e-14
pair_excitation-0p5ns,A,CS,189,1.93536e-05,1.9456e-05,1.540647509959023e-10,1.541019404667281e-10,-3.71894708258086e-14,3.71894708258086e-14
pair_excitation-0p5ns,A,CS,190,1.9456e-05,1.9558400000000002e-05,1.6689726248119717e-10,1.669354103940568e-10,-3.8147912859622225e-14,3.8147912859622225e-14
pair_excitation-0p5ns,A,CS,191,1.9558400000000002e-05,1.96608e-05,1.8087157556106477e-10,1.809120171840131e-10,-4.0441622948320164e-14,4.0441622948320164e-14
pair_excitation-0p5ns,A,CS,192,1.96608e-05,1.97632e-05,1.967382749777086e-10,1.9678355675204478e-10,-4.5281774336178067e-14,4.5281774336178067e-14
pair_excitation-0p5ns,A,CS,193,1.97632e-05,1.9865600000000002e-05,2.160299163983932e-10,2.16085146719073e-10,-5.523032067980019e-14,5.523032067980019e-14
pair_excitation-0p5ns,A,CS,194,1.9865600000000002e-05,1.9968e-05,2.4252944653978166e-10,2.4261111757128236e-10,-8.167103150069508e-14,8.167103150069508e-14
pair_excitation-0p5ns,A,CS,195,1.9968e-05,2e-05,8.363433025811034e-11,8.367125677768743e-11,-3.692651957709068e-14,3.692651957709068e-14
pair_excitation-0p5ns,B,CS,0,0.0,1.024e-07,1.8616851518484505e-13,1.9009446845900944e-13,-3.925953274164384e-15,3.925953274164384e-15
pair_excitation-0p5ns,B,CS,1,1.024e-07,2.048e-07,1.242849014160418e-12,1.2526730221023955e-12,-9.824007941977489e-15,9.824007941977489e-15
pair_excitation-0p5ns,B,CS,2,2.048e-07,3.072e-07,3.1684373792833616e-12,3.183340005068268e-12,-1.490262578490652e-14,1.490262578490652e-14
pair_excitation-0p5ns,B,CS,3,3.072e-07,4.096e-07,5.788512977374182e-12,5.807302794670876e-12,-1.8789817296694413e-14,1.8789817296694413e-14
pair_excitation-0p5ns,B,CS,4,4.096e-07,5.12e-07,8.96272434132761e-12,8.984531180211802e-12,-2.1806838884191513e-14,2.1806838884191513e-14
pair_excitation-0p5ns,B,CS,5,5.12e-07,6.144e-07,1.2578477868434943e-11,1.260250463252593e-11,-2.4026764090986183e-14,2.4026764090986183e-14
pair_excitation-0p5ns,B,CS,6,6.144e-07,7.168000000000001e-07,1.654425974247203e-11,1.6569932740155742e-11,-2.5672997683712073e-14,2.5672997683712073e-14
pair_excitation-0p5ns,B,CS,7,7.168000000000001e-07,8.192e-07,2.078500978051462e-11,2.0811813333778715e-11,-2.680355326409698e-14,2.680355326409698e-14
pair_excitation-0p5ns,B,CS,8,8.192e-07,9.216e-07,2.5238217911301785e-11,2.526572384642061e-11,-2.7505935118825532e-14,2.7505935118825532e-14
pair_excitation-0p5ns,B,CS,9,9.216e-07,1.024e-06,2.985125139916302e-11,2.98791039151964e-11,-2.785251603338071e-14,2.785251603338071e-14
pair_excitation-0p5ns,B,CS,10,1.024e-06,1.1264000000000001e-06,3.457943317208092e-11,3.46072844460879e-11,-2.7851274006982656e-14,2.7851274006982656e-14
pair_excitation-0p5ns,B,CS,11,1.1264000000000001e-06,1.2288e-06,3.938439620831461e-11,3.941205992840118e-11,-2.7663720086573046e-14,2.7663720086573046e-14
pair_excitation-0p5ns,B,CS,12,1.2288e-06,1.3312e-06,4.423336981958429e-11,4.4260649114334485e-11,-2.7279294750196724e-14,2.7279294750196724e-14
pair_excitation-0p5ns,B,CS,13,1.3312e-06,1.4336000000000001e-06,4.909819480265258e-11,4.912493104305024e-11,-2.6736240397654675e-14,2.6736240397654675e-14
pair_excitation-0p5ns,B,CS,14,1.4336000000000001e-06,1.536e-06,5.395480851989952e-11,5.3980875829733174e-11,-2.6067309833652536e-14,2.6067309833652536e-14
pair_excitation-0p5ns,B,CS,15,1.536e-06,1.6384e-06,5.878286169672045e-11,5.880811355794394e-11,-2.5251861223493085e-14,2.5251861223493085e-14
pair_excitation-0p5ns,B,CS,16,1.6384e-06,1.7408000000000001e-06,6.35651875105896e-11,6.358960197605753e-11,-2.4414465467926103e-14,2.4414465467926103e-14
pair_excitation-0p5ns,B,CS,17,1.7408000000000001e-06,1.8432e-06,6.828784183421442e-11,6.831136647938768e-11,-2.352464517326637e-14,2.352464517326637e-14
pair_excitation-0p5ns,B,CS,18,1.8432e-06,1.9456e-06,7.293969538590206e-11,7.29622957345913e-11,-2.2600348689242376e-14,2.2600348689242376e-14
pair_excitation-0p5ns,B,CS,19,1.9456e-06,2.048e-06,7.75123273267171e-11,7.753398466292562e-11,-2.1657336208513588e-14,2.1657336208513588e-14
pair_excitation-0p5ns,B,CS,20,2.048e-06,2.1504e-06,8.199995556685038e-11,8.20206246415754e-11,-2.0669074725023458e-14,2.0669074725023458e-14
pair_excitation-0p5ns,B,CS,21,2.1504e-06,2.2528000000000003e-06,8.639921962793408e-11,8.641895023152064e-11,-1.9730603586561332e-14,1.9730603586561332e-14
pair_excitation-0p5ns,B,CS,22,2.2528000000000003e-06,2.3552e-06,9.070945664230631e-11,9.072826490200449e-11,-1.8808259698174682e-14,1.8808259698174682e-14
pair_excitation-0p5ns,B,CS,23,2.3552e-06,2.4576e-06,9.493267007208334e-11,9.49505897103802e-11,-1.7919638296864303e-14,1.7919638296864303e-14
pair_excitation-0p5ns,B,CS,24,2.4576e-06,2.56e-06,9.907397344081789e-11,9.909101883293126e-11,-1.7045392113373256e-14,1.7045392113373256e-14
pair_excitation-0p5ns,B,CS,25,2.56e-06,2.6624e-06,1.0314216537464965e-10,1.0315844873188018e-10,-1.6283357230533078e-14,1.6283357230533078e-14
pair_excitation-0p5ns,B,CS,26,2.6624e-06,2.7648e-06,1.0715178443648423e-10,1.0716703962818698e-10,-1.5255191702749724e-14,1.5255191702749724e-14
pair_excitation-0p5ns,B,CS,27,2.7648e-06,2.8672000000000003e-06,1.1112353809404396e-10,1.1113927256730419e-10,-1.5734473260230088e-14,1.5734473260230088e-14
pair_excitation-0p5ns,B,CS,28,2.8672000000000003e-06,2.9696e-06,1.1510214452452804e-10,1.1511303845030746e-10,-1.0893925779417406e-14,1.0893925779417406e-14
pair_excitation-0p5ns,B,CS,29,2.9696e-06,3.072e-06,1.19134252128633e-10,1.191615473840921e-10,-2.729525545908809e-14,2.729525545908809e-14
pair_excitation-0p5ns,B,CS,30,3.072e-06,3.1744e-06,1.235128000102302e-10,1.2347717815781583e-10,3.562185241435771e-14,3.562185241435771e-14
pair_excitation-0p5ns,B,CS,31,3.1744e-06,3.2768e-06,1.3038787621016976e-10,1.3061243929074103e-10,-2.2456308057127323e-13,2.2456308057127323e-13
pair_excitation-0p5ns,B,CS,32,3.2768e-06,3.3792e-06,1.6142172763534395e-10,1.6085885911450973e-10,5.628685208342182e-13,5.628685208342182e-13
pair_excitation-0p5ns,B,CS,33,3.3792e-06,3.4816000000000003e-06,2.645889542479946e-10,2.677163848034028e-10,-3.1274305554081953e-12,3.1274305554081953e-12
pair_excitation-0p5ns,B,CS,34,3.4816000000000003e-06,3.5840000000000003e-06,1.6707261557306979e-09,1.6724058834338148e-09,-1.6797277031169026e-12,1.6797277031169026e-12
pair_excitation-0p5ns,B,CS,35,3.5840000000000003e-06,3.6864e-06,1.1048535452170468e-09,1.103222820607467e-09,1.6307246095797951e-12,1.6307246095797951e-12
pair_excitation-0p5ns,B,CS,36,3.6864e-06,3.7888e-06,4.740434007196498e-10,4.737396085656875e-10,3.037921539623065e-13,3.037921539623065e-13
pair_excitation-0p5ns,B,CS,37,3.7888e-06,3.8912e-06,2.4165799872227645e-10,2.41413144893032e-10,2.448538292444482e-13,2.448538292444482e-13
pair_excitation-0p5ns,B,CS,38,3.8912e-06,3.9936e-06,1.476922438160431e-10,1.4763349474195356e-10,5.874907408955223e-14,5.874907408955223e-14
pair_excitation-0p5ns,B,CS,39,3.9936e-06,4.096e-06,1.0566329336881852e-10,1.0561959008957467e-10,4.370327924385031e-14,4.370327924385031e-14
pair_excitation-0p5ns,B,CS,40,4.096e-06,4.1984e-06,8.105241056998937e-11,8.103138450930679e-11,2.1026060682578486e-14,2.1026060682578486e-14
pair_excitation-0p5ns,B,CS,41,4.1984e-06,4.3008e-06,5.682386547327293e-11,5.669868379366824e-11,1.2518167960469014e-13,1.2518167960469014e-13
pair_excitation-0p5ns,B,CS,42,4.3008e-06,4.4032000000000005e-06,3.515622740209795e-11,3.512577003618114e-11,3.0457365916809214e-14,3.0457365916809214e-14
pair_excitation-0p5ns,B,CS,43,4.4032000000000005e-06,4.5056000000000005e-06,2.4190120459600962e-11,2.4176378573375416e-11,1.374188622554629e-14,1.374188622554629e-14
pair_excitation-0p5ns,B,CS,44,4.5056000000000005e-06,4.608e-06,2.1057400031491387e-11,2.1062557585596352e-11,-5.157554104964316e-15,5.157554104964316e-15
pair_excitation-0p5ns,B,CS,45,4.608e-06,4.7104e-06,2.173629432519175e-11,2.1750338453487622e-11,-1.4044128295871431e-14,1.4044128295871431e-14
pair_excitation-0p5ns,B,CS,46,4.7104e-06,4.8128e-06,2.4322763198223337e-11,2.434219962180916e-11,-1.943642358582218e-14,1.943642358582218e-14
pair_excitation-0p5ns,B,CS,47,4.8128e-06,4.9152e-06,2.8060301583583513e-11,2.8083177407454846e-11,-2.2875823871333473e-14,2.2875823871333473e-14
pair_excitation-0p5ns,B,CS,48,4.9152e-06,5.0176e-06,3.265409561767709e-11,3.2679357792280144e-11,-2.5262174603051734e-14,2.5262174603051734e-14
pair_excitation-0p5ns,B,CS,49,5.0176e-06,5.12e-06,3.7988217474089586e-11,3.801533528646496e-11,-2.711781237537395e-14,2.711781237537395e-14
pair_excitation-0p5ns,B,CS,50,5.12e-06,5.2224e-06,4.3741938997965094e-11,4.3769253374217094e-11,-2.7314376251999565e-14,2.7314376251999565e-14
pair_excitation-0p5ns,B,CS,51,5.2224e-06,5.3248e-06,4.966536866383122e-11,4.9692734185901127e-11,-2.736552206990893e-14,2.736552206990893e-14
pair_excitation-0p5ns,B,CS,52,5.3248e-06,5.4272e-06,5.5707715530396416e-11,5.5734850643310375e-11,-2.7135112913959296e-14,2.7135112913959296e-14
pair_excitation-0p5ns,B,CS,53,5.4272e-06,5.5296e-06,6.182575068521134e-11,6.185246519202874e-11,-2.6714506817401846e-14,2.6714506817401846e-14
pair_excitation-0p5ns,B,CS,54,5.5296e-06,5.6320000000000005e-06,6.798190820894879e-11,6.800804527373548e-11,-2.6137064786683903e-14,2.6137064786683903e-14
pair_excitation-0p5ns,B,CS,55,5.6320000000000005e-06,5.7344000000000005e-06,7.41451750351746e-11,7.417056858318172e-11,-2.5393548007125394e-14,2.5393548007125394e-14
pair_excitation-0p5ns,B,CS,56,5.7344000000000005e-06,5.836800000000001e-06,8.029131011243389e-11,8.03159296733628e-11,-2.4619560928907045e-14,2.4619560928907045e-14
pair_excitation-0p5ns,B,CS,57,5.836800000000001e-06,5.9392e-06,8.640330602319566e-11,8.642710057832765e-11,-2.379455513199497e-14,2.379455513199497e-14
pair_excitation-0p5ns,B,CS,58,5.9392e-06,6.0416e-06,9.247136060366e-11,9.249431038044674e-11,-2.2949776786746766e-14,2.2949776786746766e-14
pair_excitation-0p5ns,B,CS,59,6.0416e-06,6.144e-06,9.849345776472324e-11,9.85155619136477e-11,-2.2104148924463305e-14,2.2104148924463305e-14
pair_excitation-0p5ns,B,CS,60,6.144e-06,6.2464e-06,1.0447669639888477e-10,1.0449798641533351e-10,-2.1290016448743564e-14,2.1290016448743564e-14
pair_excitation-0p5ns,B,CS,61,6.2464e-06,6.3488e-06,1.104406345787123e-10,1.1046108827015054e-10,-2.045369143824495e-14,2.045369143824495e-14
pair_excitation-0p5ns,B,CS,62,6.3488e-06,6.4512e-06,1.1642437450087766e-10,1.1644473089137318e-10,-2.0356390495516308e-14,2.0356390495516308e-14
pair_excitation-0p5ns,B,CS,63,6.4512e-06,6.5536e-06,1.2251397169328052e-10,1.2253215779871812e-10,-1.818610543760112e-14,1.818610543760112e-14
pair_excitation-0p5ns,B,CS,64,6.5536e-06,6.656e-06,1.289247996978827e-10,1.2895129975573013e-10,-2.650005784742326e-14,2.650005784742326e-14
pair_excitation-0p5ns,B,CS,65,6.656e-06,6.7584e-06,1.3848709635509466e-10,1.3850285738337945e-10,-1.576102828478764e-14,1.576102828478764e-14
pair_excitation-0p5ns,B,CS,66,6.7584e-06,6.8608000000000004e-06,1.624179592097186e-10,1.6259399070185615e-10,-1.76031492137551e-13,1.76031492137551e-13
pair_excitation-0p5ns,B,CS,67,6.8608000000000004e-06,6.9632000000000005e-06,2.0533791895740082e-10,2.0512130800214748e-10,2.1661095525334366e-13,2.1661095525334366e-13
pair_excitation-0p5ns,B,CS,68,6.9632000000000005e-06,7.065600000000001e-06,3.0342931359632517e-10,3.0520933335175273e-10,-1.7800197554275643e-12,1.7800197554275643e-12
pair_excitation-0p5ns,B,CS,69,7.065600000000001e-06,7.168000000000001e-06,1.3318795634851508e-09,1.3341880255232293e-09,-2.308462038078452e-12,2.308462038078452e-12
pair_excitation-0p5ns,B,CS,70,7.168000000000001e-06,7.2704e-06,8.950010176265259e-10,8.935831727672215e-10,1.4178448593044328e-12,1.4178448593044328e-12
pair_excitation-0p5ns,B,CS,71,7.2704e-06,7.3728e-06,3.985376787852484e-10,3.9833823054289044e-10,1.994482423579753e-13,1.994482423579753e-13
pair_excitation-0p5ns,B,CS,72,7.3728e-06,7.4752e-06,2.1204132734158596e-10,2.1183338222353556e-10,2.079451180503974e-13,2.079451180503974e-13
pair_excitation-0p5ns,B,CS,73,7.4752e-06,7.5776e-06,1.3469876064418414e-10,1.3464641973131703e-10,5.2340912867110954e-14,5.2340912867110954e-14
pair_excitation-0p5ns,B,CS,74,7.5776e-06,7.680000000000001e-06,9.726285525826339e-11,9.723775728909302e-11,2.5097969170370726e-14,2.5097969170370726e-14
pair_excitation-0p5ns,B,CS,75,7.680000000000001e-06,7.7824e-06,6.931848186457261e-11,6.920984173025395e-11,1.0864013431866408e-13,1.0864013431866408e-13
pair_excitation-0p5ns,B,CS,76,7.7824e-06,7.8848e-06,4.301080732510458e-11,4.294126035966049e-11,6.954696544409343e-14,6.954696544409343e-14
pair_excitation-0p5ns,B,CS,77,7.8848e-06,7.9872e-06,2.7205093792901828e-11,2.7189308239038078e-11,1.578555386374987e-14,1.578555386374987e-14
pair_excitation-0p5ns,B,CS,78,7.9872e-06,8.0896e-06,2.1674486169373883e-11,2.1672973695801253e-11,1.5124735726302572e-15,1.5124735726302572e-15
pair_excitation-0p5ns,B,CS,79,8.0896e-06,8.192e-06,2.1313251353298867e-11,2.1325233492875374e-11,-1.1982139576507012e-14,1.1982139576507012e-14
pair_excitation-0p5ns,B,CS,80,8.192e-06,8.2944e-06,2.3394272806733322e-11,2.3412215962761824e-11,-1.7943156028502425e-14,1.7943156028502425e-14
pair_excitation-0p5ns,B,CS,81,8.2944e-06,8.3968e-06,2.6833650900960056e-11,2.6855659756605094e-11,-2.200885564503751e-14,2.200885564503751e-14
pair_excitation-0p5ns,B,CS,82,8.3968e-06,8.4992e-06,3.121767717643193e-11,3.124233907579353e-11,-2.4661899361600647e-14,2.4661899361600647e-14
pair_excitation-0p5ns,B,CS,83,8.4992e-06,8.6016e-06,3.639793048718051e-11,3.642479642695363e-11,-2.686593977311448e-14,2.686593977311448e-14
pair_excitation-0p5ns,B,CS,84,8.6016e-06,8.704e-06,4.211399596090119e-11,4.2141325180098653e-11,-2.732921919746129e-14,2.732921919746129e-14
pair_excitation-0p5ns,B,CS,85,8.704e-06,8.806400000000001e-06,4.8033281010234436e-11,4.806071375952797e-11,-2.743274929353443e-14,2.743274929353443e-14
pair_excitation-0p5ns,B,CS,86,8.806400000000001e-06,8.9088e-06,5.4088475663606315e-11,5.4115743840522274e-11,-2.726817691595982e-14,2.726817691595982e-14
pair_excitation-0p5ns,B,CS,87,8.9088e-06,9.011200000000001e-06,6.023431037535001e-11,6.026121488391852e-11,-2.690450856851071e-14,2.690450856851071e-14
pair_excitation-0p5ns,B,CS,88,9.011200000000001e-06,9.1136e-06,6.643121338199624e-11,6.64575846828668e-11,-2.637130087056353e-14,2.637130087056353e-14
pair_excitation-0p5ns,B,CS,89,9.1136e-06,9.216e-06,7.264637547501962e-11,7.267208702523584e-11,-2.5711550216217242e-14,2.5711550216217242e-14
pair_excitation-0p5ns,B,CS,90,9.216e-06,9.3184e-06,7.885439628051248e-11,7.88793105047807e-11,-2.4914224268228852e-14,2.4914224268228852e-14
pair_excitation-0p5ns,B,CS,91,9.3184e-06,9.4208e-06,8.503742297760554e-11,8.506153476955127e-11,-2.4111791945734918e-14,2.4111791945734918e-14
pair_excitation-0p5ns,B,CS,92,9.4208e-06,9.5232e-06,9.118587506530718e-11,9.120916397643618e-11,-2.328891112900324e-14,2.328891112900324e-14
pair_excitation-0p5ns,B,CS,93,9.5232e-06,9.6256e-06,9.729926125776714e-11,9.732172550735155e-11,-2.246424958440911e-14,2.246424958440911e-14
pair_excitation-0p5ns,B,CS,94,9.6256e-06,9.728e-06,1.033885647754001e-10,1.0341030599168323e-10,-2.1741216283128464e-14,2.1741216283128464e-14
pair_excitation-0p5ns,B,CS,95,9.728e-06,9.8304e-06,1.0948274887968804e-10,1.0950361588752669e-10,-2.0867007838654266e-14,2.0867007838654266e-14
pair_excitation-0p5ns,B,CS,96,9.8304e-06,9.932800000000001e-06,1.1564393390531972e-10,1.1566511162622917e-10,-2.1177720909453754e-14,2.1177720909453754e-14
pair_excitation-0p5ns,B,CS,97,9.932800000000001e-06,1.00352e-05,1.2204282697674623e-10,1.220613569133349e-10,-1.8529936588678284e-14,1.8529936588678284e-14
pair_excitation-0p5ns,B,CS,98,1.00352e-05,1.0137600000000001e-05,1.3022121783915264e-10,1.3026242727515014e-10,-4.1209435997492315e-14,4.1209435997492315e-14
pair_excitation-0p5ns,B,CS,99,1.0137600000000001e-05,1.024e-05,1.494057525309041e-10,1.4944518565030385e-10,-3.943311939975678e-14,3.943311939975678e-14
pair_excitation-0p5ns,B,CS,100,1.024e-05,1.0342400000000001e-05,1.812159580339487e-10,1.8140532576135987e-10,-1.893677274111579e-13,1.893677274111579e-13
pair_excitation-0p5ns,B,CS,101,1.0342400000000001e-05,1.04448e-05,2.3074756972264488e-10,2.3056495611275914e-10,1.8261360988574155e-13,1.8261360988574155e-13
pair_excitation-0p5ns,B,CS,102,1.04448e-05,1.05472e-05,3.995697012248388e-10,4.0202141102466197e-10,-2.4517097998231644e-12,2.4517097998231644e-12
pair_excitation-0p5ns,B,CS,103,1.05472e-05,1.06496e-05,1.450520304059058e-09,1.452160318695042e-09,-1.6400146359840456e-12,1.6400146359840456e-12
pair_excitation-0p5ns,B,CS,104,1.06496e-05,1.0752e-05,6.971817663067512e-10,6.970304493739184e-10,1.5131693283272594e-13,1.5131693283272594e-13
pair_excitation-0p5ns,B,CS,105,1.0752e-05,1.08544e-05,3.2666738038882853e-10,3.2611874342068887e-10,5.486369681396611e-13,5.486369681396611e-13
pair_excitation-0p5ns,B,CS,106,1.08544e-05,1.09568e-05,1.828358006648094e-10,1.8280399708930783e-10,3.180357550156586e-14,3.180357550156586e-14
pair_excitation-0p5ns,B,CS,107,1.09568e-05,1.10592e-05,1.215116179511592e-10,1.2143198557988423e-10,7.963237127496002e-14,7.963237127496002e-14
pair_excitation-0p5ns,B,CS,108,1.10592e-05,1.11616e-05,8.837821113136908e-11,8.835511191911838e-11,2.3099212250696046e-14,2.3099212250696046e-14
pair_excitation-0p5ns,B,CS,109,1.11616e-05,1.1264000000000001e-05,5.978956853921189e-11,5.965335536433586e-11,1.3621317487602762e-13,1.3621317487602762e-13
pair_excitation-0p5ns,B,CS,110,1.1264000000000001e-05,1.13664e-05,3.5928138568424794e-11,3.589729853186673e-11,3.084003655806698e-14,3.084003655806698e-14
pair_excitation-0p5ns,B,CS,111,1.13664e-05,1.1468800000000001e-05,2.4333625112120248e-11,2.431932306008453e-11,1.4302052035719378e-14,1.4302052035719378e-14
pair_excitation-0p5ns,B,CS,112,1.1468800000000001e-05,1.15712e-05,2.114339728829163e-11,2.114887909037224e-11,-5.481802080609174e-15,5.481802080609174e-15
pair_excitation-0p5ns,B,CS,113,1.15712e-05,1.1673600000000001e-05,2.188418258762681e-11,2.1898536191664108e-11,-1.435360403729842e-14,1.435360403729842e-14
pair_excitation-0p5ns,B,CS,114,1.1673600000000001e-05,1.1776e-05,2.4556184122831265e-11,2.4575939054868146e-11,-1.975493203688061e-14,1.975493203688061e-14
pair_excitation-0p5ns,B,CS,115,1.1776e-05,1.18784e-05,2.8394648082556205e-11,2.8417784073777455e-11,-2.3135991221249646e-14,2.3135991221249646e-14
pair_excitation-0p5ns,B,CS,116,1.18784e-05,1.19808e-05,3.31129340468777e-11,3.313849268972441e-11,-2.5558642846709046e-14,2.5558642846709046e-14
pair_excitation-0p5ns,B,CS,117,1.19808e-05,1.20832e-05,3.8577597789045324e-11,3.860480343901262e-11,-2.7205649967293807e-14,2.7205649967293807e-14
pair_excitation-0p5ns,B,CS,118,1.20832e-05,1.21856e-05,4.440901504734638e-11,4.443645660678106e-11,-2.7441559434676884e-14,2.7441559434676884e-14
pair_excitation-0p5ns,B,CS,119,1.21856e-05,1.2288e-05,5.0408847280339417e-11,5.0436306732653723e-11,-2.745945231430681e-14,2.745945231430681e-14
pair_excitation-0p5ns,B,CS,120,1.2288e-05,1.23904e-05,5.652860054251566e-11,5.655576544710382e-11,-2.7164904588158063e-14,2.7164904588158063e-14
pair_excitation-0p5ns,B,CS,121,1.23904e-05,1.24928e-05,6.272473333849221e-11,6.275146715057612e-11,-2.673381208391362e-14,2.673381208391362e-14
pair_excitation-0p5ns,B,CS,122,1.24928e-05,1.2595200000000001e-05,6.896028260737239e-11,6.898643375440283e-11,-2.6151147030442707e-14,2.6151147030442707e-14
pair_excitation-0p5ns,B,CS,123,1.2595200000000001e-05,1.26976e-05,7.520554243811792e-11,7.523100003196153e-11,-2.54575938436053e-14,2.54575938436053e-14
pair_excitation-0p5ns,B,CS,124,1.26976e-05,1.2800000000000001e-05,8.143865648689634e-11,8.146334619404506e-11,-2.468970714872083e-14,2.468970714872083e-14
pair_excitation-0p5ns,B,CS,125,1.2800000000000001e-05,1.29024e-05,8.764615575938914e-11,8.76699937745322e-11,-2.3838015143062273e-14,2.3838015143062273e-14
pair_excitation-0p5ns,B,CS,126,1.29024e-05,1.3004800000000001e-05,9.382371608366387e-11,9.38467388512109e-11,-2.302276754703283e-14,2.302276754703283e-14
pair_excitation-0p5ns,B,CS,127,1.3004800000000001e-05,1.31072e-05,9.99785822050761e-11,1.000008603261185e-10,-2.22781210423991e-14,2.22781210423991e-14
pair_excitation-0p5ns,B,CS,128,1.31072e-05,1.32096e-05,1.0613516068572729e-10,1.0615663632324817e-10,-2.1475637520876144e-14,2.1475637520876144e-14
pair_excitation-0p5ns,B,CS,129,1.32096e-05,1.3312e-05,1.1234940685220917e-10,1.1237092708957923e-10,-2.1520237370064213e-14,2.1520237370064213e-14
pair_excitation-0p5ns,B,CS,130,1.3312e-05,1.34144e-05,1.187749018702394e-10,1.1879446810364356e-10,-1.9566233404169087e-14,1.9566233404169087e-14
pair_excitation-0p5ns,B,CS,131,1.34144e-05,1.35168e-05,1.2671518582561366e-10,1.2675241923672496e-10,-3.7233411111303686e-14,3.7233411111303686e-14
pair_excitation-0p5ns,B,CS,132,1.35168e-05,1.36192e-05,1.44439479506393e-10,1.4448356613920455e-10,-4.408663281154811e-14,4.408663281154811e-14
pair_excitation-0p5ns,B,CS,133,1.36192e-05,1.3721600000000001e-05,1.7294549643003692e-10,1.7308704030536584e-10,-1.4154387532891338e-13,1.4154387532891338e-13
pair_excitation-0p5ns,B,CS,134,1.3721600000000001e-05,1.3824e-05,2.1254498014739325e-10,2.1244273116964944e-10,1.0224897774380505e-13,1.0224897774380505e-13
pair_excitation-0p5ns,B,CS,135,1.3824e-05,1.3926400000000001e-05,2.861678659229904e-10,2.872703337385511e-10,-1.1024678155606739e-12,1.1024678155606739e-12
pair_excitation-0p5ns,B,CS,136,1.3926400000000001e-05,1.40288e-05,1.0923339181544457e-09,1.0947219572774092e-09,-2.388039122963542e-12,2.388039122963542e-12
pair_excitation-0p5ns,B,CS,137,1.40288e-05,1.4131200000000001e-05,1.016332373340485e-09,1.0141937059875247e-09,2.1386673529602337e-12,2.1386673529602337e-12
pair_excitation-0p5ns,B,CS,138,1.4131200000000001e-05,1.42336e-05,4.419011061955094e-10,4.4200254721851333e-10,-1.014410230039217e-13,1.014410230039217e-13
pair_excitation-0p5ns,B,CS,139,1.42336e-05,1.4336000000000001e-05,2.29387234323348e-10,2.290342635185297e-10,3.5297080481830113e-13,3.5297080481830113e-13
pair_excitation-0p5ns,B,CS,140,1.4336000000000001e-05,1.44384e-05,1.421021764735474e-10,1.420798893709583e-10,2.2287102589109892e-14,2.2287102589109892e-14
pair_excitation-0p5ns,B,CS,141,1.44384e-05,1.45408e-05,1.0085231912958433e-10,1.0081348753987273e-10,3.883158971159687e-14,3.883158971159687e-14
pair_excitation-0p5ns,B,CS,142,1.45408e-05,1.46432e-05,7.126452522460442e-11,7.115904063056207e-11,1.0548459404234584e-13,1.0548459404234584e-13
pair_excitation-0p5ns,B,CS,143,1.46432e-05,1.47456e-05,4.392473883785487e-11,4.384984633839747e-11,7.489249945739832e-14,7.489249945739832e-14
pair_excitation-0p5ns,B,CS,144,1.47456e-05,1.4848e-05,2.749199920389251e-11,2.747644235659582e-11,1.5556847296689127e-14,1.5556847296689127e-14
pair_excitation-0p5ns,B,CS,145,1.4848e-05,1.49504e-05,2.1747918778597105e-11,2.1745866242878536e-11,2.052535718569037e-15,2.052535718569037e-15
pair_excitation-0p5ns,B,CS,146,1.49504e-05,1.5052800000000001e-05,2.133277440682038e-11,2.134471070701564e-11,-1.1936300195261408e-14,1.1936300195261408e-14
pair_excitation-0p5ns,B,CS,147,1.5052800000000001e-05,1.51552e-05,2.3411759261940765e-11,2.3429690295303455e-11,-1.7931033362690062e-14,1.7931033362690062e-14
pair_excitation-0p5ns,B,CS,148,1.51552e-05,1.5257600000000001e-05,2.6871929218746364e-11,2.6893994195858283e-11,-2.206497711191898e-14,2.206497711191898e-14
pair_excitation-0p5ns,B,CS,149,1.5257600000000001e-05,1.5360000000000002e-05,3.129491138866539e-11,3.131965530927069e-11,-2.4743920605300475e-14,2.4743920605300475e-14
pair_excitation-0p5ns,B,CS,150,1.5360000000000002e-05,1.54624e-05,3.65306399644558e-11,3.6557557913275225e-11,-2.691794881942432e-14,2.691794881942432e-14
pair_excitation-0p5ns,B,CS,151,1.54624e-05,1.55648e-05,4.2291673017283234e-11,4.2319009638190644e-11,-2.7336620907409448e-14,2.7336620907409448e-14
pair_excitation-0p5ns,B,CS,152,1.55648e-05,1.56672e-05,4.825484549107362e-11,4.828234188898375e-11,-2.749639791012937e-14,2.749639791012937e-14
pair_excitation-0p5ns,B,CS,153,1.56672e-05,1.57696e-05,5.4356916358834656e-11,5.438424962809807e-11,-2.7333269263416743e-14,2.7333269263416743e-14
pair_excitation-0p5ns,B,CS,154,1.57696e-05,1.5872e-05,6.055227017848631e-11,6.057924106124504e-11,-2.6970882758730322e-14,2.6970882758730322e-14
pair_excitation-0p5ns,B,CS,155,1.5872e-05,1.59744e-05,6.680148765144847e-11,6.682787659426726e-11,-2.638894281878956e-14,2.638894281878956e-14
pair_excitation-0p5ns,B,CS,156,1.59744e-05,1.60768e-05,7.307223180485404e-11,7.30979679487077e-11,-2.5736143853655106e-14,2.5736143853655106e-14
pair_excitation-0p5ns,B,CS,157,1.60768e-05,1.61792e-05,7.93402982675701e-11,7.936529590881742e-11,-2.499764124731583e-14,2.499764124731583e-14
pair_excitation-0p5ns,B,CS,158,1.61792e-05,1.62816e-05,8.559001082181864e-11,8.561422121440727e-11,-2.4210392588633957e-14,2.4210392588633957e-14
pair_excitation-0p5ns,B,CS,159,1.62816e-05,1.6384e-05,9.181528638846709e-11,9.18386953899331e-11,-2.3409001466010045e-14,2.3409001466010045e-14
pair_excitation-0p5ns,B,CS,160,1.6384e-05,1.6486400000000002e-05,9.802196599230661e-11,9.804456826272134e-11,-2.2602270414731903e-14,2.2602270414731903e-14
pair_excitation-0p5ns,B,CS,161,1.6486400000000002e-05,1.65888e-05,1.042334960694119e-10,1.0425539053759219e-10,-2.1894468180282963e-14,2.1894468180282963e-14
pair_excitation-0p5ns,B,CS,162,1.65888e-05,1.66912e-05,1.1050766347229852e-10,1.1052922847728049e-10,-2.1565004981962437e-14,2.1565004981962437e-14
pair_excitation-0p5ns,B,CS,163,1.66912e-05,1.67936e-05,1.1700778182963074e-10,1.17029069081449e-10,-2.1287251818248233e-14,2.1287251818248233e-14
pair_excitation-0p5ns,B,CS,164,1.67936e-05,1.6896000000000002e-05,1.253951124332246e-10,1.2542985757005926e-10,-3.474513683466411e-14,3.474513683466411e-14
pair_excitation-0p5ns,B,CS,165,1.6896000000000002e-05,1.69984e-05,1.4352402546758026e-10,1.4358358074988039e-10,-5.95552823001277e-14,5.95552823001277e-14
pair_excitation-0p5ns,B,CS,166,1.69984e-05,1.71008e-05,1.7072320042075945e-10,1.7079717479564275e-10,-7.397437488330658e-14,7.397437488330658e-14
pair_excitation-0p5ns,B,CS,167,1.71008e-05,1.72032e-05,2.05462918863813e-10,2.0556532356466152e-10,-1.0240470084851963e-13,1.0240470084851963e-13
pair_excitation-0p5ns,B,CS,168,1.72032e-05,1.73056e-05,2.593204259096459e-10,2.594943704517246e-10,-1.7394454207871344e-13,1.7394454207871344e-13
pair_excitation-0p5ns,B,CS,169,1.73056e-05,1.7408e-05,6.292102829643348e-10,6.326344835164483e-10,-3.4242005521134556e-12,3.4242005521134556e-12
pair_excitation-0p5ns,B,CS,170,1.7408e-05,1.75104e-05,1.326277791322101e-09,1.3245088659896277e-09,1.7689253324732052e-12,1.7689253324732052e-12
pair_excitation-0p5ns,B,CS,171,1.75104e-05,1.7612800000000002e-05,5.6047195694788e-10,5.609284853461426e-10,-4.565283982626268e-13,4.565283982626268e-13
pair_excitation-0p5ns,B,CS,172,1.7612800000000002e-05,1.77152e-05,2.7553372006656447e-10,2.7491944232351064e-10,6.142777430538292e-13,6.142777430538292e-13
pair_excitation-0p5ns,B,CS,173,1.77152e-05,1.78176e-05,1.6160163816464908e-10,1.6162671075848485e-10,-2.507259383577687e-14,2.507259383577687e-14
pair_excitation-0p5ns,B,CS,174,1.78176e-05,1.792e-05,1.1105258236680253e-10,1.109808742706572e-10,7.17080961453319e-14,7.17080961453319e-14
pair_excitation-0p5ns,B,CS,175,1.792e-05,1.8022400000000002e-05,7.963821142956164e-11,7.9576094164978e-11,6.21172645836435e-14,6.21172645836435e-14
pair_excitation-0p5ns,B,CS,176,1.8022400000000002e-05,1.81248e-05,5.0766701366739486e-11,5.065321043421978e-11,1.1349093251970334e-13,1.1349093251970334e-13
pair_excitation-0p5ns,B,CS,177,1.81248e-05,1.82272e-05,3.068002595457258e-11,3.066341439439874e-11,1.661156017383762e-14,1.661156017383762e-14
pair_excitation-0p5ns,B,CS,178,1.82272e-05,1.83296e-05,2.263178634826903e-11,2.262341490624855e-11,8.371442020479762e-15,8.371442020479762e-15
pair_excitation-0p5ns,B,CS,179,1.83296e-05,1.8432e-05,2.1176372561938025e-11,2.1186205867586204e-11,-9.83330564817911e-15,9.83330564817911e-15
pair_excitation-0p5ns,B,CS,180,1.8432e-05,1.85344e-05,2.2755105104156456e-11,2.2771558450860037e-11,-1.645334670358177e-14,1.645334670358177e-14
pair_excitation-0p5ns,B,CS,181,1.85344e-05,1.86368e-05,2.5921353468461822e-11,2.5942524845526302e-11,-2.1171377064480024e-14,2.1171377064480024e-14
pair_excitation-0p5ns,B,CS,182,1.86368e-05,1.8739200000000002e-05,3.013290054729146e-11,3.0157025935391686e-11,-2.4125388100225337e-14,2.4125388100225337e-14
pair_excitation-0p5ns,B,CS,183,1.8739200000000002e-05,1.88416e-05,3.519619459237943e-11,3.522273726687807e-11,-2.6542674498638818e-14,2.6542674498638818e-14
pair_excitation-0p5ns,B,CS,184,1.88416e-05,1.8944e-05,4.089487950551714e-11,4.092219102636581e-11,-2.7311520848668366e-14,2.7311520848668366e-14
pair_excitation-0p5ns,B,CS,185,1.8944e-05,1.90464e-05,4.683962451021121e-11,4.686712057422779e-11,-2.7496064016581312e-14,2.7496064016581312e-14
pair_excitation-0p5ns,B,CS,186,1.90464e-05,1.9148800000000002e-05,5.293759680582499e-11,5.2964993928188546e-11,-2.73971223635569e-14,2.73971223635569e-14
pair_excitation-0p5ns,B,CS,187,1.9148800000000002e-05,1.92512e-05,5.91418347642972e-11,5.916892251018954e-11,-2.7087745892336948e-14,2.7087745892336948e-14
pair_excitation-0p5ns,B,CS,188,1.92512e-05,1.93536e-05,6.541124199898245e-11,6.543784092685019e-11,-2.6598927867737535e-14,2.6598927867737535e-14
pair_excitation-0p5ns,B,CS,189,1.93536e-05,1.9456e-05,7.171197767948118e-11,7.173795436743642e-11,-2.5976687955235258e-14,2.5976687955235258e-14
pair_excitation-0p5ns,B,CS,190,1.9456e-05,1.9558400000000002e-05,7.801844643779916e-11,7.80436590723481e-11,-2.5212634548937803e-14,2.5212634548937803e-14
pair_excitation-0p5ns,B,CS,191,1.9558400000000002e-05,1.96608e-05,8.431390114564598e-11,8.433834655891112e-11,-2.4445413265137764e-14,2.4445413265137764e-14
pair_excitation-0p5ns,B,CS,192,1.96608e-05,1.97632e-05,9.059202154460269e-11,9.06156851669228e-11,-2.3663622320110505e-14,2.3663622320110505e-14
pair_excitation-0p5ns,B,CS,193,1.97632e-05,1.9865600000000002e-05,9.685958861551767e-11,9.688250062580313e-11,-2.291201028546534e-14,2.291201028546534e-14
pair_excitation-0p5ns,B,CS,194,1.9865600000000002e-05,1.9968e-05,1.0314394936220043e-10,1.0316622148215442e-10,-2.2272119953981048e-14,2.2272119953981048e-14
pair_excitation-0p5ns,B,CS,195,1.9968e-05,2e-05,3.35317400983705e-11,3.3538591651976426e-11,-6.851553605927679e-15,6.851553605927679e-15
pair_inhibition-1ns,A,PCHIP,0,0.0,1.024e-07,2.445001495547948e-13,2.604214464451779e-13,-1.5921296890383104e-14,1.5921296890383104e-14
pair_inhibition-1ns,A,PCHIP,1,1.024e-07,2.048e-07,1.6891242730902359e-12,1.7164227632656042e-12,-2.72984901753683e-14,2.72984901753683e-14
pair_inhibition-1ns,A,PCHIP,2,2.048e-07,3.072e-07,4.323580293150809e-12,4.3644933864744395e-12,-4.091309332363085e-14,4.091309332363085e-14
pair_inhibition-1ns,A,PCHIP,3,3.072e-07,4.096e-07,7.919426631522156e-12,7.971015456957102e-12,-5.158882543494626e-14,5.158882543494626e-14
pair_inhibition-1ns,A,PCHIP,4,4.096e-07,5.12e-07,1.229261969133911e-11,1.2352677602289692e-11,-6.005791095058252e-14,6.005791095058252e-14
pair_inhibition-1ns,A,PCHIP,5,5.12e-07,6.144e-07,1.7299301234169052e-11,1.7365346568072256e-11,-6.604533390320366e-14,6.604533390320366e-14
pair_inhibition-1ns,A,PCHIP,6,6.144e-07,7.168000000000001e-07,2.2823607281210363e-11,2.2894482208015904e-11,-7.08749268055411e-14,7.08749268055411e-14
pair_inhibition-1ns,A,PCHIP,7,7.168000000000001e-07,8.192e-07,2.8773716968938452e-11,2.8847769369997262e-11,-7.405240105881001e-14,7.405240105881001e-14
pair_inhibition-1ns,A,PCHIP,8,8.192e-07,9.216e-07,3.507371106714454e-11,3.514979276934894e-11,-7.608170220439553e-14,7.608170220439553e-14
pair_inhibition-1ns,A,PCHIP,9,9.216e-07,1.024e-06,4.166089302597345e-11,4.173835461536106e-11,-7.746158938760522e-14,7.746158938760522e-14
pair_inhibition-1ns,A,PCHIP,10,1.024e-06,1.1264000000000001e-06,4.848458944457042e-11,4.856205251968455e-11,-7.746307511412963e-14,7.746307511412963e-14
pair_inhibition-1ns,A,PCHIP,11,1.1264000000000001e-06,1.2288e-06,5.550138656383319e-11,5.557882976525756e-11,-7.744320142437144e-14,7.744320142437144e-14
pair_inhibition-1ns,A,PCHIP,12,1.2288e-06,1.3312e-06,6.267870222113882e-11,6.275532374982446e-11,-7.662152868563429e-14,7.662152868563429e-14
pair_inhibition-1ns,A,PCHIP,13,1.3312e-06,1.4336000000000001e-06,6.99915347473262e-11,7.006695976653408e-11,-7.542501920787392e-14,7.542501920787392e-14
pair_inhibition-1ns,A,PCHIP,14,1.4336000000000001e-06,1.536e-06,7.74246380100108e-11,7.749889368562623e-11,-7.425567561543011e-14,7.425567561543011e-14
pair_inhibition-1ns,A,PCHIP,15,1.536e-06,1.6384e-06,8.497581444017824e-11,8.5048179970635e-11,-7.236553045675608e-14,7.236553045675608e-14
pair_inhibition-1ns,A,PCHIP,16,1.6384e-06,1.7408000000000001e-06,9.265714004372631e-11,9.272817767014442e-11,-7.103762641810413e-14,7.103762641810413e-14
pair_inhibition-1ns,A,PCHIP,17,1.7408000000000001e-06,1.8432e-06,1.0050852079789562e-10,1.0057814427872566e-10,-6.962348083003625e-14,6.962348083003625e-14
pair_inhibition-1ns,A,PCHIP,18,1.8432e-06,1.9456e-06,1.0862036097816236e-10,1.0868923224145344e-10,-6.887126329107891e-14,6.887126329107891e-14
pair_inhibition-1ns,A,PCHIP,19,1.9456e-06,2.048e-06,1.172576503498285e-10,1.1733358651211112e-10,-7.593616228262031e-14,7.593616228262031e-14
pair_inhibition-1ns,A,PCHIP,20,2.048e-06,2.1504e-06,1.3227444706828452e-10,1.3244149636399757e-10,-1.6704929571304336e-13,1.6704929571304336e-13
pair_inhibition-1ns,A,PCHIP,21,2.1504e-06,2.2528000000000003e-06,1.7862946262273883e-10,1.7902647808600918e-10,-3.970154632703431e-13,3.970154632703431e-13
pair_inhibition-1ns,A,PCHIP,22,2.2528000000000003e-06,2.3552e-06,4.687853730501461e-10,4.751856676791312e-10,-6.400294628985062e-12,6.400294628985062e-12
pair_inhibition-1ns,A,PCHIP,23,2.3552e-06,2.4576e-06,2.1923124882122757e-09,2.1957872659177553e-09,-3.4747777054795454e-12,3.4747777054795454e-12
pair_inhibition-1ns,A,PCHIP,24,2.4576e-06,2.56e-06,9.324431707674296e-10,9.301857905666591e-10,2.2573802007705514e-12,2.2573802007705514e-12
pair_inhibition-1ns,A,PCHIP,25,2.56e-06,2.6624e-06,4.379100430133616e-10,4.3708069588721314e-10,8.293471261484585e-13,8.293471261484585e-13
pair_inhibition-1ns,A,PCHIP,26,2.6624e-06,2.7648e-06,2.4670050584132867e-10,2.4634921975193073e-10,3.5128608939794206e-13,3.5128608939794206e-13
pair_inhibition-1ns,A,PCHIP,27,2.7648e-06,2.8672000000000003e-06,1.6566688343916807e-10,1.655179534861585e-10,1.489299530095854e-13,1.489299530095854e-13
pair_inhibition-1ns,A,PCHIP,28,2.8672000000000003e-06,2.9696e-06,1.2784334471069555e-10,1.2787732005834315e-10,-3.397534764759645e-14,3.397534764759645e-14
pair_inhibition-1ns,A,PCHIP,29,2.9696e-06,3.072e-06,1.0635210550420538e-10,1.0603060256472515e-10,3.215029394802226e-13,3.215029394802226e-13
pair_inhibition-1ns,A,PCHIP,30,3.072e-06,3.1744e-06,8.462543112264699e-11,8.430981054071428e-11,3.1562058193271194e-13,3.1562058193271194e-13
pair_inhibition-1ns,A,PCHIP,31,3.1744e-06,3.2768e-06,5.994787140495117e-11,5.989835226725885e-11,4.9519137692319373e-14,4.9519137692319373e-14
pair_inhibition-1ns,A,PCHIP,32,3.2768e-06,3.3792e-06,4.191855421558779e-11,4.192246281918286e-11,-3.908603595070053e-15,3.908603595070053e-15
pair_inhibition-1ns,A,PCHIP,33,3.3792e-06,3.4816000000000003e-06,3.3824431339217694e-11,3.3842151073753515e-11,-1.7719734535820387e-14,1.7719734535820387e-14
pair_inhibition-1ns,A,PCHIP,34,3.4816000000000003e-06,3.5840000000000003e-06,3.2457094966119606e-11,3.2489063813431595e-11,-3.196884731198901e-14,3.196884731198901e-14
pair_inhibition-1ns,A,PCHIP,35,3.5840000000000003e-06,3.6864e-06,3.4890023817302256e-11,3.493633098234952e-11,-4.630716504726676e-14,4.630716504726676e-14
pair_inhibition-1ns,A,PCHIP,36,3.6864e-06,3.7888e-06,3.970985378101044e-11,3.9768247665889245e-11,-5.839388487880675e-14,5.839388487880675e-14
pair_inhibition-1ns,A,PCHIP,37,3.7888e-06,3.8912e-06,4.643379089235693e-11,4.650306946122469e-11,-6.927856886776183e-14,6.927856886776183e-14
pair_inhibition-1ns,A,PCHIP,38,3.8912e-06,3.9936e-06,5.486205455491816e-11,5.4937782237142076e-11,-7.57276822239149e-14,7.57276822239149e-14
pair_inhibition-1ns,A,PCHIP,39,3.9936e-06,4.096e-06,6.408446389782713e-11,6.416192183636519e-11,-7.745793853805793e-14,7.745793853805793e-14
pair_inhibition-1ns,A,PCHIP,40,4.096e-06,4.1984e-06,7.381343515335934e-11,7.389178125591458e-11,-7.834610255523819e-14,7.834610255523819e-14
pair_inhibition-1ns,A,PCHIP,41,4.1984e-06,4.3008e-06,8.402598434367969e-11,8.410535111111635e-11,-7.936676743666281e-14,7.936676743666281e-14
pair_inhibition-1ns,A,PCHIP,42,4.3008e-06,4.4032000000000005e-06,9.475136080158549e-11,9.483142195230175e-11,-8.006115071625382e-14,8.006115071625382e-14
pair_inhibition-1ns,A,PCHIP,43,4.4032000000000005e-06,4.5056000000000005e-06,1.0620355848106734e-10,1.0628624257935967e-10,-8.268409829233384e-14,8.268409829233384e-14
pair_inhibition-1ns,A,PCHIP,44,4.5056000000000005e-06,4.608e-06,1.2065679189753606e-10,1.2076412574599886e-10,-1.0733384846279864e-13,1.0733384846279864e-13
pair_inhibition-1ns,A,PCHIP,45,4.608e-06,4.7104e-06,1.410836773950678e-10,1.412101001273458e-10,-1.264227322779932e-13,1.264227322779932e-13
pair_inhibition-1ns,A,PCHIP,46,4.7104e-06,4.8128e-06,1.6532165135450772e-10,1.6545912236095754e-10,-1.3747100644981763e-13,1.3747100644981763e-13
pair_inhibition-1ns,A,PCHIP,47,4.8128e-06,4.9152e-06,1.9293345249456273e-10,1.9308938577258654e-10,-1.5593327802380558e-13,1.5593327802380558e-13
pair_inhibition-1ns,A,PCHIP,48,4.9152e-06,5.0176e-06,2.2766914568905248e-10,2.2787473383746293e-10,-2.0558814841044914e-13,2.0558814841044914e-13
pair_inhibition-1ns,A,PCHIP,49,5.0176e-06,5.12e-06,2.8956538968891195e-10,2.900361880206571e-10,-4.707983317451351e-13,4.707983317451351e-13
pair_inhibition-1ns,A,PCHIP,50,5.12e-06,5.2224e-06,9.162825487643719e-10,9.251954063774754e-10,-8.91285761310349e-12,8.91285761310349e-12
pair_inhibition-1ns,A,PCHIP,51,5.2224e-06,5.3248e-06,1.327209095788633e-09,1.322007756694453e-09,5.201339094180067e-12,5.201339094180067e-12
pair_inhibition-1ns,A,PCHIP,52,5.3248e-06,5.4272e-06,5.822575818927693e-10,5.810453319101393e-10,1.212249982630068e-12,1.212249982630068e-12
pair_inhibition-1ns,A,PCHIP,53,5.4272e-06,5.5296e-06,3.043841425222729e-10,3.0389289517861843e-10,4.912473436544786e-13,4.912473436544786e-13
pair_inhibition-1ns,A,PCHIP,54,5.5296e-06,5.6320000000000005e-06,1.908262493694236e-10,1.9062735151649188e-10,1.9889785293171415e-13,1.9889785293171415e-13
pair_inhibition-1ns,A,PCHIP,55,5.6320000000000005e-06,5.7344000000000005e-06,1.3923202655666927e-10,1.3928415169673835e-10,-5.2125140069072855e-14,5.2125140069072855e-14
pair_inhibition-1ns,A,PCHIP,56,5.7344000000000005e-06,5.836800000000001e-06,1.1033698331669029e-10,1.0984869347250524e-10,4.88289844185046e-13,4.88289844185046e-13
pair_inhibition-1ns,A,PCHIP,57,5.836800000000001e-06,5.9392e-06,8.327539405653719e-11,8.300437939802302e-11,2.710146585141623e-13,2.710146585141623e-13
pair_inhibition-1ns,A,PCHIP,58,5.9392e-06,6.0416e-06,5.7578748674496046e-11,5.7564155150446744e-11,1.4593524049301144e-14,1.4593524049301144e-14
pair_inhibition-1ns,A,PCHIP,59,6.0416e-06,6.144e-06,4.164688365308798e-11,4.1656963965090755e-11,-1.008031200277809e-14,1.008031200277809e-14
pair_inhibition-1ns,A,PCHIP,60,6.144e-06,6.2464e-06,3.572432926131798e-11,3.5744707560272086e-11,-2.0378298954106642e-14,2.0378298954106642e-14
pair_inhibition-1ns,A,PCHIP,61,6.2464e-06,6.3488e-06,3.601575229091748e-11,3.605153440132836e-11,-3.578211041088113e-14,3.578211041088113e-14
pair_inhibition-1ns,A,PCHIP,62,6.3488e-06,6.4512e-06,4.000928989661454e-11,4.0060332217843054e-11,-5.104232122851754e-14,5.104232122851754e-14
pair_inhibition-1ns,A,PCHIP,63,6.4512e-06,6.5536e-06,4.6689503778340896e-11,4.675444124843971e-11,-6.493747009881157e-14,6.493747009881157e-14
pair_inhibition-1ns,A,PCHIP,64,6.5536e-06,6.656e-06,5.575105129242898e-11,5.582731714272489e-11,-7.626585029590697e-14,7.626585029590697e-14
pair_inhibition-1ns,A,PCHIP,65,6.656e-06,6.7584e-06,6.601483515422942e-11,6.609201814120158e-11,-7.718298697216101e-14,7.718298697216101e-14
pair_inhibition-1ns,A,PCHIP,66,6.7584e-06,6.8608000000000004e-06,7.681807671565322e-11,7.689689709511184e-11,-7.882037945861627e-14,7.882037945861627e-14
pair_inhibition-1ns,A,PCHIP,67,6.8608000000000004e-06,6.9632000000000005e-06,8.807214534108785e-11,8.815148292280317e-11,-7.933758171532137e-14,7.933758171532137e-14
pair_inhibition-1ns,A,PCHIP,68,6.9632000000000005e-06,7.065600000000001e-06,9.971191496097864e-11,9.979122281586295e-11,-7.930785488430842e-14,7.930785488430842e-14
pair_inhibition-1ns,A,PCHIP,69,7.065600000000001e-06,7.168000000000001e-06,1.117110277049615e-10,1.1179037375303281e-10,-7.934604807131551e-14,7.934604807131551e-14
pair_inhibition-1ns,A,PCHIP,70,7.168000000000001e-06,7.2704e-06,1.2409666996262252e-10,1.24175549361678e-10,-7.887939905547023e-14,7.887939905547023e-14
pair_inhibition-1ns,A,PCHIP,71,7.2704e-06,7.3728e-06,1.369626882209823e-10,1.3704226625589564e-10,-7.957803491334526e-14,7.957803491334526e-14
pair_inhibition-1ns,A,PCHIP,72,7.3728e-06,7.4752e-06,1.505022329784662e-10,1.5058336093394152e-10,-8.112795547531659e-14,8.112795547531659e-14
pair_inhibition-1ns,A,PCHIP,73,7.4752e-06,7.5776e-06,1.650623728619896e-10,1.6514723683561473e-10,-8.486397362511796e-14,8.486397362511796e-14
pair_inhibition-1ns,A,PCHIP,74,7.5776e-06,7.680000000000001e-06,1.8127682307675264e-10,1.8137006099969722e-10,-9.323792294457626e-14,9.323792294457626e-14
pair_inhibition-1ns,A,PCHIP,75,7.680000000000001e-06,7.7824e-06,2.0040428587076283e-10,2.005147517700267e-10,-1.1046589926386185e-13,1.1046589926386185e-13
pair_inhibition-1ns,A,PCHIP,76,7.7824e-06,7.8848e-06,2.2537153618031279e-10,2.2552643679124637e-10,-1.5490061093358208e-13,1.5490061093358208e-13
pair_inhibition-1ns,A,PCHIP,77,7.8848e-06,7.9872e-06,2.6541028205594746e-10,2.6565927326668094e-10,-2.489912107334811e-13,2.489912107334811e-13
pair_inhibition-1ns,A,PCHIP,78,7.9872e-06,8.0896e-06,3.825678927744386e-10,3.8396095229595945e-10,-1.3930595215208548e-12,1.3930595215208548e-12
pair_inhibition-1ns,A,PCHIP,79,8.0896e-06,8.192e-06,1.4582357773625068e-09,1.4642811027160078e-09,-6.045325353500963e-12,6.045325353500963e-12
pair_inhibition-1ns,A,PCHIP,80,8.192e-06,8.2944e-06,8.660419913070976e-10,8.63374591323266e-10,2.6673999838315664e-12,2.6673999838315664e-12
pair_inhibition-1ns,A,PCHIP,81,8.2944e-06,8.3968e-06,4.12872735283255e-10,4.121048006225486e-10,7.679346607063758e-13,7.679346607063758e-13
pair_inhibition-1ns,A,PCHIP,82,8.3968e-06,8.4992e-06,2.364348680588052e-10,2.3611366323924734e-10,3.212048195578869e-13,3.212048195578869e-13
pair_inhibition-1ns,A,PCHIP,83,8.4992e-06,8.6016e-06,1.6081190539855417e-10,1.6071172310423243e-10,1.001822943217381e-13,1.001822943217381e-13
pair_inhibition-1ns,A,PCHIP,84,8.6016e-06,8.704e-06,1.237149347235004e-10,1.238358584520152e-10,-1.2092372851481117e-13,1.2092372851481117e-13
pair_inhibition-1ns,A,PCHIP,85,8.704e-06,8.806400000000001e-06,9.914141492844277e-11,9.833552922303951e-11,8.058857054032551e-13,8.058857054032551e-13
pair_inhibition-1ns,A,PCHIP,86,8.806400000000001e-06,8.9088e-06,7.316546125935501e-11,7.31864089378576e-11,-2.0947678502588562e-14,2.0947678502588562e-14
pair_inhibition-1ns,A,PCHIP,87,8.9088e-06,9.011200000000001e-06,5.2281170538770265e-11,5.226663806003225e-11,1.4532478738018035e-14,1.4532478738018035e-14
pair_inhibition-1ns,A,PCHIP,88,9.011200000000001e-06,9.1136e-06,4.0744487975091755e-11,4.07501477426997e-11,-5.659767607946974e-15,5.659767607946974e-15
pair_inhibition-1ns,A,PCHIP,89,9.1136e-06,9.216e-06,3.717958631388268e-11,3.720063986458467e-11,-2.1053550701991417e-14,2.1053550701991417e-14
pair_inhibition-1ns,A,PCHIP,90,9.216e-06,9.3184e-06,3.859070523526545e-11,3.8628664031136944e-11,-3.79587958714948e-14,3.79587958714948e-14
pair_inhibition-1ns,A,PCHIP,91,9.3184e-06,9.4208e-06,4.3221161112485214e-11,4.3274225505753005e-11,-5.306439326779095e-14,5.306439326779095e-14
pair_inhibition-1ns,A,PCHIP,92,9.4208e-06,9.5232e-06,5.042114124775897e-11,5.0488410158074633e-11,-6.726891031566253e-14,6.726891031566253e-14
pair_inhibition-1ns,A,PCHIP,93,9.5232e-06,9.6256e-06,5.995244803015836e-11,6.002882784817294e-11,-7.637981801458375e-14,7.637981801458375e-14
pair_inhibition-1ns,A,PCHIP,94,9.6256e-06,9.728e-06,7.047589863587969e-11,7.055364263512758e-11,-7.774399924789039e-14,7.774399924789039e-14
pair_inhibition-1ns,A,PCHIP,95,9.728e-06,9.8304e-06,8.152044657997394e-11,8.159905130149664e-11,-7.860472152269708e-14,7.860472152269708e-14
pair_inhibition-1ns,A,PCHIP,96,9.8304e-06,9.932800000000001e-06,9.301092098049142e-11,9.309026629073302e-11,-7.934531024160243e-14,7.934531024160243e-14
pair_inhibition-1ns,A,PCHIP,97,9.932800000000001e-06,1.00352e-05,1.0489634506675172e-10,1.0497566759451678e-10,-7.932252776506158e-14,7.932252776506158e-14
pair_inhibition-1ns,A,PCHIP,98,1.00352e-05,1.0137600000000001e-05,1.1716718134051155e-10,1.1724635684202088e-10,-7.917550150932704e-14,7.917550150932704e-14
pair_inhibition-1ns,A,PCHIP,99,1.0137600000000001e-05,1.024e-05,1.2987286708806327e-10,1.2995246927675915e-10,-7.960218869587682e-14,7.960218869587682e-14
pair_inhibition-1ns,A,PCHIP,100,1.024e-05,1.0342400000000001e-05,1.431447691695895e-10,1.43224948948516e-10,-8.017977892650928e-14,8.017977892650928e-14
pair_inhibition-1ns,A,PCHIP,101,1.0342400000000001e-05,1.04448e-05,1.5723206369335222e-10,1.5731499250420495e-10,-8.292881085273772e-14,8.292881085273772e-14
pair_inhibition-1ns,A,PCHIP,102,1.04448e-05,1.05472e-05,1.72589792099045e-10,1.7267809791513333e-10,-8.830581608832127e-14,8.830581608832127e-14
pair_inhibition-1ns,A,PCHIP,103,1.05472e-05,1.06496e-05,1.900748736092383e-10,1.9017456834545725e-10,-9.969473621894306e-14,9.969473621894306e-14
pair_inhibition-1ns,A,PCHIP,104,1.06496e-05,1.0752e-05,2.1149810284777107e-10,2.116251099711698e-10,-1.2700712339871469e-13,1.2700712339871469e-13
pair_inhibition-1ns,A,PCHIP,105,1.0752e-05,1.08544e-05,2.416027409858412e-10,2.417810117358886e-10,-1.782707500473543e-13,1.782707500473543e-13
pair_inhibition-1ns,A,PCHIP,106,1.08544e-05,1.09568e-05,2.991399643091943e-10,2.995892867676951e-10,-4.493224585008291e-13,4.493224585008291e-13
pair_inhibition-1ns,A,PCHIP,107,1.09568e-05,1.10592e-05,7.92463416305351e-10,8.010482658180007e-10,-8.584849512649772e-12,8.584849512649772e-12
pair_inhibition-1ns,A,PCHIP,108,1.10592e-05,1.11616e-05,1.360693307182082e-09,1.3555946096236435e-09,5.098697558438399e-12,5.098697558438399e-12
pair_inhibition-1ns,A,PCHIP,109,1.11616e-05,1.1264000000000001e-05,5.960411986854087e-10,5.947835783264607e-10,1.2576203589479958e-12,1.2576203589479958e-12
pair_inhibition-1ns,A,PCHIP,110,1.1264000000000001e-05,1.13664e-05,3.0978629537623153e-10,3.092827158190865e-10,5.035795571450487e-13,5.035795571450487e-13
pair_inhibition-1ns,A,PCHIP,111,1.13664e-05,1.1468800000000001e-05,1.9315374123945282e-10,1.9294703033816727e-10,2.0671090128554505e-13,2.0671090128554505e-13
pair_inhibition-1ns,A,PCHIP,112,1.1468800000000001e-05,1.15712e-05,1.4044197583260913e-10,1.4046207901953435e-10,-2.0103186925219847e-14,2.0103186925219847e-14
pair_inhibition-1ns,A,PCHIP,113,1.15712e-05,1.1673600000000001e-05,1.1158723998397734e-10,1.1122024347701343e-10,3.669965069639067e-13,3.669965069639067e-13
pair_inhibition-1ns,A,PCHIP,114,1.1673600000000001e-05,1.1776e-05,8.641198483723248e-11,8.608401971214379e-11,3.2796512508869036e-13,3.2796512508869036e-13
pair_inhibition-1ns,A,PCHIP,115,1.1776e-05,1.18784e-05,6.204166444953774e-11,6.201566032856995e-11,2.6004120967790215e-14,2.6004120967790215e-14
pair_inhibition-1ns,A,PCHIP,116,1.18784e-05,1.19808e-05,4.5572569869835674e-11,4.55700219005848e-11,2.5479692508765037e-15,2.5479692508765037e-15
pair_inhibition-1ns,A,PCHIP,117,1.19808e-05,1.20832e-05,3.8377201888283805e-11,3.838977392137194e-11,-1.2572033088135854e-14,1.2572033088135854e-14
pair_inhibition-1ns,A,PCHIP,118,1.20832e-05,1.21856e-05,3.7579781984030275e-11,3.760915255359468e-11,-2.937056956440377e-14,2.937056956440377e-14
pair_inhibition-1ns,A,PCHIP,119,1.21856e-05,1.2288e-05,4.0735296324778436e-11,4.078105258738701e-11,-4.575626260857216e-14,4.575626260857216e-14
pair_inhibition-1ns,A,PCHIP,120,1.2288e-05,1.23904e-05,4.669619833026005e-11,4.675579678446973e-11,-5.959845420968065e-14,5.959845420968065e-14
pair_inhibition-1ns,A,PCHIP,121,1.23904e-05,1.24928e-05,5.519553202425457e-11,5.52702988702939e-11,-7.476684603932664e-14,7.476684603932664e-14
pair_inhibition-1ns,A,PCHIP,122,1.24928e-05,1.2595200000000001e-05,6.545759761117351e-11,6.5534271618906e-11,-7.667400773249144e-14,7.667400773249144e-14
pair_inhibition-1ns,A,PCHIP,123,1.2595200000000001e-05,1.26976e-05,7.630641175677989e-11,7.638465886852615e-11,-7.824711174626271e-14,7.824711174626271e-14
pair_inhibition-1ns,A,PCHIP,124,1.26976e-05,1.2800000000000001e-05,8.76394681459327e-11,8.771878996012538e-11,-7.932181419267845e-14,7.932181419267845e-14
pair_inhibition-1ns,A,PCHIP,125,1.2800000000000001e-05,1.29024e-05,9.939098695820118e-11,9.947017465585804e-11,-7.918769765686316e-14,7.918769765686316e-14
pair_inhibition-1ns,A,PCHIP,126,1.29024e-05,1.3004800000000001e-05,1.1152836592923659e-10,1.1160775463695392e-10,-7.938870771733721e-14,7.938870771733721e-14
pair_inhibition-1ns,A,PCHIP,127,1.3004800000000001e-05,1.31072e-05,1.2407296714250438e-10,1.2415232035941716e-10,-7.935321691278309e-14,7.935321691278309e-14
pair_inhibition-1ns,A,PCHIP,128,1.31072e-05,1.32096e-05,1.371152565932738e-10,1.3719509852982986e-10,-7.984193655606181e-14,7.984193655606181e-14
pair_inhibition-1ns,A,PCHIP,129,1.32096e-05,1.3312e-05,1.5084564822876716e-10,1.5092745396150493e-10,-8.180573273777298e-14,8.180573273777298e-14
pair_inhibition-1ns,A,PCHIP,130,1.3312e-05,1.34144e-05,1.6561509042870813e-10,1.6570042576231578e-10,-8.53353336076522e-14,8.53353336076522e-14
pair_inhibition-1ns,A,PCHIP,131,1.34144e-05,1.35168e-05,1.820659393533868e-10,1.8215979957870493e-10,-9.386022531813283e-14,9.386022531813283e-14
pair_inhibition-1ns,A,PCHIP,132,1.35168e-05,1.36192e-05,2.0148209286435595e-10,2.0159388746427668e-10,-1.1179459992072849e-13,1.1179459992072849e-13
pair_inhibition-1ns,A,PCHIP,133,1.36192e-05,1.3721600000000001e-05,2.2686700589261255e-10,2.2702220864607466e-10,-1.5520275346210706e-13,1.5520275346210706e-13
pair_inhibition-1ns,A,PCHIP,134,1.3721600000000001e-05,1.3824e-05,2.6774948671357967e-10,2.6801099939955926e-10,-2.6151268597959084e-13,2.6151268597959084e-13
pair_inhibition-1ns,A,PCHIP,135,1.3824e-05,1.3926400000000001e-05,3.9004194220056294e-10,3.9153255048980443e-10,-1.490608289241487e-12,1.490608289241487e-12
pair_inhibition-1ns,A,PCHIP,136,1.3926400000000001e-05,1.40288e-05,1.4423358788779008e-09,1.4479669319256786e-09,-5.6310530477778145e-12,5.6310530477778145e-12
pair_inhibition-1ns,A,PCHIP,137,1.40288e-05,1.4131200000000001e-05,8.364941628516477e-10,8.33954721563423e-10,2.539441288224679e-12,2.539441288224679e-12
pair_inhibition-1ns,A,PCHIP,138,1.4131200000000001e-05,1.42336e-05,4.017792577218653e-10,4.0104106929049576e-10,7.381884313695226e-13,7.381884313695226e-13
pair_inhibition-1ns,A,PCHIP,139,1.42336e-05,1.4336000000000001e-05,2.3186390401930747e-10,2.3155414898333092e-10,3.097550359765575e-13,3.097550359765575e-13
pair_inhibition-1ns,A,PCHIP,140,1.4336000000000001e-05,1.44384e-05,1.5870198970612768e-10,1.5861327391991889e-10,8.87157862087909e-14,8.87157862087909e-14
pair_inhibition-1ns,A,PCHIP,141,1.44384e-05,1.45408e-05,1.2246577112977033e-10,1.2253796357903684e-10,-7.21924492665074e-14,7.21924492665074e-14
pair_inhibition-1ns,A,PCHIP,142,1.45408e-05,1.46432e-05,9.773160597383355e-11,9.698301668762379e-11,7.485892862097688e-13,7.485892862097688e-13
pair_inhibition-1ns,A,PCHIP,143,1.46432e-05,1.47456e-05,7.184589662522154e-11,7.185452528428064e-11,-8.628659059091594e-15,8.628659059091594e-15
pair_inhibition-1ns,A,PCHIP,144,1.47456e-05,1.4848e-05,5.151363123390602e-11,5.150049650082555e-11,1.3134733080469987e-14,1.3134733080469987e-14
pair_inhibition-1ns,A,PCHIP,145,1.4848e-05,1.49504e-05,4.0591900014828825e-11,4.0598135512749956e-11,-6.23549792113034e-15,6.23549792113034e-15
pair_inhibition-1ns,A,PCHIP,146,1.49504e-05,1.5052800000000001e-05,3.7424832779019736e-11,3.744665797666842e-11,-2.182519764868476e-14,2.182519764868476e-14
pair_inhibition-1ns,A,PCHIP,147,1.5052800000000001e-05,1.51552e-05,3.909060520913788e-11,3.9129473775268946e-11,-3.8868566131064186e-14,3.8868566131064186e-14
pair_inhibition-1ns,A,PCHIP,148,1.51552e-05,1.5257600000000001e-05,4.392790960844053e-11,4.3981691371105276e-11,-5.3781762664745466e-14,5.3781762664745466e-14
pair_inhibition-1ns,A,PCHIP,149,1.5257600000000001e-05,1.5360000000000002e-05,5.134926127582587e-11,5.141787903994407e-11,-6.861776411820043e-14,6.861776411820043e-14
pair_inhibition-1ns,A,PCHIP,150,1.5360000000000002e-05,1.54624e-05,6.106361367275295e-11,6.113982355425055e-11,-7.62098814975991e-14,7.62098814975991e-14
pair_inhibition-1ns,A,PCHIP,151,1.54624e-05,1.55648e-05,7.169650888912098e-11,7.177427838514141e-11,-7.776949602043053e-14,7.776949602043053e-14
pair_inhibition-1ns,A,PCHIP,152,1.55648e-05,1.56672e-05,8.284945487287046e-11,8.29283342703917e-11,-7.887939752124406e-14,7.887939752124406e-14
pair_inhibition-1ns,A,PCHIP,153,1.56672e-05,1.57696e-05,9.44470608752464e-11,9.452634322303032e-11,-7.928234778391426e-14,7.928234778391426e-14
pair_inhibition-1ns,A,PCHIP,154,1.57696e-05,1.5872e-05,1.0644081562017348e-10,1.0652038844424425e-10,-7.957282407077512e-14,7.957282407077512e-14
pair_inhibition-1ns,A,PCHIP,155,1.5872e-05,1.59744e-05,1.1882866370281644e-10,1.18907826063729e-10,-7.91623609125584e-14,7.91623609125584e-14
pair_inhibition-1ns,A,PCHIP,156,1.59744e-05,1.60768e-05,1.3166871256012047e-10,1.3174841132452917e-10,-7.969876440870134e-14,7.969876440870134e-14
pair_inhibition-1ns,A,PCHIP,157,1.60768e-05,1.61792e-05,1.4510732946183149e-10,1.4518812185368696e-10,-8.07923918554697e-14,8.07923918554697e-14
pair_inhibition-1ns,A,PCHIP,158,1.61792e-05,1.62816e-05,1.5941986550589257e-10,1.5950345785860295e-10,-8.359235271037581e-14,8.359235271037581e-14
pair_inhibition-1ns,A,PCHIP,159,1.62816e-05,1.6384e-05,1.7510746741844471e-10,1.7519748711126523e-10,-9.001969282051645e-14,9.001969282051645e-14
pair_inhibition-1ns,A,PCHIP,160,1.6384e-05,1.6486400000000002e-05,1.9313115490035783e-10,1.9323373189178743e-10,-1.0257699142959423e-13,1.0257699142959423e-13
pair_inhibition-1ns,A,PCHIP,161,1.6486400000000002e-05,1.65888e-05,2.1557052915285716e-10,2.157052123161643e-10,-1.3468316330713986e-13,1.3468316330713986e-13
pair_inhibition-1ns,A,PCHIP,162,1.65888e-05,1.66912e-05,2.481485883096433e-10,2.483412361950633e-10,-1.9264788542003212e-13,1.9264788542003212e-13
pair_inhibition-1ns,A,PCHIP,163,1.66912e-05,1.67936e-05,3.162030849995637e-10,3.1678411142030346e-10,-5.810264207397548e-13,5.810264207397548e-13
pair_inhibition-1ns,A,PCHIP,164,1.67936e-05,1.6896000000000002e-05,1.0327484383816247e-09,1.041093097597444e-09,-8.344659215819204e-12,8.344659215819204e-12
pair_inhibition-1ns,A,PCHIP,165,1.6896000000000002e-05,1.69984e-05,1.1742304393976668e-09,1.1695699807670845e-09,4.660458630582276e-12,4.660458630582276e-12
pair_inhibition-1ns,A,PCHIP,166,1.69984e-05,1.71008e-05,5.265087866290092e-10,5.254439037456049e-10,1.0648828834042934e-12,1.0648828834042934e-12
pair_inhibition-1ns,A,PCHIP,167,1.71008e-05,1.72032e-05,2.8235094635591935e-10,2.819147920169711e-10,4.3615433894825835e-13,4.3615433894825835e-13
pair_inhibition-1ns,A,PCHIP,168,1.72032e-05,1.73056e-05,1.81251275333956e-10,1.8108049176485676e-10,1.7078356909923142e-13,1.7078356909923142e-13
pair_inhibition-1ns,A,PCHIP,169,1.73056e-05,1.7408e-05,1.3446550368239474e-10,1.345516975617226e-10,-8.619387932785165e-14,8.619387932785165e-14
pair_inhibition-1ns,A,PCHIP,170,1.7408e-05,1.75104e-05,1.0753098072590945e-10,1.0692934623132622e-10,6.016344945832206e-13,6.016344945832206e-13
pair_inhibition-1ns,A,PCHIP,171,1.75104e-05,1.7612800000000002e-05,8.191811709498159e-11,8.176983902516761e-11,1.4827806981397454e-13,1.4827806981397454e-13
pair_inhibition-1ns,A,PCHIP,172,1.7612800000000002e-05,1.77152e-05,5.865536337762859e-11,5.863089278585227e-11,2.4470591776318316e-14,2.4470591776318316e-14
pair_inhibition-1ns,A,PCHIP,173,1.77152e-05,1.78176e-05,4.3906663184483e-11,4.390675100238956e-11,-8.78179065593164e-17,8.78179065593164e-17
pair_inhibition-1ns,A,PCHIP,174,1.78176e-05,1.792e-05,3.803739205783512e-11,3.805239061137085e-11,-1.4998553535725577e-14,1.4998553535725577e-14
pair_inhibition-1ns,A,PCHIP,175,1.792e-05,1.8022400000000002e-05,3.804680540182826e-11,3.80789141338977e-11,-3.210873206944137e-14,3.210873206944137e-14
pair_inhibition-1ns,A,PCHIP,176,1.8022400000000002e-05,1.81248e-05,4.1739625366445496e-11,4.1787744335703944e-11,-4.811896925844871e-14,4.811896925844871e-14
pair_inhibition-1ns,A,PCHIP,177,1.81248e-05,1.82272e-05,4.8156346243275565e-11,4.821854246804343e-11,-6.219622476786731e-14,6.219622476786731e-14
pair_inhibition-1ns,A,PCHIP,178,1.82272e-05,1.83296e-05,5.70870542864406e-11,5.716265637978865e-11,-7.560209334805161e-14,7.560209334805161e-14
pair_inhibition-1ns,A,PCHIP,179,1.83296e-05,1.8432e-05,6.749363082197716e-11,6.757083716564843e-11,-7.720634367126632e-14,7.720634367126632e-14
pair_inhibition-1ns,A,PCHIP,180,1.8432e-05,1.85344e-05,7.846759898136996e-11,7.854594065518372e-11,-7.83416738137596e-14,7.83416738137596e-14
pair_inhibition-1ns,A,PCHIP,181,1.85344e-05,1.86368e-05,8.991494337928479e-11,8.99942516629319e-11,-7.930828364711046e-14,7.930828364711046e-14
pair_inhibition-1ns,A,PCHIP,182,1.86368e-05,1.8739200000000002e-05,1.0177522381229968e-10,1.0185464961938397e-10,-7.942580708428435e-14,7.942580708428435e-14
pair_inhibition-1ns,A,PCHIP,183,1.8739200000000002e-05,1.88416e-05,1.1402569896420283e-10,1.1410502404069028e-10,-7.932507648745836e-14,7.932507648745836e-14
pair_inhibition-1ns,A,PCHIP,184,1.88416e-05,1.8944e-05,1.2669934609801497e-10,1.2677903919340136e-10,-7.96930953863955e-14,7.96930953863955e-14
pair_inhibition-1ns,A,PCHIP,185,1.8944e-05,1.90464e-05,1.3990636448699592e-10,1.399864436951001e-10,-8.007920810418102e-14,8.007920810418102e-14
pair_inhibition-1ns,A,PCHIP,186,1.90464e-05,1.9148800000000002e-05,1.5386501647978443e-10,1.539474504218973e-10,-8.243394211287723e-14,8.243394211287723e-14
pair_inhibition-1ns,A,PCHIP,187,1.9148800000000002e-05,1.92512e-05,1.6897677014209508e-10,1.690638042164068e-10,-8.703407431171244e-14,8.703407431171244e-14
pair_inhibition-1ns,A,PCHIP,188,1.92512e-05,1.93536e-05,1.8598746991540946e-10,1.8608420640207244e-10,-9.673648666298394e-14,9.673648666298394e-14
pair_inhibition-1ns,A,PCHIP,189,1.93536e-05,1.9456e-05,2.0642706533277456e-10,2.0654610350977456e-10,-1.1903817699999996e-13,1.1903817699999996e-13
pair_inhibition-1ns,A,PCHIP,190,1.9456e-05,1.9558400000000002e-05,2.3407919449728627e-10,2.34245292406763e-10,-1.660979094767343e-13,1.660979094767343e-13
pair_inhibition-1ns,A,PCHIP,191,1.9558400000000002e-05,1.96608e-05,2.8222531642714033e-10,2.8256477397854416e-10,-3.3945755140382975e-13,3.3945755140382975e-13
pair_inhibition-1ns,A,PCHIP,192,1.96608e-05,1.97632e-05,5.065476958615504e-10,5.108843574194358e-10,-4.336661557885411e-12,4.336661557885411e-12
pair_inhibition-1ns,A,PCHIP,193,1.97632e-05,1.9865600000000002e-05,1.5048736943097294e-09,1.5052692886023219e-09,-3.955942925924938e-13,3.955942925924938e-13
pair_inhibition-1ns,A,PCHIP,194,1.9865600000000002e-05,1.9968e-05,6.950262338273863e-10,6.930781826184952e-10,1.9480512088910444e-12,1.9480512088910444e-12
pair_inhibition-1ns,A,PCHIP,195,1.9968e-05,2e-05,1.3198763391604002e-10,1.3178648241007077e-10,2.01151505969251e-13,2.01151505969251e-13
pair_inhibition-1ns,B,PCHIP,0,0.0,1.024e-07,3.96143971886616e-13,4.2187006132113306e-13,-2.5726089434517055e-14,2.5726089434517055e-14
pair_inhibition-1ns,B,PCHIP,1,1.024e-07,2.048e-07,2.7377084418994546e-12,2.7818929699421158e-12,-4.4184528042661206e-14,4.4184528042661206e-14
pair_inhibition-1ns,B,PCHIP,2,2.048e-07,3.072e-07,7.016948587627286e-12,7.083255900636821e-12,-6.630731300953519e-14,6.630731300953519e-14
pair_inhibition-1ns,B,PCHIP,3,3.072e-07,4.096e-07,1.2883651751378743e-11,1.296741517068185e-11,-8.376341930310695e-14,8.376341930310695e-14
pair_inhibition-1ns,B,PCHIP,4,4.096e-07,5.12e-07,2.00681506209408e-11,2.0165904115779634e-11,-9.775349483883289e-14,9.775349483883289e-14
pair_inhibition-1ns,B,PCHIP,5,5.12e-07,6.144e-07,2.837095644185376e-11,2.8478788012124028e-11,-1.0783157027026815e-13,1.0783157027026815e-13
pair_inhibition-1ns,B,PCHIP,6,6.144e-07,7.168000000000001e-07,3.764075687286418e-11,3.775691330197685e-11,-1.1615642911267308e-13,1.1615642911267308e-13
pair_inhibition-1ns,B,PCHIP,7,7.168000000000001e-07,8.192e-07,4.776751223895112e-11,4.7889437009780177e-11,-1.2192477082905715e-13,1.2192477082905715e-13
pair_inhibition-1ns,B,PCHIP,8,8.192e-07,9.216e-07,5.867038635054955e-11,5.879635926029418e-11,-1.2597290974462925e-13,1.2597290974462925e-13
pair_inhibition-1ns,B,PCHIP,9,9.216e-07,1.024e-06,7.02965014077875e-11,7.042566308972999e-11,-1.2916168194248688e-13,1.2916168194248688e-13
pair_inhibition-1ns,B,PCHIP,10,1.024e-06,1.1264000000000001e-06,8.262494089801602e-11,8.275527837067179e-11,-1.3033747265576912e-13,1.3033747265576912e-13
pair_inhibition-1ns,B,PCHIP,11,1.1264000000000001e-06,1.2288e-06,9.566937158635982e-11,9.580127247353082e-11,-1.3190088717099657e-13,1.3190088717099657e-13
pair_inhibition-1ns,B,PCHIP,12,1.2288e-06,1.3312e-06,1.0950311454528595e-10,1.0963589819410636e-10,-1.3278364882041445e-13,1.3278364882041445e-13
pair_inhibition-1ns,B,PCHIP,13,1.3312e-06,1.4336000000000001e-06,1.2428977697417574e-10,1.24423949762146e-10,-1.3417278797026916e-13,1.3417278797026916e-13
pair_inhibition-1ns,B,PCHIP,14,1.4336000000000001e-06,1.536e-06,1.4036025476582033e-10,1.4049803094070822e-10,-1.3777617488789649e-13,1.3777617488789649e-13
pair_inhibition-1ns,B,PCHIP,15,1.536e-06,1.6384e-06,1.5838473319044984e-10,1.5852912874215423e-10,-1.4439555170439104e-13,1.4439555170439104e-13
pair_inhibition-1ns,B,PCHIP,16,1.6384e-06,1.7408000000000001e-06,1.7981365653467478e-10,1.799762148082276e-10,-1.6255827355283488e-13,1.6255827355283488e-13
pair_inhibition-1ns,B,PCHIP,17,1.7408000000000001e-06,1.8432e-06,2.0837919373942482e-10,2.085936771389458e-10,-2.1448339952097362e-13,2.1448339952097362e-13
pair_inhibition-1ns,B,PCHIP,18,1.8432e-06,1.9456e-06,2.577474129044553e-10,2.582658923692319e-10,-5.184794647765748e-13,5.184794647765748e-13
pair_inhibition-1ns,B,PCHIP,19,1.9456e-06,2.048e-06,5.606019882161231e-10,5.691964253522848e-10,-8.59443713616175e-12,8.59443713616175e-12
pair_inhibition-1ns,B,PCHIP,20,2.048e-06,2.1504e-06,3.2294485127037263e-09,3.234475430272722e-09,-5.026917568995861e-12,5.026917568995861e-12
pair_inhibition-1ns,B,PCHIP,21,2.1504e-06,2.2528000000000003e-06,1.3825834327273739e-09,1.3792980877872548e-09,3.2853449401190936e-12,3.2853449401190936e-12
pair_inhibition-1ns,B,PCHIP,22,2.2528000000000003e-06,2.3552e-06,6.615311550511299e-10,6.603070229040038e-10,1.22413214712607e-12,1.22413214712607e-12
pair_inhibition-1ns,B,PCHIP,23,2.3552e-06,2.4576e-06,3.800325396992146e-10,3.7951051914744625e-10,5.220205517683637e-13,5.220205517683637e-13
pair_inhibition-1ns,B,PCHIP,24,2.4576e-06,2.56e-06,2.5966757479127586e-10,2.5942572881367484e-10,2.4184597760101847e-13,2.4184597760101847e-13
pair_inhibition-1ns,B,PCHIP,25,2.56e-06,2.6624e-06,2.0387727018022563e-10,2.0376141352856904e-10,1.158566516565903e-13,1.158566516565903e-13
pair_inhibition-1ns,B,PCHIP,26,2.6624e-06,2.7648e-06,1.762878587827478e-10,1.7624780308640203e-10,4.005569634575887e-14,4.005569634575887e-14
pair_inhibition-1ns,B,PCHIP,27,2.7648e-06,2.8672000000000003e-06,1.613409618022634e-10,1.6143122730483358e-10,-9.026550257019032e-14,9.026550257019032e-14
pair_inhibition-1ns,B,PCHIP,28,2.8672000000000003e-06,2.9696e-06,1.5128566843949226e-10,1.5086841045039304e-10,4.172579890992239e-13,4.172579890992239e-13
pair_inhibition-1ns,B,PCHIP,29,2.9696e-06,3.072e-06,1.391599790002773e-10,1.3912675230945688e-10,3.322669082041845e-14,3.322669082041845e-14
pair_inhibition-1ns,B,PCHIP,30,3.072e-06,3.1744e-06,1.2469579377500406e-10,1.2457080109329742e-10,1.2499268170664084e-13,1.2499268170664084e-13
pair_inhibition-1ns,B,PCHIP,31,3.1744e-06,3.2768e-06,1.0913232080736878e-10,1.0901989556594216e-10,1.1242524142661812e-13,1.1242524142661812e-13
pair_inhibition-1ns,B,PCHIP,32,3.2768e-06,3.3792e-06,9.558163691628687e-11,9.550734657789693e-11,7.429033838993473e-14,7.429033838993473e-14
pair_inhibition-1ns,B,PCHIP,33,3.3792e-06,3.4816000000000003e-06,8.685914840539827e-11,8.682839250586495e-11,3.0755899533314047e-14,3.0755899533314047e-14
pair_inhibition-1ns,B,PCHIP,34,3.4816000000000003e-06,3.5840000000000003e-06,8.462232238725352e-11,8.463420829639064e-11,-1.1885909137116128e-14,1.1885909137116128e-14
pair_inhibition-1ns,B,PCHIP,35,3.5840000000000003e-06,3.6864e-06,8.95729599937779e-11,8.962515924006338e-11,-5.21992462854781e-14,5.21992462854781e-14
pair_inhibition-1ns,B,PCHIP,36,3.6864e-06,3.7888e-06,1.0311285511868048e-10,1.0322743236752806e-10,-1.1457724884758002e-13,1.1457724884758002e-13
pair_inhibition-1ns,B,PCHIP,37,3.7888e-06,3.8912e-06,1.2493787487330918e-10,1.2506862754993454e-10,-1.3075267662536422e-13,1.3075267662536422e-13
pair_inhibition-1ns,B,PCHIP,38,3.8912e-06,3.9936e-06,1.499992298676338e-10,1.501388197682632e-10,-1.3958990062941796e-13,1.3958990062941796e-13
pair_inhibition-1ns,B,PCHIP,39,3.9936e-06,4.096e-06,1.780977541464219e-10,1.7825017301330039e-10,-1.5241886687849076e-13,1.5241886687849076e-13
pair_inhibition-1ns,B,PCHIP,40,4.096e-06,4.1984e-06,2.106499121436809e-10,2.1082148077780166e-10,-1.71568634120753e-13,1.71568634120753e-13
pair_inhibition-1ns,B,PCHIP,41,4.1984e-06,4.3008e-06,2.522226044617333e-10,2.5242883068155897e-10,-2.062262198256495e-13,2.062262198256495e-13
pair_inhibition-1ns,B,PCHIP,42,4.3008e-06,4.4032000000000005e-06,3.206095203915127e-10,3.21079379806247e-10,-4.698594147342991e-13,4.698594147342991e-13
pair_inhibition-1ns,B,PCHIP,43,4.4032000000000005e-06,4.5056000000000005e-06,6.808219324043594e-10,6.895944627115331e-10,-8.772530307173688e-12,8.772530307173688e-12
pair_inhibition-1ns,B,PCHIP,44,4.5056000000000005e-06,4.608e-06,1.4721668729971576e-09,1.4654866890757622e-09,6.6801839213954815e-12,6.6801839213954815e-12
pair_inhibition-1ns,B,PCHIP,45,4.608e-06,4.7104e-06,7.048627884574614e-10,7.034736697759874e-10,1.3891186814740426e-12,1.3891186814740426e-12
pair_inhibition-1ns,B,PCHIP,46,4.7104e-06,4.8128e-06,3.9776765777608494e-10,3.9720260091340285e-10,5.650568626820866e-13,5.650568626820866e-13
pair_inhibition-1ns,B,PCHIP,47,4.8128e-06,4.9152e-06,2.675652054069603e-10,2.673130303108107e-10,2.521750961495561e-13,2.521750961495561e-13
pair_inhibition-1ns,B,PCHIP,48,4.9152e-06,5.0176e-06,2.0732975025241183e-10,2.0724622132157374e-10,8.352893083808762e-14,8.352893083808762e-14
pair_inhibition-1ns,B,PCHIP,49,5.0176e-06,5.12e-06,1.7606703839445617e-10,1.7620096734456937e-10,-1.339289501131931e-13,1.339289501131931e-13
pair_inhibition-1ns,B,PCHIP,50,5.12e-06,5.2224e-06,1.567029562144192e-10,1.5601759466806962e-10,6.853615463495929e-13,6.853615463495929e-13
pair_inhibition-1ns,B,PCHIP,51,5.2224e-06,5.3248e-06,1.4468102830587364e-10,1.4488371509527435e-10,-2.0268678940071118e-13,2.0268678940071118e-13
pair_inhibition-1ns,B,PCHIP,52,5.3248e-06,5.4272e-06,1.456554404066585e-10,1.456856196584845e-10,-3.0179251825992064e-14,3.0179251825992064e-14
pair_inhibition-1ns,B,PCHIP,53,5.4272e-06,5.5296e-06,1.5018752153576572e-10,1.5017376162776505e-10,1.3759908000669485e-14,1.3759908000669485e-14
pair_inhibition-1ns,B,PCHIP,54,5.5296e-06,5.6320000000000005e-06,1.5480855373153536e-10,1.5477888212900478e-10,2.96716025305813e-14,2.96716025305813e-14
pair_inhibition-1ns,B,PCHIP,55,5.6320000000000005e-06,5.7344000000000005e-06,1.5988027033227774e-10,1.5985241020839557e-10,2.7860123882165888e-14,2.7860123882165888e-14
pair_inhibition-1ns,B,PCHIP,56,5.7344000000000005e-06,5.836800000000001e-06,1.6751668950491673e-10,1.6750228152180288e-10,1.440798311385116e-14,1.440798311385116e-14
pair_inhibition-1ns,B,PCHIP,57,5.836800000000001e-06,5.9392e-06,1.8095687531441197e-10,1.8101229676846732e-10,-5.542145405534606e-14,5.542145405534606e-14
pair_inhibition-1ns,B,PCHIP,58,5.9392e-06,6.0416e-06,2.0025920111251617e-10,2.0032868847392257e-10,-6.948736140640304e-14,6.948736140640304e-14
pair_inhibition-1ns,B,PCHIP,59,6.0416e-06,6.144e-06,2.1752290839720516e-10,2.1757529272886302e-10,-5.238433165785548e-14,5.238433165785548e-14
pair_inhibition-1ns,B,PCHIP,60,6.144e-06,6.2464e-06,2.3119021103543583e-10,2.3123203503793518e-10,-4.1824002499352277e-14,4.1824002499352277e-14
pair_inhibition-1ns,B,PCHIP,61,6.2464e-06,6.3488e-06,2.4134155339116686e-10,2.4137206799195975e-10,-3.0514600792883584e-14,3.0514600792883584e-14
pair_inhibition-1ns,B,PCHIP,62,6.3488e-06,6.4512e-06,2.4832822503617e-10,2.483405733633849e-10,-1.2348327214937129e-14,1.2348327214937129e-14
pair_inhibition-1ns,B,PCHIP,63,6.4512e-06,6.5536e-06,2.5256964314898885e-10,2.526297186851529e-10,-6.007553616407073e-14,6.007553616407073e-14
pair_inhibition-1ns,B,PCHIP,64,6.5536e-06,6.656e-06,2.5480562959519347e-10,2.5479878637693354e-10,6.843218259929858e-15,6.843218259929858e-15
pair_inhibition-1ns,B,PCHIP,65,6.656e-06,6.7584e-06,2.554211350830816e-10,2.554216532461639e-10,-5.181630823301341e-16,5.181630823301341e-16
pair_inhibition-1ns,B,PCHIP,66,6.7584e-06,6.8608000000000004e-06,2.5503520776241264e-10,2.550343914491417e-10,8.1631327093302e-16,8.1631327093302e-16
pair_inhibition-1ns,B,PCHIP,67,6.8608000000000004e-06,6.9632000000000005e-06,2.540944101712774e-10,2.540921650283315e-10,2.2451429459317137e-15,2.2451429459317137e-15
pair_inhibition-1ns,B,PCHIP,68,6.9632000000000005e-06,7.065600000000001e-06,2.5294577246744137e-10,2.529428644481462e-10,2.9080192951753366e-15,2.9080192951753366e-15
pair_inhibition-1ns,B,PCHIP,69,7.065600000000001e-06,7.168000000000001e-06,2.518226604955429e-10,2.518197562614363e-10,2.90423410661103e-15,2.90423410661103e-15
pair_inhibition-1ns,B,PCHIP,70,7.168000000000001e-06,7.2704e-06,2.508552191373059e-10,2.508527855718443e-10,2.433565461599476e-15,2.433565461599476e-15
pair_inhibition-1ns,B,PCHIP,71,7.2704e-06,7.3728e-06,2.500934352496037e-10,2.5009169213428464e-10,1.7431153190890123e-15,1.7431153190890123e-15
pair_inhibition-1ns,B,PCHIP,72,7.3728e-06,7.4752e-06,2.495335878112652e-10,2.49532616770643e-10,9.710406221919478e-16,9.710406221919478e-16
pair_inhibition-1ns,B,PCHIP,73,7.4752e-06,7.5776e-06,2.491424224891583e-10,2.491421580641831e-10,2.6442497520393904e-16,2.6442497520393904e-16
pair_inhibition-1ns,B,PCHIP,74,7.5776e-06,7.680000000000001e-06,2.4887582294787754e-10,2.4887611145192254e-10,-2.8850404499895704e-16,2.8850404499895704e-16
pair_inhibition-1ns,B,PCHIP,75,7.680000000000001e-06,7.7824e-06,2.4869213946474985e-10,2.4869282114447804e-10,-6.816797281968049e-16,6.816797281968049e-16
pair_inhibition-1ns,B,PCHIP,76,7.7824e-06,7.8848e-06,2.485623029208587e-10,2.4856329564890263e-10,-9.927280439506772e-16,9.927280439506772e-16
pair_inhibition-1ns,B,PCHIP,77,7.8848e-06,7.9872e-06,2.484835942832563e-10,2.4848484661625175e-10,-1.2523329954356609e-15,1.2523329954356609e-15
pair_inhibition-1ns,B,PCHIP,78,7.9872e-06,8.0896e-06,2.485398769839906e-10,2.485373514738608e-10,2.5255101298095014e-15,2.5255101298095014e-15
pair_inhibition-1ns,B,PCHIP,79,8.0896e-06,8.192e-06,2.501062434641121e-10,2.5016277543705437e-10,-5.653197294228795e-14,5.653197294228795e-14
pair_inhibition-1ns,B,PCHIP,80,8.192e-06,8.2944e-06,2.5663256634318097e-10,2.566874902581831e-10,-5.492391500211409e-14,5.492391500211409e-14
pair_inhibition-1ns,B,PCHIP,81,8.2944e-06,8.3968e-06,2.589409861209713e-10,2.589453894032163e-10,-4.403282244974217e-15,4.403282244974217e-15
pair_inhibition-1ns,B,PCHIP,82,8.3968e-06,8.4992e-06,2.526095565343241e-10,2.525697593547687e-10,3.979717955541033e-14,3.979717955541033e-14
pair_inhibition-1ns,B,PCHIP,83,8.4992e-06,8.6016e-06,2.4328361756542275e-10,2.4325900562689745e-10,2.4611938525297378e-14,2.4611938525297378e-14
pair_inhibition-1ns,B,PCHIP,84,8.6016e-06,8.704e-06,2.357619074918199e-10,2.3573904813117024e-10,2.2859360649654526e-14,2.2859360649654526e-14
pair_inhibition-1ns,B,PCHIP,85,8.704e-06,8.806400000000001e-06,2.30492046938772e-10,2.304142371409012e-10,7.780979787082128e-14,7.780979787082128e-14
pair_inhibition-1ns,B,PCHIP,86,8.806400000000001e-06,8.9088e-06,2.2697785635033746e-10,2.2697833217104213e-10,-4.758207046635561e-16,4.758207046635561e-16
pair_inhibition-1ns,B,PCHIP,87,8.9088e-06,9.011200000000001e-06,2.2517001379420083e-10,2.2515977590792433e-10,1.0237886276498655e-14,1.0237886276498655e-14
pair_inhibition-1ns,B,PCHIP,88,9.011200000000001e-06,9.1136e-06,2.248899154906688e-10,2.2488182903088283e-10,8.086459785967294e-15,8.086459785967294e-15
pair_inhibition-1ns,B,PCHIP,89,9.1136e-06,9.216e-06,2.2619685658229746e-10,2.2619427696599634e-10,2.5796163011218578e-15,2.5796163011218578e-15
pair_inhibition-1ns,B,PCHIP,90,9.216e-06,9.3184e-06,2.2909837117460773e-10,2.291028187969064e-10,-4.447622298665094e-15,4.447622298665094e-15
pair_inhibition-1ns,B,PCHIP,91,9.3184e-06,9.4208e-06,2.3336670816118667e-10,2.3338057549537774e-10,-1.3867334191072671e-14,1.3867334191072671e-14
pair_inhibition-1ns,B,PCHIP,92,9.4208e-06,9.5232e-06,2.382092871662919e-10,2.3822496180656034e-10,-1.567464026843934e-14,1.567464026843934e-14
pair_inhibition-1ns,B,PCHIP,93,9.5232e-06,9.6256e-06,2.4234258476646484e-10,2.4235487540361714e-10,-1.2290637152305964e-14,1.2290637152305964e-14
pair_inhibition-1ns,B,PCHIP,94,9.6256e-06,9.728e-06,2.4550180859287937e-10,2.4551105277863444e-10,-9.24418575507589e-15,9.24418575507589e-15
pair_inhibition-1ns,B,PCHIP,95,9.728e-06,9.8304e-06,2.477367657903428e-10,2.477400431669294e-10,-3.277376586586599e-15,3.277376586586599e-15
pair_inhibition-1ns,B,PCHIP,96,9.8304e-06,9.932800000000001e-06,2.491435751550629e-10,2.4916490385440146e-10,-2.1328699338564014e-14,2.1328699338564014e-14
pair_inhibition-1ns,B,PCHIP,97,9.932800000000001e-06,1.00352e-05,2.499468942188681e-10,2.4994469647359615e-10,2.197745271942696e-15,2.197745271942696e-15
pair_inhibition-1ns,B,PCHIP,98,1.00352e-05,1.0137600000000001e-05,2.5024289665093797e-10,2.5024361879875317e-10,-7.221478152011798e-16,7.221478152011798e-16
pair_inhibition-1ns,B,PCHIP,99,1.0137600000000001e-05,1.024e-05,2.5021071203578006e-10,2.5021115520015954e-10,-4.4316437948052315e-16,4.4316437948052315e-16
pair_inhibition-1ns,B,PCHIP,100,1.024e-05,1.0342400000000001e-05,2.499715896070457e-10,2.499715942300045e-10,-4.62295879476009e-18,4.62295879476009e-18
pair_inhibition-1ns,B,PCHIP,101,1.0342400000000001e-05,1.04448e-05,2.496208156097476e-10,2.4962055061803997e-10,2.649917076091733e-16,2.649917076091733e-16
pair_inhibition-1ns,B,PCHIP,102,1.04448e-05,1.05472e-05,2.4922667330620217e-10,2.4922631704261044e-10,3.562635917250023e-16,3.562635917250023e-16
pair_inhibition-1ns,B,PCHIP,103,1.05472e-05,1.06496e-05,2.4883460678931383e-10,2.4883430531853475e-10,3.014707790786353e-16,3.014707790786353e-16
pair_inhibition-1ns,B,PCHIP,104,1.06496e-05,1.0752e-05,2.4847368283642535e-10,2.4847354995846076e-10,1.3287796458942972e-16,1.3287796458942972e-16
pair_inhibition-1ns,B,PCHIP,105,1.0752e-05,1.08544e-05,2.481658432404543e-10,2.4816596798679265e-10,-1.2474633833246576e-16,1.2474633833246576e-16
pair_inhibition-1ns,B,PCHIP,106,1.08544e-05,1.09568e-05,2.4794666422761435e-10,2.479466705762486e-10,-6.348634259004062e-18,6.348634259004062e-18
pair_inhibition-1ns,B,PCHIP,107,1.09568e-05,1.10592e-05,2.4801342533456753e-10,2.480129635915373e-10,4.617430302116819e-16,4.617430302116819e-16
pair_inhibition-1ns,B,PCHIP,108,1.10592e-05,1.11616e-05,2.5086512968558927e-10,2.5092935402397527e-10,-6.422433838599806e-14,6.422433838599806e-14
pair_inhibition-1ns,B,PCHIP,109,1.11616e-05,1.1264000000000001e-05,2.5515962515274977e-10,2.551798657632592e-10,-2.024061050943981e-14,2.024061050943981e-14
pair_inhibition-1ns,B,PCHIP,110,1.1264000000000001e-05,1.13664e-05,2.539365931349793e-10,2.5392564621974906e-10,1.0946915230213316e-14,1.0946915230213316e-14
pair_inhibition-1ns,B,PCHIP,111,1.13664e-05,1.1468800000000001e-05,2.475742151218566e-10,2.475494347099905e-10,2.4780411866109906e-14,2.4780411866109906e-14
pair_inhibition-1ns,B,PCHIP,112,1.1468800000000001e-05,1.15712e-05,2.408385119421198e-10,2.408330529364596e-10,5.459005660168414e-15,5.459005660168414e-15
pair_inhibition-1ns,B,PCHIP,113,1.15712e-05,1.1673600000000001e-05,2.357130301034646e-10,2.3562843461194083e-10,8.459549152375878e-14,8.459549152375878e-14
pair_inhibition-1ns,B,PCHIP,114,1.1673600000000001e-05,1.1776e-05,2.3208810395526903e-10,2.3208888711718836e-10,-7.831619193314589e-16,7.831619193314589e-16
pair_inhibition-1ns,B,PCHIP,115,1.1776e-05,1.18784e-05,2.3003569603300263e-10,2.3002762114369233e-10,8.074889310298482e-15,8.074889310298482e-15
pair_inhibition-1ns,B,PCHIP,116,1.18784e-05,1.19808e-05,2.2931125292054687e-10,2.2930316089120983e-10,8.092029337038589e-15,8.092029337038589e-15
pair_inhibition-1ns,B,PCHIP,117,1.19808e-05,1.20832e-05,2.2989715462363817e-10,2.2989278553028457e-10,4.369093353595898e-15,4.369093353595898e-15
pair_inhibition-1ns,B,PCHIP,118,1.20832e-05,1.21856e-05,2.318023930725392e-10,2.318034052651964e-10,-1.01219265717856e-15,1.01219265717856e-15
pair_inhibition-1ns,B,PCHIP,119,1.21856e-05,1.2288e-05,2.349173778384531e-10,2.3492423655833455e-10,-6.858719881448682e-15,6.858719881448682e-15
pair_inhibition-1ns,B,PCHIP,120,1.2288e-05,1.23904e-05,2.3889161819095054e-10,2.389058213341231e-10,-1.4203143172567426e-14,1.4203143172567426e-14
pair_inhibition-1ns,B,PCHIP,121,1.23904e-05,1.24928e-05,2.42859999617763e-10,2.4287191676076044e-10,-1.1917142997423547e-14,1.1917142997423547e-14
pair_inhibition-1ns,B,PCHIP,122,1.24928e-05,1.2595200000000001e-05,2.460818456941435e-10,2.460914564273216e-10,-9.610733178104506e-15,9.610733178104506e-15
pair_inhibition-1ns,B,PCHIP,123,1.2595200000000001e-05,1.26976e-05,2.484962955276804e-10,2.4850283735749316e-10,-6.541829812774228e-15,6.541829812774228e-15
pair_inhibition-1ns,B,PCHIP,124,1.26976e-05,1.2800000000000001e-05,2.501559233602078e-10,2.5016461438152696e-10,-8.691021319167264e-15,8.691021319167264e-15
pair_inhibition-1ns,B,PCHIP,125,1.2800000000000001e-05,1.29024e-05,2.5117902217504007e-10,2.5118851684576057e-10,-9.494670720498772e-15,9.494670720498772e-15
pair_inhibition-1ns,B,PCHIP,126,1.29024e-05,1.3004800000000001e-05,2.5170849067235825e-10,2.517085251093273e-10,-3.4436969073727785e-17,3.4436969073727785e-17
pair_inhibition-1ns,B,PCHIP,127,1.3004800000000001e-05,1.31072e-05,2.518573978523611e-10,2.518581433854039e-10,-7.45533042796461e-16,7.45533042796461e-16
pair_inhibition-1ns,B,PCHIP,128,1.31072e-05,1.32096e-05,2.517559467444757e-10,2.5175629377704976e-10,-3.4703257403645844e-16,3.4703257403645844e-16
pair_inhibition-1ns,B,PCHIP,129,1.32096e-05,1.3312e-05,2.515003494554589e-10,2.515003468777596e-10,2.577699309121688e-18,2.577699309121688e-18
pair_inhibition-1ns,B,PCHIP,130,1.3312e-05,1.34144e-05,2.511646175982645e-10,2.5116442583216764e-10,1.9176609685315602e-16,1.9176609685315602e-16
pair_inhibition-1ns,B,PCHIP,131,1.34144e-05,1.35168e-05,2.5080155857439125e-10,2.5080132984488004e-10,2.2872951121239654e-16,2.2872951121239654e-16
pair_inhibition-1ns,B,PCHIP,132,1.35168e-05,1.36192e-05,2.504470487724168e-10,2.50446908973104e-10,1.3979931280347257e-16,1.3979931280347257e-16
pair_inhibition-1ns,B,PCHIP,133,1.36192e-05,1.3721600000000001e-05,2.5012670712455007e-10,2.501267620190065e-10,-5.4894456444941115e-17,5.4894456444941115e-17
pair_inhibition-1ns,B,PCHIP,134,1.3721600000000001e-05,1.3824e-05,2.498684388207129e-10,2.4986872888364497e-10,-2.9006293205548525e-16,2.9006293205548525e-16
pair_inhibition-1ns,B,PCHIP,135,1.3824e-05,1.3926400000000001e-05,2.497537212830215e-10,2.49750789521729e-10,2.9317612924896544e-15,2.9317612924896544e-15
pair_inhibition-1ns,B,PCHIP,136,1.3926400000000001e-05,1.40288e-05,2.508582147633347e-10,2.50900684942057e-10,-4.247017872232166e-14,4.247017872232166e-14
pair_inhibition-1ns,B,PCHIP,137,1.40288e-05,1.4131200000000001e-05,2.55622143366416e-10,2.556621900627559e-10,-4.0046696339892326e-14,4.0046696339892326e-14
pair_inhibition-1ns,B,PCHIP,138,1.4131200000000001e-05,1.42336e-05,2.57348944958285e-10,2.5735325950484513e-10,-4.314546560102588e-15,4.314546560102588e-15
pair_inhibition-1ns,B,PCHIP,139,1.42336e-05,1.4336000000000001e-05,2.527557200286534e-10,2.527285667603852e-10,2.715326826822102e-14,2.715326826822102e-14
pair_inhibition-1ns,B,PCHIP,140,1.4336000000000001e-05,1.44384e-05,2.4561396334379517e-10,2.455964915509616e-10,1.747179283355088e-14,1.747179283355088e-14
pair_inhibition-1ns,B,PCHIP,141,1.44384e-05,1.45408e-05,2.395812037222965e-10,2.3954229326325145e-10,3.891045904505535e-14,3.891045904505535e-14
pair_inhibition-1ns,B,PCHIP,142,1.45408e-05,1.46432e-05,2.3523315376502526e-10,2.351899008304065e-10,4.325293461873113e-14,4.325293461873113e-14
pair_inhibition-1ns,B,PCHIP,143,1.46432e-05,1.47456e-05,2.3244764369509592e-10,2.324433164056303e-10,4.327289465622557e-15,4.327289465622557e-15
pair_inhibition-1ns,B,PCHIP,144,1.47456e-05,1.4848e-05,2.3112218558704748e-10,2.3111344386655122e-10,8.74172049625845e-15,8.74172049625845e-15
pair_inhibition-1ns,B,PCHIP,145,1.4848e-05,1.49504e-05,2.3112190055729785e-10,2.3111577882842697e-10,6.121728870880296e-15,6.121728870880296e-15
pair_inhibition-1ns,B,PCHIP,146,1.49504e-05,1.5052800000000001e-05,2.3244559971231103e-10,2.3244425978633395e-10,1.3399259770784517e-15,1.3399259770784517e-15
pair_inhibition-1ns,B,PCHIP,147,1.5052800000000001e-05,1.51552e-05,2.350368786020572e-10,2.350412197810345e-10,-4.341178977267988e-15,4.341178977267988e-15
pair_inhibition-1ns,B,PCHIP,148,1.51552e-05,1.5257600000000001e-05,2.386565573876705e-10,2.38667280091437e-10,-1.0722703766530288e-14,1.0722703766530288e-14
pair_inhibition-1ns,B,PCHIP,149,1.5257600000000001e-05,1.5360000000000002e-05,2.4272513447254594e-10,2.427385398890182e-10,-1.3405416472258038e-14,1.3405416472258038e-14
pair_inhibition-1ns,B,PCHIP,150,1.5360000000000002e-05,1.54624e-05,2.4627937962260937e-10,2.46289952271008e-10,-1.0572648398631183e-14,1.0572648398631183e-14
pair_inhibition-1ns,B,PCHIP,151,1.54624e-05,1.55648e-05,2.490443682559647e-10,2.4905248101302366e-10,-8.112757058939249e-15,8.112757058939249e-15
pair_inhibition-1ns,B,PCHIP,152,1.55648e-05,1.56672e-05,2.510389616689708e-10,2.5104197105208247e-10,-3.0093831116720035e-15,3.0093831116720035e-15
pair_inhibition-1ns,B,PCHIP,153,1.56672e-05,1.57696e-05,2.523252169473346e-10,2.52344281821273e-10,-1.9064873938385687e-14,1.9064873938385687e-14
pair_inhibition-1ns,B,PCHIP,154,1.57696e-05,1.5872e-05,2.530838316709761e-10,2.5308224783592043e-10,1.5838350556718723e-15,1.5838350556718723e-15
pair_inhibition-1ns,B,PCHIP,155,1.5872e-05,1.59744e-05,2.5338823345882364e-10,2.533890507599206e-10,-8.173010969481684e-16,8.173010969481684e-16
pair_inhibition-1ns,B,PCHIP,156,1.59744e-05,1.60768e-05,2.5338957069968674e-10,2.533901387973215e-10,-5.6809763478203175e-16,5.6809763478203175e-16
pair_inhibition-1ns,B,PCHIP,157,1.60768e-05,1.61792e-05,2.531927704796217e-10,2.531929203775709e-10,-1.4989794917298259e-16,1.4989794917298259e-16
pair_inhibition-1ns,B,PCHIP,158,1.61792e-05,1.62816e-05,2.5288264599641066e-10,2.528825227929104e-10,1.232035002341823e-16,1.232035002341823e-16
pair_inhibition-1ns,B,PCHIP,159,1.62816e-05,1.6384e-05,2.525221433288426e-10,2.525219123195954e-10,2.3100924719187834e-16,2.3100924719187834e-16
pair_inhibition-1ns,B,PCHIP,160,1.6384e-05,1.6486400000000002e-05,2.521552167337777e-10,2.521550211329856e-10,1.956007921254249e-16,1.956007921254249e-16
pair_inhibition-1ns,B,PCHIP,161,1.6486400000000002e-05,1.65888e-05,2.5181228113934643e-10,2.518122392102538e-10,4.1929092641646325e-17,4.1929092641646325e-17
pair_inhibition-1ns,B,PCHIP,162,1.65888e-05,1.66912e-05,2.5151947613578067e-10,2.5151968393817303e-10,-2.0780239235859896e-16,2.0780239235859896e-16
pair_inhibition-1ns,B,PCHIP,163,1.66912e-05,1.67936e-05,2.513248662529834e-10,2.5132439041283274e-10,4.758401506457815e-16,4.758401506457815e-16
pair_inhibition-1ns,B,PCHIP,164,1.67936e-05,1.6896000000000002e-05,2.5156633385171847e-10,2.515736952413893e-10,-7.361389670831387e-15,7.361389670831387e-15
pair_inhibition-1ns,B,PCHIP,165,1.6896000000000002e-05,1.69984e-05,2.5526046300879993e-10,2.5532208120541827e-10,-6.16181966183383e-14,6.16181966183383e-14
pair_inhibition-1ns,B,PCHIP,166,1.69984e-05,1.71008e-05,2.592799682178607e-10,2.5929748708791196e-10,-1.7518870051256546e-14,1.7518870051256546e-14
pair_inhibition-1ns,B,PCHIP,167,1.71008e-05,1.72032e-05,2.571367445334902e-10,2.571198367351795e-10,1.690779831073777e-14,1.690779831073777e-14
pair_inhibition-1ns,B,PCHIP,168,1.72032e-05,1.73056e-05,2.501551430259474e-10,2.501310909295478e-10,2.4052096399580146e-14,2.4052096399580146e-14
pair_inhibition-1ns,B,PCHIP,169,1.73056e-05,1.7408e-05,2.432770799633203e-10,2.4327705437644755e-10,2.558687276185435e-17,2.558687276185435e-17
pair_inhibition-1ns,B,PCHIP,170,1.7408e-05,1.75104e-05,2.38166458585976e-10,2.3806494653598936e-10,1.0151204998665243e-13,1.0151204998665243e-13
pair_inhibition-1ns,B,PCHIP,171,1.75104e-05,1.7612800000000002e-05,2.345714123104771e-10,2.3458221680503623e-10,-1.08044945591461e-14,1.08044945591461e-14
pair_inhibition-1ns,B,PCHIP,172,1.7612800000000002e-05,1.77152e-05,2.3263843973634863e-10,2.32629909468508e-10,8.530267840616818e-15,8.530267840616818e-15
pair_inhibition-1ns,B,PCHIP,173,1.77152e-05,1.78176e-05,2.3207228577775443e-10,2.3206472340237962e-10,7.562375374804278e-15,7.562375374804278e-15
pair_inhibition-1ns,B,PCHIP,174,1.78176e-05,1.792e-05,2.3285302602375e-10,2.3284960490637957e-10,3.4211173704445313e-15,3.4211173704445313e-15
pair_inhibition-1ns,B,PCHIP,175,1.792e-05,1.8022400000000002e-05,2.349519364231175e-10,2.34954036288105e-10,-2.0998649875260557e-15,2.0998649875260557e-15
pair_inhibition-1ns,B,PCHIP,176,1.8022400000000002e-05,1.81248e-05,2.3820690816636344e-10,2.382147761718349e-10,-7.86800547145614e-15,7.86800547145614e-15
pair_inhibition-1ns,B,PCHIP,177,1.81248e-05,1.82272e-05,2.4221138352098333e-10,2.4222567264817256e-10,-1.4289127189225814e-14,1.4289127189225814e-14
pair_inhibition-1ns,B,PCHIP,178,1.82272e-05,1.83296e-05,2.4606769752769855e-10,2.460792254167895e-10,-1.1527889090936954e-14,1.1527889090936954e-14
pair_inhibition-1ns,B,PCHIP,179,1.83296e-05,1.8432e-05,2.4917738116391423e-10,2.4918671860996725e-10,-9.337446053016205e-15,9.337446053016205e-15
pair_inhibition-1ns,B,PCHIP,180,1.8432e-05,1.85344e-05,2.515005698150426e-10,2.5150650055087604e-10,-5.930735833452984e-15,5.930735833452984e-15
pair_inhibition-1ns,B,PCHIP,181,1.85344e-05,1.86368e-05,2.530840118640602e-10,2.5309575686468073e-10,-1.1745000620541532e-14,1.1745000620541532e-14
pair_inhibition-1ns,B,PCHIP,182,1.86368e-05,1.8739200000000002e-05,2.5405729135652965e-10,2.54063342062459e-10,-6.05070592934045e-15,6.05070592934045e-15
pair_inhibition-1ns,B,PCHIP,183,1.8739200000000002e-05,1.88416e-05,2.5453929198459925e-10,2.5453981538148224e-10,-5.233968829879917e-16,5.233968829879917e-16
pair_inhibition-1ns,B,PCHIP,184,1.88416e-05,1.8944e-05,2.5465475366793903e-10,2.5465552005494255e-10,-7.663870035221377e-16,7.663870035221377e-16
pair_inhibition-1ns,B,PCHIP,185,1.8944e-05,1.90464e-05,2.5452660441613386e-10,2.5452692123515946e-10,-3.168190255954603e-16,3.168190255954603e-16
pair_inhibition-1ns,B,PCHIP,186,1.90464e-05,1.9148800000000002e-05,2.5424978103031723e-10,2.5424974725300355e-10,3.3777313680021154e-17,3.3777313680021154e-17
pair_inhibition-1ns,B,PCHIP,187,1.9148800000000002e-05,1.92512e-05,2.5389742709219204e-10,2.538972128074133e-10,2.1428477872412312e-16,2.1428477872412312e-16
pair_inhibition-1ns,B,PCHIP,188,1.92512e-05,1.93536e-05,2.535220772134299e-10,2.5352184129504823e-10,2.359183816823567e-16,2.359183816823567e-16
pair_inhibition-1ns,B,PCHIP,189,1.93536e-05,1.9456e-05,2.531600490646826e-10,2.531599239837518e-10,1.2508093077059314e-16,1.2508093077059314e-16
pair_inhibition-1ns,B,PCHIP,190,1.9456e-05,1.9558400000000002e-05,2.5283885877750607e-10,2.528389578926637e-10,-9.91151576411e-17,9.91151576411e-17
pair_inhibition-1ns,B,PCHIP,191,1.9558400000000002e-05,1.96608e-05,2.5259355506312496e-10,2.525938272094927e-10,-2.7214636775015465e-16,2.7214636775015465e-16
pair_inhibition-1ns,B,PCHIP,192,1.96608e-05,1.97632e-05,2.525534264775536e-10,2.525498656470875e-10,3.56083046610936e-15,3.56083046610936e-15
pair_inhibition-1ns,B,PCHIP,193,1.97632e-05,1.9865600000000002e-05,2.5459103410829403e-10,2.546525316193837e-10,-6.149751108964804e-14,6.149751108964804e-14
pair_inhibition-1ns,B,PCHIP,194,1.9865600000000002e-05,1.9968e-05,2.597426806973483e-10,2.597715345085694e-10,-2.885381122112142e-14,2.885381122112142e-14
pair_inhibition-1ns,B,PCHIP,195,1.9968e-05,2e-05,8.161753107933837e-11,8.161924169418542e-11,-1.7106148470506206e-15,1.7106148470506206e-15
pair_inhibition-1ns,A,CS,0,0.0,1.024e-07,2.500470375594383e-13,2.604214464451779e-13,-1.0374408885739587e-14,1.0374408885739587e-14
pair_inhibition-1ns,A,CS,1,1.024e-07,2.048e-07,1.6893402639864107e-12,1.7164227632656042e-12,-2.7082499279193432e-14,2.7082499279193432e-14
pair_inhibition-1ns,A,CS,2,2.048e-07,3.072e-07,4.323639015550276e-12,4.3644933864744395e-12,-4.085437092416313e-14,4.085437092416313e-14
pair_inhibition-1ns,A,CS,3,3.072e-07,4.096e-07,7.91949825521915e-12,7.971015456957102e-12,-5.151720173795106e-14,5.151720173795106e-14
pair_inhibition-1ns,A,CS,4,4.096e-07,5.12e-07,1.2292675864658916e-11,1.2352677602289692e-11,-6.000173763077606e-14,6.000173763077606e-14
pair_inhibition-1ns,A,CS,5,5.12e-07,6.144e-07,1.7299351765162463e-11,1.7365346568072256e-11,-6.599480290979294e-14,6.599480290979294e-14
pair_inhibition-1ns,A,CS,6,6.144e-07,7.168000000000001e-07,2.2823649286340393e-11,2.2894482208015904e-11,-7.083292167551072e-14,7.083292167551072e-14
pair_inhibition-1ns,A,CS,7,7.168000000000001e-07,8.192e-07,2.8773754229028608e-11,2.8847769369997262e-11,-7.40151409686536e-14,7.40151409686536e-14
pair_inhibition-1ns,A,CS,8,8.192e-07,9.216e-07,3.5073741583026774e-11,3.514979276934894e-11,-7.605118632216442e-14,7.605118632216442e-14
pair_inhibition-1ns,A,CS,9,9.216e-07,1.024e-06,4.166091871073792e-11,4.173835461536106e-11,-7.743590462313605e-14,7.743590462313605e-14
pair_inhibition-1ns,A,CS,10,1.024e-06,1.1264000000000001e-06,4.84846108872055e-11,4.856205251968455e-11,-7.74416324790507e-14,7.74416324790507e-14
pair_inhibition-1ns,A,CS,11,1.1264000000000001e-06,1.2288e-06,5.5501403603379975e-11,5.557882976525756e-11,-7.742616187758679e-14,7.742616187758679e-14
pair_inhibition-1ns,A,CS,12,1.2288e-06,1.3312e-06,6.267871775709583e-11,6.275532374982446e-11,-7.660599272862372e-14,7.660599272862372e-14
pair_inhibition-1ns,A,CS,13,1.3312e-06,1.4336000000000001e-06,6.999154894164894e-11,7.006695976653408e-11,-7.541082488513584e-14,7.541082488513584e-14
pair_inhibition-1ns,A,CS,14,1.4336000000000001e-06,1.536e-06,7.74246419074788e-11,7.749889368562623e-11,-7.42517781474374e-14,7.42517781474374e-14
pair_inhibition-1ns,A,CS,15,1.536e-06,1.6384e-06,8.497590221182966e-11,8.5048179970635e-11,-7.227775880534175e-14,7.227775880534175e-14
pair_inhibition-1ns,A,CS,16,1.6384e-06,1.7408000000000001e-06,9.265680629552314e-11,9.272817767014442e-11,-7.137137462127438e-14,7.137137462127438e-14
pair_inhibition-1ns,A,CS,17,1.7408000000000001e-06,1.8432e-06,1.0051027772154049e-10,1.0057814427872566e-10,-6.786655718516608e-14,6.786655718516608e-14
pair_inhibition-1ns,A,CS,18,1.8432e-06,1.9456e-06,1.0861297814268395e-10,1.0868923224145344e-10,-7.625409876948538e-14,7.625409876948538e-14
pair_inhibition-1ns,A,CS,19,1.9456e-06,2.048e-06,1.1729497320325444e-10,1.1733358651211112e-10,-3.8613308856679223e-14,3.8613308856679223e-14
pair_inhibition-1ns,A,CS,20,2.048e-06,2.1504e-06,1.321591494070176e-10,1.3244149636399757e-10,-2.8234695697995414e-13,2.8234695697995414e-13
pair_inhibition-1ns,A,CS,21,2.1504e-06,2.2528000000000003e-06,1.7917823457277154e-10,1.7902647808600918e-10,1.5175648676236708e-13,1.5175648676236708e-13
pair_inhibition-1ns,A,CS,22,2.2528000000000003e-06,2.3552e-06,4.66222864214696e-10,4.751856676791312e-10,-8.96280346443517e-12,8.96280346443517e-12
pair_inhibition-1ns,A,CS,23,2.3552e-06,2.4576e-06,2.1929481263504304e-09,2.1957872659177553e-09,-2.839139567324835e-12,2.839139567324835e-12
pair_inhibition-1ns,A,CS,24,2.4576e-06,2.56e-06,9.307286335236315e-10,9.301857905666591e-10,5.428429569723896e-13,5.428429569723896e-13
pair_inhibition-1ns,A,CS,25,2.56e-06,2.6624e-06,4.3848481382623016e-10,4.3708069588721314e-10,1.404117939017016e-12,1.404117939017016e-12
pair_inhibition-1ns,A,CS,26,2.6624e-06,2.7648e-06,2.4646145531325703e-10,2.4634921975193073e-10,1.1223556132630603e-13,1.1223556132630603e-13
pair_inhibition-1ns,A,CS,27,2.7648e-06,2.8672000000000003e-06,1.6571567445128275e-10,1.655179534861585e-10,1.9772096512426184e-13,1.9772096512426184e-13
pair_inhibition-1ns,A,CS,28,2.8672000000000003e-06,2.9696e-06,1.2793475313887064e-10,1.2787732005834315e-10,5.743308052748889e-14,5.743308052748889e-14
pair_inhibition-1ns,A,CS,29,2.9696e-06,3.072e-06,1.0609259524368213e-10,1.0603060256472515e-10,6.199267895697856e-14,6.199267895697856e-14
pair_inhibition-1ns,A,CS,30,3.072e-06,3.1744e-06,8.447803384007776e-11,8.430981054071428e-11,1.682232993634875e-13,1.682232993634875e-13
pair_inhibition-1ns,A,CS,31,3.1744e-06,3.2768e-06,6.00599874734977e-11,5.989835226725885e-11,1.6163520623884474e-13,1.6163520623884474e-13
pair_inhibition-1ns,A,CS,32,3.2768e-06,3.3792e-06,4.199068317385447e-11,4.192246281918286e-11,6.822035467161367e-14,6.822035467161367e-14
pair_inhibition-1ns,A,CS,33,3.3792e-06,3.4816000000000003e-06,3.385706257531642e-11,3.3842151073753515e-11,1.491150156290288e-14,1.491150156290288e-14
pair_inhibition-1ns,A,CS,34,3.4816000000000003e-06,3.5840000000000003e-06,3.246642430513909e-11,3.2489063813431595e-11,-2.2639508292503924e-14,2.2639508292503924e-14
pair_inhibition-1ns,A,CS,35,3.5840000000000003e-06,3.6864e-06,3.4892823850714214e-11,3.493633098234952e-11,-4.350713163530849e-14,4.350713163530849e-14
pair_inhibition-1ns,A,CS,36,3.6864e-06,3.7888e-06,3.9710495008236644e-11,3.9768247665889245e-11,-5.7752657652601e-14,5.7752657652601e-14
pair_inhibition-1ns,A,CS,37,3.7888e-06,3.8912e-06,4.64344013270443e-11,4.650306946122469e-11,-6.866813418039181e-14,6.866813418039181e-14
pair_inhibition-1ns,A,CS,38,3.8912e-06,3.9936e-06,5.4862549972322476e-11,5.4937782237142076e-11,-7.52322648196002e-14,7.52322648196002e-14
pair_inhibition-1ns,A,CS,39,3.9936e-06,4.096e-06,6.408448582565002e-11,6.416192183636519e-11,-7.743601071517591e-14,7.743601071517591e-14
pair_inhibition-1ns,A,CS,40,4.096e-06,4.1984e-06,7.381342601679477e-11,7.389178125591458e-11,-7.835523911980923e-14,7.835523911980923e-14
pair_inhibition-1ns,A,CS,41,4.1984e-06,4.3008e-06,8.402600764927445e-11,8.410535111111635e-11,-7.93434618419002e-14,7.93434618419002e-14
pair_inhibition-1ns,A,CS,42,4.3008e-06,4.4032000000000005e-06,9.475122326698107e-11,9.483142195230175e-11,-8.019868532067479e-14,8.019868532067479e-14
pair_inhibition-1ns,A,CS,43,4.4032000000000005e-06,4.5056000000000005e-06,1.0620334642078759e-10,1.0628624257935967e-10,-8.289615857208014e-14,8.289615857208014e-14
pair_inhibition-1ns,A,CS,44,4.5056000000000005e-06,4.608e-06,1.2065683810837668e-10,1.2076412574599886e-10,-1.0728763762217584e-13,1.0728763762217584e-13
pair_inhibition-1ns,A,CS,45,4.608e-06,4.7104e-06,1.410835821468267e-10,1.412101001273458e-10,-1.2651798051909222e-13,1.2651798051909222e-13
pair_inhibition-1ns,A,CS,46,4.7104e-06,4.8128e-06,1.6532387325403077e-10,1.6545912236095754e-10,-1.3524910692677141e-13,1.3524910692677141e-13
pair_inhibition-1ns,A,CS,47,4.8128e-06,4.9152e-06,1.9292830826565749e-10,1.9308938577258654e-10,-1.6107750692905382e-13,1.6107750692905382e-13
pair_inhibition-1ns,A,CS,48,4.9152e-06,5.0176e-06,2.277033566157259e-10,2.2787473383746293e-10,-1.7137722173703142e-13,1.7137722173703142e-13
pair_inhibition-1ns,A,CS,49,5.0176e-06,5.12e-06,2.8940833685987106e-10,2.900361880206571e-10,-6.27851160786032e-13,6.27851160786032e-13
pair_inhibition-1ns,A,CS,50,5.12e-06,5.2224e-06,9.163379655532694e-10,9.251954063774754e-10,-8.85744082420605e-12,8.85744082420605e-12
pair_inhibition-1ns,A,CS,51,5.2224e-06,5.3248e-06,1.327188590129624e-09,1.322007756694453e-09,5.18083343517102e-12,5.18083343517102e-12
pair_inhibition-1ns,A,CS,52,5.3248e-06,5.4272e-06,5.809982166602609e-10,5.810453319101393e-10,-4.7115249878426654e-14,4.7115249878426654e-14
pair_inhibition-1ns,A,CS,53,5.4272e-06,5.5296e-06,3.047455890165078e-10,3.0389289517861843e-10,8.526938378893697e-13,8.526938378893697e-13
pair_inhibition-1ns,A,CS,54,5.5296e-06,5.6320000000000005e-06,1.906989228729661e-10,1.9062735151649188e-10,7.157135647422334e-14,7.157135647422334e-14
pair_inhibition-1ns,A,CS,55,5.6320000000000005e-06,5.7344000000000005e-06,1.3941710580014354e-10,1.3928415169673835e-10,1.3295410340519208e-13,1.3295410340519208e-13
pair_inhibition-1ns,A,CS,56,5.7344000000000005e-06,5.836800000000001e-06,1.0992748604436225e-10,1.0984869347250524e-10,7.879257185701072e-14,7.879257185701072e-14
pair_inhibition-1ns,A,CS,57,5.836800000000001e-06,5.9392e-06,8.320790291810222e-11,8.300437939802302e-11,2.0352352007919376e-13,2.0352352007919376e-13
pair_inhibition-1ns,A,CS,58,5.9392e-06,6.0416e-06,5.7702321813349746e-11,5.7564155150446744e-11,1.3816666290300185e-13,1.3816666290300185e-13
pair_inhibition-1ns,A,CS,59,6.0416e-06,6.144e-06,4.1714071680838916e-11,4.1656963965090755e-11,5.710771574816039e-14,5.710771574816039e-14
pair_inhibition-1ns,A,CS,60,6.144e-06,6.2464e-06,3.5749421934871775e-11,3.5744707560272086e-11,4.7143745996881926e-15,4.7143745996881926e-15
pair_inhibition-1ns,A,CS,61,6.2464e-06,6.3488e-06,3.602281112379962e-11,3.605153440132836e-11,-2.87232775287422e-14,2.87232775287422e-14
pair_inhibition-1ns,A,CS,62,6.3488e-06,6.4512e-06,4.001107751521254e-11,4.0060332217843054e-11,-4.925470263051382e-14,4.925470263051382e-14
pair_inhibition-1ns,A,CS,63,6.4512e-06,6.5536e-06,4.669053102249034e-11,4.675444124843971e-11,-6.391022594936626e-14,6.391022594936626e-14
pair_inhibition-1ns,A,CS,64,6.5536e-06,6.656e-06,5.57520204267503e-11,5.582731714272489e-11,-7.529671597458672e-14,7.529671597458672e-14
pair_inhibition-1ns,A,CS,65,6.656e-06,6.7584e-06,6.601498316577889e-11,6.609201814120158e-11,-7.703497542269552e-14,7.703497542269552e-14
pair_inhibition-1ns,A,CS,66,6.7584e-06,6.8608000000000004e-06,7.681807562423969e-11,7.689689709511184e-11,-7.882147087214933e-14,7.882147087214933e-14
pair_inhibition-1ns,A,CS,67,6.8608000000000004e-06,6.9632000000000005e-06,8.807215781868796e-11,8.815148292280317e-11,-7.932510411521327e-14,7.932510411521327e-14
pair_inhibition-1ns,A,CS,68,6.9632000000000005e-06,7.065600000000001e-06,9.97119118812749e-11,9.979122281586295e-11,-7.931093458805417e-14,7.931093458805417e-14
pair_inhibition-1ns,A,CS,69,7.065600000000001e-06,7.168000000000001e-06,1.1171101356064152e-10,1.1179037375303281e-10,-7.936019239129575e-14,7.936019239129575e-14
pair_inhibition-1ns,A,CS,70,7.168000000000001e-06,7.2704e-06,1.2409666921616388e-10,1.24175549361678e-10,-7.888014551411174e-14,7.888014551411174e-14
pair_inhibition-1ns,A,CS,71,7.2704e-06,7.3728e-06,1.3696267157664038e-10,1.3704226625589564e-10,-7.959467925525692e-14,7.959467925525692e-14
pair_inhibition-1ns,A,CS,72,7.3728e-06,7.4752e-06,1.505022620780682e-10,1.5058336093394152e-10,-8.109885587332553e-14,8.109885587332553e-14
pair_inhibition-1ns,A,CS,73,7.4752e-06,7.5776e-06,1.650627022530798e-10,1.6514723683561473e-10,-8.453458253492316e-14,8.453458253492316e-14
pair_inhibition-1ns,A,CS,74,7.5776e-06,7.680000000000001e-06,1.8127579529058545e-10,1.8137006099969722e-10,-9.426570911176937e-14,9.426570911176937e-14
pair_inhibition-1ns,A,CS,75,7.680000000000001e-06,7.7824e-06,2.004129090827996e-10,2.005147517700267e-10,-1.0184268722710253e-13,1.0184268722710253e-13
pair_inhibition-1ns,A,CS,76,7.7824e-06,7.8848e-06,2.2534694666469725e-10,2.2552643679124637e-10,-1.7949012654911718e-13,1.7949012654911718e-13
pair_inhibition-1ns,A,CS,77,7.8848e-06,7.9872e-06,2.655020196188362e-10,2.6565927326668094e-10,-1.5725364784471513e-13,1.5725364784471513e-13
pair_inhibition-1ns,A,CS,78,7.9872e-06,8.0896e-06,3.8214508617394573e-10,3.8396095229595945e-10,-1.8158661220137203e-12,1.8158661220137203e-12
pair_inhibition-1ns,A,CS,79,8.0896e-06,8.192e-06,1.4581936397376526e-09,1.4642811027160078e-09,-6.087462978355182e-12,6.087462978355182e-12
pair_inhibition-1ns,A,CS,80,8.192e-06,8.2944e-06,8.652426742763602e-10,8.63374591323266e-10,1.8680829530941813e-12,1.8680829530941813e-12
pair_inhibition-1ns,A,CS,81,8.2944e-06,8.3968e-06,4.1283317780347194e-10,4.121048006225486e-10,7.283771809233157e-13,7.283771809233157e-13
pair_inhibition-1ns,A,CS,82,8.3968e-06,8.4992e-06,2.363994043503386e-10,2.3611366323924734e-10,2.8574111109128374e-13,2.8574111109128374e-13
pair_inhibition-1ns,A,CS,83,8.4992e-06,8.6016e-06,1.6084751658783007e-10,1.6071172310423243e-10,1.3579348359763265e-13,1.3579348359763265e-13
pair_inhibition-1ns,A,CS,84,8.6016e-06,8.704e-06,1.2391333247576117e-10,1.238358584520152e-10,7.747402374596791e-14,7.747402374596791e-14
pair_inhibition-1ns,A,CS,85,8.704e-06,8.806400000000001e-06,9.846152028475992e-11,9.833552922303951e-11,1.2599106172041394e-13,1.2599106172041394e-13
pair_inhibition-1ns,A,CS,86,8.806400000000001e-06,8.9088e-06,7.337132694809405e-11,7.31864089378576e-11,1.849180102364522e-13,1.849180102364522e-13
pair_inhibition-1ns,A,CS,87,8.9088e-06,9.011200000000001e-06,5.236696058685051e-11,5.226663806003225e-11,1.003225268182621e-13,1.003225268182621e-13
pair_inhibition-1ns,A,CS,88,9.011200000000001e-06,9.1136e-06,4.0789921727557805e-11,4.07501477426997e-11,3.977398485810288e-14,3.977398485810288e-14
pair_inhibition-1ns,A,CS,89,9.1136e-06,9.216e-06,3.719499053819444e-11,3.720063986458467e-11,-5.649326390228981e-15,5.649326390228981e-15
pair_inhibition-1ns,A,CS,90,9.216e-06,9.3184e-06,3.859542938147964e-11,3.8628664031136944e-11,-3.3234649657305e-14,3.3234649657305e-14
pair_inhibition-1ns,A,CS,91,9.3184e-06,9.4208e-06,4.3222274094083434e-11,4.3274225505753005e-11,-5.195141166957125e-14,5.195141166957125e-14
pair_inhibition-1ns,A,CS,92,9.4208e-06,9.5232e-06,5.042213924119242e-11,5.0488410158074633e-11,-6.627091688221548e-14,6.627091688221548e-14
pair_inhibition-1ns,A,CS,93,9.5232e-06,9.6256e-06,5.995332928141942e-11,6.002882784817294e-11,-7.549856675352448e-14,7.549856675352448e-14
pair_inhibition-1ns,A,CS,94,9.6256e-06,9.728e-06,7.047593622451169e-11,7.055364263512758e-11,-7.770641061588939e-14,7.770641061588939e-14
pair_inhibition-1ns,A,CS,95,9.728e-06,9.8304e-06,8.152045837797202e-11,8.159905130149664e-11,-7.859292352461598e-14,7.859292352461598e-14
pair_inhibition-1ns,A,CS,96,9.8304e-06,9.932800000000001e-06,9.301092305091524e-11,9.309026629073302e-11,-7.93432398177833e-14,7.93432398177833e-14
pair_inhibition-1ns,A,CS,97,9.932800000000001e-06,1.00352e-05,1.0489633523498454e-10,1.0497566759451678e-10,-7.933235953223427e-14,7.933235953223427e-14
pair_inhibition-1ns,A,CS,98,1.00352e-05,1.0137600000000001e-05,1.17167167832225e-10,1.1724635684202088e-10,-7.918900979586542e-14,7.918900979586542e-14
pair_inhibition-1ns,A,CS,99,1.0137600000000001e-05,1.024e-05,1.2987284934966524e-10,1.2995246927675915e-10,-7.96199270939051e-14,7.96199270939051e-14
pair_inhibition-1ns,A,CS,100,1.024e-05,1.0342400000000001e-05,1.4314477503960288e-10,1.43224948948516e-10,-8.017390891311816e-14,8.017390891311816e-14
pair_inhibition-1ns,A,CS,101,1.0342400000000001e-05,1.04448e-05,1.572321103855875e-10,1.5731499250420495e-10,-8.288211861745194e-14,8.288211861745194e-14
pair_inhibition-1ns,A,CS,102,1.04448e-05,1.05472e-05,1.7258985961583475e-10,1.7267809791513333e-10,-8.823829929858059e-14,8.823829929858059e-14
pair_inhibition-1ns,A,CS,103,1.05472e-05,1.06496e-05,1.9007611262677707e-10,1.9017456834545725e-10,-9.845571868018293e-14,9.845571868018293e-14
pair_inhibition-1ns,A,CS,104,1.06496e-05,1.0752e-05,2.1149845171708017e-10,2.116251099711698e-10,-1.266582540896185e-13,1.266582540896185e-13
pair_inhibition-1ns,A,CS,105,1.0752e-05,1.08544e-05,2.4160735440484253e-10,2.417810117358886e-10,-1.7365733104605208e-13,1.7365733104605208e-13
pair_inhibition-1ns,A,CS,106,1.08544e-05,1.09568e-05,2.9908889226278784e-10,2.995892867676951e-10,-5.003945049072779e-13,5.003945049072779e-13
pair_inhibition-1ns,A,CS,107,1.09568e-05,1.10592e-05,7.924885949609615e-10,8.010482658180007e-10,-8.559670857039245e-12,8.559670857039245e-12
pair_inhibition-1ns,A,CS,108,1.10592e-05,1.11616e-05,1.3606536590548606e-09,1.3555946096236435e-09,5.0590494312170535e-12,5.0590494312170535e-12
pair_inhibition-1ns,A,CS,109,1.11616e-05,1.1264000000000001e-05,5.946398277776682e-10,5.947835783264607e-10,-1.4375054879247865e-13,1.4375054879247865e-13
pair_inhibition-1ns,A,CS,110,1.1264000000000001e-05,1.13664e-05,3.101956141944503e-10,3.092827158190865e-10,9.128983753638142e-13,9.128983753638142e-13
pair_inhibition-1ns,A,CS,111,1.13664e-05,1.1468800000000001e-05,1.9300819569148294e-10,1.9294703033816727e-10,6.116535331566298e-14,6.116535331566298e-14
pair_inhibition-1ns,A,CS,112,1.1468800000000001e-05,1.15712e-05,1.40600658211206e-10,1.4046207901953435e-10,1.3857919167165433e-13,1.3857919167165433e-13
pair_inhibition-1ns,A,CS,113,1.15712e-05,1.1673600000000001e-05,1.1129328425226878e-10,1.1122024347701343e-10,7.304077525534789e-14,7.304077525534789e-14
pair_inhibition-1ns,A,CS,114,1.1673600000000001e-05,1.1776e-05,8.626387091368876e-11,8.608401971214379e-11,1.7985120154496434e-13,1.7985120154496434e-13
pair_inhibition-1ns,A,CS,115,1.1776e-05,1.18784e-05,6.216111490749104e-11,6.201566032856995e-11,1.4545457892108628e-13,1.4545457892108628e-13
pair_inhibition-1ns,A,CS,116,1.18784e-05,1.19808e-05,4.563788024635105e-11,4.55700219005848e-11,6.785834576624964e-14,6.785834576624964e-14
pair_inhibition-1ns,A,CS,117,1.19808e-05,1.20832e-05,3.840508127324588e-11,3.838977392137194e-11,1.5307351873936427e-14,1.5307351873936427e-14
pair_inhibition-1ns,A,CS,118,1.20832e-05,1.21856e-05,3.758838288028404e-11,3.760915255359468e-11,-2.0769673310641457e-14,2.0769673310641457e-14
pair_inhibition-1ns,A,CS,119,1.21856e-05,1.2288e-05,4.0737689932988655e-11,4.078105258738701e-11,-4.336265439835342e-14,4.336265439835342e-14
pair_inhibition-1ns,A,CS,120,1.2288e-05,1.23904e-05,4.669703759057265e-11,4.675579678446973e-11,-5.87591938970796e-14,5.87591938970796e-14
pair_inhibition-1ns,A,CS,121,1.23904e-05,1.24928e-05,5.519662449965314e-11,5.52702988702939e-11,-7.367437064075669e-14,7.367437064075669e-14
pair_inhibition-1ns,A,CS,122,1.24928e-05,1.2595200000000001e-05,6.545805260350458e-11,6.5534271618906e-11,-7.621901540142737e-14,7.621901540142737e-14
pair_inhibition-1ns,A,CS,123,1.2595200000000001e-05,1.26976e-05,7.630634936381678e-11,7.638465886852615e-11,-7.830950470936986e-14,7.830950470936986e-14
pair_inhibition-1ns,A,CS,124,1.26976e-05,1.2800000000000001e-05,8.763949240641494e-11,8.771878996012538e-11,-7.929755371043948e-14,7.929755371043948e-14
pair_inhibition-1ns,A,CS,125,1.2800000000000001e-05,1.29024e-05,9.939097949644605e-11,9.947017465585804e-11,-7.919515941199416e-14,7.919515941199416e-14
pair_inhibition-1ns,A,CS,126,1.29024e-05,1.3004800000000001e-05,1.1152834726721577e-10,1.1160775463695392e-10,-7.940736973815474e-14,7.940736973815474e-14
pair_inhibition-1ns,A,CS,127,1.3004800000000001e-05,1.31072e-05,1.2407296068326547e-10,1.2415232035941716e-10,-7.935967615168824e-14,7.935967615168824e-14
pair_inhibition-1ns,A,CS,128,1.31072e-05,1.32096e-05,1.371152215098926e-10,1.3719509852982986e-10,-7.987701993726424e-14,7.987701993726424e-14
pair_inhibition-1ns,A,CS,129,1.32096e-05,1.3312e-05,1.508456832602924e-10,1.5092745396150493e-10,-8.177070121252315e-14,8.177070121252315e-14
pair_inhibition-1ns,A,CS,130,1.3312e-05,1.34144e-05,1.6561529098757158e-10,1.6570042576231578e-10,-8.513477474420408e-14,8.513477474420408e-14
pair_inhibition-1ns,A,CS,131,1.34144e-05,1.35168e-05,1.8206520111740726e-10,1.8215979957870493e-10,-9.459846129766505e-14,9.459846129766505e-14
pair_inhibition-1ns,A,CS,132,1.35168e-05,1.36192e-05,2.0148916141920226e-10,2.0159388746427668e-10,-1.0472604507442162e-13,1.0472604507442162e-13
pair_inhibition-1ns,A,CS,133,1.36192e-05,1.3721600000000001e-05,2.26845805767044e-10,2.2702220864607466e-10,-1.764028790306427e-13,1.764028790306427e-13
pair_inhibition-1ns,A,CS,134,1.3721600000000001e-05,1.3824e-05,2.678260422865763e-10,2.6801099939955926e-10,-1.8495711298297614e-13,1.8495711298297614e-13
pair_inhibition-1ns,A,CS,135,1.3824e-05,1.3926400000000001e-05,3.896997630190845e-10,3.9153255048980443e-10,-1.832787470719918e-12,1.832787470719918e-12
pair_inhibition-1ns,A,CS,136,1.3926400000000001e-05,1.40288e-05,1.4422556484193815e-09,1.4479669319256786e-09,-5.711283506297113e-12,5.711283506297113e-12
pair_inhibition-1ns,A,CS,137,1.40288e-05,1.4131200000000001e-05,8.356363157947798e-10,8.33954721563423e-10,1.6815942313567985e-12,1.6815942313567985e-12
pair_inhibition-1ns,A,CS,138,1.4131200000000001e-05,1.42336e-05,4.017834465409366e-10,4.0104106929049576e-10,7.423772504408319e-13,7.423772504408319e-13
pair_inhibition-1ns,A,CS,139,1.42336e-05,1.4336000000000001e-05,2.3181693120385179e-10,2.3155414898333092e-10,2.6278222052086897e-13,2.6278222052086897e-13
pair_inhibition-1ns,A,CS,140,1.4336000000000001e-05,1.44384e-05,1.587490823327204e-10,1.5861327391991889e-10,1.3580841280150804e-13,1.3580841280150804e-13
pair_inhibition-1ns,A,CS,141,1.44384e-05,1.45408e-05,1.2261433160537787e-10,1.2253796357903684e-10,7.636802634103514e-14,7.636802634103514e-14
pair_inhibition-1ns,A,CS,142,1.45408e-05,1.46432e-05,9.711718712796898e-11,9.698301668762379e-11,1.3417044034519866e-13,1.3417044034519866e-13
pair_inhibition-1ns,A,CS,143,1.46432e-05,1.47456e-05,7.203543834355713e-11,7.185452528428064e-11,1.8091305927649617e-13,1.8091305927649617e-13
pair_inhibition-1ns,A,CS,144,1.47456e-05,1.4848e-05,5.1596338500919616e-11,5.150049650082555e-11,9.584200009406803e-14,9.584200009406803e-14
pair_inhibition-1ns,A,CS,145,1.4848e-05,1.49504e-05,4.0634714544265715e-11,4.0598135512749956e-11,3.6579031515759113e-14,3.6579031515759113e-14
pair_inhibition-1ns,A,CS,146,1.49504e-05,1.5052800000000001e-05,3.743910384942746e-11,3.744665797666842e-11,-7.554127240959367e-15,7.554127240959367e-15
pair_inhibition-1ns,A,CS,147,1.5052800000000001e-05,1.51552e-05,3.909497174389053e-11,3.9129473775268946e-11,-3.450203137841784e-14,3.450203137841784e-14
pair_inhibition-1ns,A,CS,148,1.51552e-05,1.5257600000000001e-05,4.3928951887639236e-11,4.3981691371105276e-11,-5.273948346603982e-14,5.273948346603982e-14
pair_inhibition-1ns,A,CS,149,1.5257600000000001e-05,1.5360000000000002e-05,5.135029717571143e-11,5.141787903994407e-11,-6.758186423264194e-14,6.758186423264194e-14
pair_inhibition-1ns,A,CS,150,1.5360000000000002e-05,1.54624e-05,6.106445488615186e-11,6.113982355425055e-11,-7.536866809868751e-14,7.536866809868751e-14
pair_inhibition-1ns,A,CS,151,1.54624e-05,1.55648e-05,7.16965147049589e-11,7.177427838514141e-11,-7.776368018250986e-14,7.776368018250986e-14
pair_inhibition-1ns,A,CS,152,1.55648e-05,1.56672e-05,8.284947177688903e-11,8.29283342703917e-11,-7.88624935026778e-14,7.88624935026778e-14
pair_inhibition-1ns,A,CS,153,1.56672e-05,1.57696e-05,9.44470596723601e-11,9.452634322303032e-11,-7.928355067021953e-14,7.928355067021953e-14
pair_inhibition-1ns,A,CS,154,1.57696e-05,1.5872e-05,1.0644080142867484e-10,1.0652038844424425e-10,-7.958701556941518e-14,7.958701556941518e-14
pair_inhibition-1ns,A,CS,155,1.5872e-05,1.59744e-05,1.1882865205491695e-10,1.18907826063729e-10,-7.91740088120482e-14,7.91740088120482e-14
pair_inhibition-1ns,A,CS,156,1.59744e-05,1.60768e-05,1.316686812088493e-10,1.3174841132452917e-10,-7.973011567986501e-14,7.973011567986501e-14
pair_inhibition-1ns,A,CS,157,1.60768e-05,1.61792e-05,1.4510734966856686e-10,1.4518812185368696e-10,-8.077218512009467e-14,8.077218512009467e-14
pair_inhibition-1ns,A,CS,158,1.61792e-05,1.62816e-05,1.5941992132903767e-10,1.5950345785860295e-10,-8.353652956528076e-14,8.353652956528076e-14
pair_inhibition-1ns,A,CS,159,1.62816e-05,1.6384e-05,1.7510729088559115e-10,1.7519748711126523e-10,-9.019622567408354e-14,9.019622567408354e-14
pair_inhibition-1ns,A,CS,160,1.6384e-05,1.6486400000000002e-05,1.9313411248951166e-10,1.9323373189178743e-10,-9.961940227576611e-14,9.961940227576611e-14
pair_inhibition-1ns,A,CS,161,1.6486400000000002e-05,1.65888e-05,2.155642907852432e-10,2.157052123161643e-10,-1.4092153092108832e-13,1.4092153092108832e-13
pair_inhibition-1ns,A,CS,162,1.65888e-05,1.66912e-05,2.4817873160687004e-10,2.483412361950633e-10,-1.6250458819327064e-13,1.6250458819327064e-13
pair_inhibition-1ns,A,CS,163,1.66912e-05,1.67936e-05,3.160399412416902e-10,3.1678411142030346e-10,-7.441701786132701e-13,7.441701786132701e-13
pair_inhibition-1ns,A,CS,164,1.67936e-05,1.6896000000000002e-05,1.0328351955144579e-09,1.041093097597444e-09,-8.257902082986038e-12,8.257902082986038e-12
pair_inhibition-1ns,A,CS,165,1.6896000000000002e-05,1.69984e-05,1.1741765214854373e-09,1.1695699807670845e-09,4.606540718352741e-12,4.606540718352741e-12
pair_inhibition-1ns,A,CS,166,1.69984e-05,1.71008e-05,5.255144997742694e-10,5.254439037456049e-10,7.059602866448468e-14,7.059602866448468e-14
pair_inhibition-1ns,A,CS,167,1.71008e-05,1.72032e-05,2.826191072527435e-10,2.819147920169711e-10,7.043152357724253e-13,7.043152357724253e-13
pair_inhibition-1ns,A,CS,168,1.72032e-05,1.73056e-05,1.8116233957112102e-10,1.8108049176485676e-10,8.184780626426629e-14,8.184780626426629e-14
pair_inhibition-1ns,A,CS,169,1.73056e-05,1.7408e-05,1.3466861757198615e-10,1.345516975617226e-10,1.1692001026355472e-13,1.1692001026355472e-13
pair_inhibition-1ns,A,CS,170,1.7408e-05,1.75104e-05,1.0701667710798724e-10,1.0692934623132622e-10,8.733087666101209e-14,8.733087666101209e-14
pair_inhibition-1ns,A,CS,171,1.75104e-05,1.7612800000000002e-05,8.195710810213799e-11,8.176983902516761e-11,1.872690769703791e-13,1.872690769703791e-13
pair_inhibition-1ns,A,CS,172,1.7612800000000002e-05,1.77152e-05,5.876017693839341e-11,5.863089278585227e-11,1.2928415254114327e-13,1.2928415254114327e-13
pair_inhibition-1ns,A,CS,173,1.77152e-05,1.78176e-05,4.396491922963476e-11,4.390675100238956e-11,5.816822724519692e-14,5.816822724519692e-14
pair_inhibition-1ns,A,CS,174,1.78176e-05,1.792e-05,3.8060293160741436e-11,3.805239061137085e-11,7.902549370587704e-15,7.902549370587704e-15
pair_inhibition-1ns,A,CS,175,1.792e-05,1.8022400000000002e-05,3.80538600373845e-11,3.80789141338977e-11,-2.505409651320443e-14,2.505409651320443e-14
pair_inhibition-1ns,A,CS,176,1.8022400000000002e-05,1.81248e-05,4.174146557763735e-11,4.1787744335703944e-11,-4.627875806659563e-14,4.627875806659563e-14
pair_inhibition-1ns,A,CS,177,1.81248e-05,1.82272e-05,4.815725588733336e-11,4.821854246804343e-11,-6.128658071007429e-14,6.128658071007429e-14
pair_inhibition-1ns,A,CS,178,1.82272e-05,1.83296e-05,5.708810302962822e-11,5.716265637978865e-11,-7.45533501604337e-14,7.45533501604337e-14
pair_inhibition-1ns,A,CS,179,1.83296e-05,1.8432e-05,6.749390740968266e-11,6.757083716564843e-11,-7.692975596576997e-14,7.692975596576997e-14
pair_inhibition-1ns,A,CS,180,1.8432e-05,1.85344e-05,7.846756894853634e-11,7.854594065518372e-11,-7.837170664738008e-14,7.837170664738008e-14
pair_inhibition-1ns,A,CS,181,1.85344e-05,1.86368e-05,8.991495680206371e-11,8.99942516629319e-11,-7.929486086819655e-14,7.929486086819655e-14
pair_inhibition-1ns,A,CS,182,1.86368e-05,1.8739200000000002e-05,1.0177521467977904e-10,1.0185464961938397e-10,-7.943493960492446e-14,7.943493960492446e-14
pair_inhibition-1ns,A,CS,183,1.8739200000000002e-05,1.88416e-05,1.1402567873170217e-10,1.1410502404069028e-10,-7.934530898811361e-14,7.934530898811361e-14
pair_inhibition-1ns,A,CS,184,1.88416e-05,1.8944e-05,1.2669933532031646e-10,1.2677903919340136e-10,-7.970387308490156e-14,7.970387308490156e-14
pair_inhibition-1ns,A,CS,185,1.8944e-05,1.90464e-05,1.3990633611520782e-10,1.399864436951001e-10,-8.010757989228497e-14,8.010757989228497e-14
pair_inhibition-1ns,A,CS,186,1.90464e-05,1.9148800000000002e-05,1.5386504642573467e-10,1.539474504218973e-10,-8.240399616263767e-14,8.240399616263767e-14
pair_inhibition-1ns,A,CS,187,1.9148800000000002e-05,1.92512e-05,1.6897698688689375e-10,1.690638042164068e-10,-8.681732951304602e-14,8.681732951304602e-14
pair_inhibition-1ns,A,CS,188,1.92512e-05,1.93536e-05,1.8598698030159624e-10,1.8608420640207244e-10,-9.722610047620052e-14,9.722610047620052e-14
pair_inhibition-1ns,A,CS,189,1.93536e-05,1.9456e-05,2.0643373040919743e-10,2.0654610350977456e-10,-1.1237310057712976e-13,1.1237310057712976e-13
pair_inhibition-1ns,A,CS,190,1.9456e-05,1.9558400000000002e-05,2.3405761743909997e-10,2.34245292406763e-10,-1.8767496766303821e-13,1.8767496766303821e-13
pair_inhibition-1ns,A,CS,191,1.9558400000000002e-05,1.96608e-05,2.822874585735135e-10,2.8256477397854416e-10,-2.7731540503064677e-13,2.7731540503064677e-13
pair_inhibition-1ns,A,CS,192,1.96608e-05,1.97632e-05,5.063183962078416e-10,5.108843574194358e-10,-4.565961211594201e-12,4.565961211594201e-12
pair_inhibition-1ns,A,CS,193,1.97632e-05,1.9865600000000002e-05,1.504749677295909e-09,1.5052692886023219e-09,-5.196113064129055e-13,5.196113064129055e-13
pair_inhibition-1ns,A,CS,194,1.9865600000000002e-05,1.9968e-05,6.93292286486327e-10,6.930781826184952e-10,2.1410386783172055e-13,2.1410386783172055e-13
pair_inhibition-1ns,A,CS,195,1.9968e-05,2e-05,1.320897421348714e-10,1.3178648241007077e-10,3.0325972480063847e-13,3.0325972480063847e-13
pair_inhibition-1ns,B,CS,0,0.0,1.024e-07,4.0501300058151304e-13,4.2187006132113306e-13,-1.685706073962002e-14,1.685706073962002e-14
pair_inhibition-1ns,B,CS,1,1.024e-07,2.048e-07,2.738025254478573e-12,2.7818929699421158e-12,-4.3867715463542753e-14,4.3867715463542753e-14
pair_inhibition-1ns,B,CS,2,2.048e-07,3.072e-07,7.016993840508542e-12,7.083255900636821e-12,-6.626206012827905e-14,6.626206012827905e-14
pair_inhibition-1ns,B,CS,3,3.072e-07,4.096e-07,1.2883727555199024e-11,1.296741517068185e-11,-8.368761548282647e-14,8.368761548282647e-14
pair_inhibition-1ns,B,CS,4,4.096e-07,5.12e-07,2.0068206448198225e-11,2.0165904115779634e-11,-9.769766758140942e-14,9.769766758140942e-14
pair_inhibition-1ns,B,CS,5,5.12e-07,6.144e-07,2.8371007911934722e-11,2.8478788012124028e-11,-1.0778010018930625e-13,1.0778010018930625e-13
pair_inhibition-1ns,B,CS,6,6.144e-07,7.168000000000001e-07,3.764079704752049e-11,3.775691330197685e-11,-1.1611625445635878e-13,1.1611625445635878e-13
pair_inhibition-1ns,B,CS,7,7.168000000000001e-07,8.192e-07,4.776754722404005e-11,4.7889437009780177e-11,-1.2188978574012425e-13,1.2188978574012425e-13
pair_inhibition-1ns,B,CS,8,8.192e-07,9.216e-07,5.867040835494883e-11,5.879635926029418e-11,-1.2595090534534694e-13,1.2595090534534694e-13
pair_inhibition-1ns,B,CS,9,9.216e-07,1.024e-06,7.029652346640273e-11,7.042566308972999e-11,-1.2913962332725398e-13,1.2913962332725398e-13
pair_inhibition-1ns,B,CS,10,1.024e-06,1.1264000000000001e-06,8.262493626292326e-11,8.275527837067179e-11,-1.3034210774852798e-13,1.3034210774852798e-13
pair_inhibition-1ns,B,CS,11,1.1264000000000001e-06,1.2288e-06,9.566941342406079e-11,9.580127247353082e-11,-1.3185904947002528e-13,1.3185904947002528e-13
pair_inhibition-1ns,B,CS,12,1.2288e-06,1.3312e-06,1.0950307061676407e-10,1.0963589819410636e-10,-1.328275773422897e-13,1.328275773422897e-13
pair_inhibition-1ns,B,CS,13,1.3312e-06,1.4336000000000001e-06,1.2428980003725997e-10,1.24423949762146e-10,-1.3414972488604379e-13,1.3414972488604379e-13
pair_inhibition-1ns,B,CS,14,1.4336000000000001e-06,1.536e-06,1.403612858283048e-10,1.4049803094070822e-10,-1.3674511240341556e-13,1.3674511240341556e-13
pair_inhibition-1ns,B,CS,15,1.536e-06,1.6384e-06,1.583790533619104e-10,1.5852912874215423e-10,-1.5007538024383057e-13,1.5007538024383057e-13
pair_inhibition-1ns,B,CS,16,1.6384e-06,1.7408000000000001e-06,1.7984696095499176e-10,1.799762148082276e-10,-1.2925385323585087e-13,1.2925385323585087e-13
pair_inhibition-1ns,B,CS,17,1.7408000000000001e-06,1.8432e-06,2.082382097143936e-10,2.085936771389458e-10,-3.55467424552194e-13,3.55467424552194e-13
pair_inhibition-1ns,B,CS,18,1.8432e-06,1.9456e-06,2.5850839127639793e-10,2.582658923692319e-10,2.4249890716605507e-13,2.4249890716605507e-13
pair_inhibition-1ns,B,CS,19,1.9456e-06,2.048e-06,5.573523596381534e-10,5.691964253522848e-10,-1.1844065714131436e-11,1.1844065714131436e-11
pair_inhibition-1ns,B,CS,20,2.048e-06,2.1504e-06,3.2300788129039734e-09,3.234475430272722e-09,-4.3966173687487526e-12,4.3966173687487526e-12
pair_inhibition-1ns,B,CS,21,2.1504e-06,2.2528000000000003e-06,1.3796301435192742e-09,1.3792980877872548e-09,3.320557320193679e-13,3.320557320193679e-13
pair_inhibition-1ns,B,CS,22,2.2528000000000003e-06,2.3552e-06,6.624948106572882e-10,6.603070229040038e-10,2.1877877532844485e-12,2.1877877532844485e-12
pair_inhibition-1ns,B,CS,23,2.3552e-06,2.4576e-06,3.7964233748100025e-10,3.7951051914744625e-10,1.3181833355399667e-13,1.3181833355399667e-13
pair_inhibition-1ns,B,CS,24,2.4576e-06,2.56e-06,2.5972879466554286e-10,2.5942572881367484e-10,3.0306585186801845e-13,3.0306585186801845e-13
pair_inhibition-1ns,B,CS,25,2.56e-06,2.6624e-06,2.0383340656494417e-10,2.0376141352856904e-10,7.199303637512496e-14,7.199303637512496e-14
pair_inhibition-1ns,B,CS,26,2.6624e-06,2.7648e-06,1.763063614599226e-10,1.7624780308640203e-10,5.85583735205713e-14,5.85583735205713e-14
pair_inhibition-1ns,B,CS,27,2.7648e-06,2.8672000000000003e-06,1.614623650707187e-10,1.6143122730483358e-10,3.113776588510996e-14,3.113776588510996e-14
pair_inhibition-1ns,B,CS,28,2.8672000000000003e-06,2.9696e-06,1.5091518543818056e-10,1.5086841045039304e-10,4.677498778752671e-14,4.677498778752671e-14
pair_inhibition-1ns,B,CS,29,2.9696e-06,3.072e-06,1.392230873863833e-10,1.3912675230945688e-10,9.633507692641636e-14,9.633507692641636e-14
pair_inhibition-1ns,B,CS,30,3.072e-06,3.1744e-06,1.2471345979514969e-10,1.2457080109329742e-10,1.4265870185226315e-13,1.4265870185226315e-13
pair_inhibition-1ns,B,CS,31,3.1744e-06,3.2768e-06,1.0916193568275665e-10,1.0901989556594216e-10,1.4204011681448535e-13,1.4204011681448535e-13
pair_inhibition-1ns,B,CS,32,3.2768e-06,3.3792e-06,9.561131060167193e-11,9.550734657789693e-11,1.0396402377499862e-13,1.0396402377499862e-13
pair_inhibition-1ns,B,CS,33,3.3792e-06,3.4816000000000003e-06,8.68793420553372e-11,8.682839250586495e-11,5.0949549472248715e-14,5.0949549472248715e-14
pair_inhibition-1ns,B,CS,34,3.4816000000000003e-06,3.5840000000000003e-06,8.463123859287061e-11,8.463420829639064e-11,-2.9697035200204113e-15,2.9697035200204113e-15
pair_inhibition-1ns,B,CS,35,3.5840000000000003e-06,3.6864e-06,8.957519112283246e-11,8.962515924006338e-11,-4.996811723092841e-14,4.996811723092841e-14
pair_inhibition-1ns,B,CS,36,3.6864e-06,3.7888e-06,1.0311787027784131e-10,1.0322743236752806e-10,-1.0956208968675351e-13,1.0956208968675351e-13
pair_inhibition-1ns,B,CS,37,3.7888e-06,3.8912e-06,1.2494162164487738e-10,1.2506862754993454e-10,-1.2700590505716006e-13,1.2700590505716006e-13
pair_inhibition-1ns,B,CS,38,3.8912e-06,3.9936e-06,1.4999667105148623e-10,1.501388197682632e-10,-1.421487167769824e-13,1.421487167769824e-13
pair_inhibition-1ns,B,CS,39,3.9936e-06,4.096e-06,1.780978969896341e-10,1.7825017301330039e-10,-1.5227602366629926e-13,1.5227602366629926e-13
pair_inhibition-1ns,B,CS,40,4.096e-06,4.1984e-06,2.106333374447996e-10,2.1082148077780166e-10,-1.8814333300204987e-13,1.8814333300204987e-13
pair_inhibition-1ns,B,CS,41,4.1984e-06,4.3008e-06,2.5221671086962864e-10,2.5242883068155897e-10,-2.1211981193032984e-13,2.1211981193032984e-13
pair_inhibition-1ns,B,CS,42,4.3008e-06,4.4032000000000005e-06,3.204885054629024e-10,3.21079379806247e-10,-5.908743433446506e-13,5.908743433446506e-13
pair_inhibition-1ns,B,CS,43,4.4032000000000005e-06,4.5056000000000005e-06,6.822790447137808e-10,6.895944627115331e-10,-7.315417997752355e-12,7.315417997752355e-12
pair_inhibition-1ns,B,CS,44,4.5056000000000005e-06,4.608e-06,1.4714152208732087e-09,1.4654866890757622e-09,5.928531797446582e-12,5.928531797446582e-12
pair_inhibition-1ns,B,CS,45,4.608e-06,4.7104e-06,7.02648505815161e-10,7.034736697759874e-10,-8.251639608263922e-13,8.251639608263922e-13
pair_inhibition-1ns,B,CS,46,4.7104e-06,4.8128e-06,3.983610952020068e-10,3.9720260091340285e-10,1.1584942886039318e-12,1.1584942886039318e-12
pair_inhibition-1ns,B,CS,47,4.8128e-06,4.9152e-06,2.673446791752728e-10,2.673130303108107e-10,3.164886446207597e-14,3.164886446207597e-14
pair_inhibition-1ns,B,CS,48,4.9152e-06,5.0176e-06,2.074124286528231e-10,2.0724622132157374e-10,1.6620733124936086e-13,1.6620733124936086e-13
pair_inhibition-1ns,B,CS,49,5.0176e-06,5.12e-06,1.762427472687811e-10,1.7620096734456937e-10,4.177992421172253e-14,4.177992421172253e-14
pair_inhibition-1ns,B,CS,50,5.12e-06,5.2224e-06,1.561494415883103e-10,1.5601759466806962e-10,1.3184692024067693e-13,1.3184692024067693e-13
pair_inhibition-1ns,B,CS,51,5.2224e-06,5.3248e-06,1.4489950685014992e-10,1.4488371509527435e-10,1.579175487556336e-14,1.579175487556336e-14
pair_inhibition-1ns,B,CS,52,5.3248e-06,5.4272e-06,1.4570903647093374e-10,1.456856196584845e-10,2.3416812449247636e-14,2.3416812449247636e-14
pair_inhibition-1ns,B,CS,53,5.4272e-06,5.5296e-06,1.5019083888103716e-10,1.5017376162776505e-10,1.707725327210819e-14,1.707725327210819e-14
pair_inhibition-1ns,B,CS,54,5.5296e-06,5.6320000000000005e-06,1.5480256175784757e-10,1.5477888212900478e-10,2.3679628842787838e-14,2.3679628842787838e-14
pair_inhibition-1ns,B,CS,55,5.6320000000000005e-06,5.7344000000000005e-06,1.5987022335790313e-10,1.5985241020839557e-10,1.7813149507559048e-14,1.7813149507559048e-14
pair_inhibition-1ns,B,CS,56,5.7344000000000005e-06,5.836800000000001e-06,1.6750378252963908e-10,1.6750228152180288e-10,1.5010078361991182e-15,1.5010078361991182e-15
pair_inhibition-1ns,B,CS,57,5.836800000000001e-06,5.9392e-06,1.8095958762556394e-10,1.8101229676846732e-10,-5.2709142903382456e-14,5.2709142903382456e-14
pair_inhibition-1ns,B,CS,58,5.9392e-06,6.0416e-06,2.0027392381586475e-10,2.0032868847392257e-10,-5.4764658057823144e-14,5.4764658057823144e-14
pair_inhibition-1ns,B,CS,59,6.0416e-06,6.144e-06,2.1752188472782567e-10,2.1757529272886302e-10,-5.340800103735429e-14,5.340800103735429e-14
pair_inhibition-1ns,B,CS,60,6.144e-06,6.2464e-06,2.311903787991357e-10,2.3123203503793518e-10,-4.1656238799475595e-14,4.1656238799475595e-14
pair_inhibition-1ns,B,CS,61,6.2464e-06,6.3488e-06,2.413396622778174e-10,2.4137206799195975e-10,-3.240571414236005e-14,3.240571414236005e-14
pair_inhibition-1ns,B,CS,62,6.3488e-06,6.4512e-06,2.4831751739281976e-10,2.483405733633849e-10,-2.3055970565162632e-14,2.3055970565162632e-14
pair_inhibition-1ns,B,CS,63,6.4512e-06,6.5536e-06,2.526146871152766e-10,2.526297186851529e-10,-1.5031569876309887e-14,1.5031569876309887e-14
pair_inhibition-1ns,B,CS,64,6.5536e-06,6.656e-06,2.547903392156236e-10,2.5479878637693354e-10,-8.447161309961756e-15,8.447161309961756e-15
pair_inhibition-1ns,B,CS,65,6.656e-06,6.7584e-06,2.5541820265812006e-10,2.554216532461639e-10,-3.4505880438489236e-15,3.4505880438489236e-15
pair_inhibition-1ns,B,CS,66,6.7584e-06,6.8608000000000004e-06,2.5503429240896173e-10,2.550343914491417e-10,-9.904017997412546e-17,9.904017997412546e-17
pair_inhibition-1ns,B,CS,67,6.8608000000000004e-06,6.9632000000000005e-06,2.5409399789917107e-10,2.540921650283315e-10,1.8328708395907492e-15,1.8328708395907492e-15
pair_inhibition-1ns,B,CS,68,6.9632000000000005e-06,7.065600000000001e-06,2.5294549329082915e-10,2.529428644481462e-10,2.628842682951448e-15,2.628842682951448e-15
pair_inhibition-1ns,B,CS,69,7.065600000000001e-06,7.168000000000001e-06,2.5182240565866534e-10,2.518197562614363e-10,2.6493972290591e-15,2.6493972290591e-15
pair_inhibition-1ns,B,CS,70,7.168000000000001e-06,7.2704e-06,2.508549775805318e-10,2.508527855718443e-10,2.1920086874889778e-15,2.1920086874889778e-15
pair_inhibition-1ns,B,CS,71,7.2704e-06,7.3728e-06,2.5009324491907634e-10,2.5009169213428464e-10,1.5527847917074002e-15,1.5527847917074002e-15
pair_inhibition-1ns,B,CS,72,7.3728e-06,7.4752e-06,2.495334945230065e-10,2.49532616770643e-10,8.777523634789769e-16,8.777523634789769e-16
pair_inhibition-1ns,B,CS,73,7.4752e-06,7.5776e-06,2.491424401033269e-10,2.491421580641831e-10,2.8203914378401618e-16,2.8203914378401618e-16
pair_inhibition-1ns,B,CS,74,7.5776e-06,7.680000000000001e-06,2.4887588596746873e-10,2.4887611145192254e-10,-2.2548445380370413e-16,2.2548445380370413e-16
pair_inhibition-1ns,B,CS,75,7.680000000000001e-06,7.7824e-06,2.486922472546567e-10,2.4869282114447804e-10,-5.738898213342489e-16,5.738898213342489e-16
pair_inhibition-1ns,B,CS,76,7.7824e-06,7.8848e-06,2.485621289477634e-10,2.4856329564890263e-10,-1.1667011392391409e-15,1.1667011392391409e-15
pair_inhibition-1ns,B,CS,77,7.8848e-06,7.9872e-06,2.4848384774741596e-10,2.4848484661625175e-10,-9.988688357941887e-16,9.988688357941887e-16
pair_inhibition-1ns,B,CS,78,7.9872e-06,8.0896e-06,2.485317359812449e-10,2.485373514738608e-10,-5.615492615875759e-15,5.615492615875759e-15
pair_inhibition-1ns,B,CS,79,8.0896e-06,8.192e-06,2.501401882080121e-10,2.5016277543705437e-10,-2.2587229042270318e-14,2.2587229042270318e-14
pair_inhibition-1ns,B,CS,80,8.192e-06,8.2944e-06,2.5663749155923875e-10,2.566874902581831e-10,-4.999869894432856e-14,4.999869894432856e-14
pair_inhibition-1ns,B,CS,81,8.2944e-06,8.3968e-06,2.5893296113270174e-10,2.589453894032163e-10,-1.2428270514544054e-14,1.2428270514544054e-14
pair_inhibition-1ns,B,CS,82,8.3968e-06,8.4992e-06,2.526047062842575e-10,2.525697593547687e-10,3.494692948884161e-14,3.494692948884161e-14
pair_inhibition-1ns,B,CS,83,8.4992e-06,8.6016e-06,2.4328643154379056e-10,2.4325900562689745e-10,2.742591689311148e-14,2.742591689311148e-14
pair_inhibition-1ns,B,CS,84,8.6016e-06,8.704e-06,2.357663948580377e-10,2.3573904813117024e-10,2.734672686744223e-14,2.734672686744223e-14
pair_inhibition-1ns,B,CS,85,8.704e-06,8.806400000000001e-06,2.304361922233007e-10,2.304142371409012e-10,2.195508239950744e-14,2.195508239950744e-14
pair_inhibition-1ns,B,CS,86,8.806400000000001e-06,8.9088e-06,2.2699695182286704e-10,2.2697833217104213e-10,1.8619651824915503e-14,1.8619651824915503e-14
pair_inhibition-1ns,B,CS,87,8.9088e-06,9.011200000000001e-06,2.251743765432038e-10,2.2515977590792433e-10,1.46006352794679e-14,1.46006352794679e-14
pair_inhibition-1ns,B,CS,88,9.011200000000001e-06,9.1136e-06,2.248913060303511e-10,2.2488182903088283e-10,9.476999468262171e-15,9.476999468262171e-15
pair_inhibition-1ns,B,CS,89,9.1136e-06,9.216e-06,2.2619687542164678e-10,2.2619427696599634e-10,2.598455650437567e-15,2.598455650437567e-15
pair_inhibition-1ns,B,CS,90,9.216e-06,9.3184e-06,2.2909763526812028e-10,2.291028187969064e-10,-5.183528786114917e-15,5.183528786114917e-15
pair_inhibition-1ns,B,CS,91,9.3184e-06,9.4208e-06,2.333672387630426e-10,2.3338057549537774e-10,-1.3336732335148229e-14,1.3336732335148229e-14
pair_inhibition-1ns,B,CS,92,9.4208e-06,9.5232e-06,2.382107752722485e-10,2.3822496180656034e-10,-1.4186534311844358e-14,1.4186534311844358e-14
pair_inhibition-1ns,B,CS,93,9.5232e-06,9.6256e-06,2.4234229520912894e-10,2.4235487540361714e-10,-1.2580194488203205e-14,1.2580194488203205e-14
pair_inhibition-1ns,B,CS,94,9.6256e-06,9.728e-06,2.4550108086274636e-10,2.4551105277863444e-10,-9.971915888079788e-15,9.971915888079788e-15
pair_inhibition-1ns,B,CS,95,9.728e-06,9.8304e-06,2.4773261423288293e-10,2.477400431669294e-10,-7.428934046476809e-15,7.428934046476809e-15
pair_inhibition-1ns,B,CS,96,9.8304e-06,9.932800000000001e-06,2.491597366014774e-10,2.4916490385440146e-10,-5.1672529240597314e-15,5.1672529240597314e-15
pair_inhibition-1ns,B,CS,97,9.932800000000001e-06,1.00352e-05,2.499414103885681e-10,2.4994469647359615e-10,-3.2860850280634765e-15,3.2860850280634765e-15
pair_inhibition-1ns,B,CS,98,1.00352e-05,1.0137600000000001e-05,2.5024176599291174e-10,2.5024361879875317e-10,-1.8528058414299707e-15,1.8528058414299707e-15
pair_inhibition-1ns,B,CS,99,1.0137600000000001e-05,1.024e-05,2.5021030702168786e-10,2.5021115520015954e-10,-8.481784716860156e-16,8.481784716860156e-16
pair_inhibition-1ns,B,CS,100,1.024e-05,1.0342400000000001e-05,2.4997138668775206e-10,2.499715942300045e-10,-2.0754225243115473e-16,2.0754225243115473e-16
pair_inhibition-1ns,B,CS,101,1.0342400000000001e-05,1.04448e-05,2.4962069337897075e-10,2.4962055061803997e-10,1.4276093077821425e-16,1.4276093077821425e-16
pair_inhibition-1ns,B,CS,102,1.04448e-05,1.05472e-05,2.4922655788234076e-10,2.4922631704261044e-10,2.4083973032176003e-16,2.4083973032176003e-16
pair_inhibition-1ns,B,CS,103,1.05472e-05,1.06496e-05,2.488345894961397e-10,2.4883430531853475e-10,2.841776049662946e-16,2.841776049662946e-16
pair_inhibition-1ns,B,CS,104,1.06496e-05,1.0752e-05,2.4847332467614245e-10,2.4847354995846076e-10,-2.2528231831405275e-16,2.2528231831405275e-16
pair_inhibition-1ns,B,CS,105,1.0752e-05,1.08544e-05,2.4816662710121974e-10,2.4816596798679265e-10,6.591144270985985e-16,6.591144270985985e-16
pair_inhibition-1ns,B,CS,106,1.08544e-05,1.09568e-05,2.4794200703184945e-10,2.479466705762486e-10,-4.663544399158994e-15,4.663544399158994e-15
pair_inhibition-1ns,B,CS,107,1.09568e-05,1.10592e-05,2.4802008541185804e-10,2.480129635915373e-10,7.121820320720375e-15,7.121820320720375e-15
pair_inhibition-1ns,B,CS,108,1.10592e-05,1.11616e-05,2.5088461584969037e-10,2.5092935402397527e-10,-4.4738174284902185e-14,4.4738174284902185e-14
pair_inhibition-1ns,B,CS,109,1.11616e-05,1.1264000000000001e-05,2.551576335823727e-10,2.551798657632592e-10,-2.2232180886524645e-14,2.2232180886524645e-14
pair_inhibition-1ns,B,CS,110,1.1264000000000001e-05,1.13664e-05,2.5393219392940927e-10,2.5392564621974906e-10,6.547709660205451e-15,6.547709660205451e-15
pair_inhibition-1ns,B,CS,111,1.13664e-05,1.1468800000000001e-05,2.4757403091985216e-10,2.475494347099905e-10,2.4596209861673863e-14,2.4596209861673863e-14
pair_inhibition-1ns,B,CS,112,1.1468800000000001e-05,1.15712e-05,2.408567430192297e-10,2.408330529364596e-10,2.3690082770084244e-14,2.3690082770084244e-14
pair_inhibition-1ns,B,CS,113,1.15712e-05,1.1673600000000001e-05,2.3564909871559115e-10,2.3562843461194083e-10,2.0664103650318133e-14,2.0664103650318133e-14
pair_inhibition-1ns,B,CS,114,1.1673600000000001e-05,1.1776e-05,2.3210612963089646e-10,2.3208888711718836e-10,1.7242513708099982e-14,1.7242513708099982e-14
pair_inhibition-1ns,B,CS,115,1.1776e-05,1.18784e-05,2.3004142814967772e-10,2.3002762114369233e-10,1.3807005985390665e-14,1.3807005985390665e-14
pair_inhibition-1ns,B,CS,116,1.18784e-05,1.19808e-05,2.293130762576398e-10,2.2930316089120983e-10,9.915366429965151e-15,9.915366429965151e-15
pair_inhibition-1ns,B,CS,117,1.19808e-05,1.20832e-05,2.2989765947824543e-10,2.2989278553028457e-10,4.873947960861674e-15,4.873947960861674e-15
pair_inhibition-1ns,B,CS,118,1.20832e-05,1.21856e-05,2.3180201901687438e-10,2.318034052651964e-10,-1.3862483220097157e-15,1.3862483220097157e-15
pair_inhibition-1ns,B,CS,119,1.21856e-05,1.2288e-05,2.3491705036301963e-10,2.3492423655833455e-10,-7.186195314919612e-15,7.186195314919612e-15
pair_inhibition-1ns,B,CS,120,1.2288e-05,1.23904e-05,2.3889236145913167e-10,2.389058213341231e-10,-1.345987499144037e-14,1.345987499144037e-14
pair_inhibition-1ns,B,CS,121,1.23904e-05,1.24928e-05,2.428606286222165e-10,2.4287191676076044e-10,-1.1288138543965931e-14,1.1288138543965931e-14
pair_inhibition-1ns,B,CS,122,1.24928e-05,1.2595200000000001e-05,2.4608135070942097e-10,2.460914564273216e-10,-1.0105717900629295e-14,1.0105717900629295e-14
pair_inhibition-1ns,B,CS,123,1.2595200000000001e-05,1.26976e-05,2.4849503651778986e-10,2.4850283735749316e-10,-7.80083970330472e-15,7.80083970330472e-15
pair_inhibition-1ns,B,CS,124,1.26976e-05,1.2800000000000001e-05,2.5015881459466396e-10,2.5016461438152696e-10,-5.799786862995919e-15,5.799786862995919e-15
pair_inhibition-1ns,B,CS,125,1.2800000000000001e-05,1.29024e-05,2.511845716034833e-10,2.5118851684576057e-10,-3.945242277268411e-15,3.945242277268411e-15
pair_inhibition-1ns,B,CS,126,1.29024e-05,1.3004800000000001e-05,2.5170603566556e-10,2.517085251093273e-10,-2.489443767337072e-15,2.489443767337072e-15
pair_inhibition-1ns,B,CS,127,1.3004800000000001e-05,1.31072e-05,2.5185676311051947e-10,2.518581433854039e-10,-1.3802748844171578e-15,1.3802748844171578e-15
pair_inhibition-1ns,B,CS,128,1.31072e-05,1.32096e-05,2.5175567604028047e-10,2.5175629377704976e-10,-6.177367692941307e-16,6.177367692941307e-16
pair_inhibition-1ns,B,CS,129,1.32096e-05,1.3312e-05,2.5150019817527464e-10,2.515003468777596e-10,-1.4870248495255532e-16,1.4870248495255532e-16
pair_inhibition-1ns,B,CS,130,1.3312e-05,1.34144e-05,2.511645149846535e-10,2.5116442583216764e-10,8.915248587945352e-17,8.915248587945352e-17
pair_inhibition-1ns,B,CS,131,1.34144e-05,1.35168e-05,2.508014672200238e-10,2.5080132984488004e-10,1.3737514374781107e-16,1.3737514374781107e-16
pair_inhibition-1ns,B,CS,132,1.35168e-05,1.36192e-05,2.5044698069182144e-10,2.50446908973104e-10,7.17187174293608e-17,7.17187174293608e-17
pair_inhibition-1ns,B,CS,133,1.36192e-05,1.3721600000000001e-05,2.501265031761289e-10,2.501267620190065e-10,-2.588428776380593e-16,2.588428776380593e-16
pair_inhibition-1ns,B,CS,134,1.3721600000000001e-05,1.3824e-05,2.4986833051177116e-10,2.4986872888364497e-10,-3.9837187381440897e-16,3.9837187381440897e-16
pair_inhibition-1ns,B,CS,135,1.3824e-05,1.3926400000000001e-05,2.4974756251043585e-10,2.49750789521729e-10,-3.227011293169002e-15,3.227011293169002e-15
pair_inhibition-1ns,B,CS,136,1.3926400000000001e-05,1.40288e-05,2.50882367853378e-10,2.50900684942057e-10,-1.8317088679029845e-14,1.8317088679029845e-14
pair_inhibition-1ns,B,CS,137,1.40288e-05,1.4131200000000001e-05,2.556264099726772e-10,2.556621900627559e-10,-3.578009007867712e-14,3.578009007867712e-14
pair_inhibition-1ns,B,CS,138,1.4131200000000001e-05,1.42336e-05,2.573438279672096e-10,2.5735325950484513e-10,-9.431537635522285e-15,9.431537635522285e-15
pair_inhibition-1ns,B,CS,139,1.42336e-05,1.4336000000000001e-05,2.527539088222563e-10,2.527285667603852e-10,2.534206187110479e-14,2.534206187110479e-14
pair_inhibition-1ns,B,CS,140,1.4336000000000001e-05,1.44384e-05,2.456196275767442e-10,2.455964915509616e-10,2.313602578256493e-14,2.313602578256493e-14
pair_inhibition-1ns,B,CS,141,1.44384e-05,1.45408e-05,2.395654497386666e-10,2.3954229326325145e-10,2.3156475415132444e-14,2.3156475415132444e-14
pair_inhibition-1ns,B,CS,142,1.45408e-05,1.46432e-05,2.352087962822664e-10,2.351899008304065e-10,1.889545185987446e-14,1.889545185987446e-14
pair_inhibition-1ns,B,CS,143,1.46432e-05,1.47456e-05,2.3245883486356408e-10,2.324433164056303e-10,1.551845793377989e-14,1.551845793377989e-14
pair_inhibition-1ns,B,CS,144,1.47456e-05,1.4848e-05,2.3112520052065134e-10,2.3111344386655122e-10,1.17566541001142e-14,1.17566541001142e-14
pair_inhibition-1ns,B,CS,145,1.4848e-05,1.49504e-05,2.3112287909296697e-10,2.3111577882842697e-10,7.1002645399998445e-15,7.1002645399998445e-15
pair_inhibition-1ns,B,CS,146,1.49504e-05,1.5052800000000001e-05,2.3244565791614676e-10,2.3244425978633395e-10,1.39812981280671e-15,1.39812981280671e-15
pair_inhibition-1ns,B,CS,147,1.5052800000000001e-05,1.51552e-05,2.350363319910152e-10,2.350412197810345e-10,-4.887790019300863e-15,4.887790019300863e-15
pair_inhibition-1ns,B,CS,148,1.51552e-05,1.5257600000000001e-05,2.386567775874693e-10,2.38667280091437e-10,-1.0502503967724718e-14,1.0502503967724718e-14
pair_inhibition-1ns,B,CS,149,1.5257600000000001e-05,1.5360000000000002e-05,2.4272610431216734e-10,2.427385398890182e-10,-1.2435576850864852e-14,1.2435576850864852e-14
pair_inhibition-1ns,B,CS,150,1.5360000000000002e-05,1.54624e-05,2.46279174331375e-10,2.46289952271008e-10,-1.0777939632984267e-14,1.0777939632984267e-14
pair_inhibition-1ns,B,CS,151,1.54624e-05,1.55648e-05,2.490436440368809e-10,2.4905248101302366e-10,-8.836976142769465e-15,8.836976142769465e-15
pair_inhibition-1ns,B,CS,152,1.55648e-05,1.56672e-05,2.510352427386768e-10,2.5104197105208247e-10,-6.728313405660734e-15,6.728313405660734e-15
pair_inhibition-1ns,B,CS,153,1.56672e-05,1.57696e-05,2.523394925639408e-10,2.52344281821273e-10,-4.789257332210127e-15,4.789257332210127e-15
pair_inhibition-1ns,B,CS,154,1.57696e-05,1.5872e-05,2.5307908748819927e-10,2.5308224783592043e-10,-3.1603477211533176e-15,3.1603477211533176e-15
pair_inhibition-1ns,B,CS,155,1.5872e-05,1.59744e-05,2.5338718264367884e-10,2.533890507599206e-10,-1.8681162417454344e-15,1.8681162417454344e-15
pair_inhibition-1ns,B,CS,156,1.59744e-05,1.60768e-05,2.533891894946648e-10,2.533901387973215e-10,-9.493026566992618e-16,9.493026566992618e-16
pair_inhibition-1ns,B,CS,157,1.60768e-05,1.61792e-05,2.5319257719486107e-10,2.531929203775709e-10,-3.43182709822719e-16,3.43182709822719e-16
pair_inhibition-1ns,B,CS,158,1.61792e-05,1.62816e-05,2.5288253085691456e-10,2.528825227929104e-10,8.064004138490178e-18,8.064004138490178e-18
pair_inhibition-1ns,B,CS,159,1.62816e-05,1.6384e-05,2.525220261352685e-10,2.525219123195954e-10,1.1381567308973618e-16,1.1381567308973618e-16
pair_inhibition-1ns,B,CS,160,1.6384e-05,1.6486400000000002e-05,2.5215521764949866e-10,2.521550211329856e-10,1.9651651306507105e-16,1.9651651306507105e-16
pair_inhibition-1ns,B,CS,161,1.6486400000000002e-05,1.65888e-05,2.518118441632539e-10,2.518122392102538e-10,-3.9504699988725494e-16,3.9504699988725494e-16
pair_inhibition-1ns,B,CS,162,1.65888e-05,1.66912e-05,2.515204794268123e-10,2.5151968393817303e-10,7.954886392918286e-16,7.954886392918286e-16
pair_inhibition-1ns,B,CS,163,1.66912e-05,1.67936e-05,2.513184778305413e-10,2.5132439041283274e-10,-5.912582291466433e-15,5.912582291466433e-15
pair_inhibition-1ns,B,CS,164,1.67936e-05,1.6896000000000002e-05,2.5157940964057956e-10,2.515736952413893e-10,5.7143991902577304e-15,5.7143991902577304e-15
pair_inhibition-1ns,B,CS,165,1.6896000000000002e-05,1.69984e-05,2.552757094569232e-10,2.5532208120541827e-10,-4.637174849507749e-14,4.637174849507749e-14
pair_inhibition-1ns,B,CS,166,1.69984e-05,1.71008e-05,2.5927690916802913e-10,2.5929748708791196e-10,-2.0577919882828402e-14,2.0577919882828402e-14
pair_inhibition-1ns,B,CS,167,1.71008e-05,1.72032e-05,2.5713305632593354e-10,2.571198367351795e-10,1.3219590754052176e-14,1.3219590754052176e-14
pair_inhibition-1ns,B,CS,168,1.72032e-05,1.73056e-05,2.501555493378023e-10,2.501310909295478e-10,2.4458408254466396e-14,2.4458408254466396e-14
pair_inhibition-1ns,B,CS,169,1.73056e-05,1.7408e-05,2.4330204788678485e-10,2.4327705437644755e-10,2.4993510337296187e-14,2.4993510337296187e-14
pair_inhibition-1ns,B,CS,170,1.7408e-05,1.75104e-05,2.380858722826613e-10,2.3806494653598936e-10,2.092574667195186e-14,2.092574667195186e-14
pair_inhibition-1ns,B,CS,171,1.75104e-05,1.7612800000000002e-05,2.3459956022796203e-10,2.3458221680503623e-10,1.734342292580338e-14,1.734342292580338e-14
pair_inhibition-1ns,B,CS,172,1.7612800000000002e-05,1.77152e-05,2.326434538600169e-10,2.32629909468508e-10,1.3544391508886884e-14,1.3544391508886884e-14
pair_inhibition-1ns,B,CS,173,1.77152e-05,1.78176e-05,2.3207391947603435e-10,2.3206472340237962e-10,9.196073654730237e-15,9.196073654730237e-15
pair_inhibition-1ns,B,CS,174,1.78176e-05,1.792e-05,2.328534537474534e-10,2.3284960490637957e-10,3.8488410738329925e-15,3.8488410738329925e-15
pair_inhibition-1ns,B,CS,175,1.792e-05,1.8022400000000002e-05,2.349515298853836e-10,2.34954036288105e-10,-2.5064027213976574e-15,2.5064027213976574e-15
pair_inhibition-1ns,B,CS,176,1.8022400000000002e-05,1.81248e-05,2.382067334701619e-10,2.382147761718349e-10,-8.04270167299175e-15,8.04270167299175e-15
pair_inhibition-1ns,B,CS,177,1.81248e-05,1.82272e-05,2.4221216672469005e-10,2.4222567264817256e-10,-1.3505923482513417e-14,1.3505923482513417e-14
pair_inhibition-1ns,B,CS,178,1.82272e-05,1.83296e-05,2.460680351301347e-10,2.460792254167895e-10,-1.1190286654798563e-14,1.1190286654798563e-14
pair_inhibition-1ns,B,CS,179,1.83296e-05,1.8432e-05,2.491768165625156e-10,2.4918671860996725e-10,-9.902047451671568e-15,9.902047451671568e-15
pair_inhibition-1ns,B,CS,180,1.8432e-05,1.85344e-05,2.514988684617447e-10,2.5150650055087604e-10,-7.632089131358932e-15,7.632089131358932e-15
pair_inhibition-1ns,B,CS,181,1.85344e-05,1.86368e-05,2.530900980966693e-10,2.5309575686468073e-10,-5.658768011448977e-15,5.658768011448977e-15
pair_inhibition-1ns,B,CS,182,1.86368e-05,1.8739200000000002e-05,2.5405949024184967e-10,2.54063342062459e-10,-3.851820609315284e-15,3.851820609315284e-15
pair_inhibition-1ns,B,CS,183,1.8739200000000002e-05,1.88416e-05,2.545374127227751e-10,2.5453981538148224e-10,-2.4026587071640298e-15,2.4026587071640298e-15
pair_inhibition-1ns,B,CS,184,1.88416e-05,1.8944e-05,2.546542022724618e-10,2.5465552005494255e-10,-1.3177824807586912e-15,1.3177824807586912e-15
pair_inhibition-1ns,B,CS,185,1.8944e-05,1.90464e-05,2.5452635548753223e-10,2.5452692123515946e-10,-5.657476272245742e-16,5.657476272245742e-16
pair_inhibition-1ns,B,CS,186,1.90464e-05,1.9148800000000002e-05,2.5424963855111905e-10,2.5424974725300355e-10,-1.0870188449973757e-16,1.0870188449973757e-16
pair_inhibition-1ns,B,CS,187,1.9148800000000002e-05,1.92512e-05,2.5389731555416516e-10,2.538972128074133e-10,1.0274675184544871e-16,1.0274675184544871e-16
pair_inhibition-1ns,B,CS,188,1.92512e-05,1.93536e-05,2.535220156874312e-10,2.5352184129504823e-10,1.7439238295630557e-16,1.7439238295630557e-16
pair_inhibition-1ns,B,CS,189,1.93536e-05,1.9456e-05,2.531598443171845e-10,2.531599239837518e-10,-7.966656731527264e-17,7.966656731527264e-17
pair_inhibition-1ns,B,CS,190,1.9456e-05,1.9558400000000002e-05,2.528390955473461e-10,2.528389578926637e-10,1.3765468240478816e-16,1.3765468240478816e-16
pair_inhibition-1ns,B,CS,191,1.9558400000000002e-05,1.96608e-05,2.525914570590603e-10,2.525938272094927e-10,-2.3701504324213928e-15,2.3701504324213928e-15
pair_inhibition-1ns,B,CS,192,1.96608e-05,1.97632e-05,2.5255189938840924e-10,2.525498656470875e-10,2.0337413217245576e-15,2.0337413217245576e-15
pair_inhibition-1ns,B,CS,193,1.97632e-05,1.9865600000000002e-05,2.546159220662419e-10,2.546525316193837e-10,-3.6609553141757907e-14,3.6609553141757907e-14
pair_inhibition-1ns,B,CS,194,1.9865600000000002e-05,1.9968e-05,2.597393997443136e-10,2.597715345085694e-10,-3.2134764255797184e-14,3.2134764255797184e-14
pair_inhibition-1ns,B,CS,195,1.9968e-05,2e-05,8.161520795696176e-11,8.161924169418542e-11,-4.0337372236563155e-15,4.0337372236563155e-15
pair_inhibition-0p5ns,A,PCHIP,0,0.0,1.024e-07,2.4938514468762764e-13,2.603233594743975e-13,-1.0938214786769864e-14,1.0938214786769864e-14
pair_inhibition-0p5ns,A,PCHIP,1,1.024e-07,2.048e-07,1.7021830176168836e-12,1.7158486876897182e-12,-1.3665670072834673e-14,1.3665670072834673e-14
pair_inhibition-0p5ns,A,PCHIP,2,2.048e-07,3.072e-07,4.34262760121505e-12,4.363104695464108e-12,-2.0477094249057762e-14,2.0477094249057762e-14
pair_inhibition-0p5ns,A,PCHIP,3,3.072e-07,4.096e-07,7.942746146727361e-12,7.968583867998016e-12,-2.583772127065552e-14,2.583772127065552e-14
pair_inhibition-0p5ns,A,PCHIP,4,4.096e-07,5.12e-07,1.2319054351229392e-11,1.2349046669470779e-11,-2.99923182413868e-14,2.99923182413868e-14
pair_inhibition-0p5ns,A,PCHIP,5,5.12e-07,6.144e-07,1.7327323176986012e-11,1.7360405367442817e-11,-3.308219045680531e-14,3.308219045680531e-14
pair_inhibition-0p5ns,A,PCHIP,6,6.144e-07,7.168000000000001e-07,2.2852748323306864e-11,2.2888149665807765e-11,-3.5401342500900526e-14,3.5401342500900526e-14
pair_inhibition-0p5ns,A,PCHIP,7,7.168000000000001e-07,8.192e-07,2.880295484281097e-11,2.883998531552557e-11,-3.70304727145999e-14,3.70304727145999e-14
pair_inhibition-0p5ns,A,PCHIP,8,8.192e-07,9.216e-07,3.5102425343754224e-11,3.514051264234009e-11,-3.808729858586845e-14,3.808729858586845e-14
pair_inhibition-0p5ns,A,PCHIP,9,9.216e-07,1.024e-06,4.1688875013357484e-11,4.1727546005026543e-11,-3.8670991669059394e-14,3.8670991669059394e-14
pair_inhibition-0p5ns,A,PCHIP,10,1.024e-06,1.1264000000000001e-06,4.851090048086193e-11,4.854969207969813e-11,-3.8791598836196656e-14,3.8791598836196656e-14
pair_inhibition-0p5ns,A,PCHIP,11,1.1264000000000001e-06,1.2288e-06,5.5526225302632997e-11,5.5564899959739256e-11,-3.8674657106259906e-14,3.8674657106259906e-14
pair_inhibition-0p5ns,A,PCHIP,12,1.2288e-06,1.3312e-06,6.270149962266679e-11,6.273980885523837e-11,-3.83092325715812e-14,3.83092325715812e-14
pair_inhibition-0p5ns,A,PCHIP,13,1.3312e-06,1.4336000000000001e-06,7.001208556040016e-11,7.004984068237506e-11,-3.7755121974899976e-14,3.7755121974899976e-14
pair_inhibition-0p5ns,A,PCHIP,14,1.4336000000000001e-06,1.536e-06,7.744307148834028e-11,7.748014112823746e-11,-3.706963989717846e-14,3.706963989717846e-14
pair_inhibition-0p5ns,A,PCHIP,15,1.536e-06,1.6384e-06,8.499150344585875e-11,8.502774534573284e-11,-3.6241899874086936e-14,3.6241899874086936e-14
pair_inhibition-0p5ns,A,PCHIP,16,1.6384e-06,1.7408000000000001e-06,9.267049588802684e-11,9.270598133605597e-11,-3.548544802913605e-14,3.548544802913605e-14
pair_inhibition-0p5ns,A,PCHIP,17,1.7408000000000001e-06,1.8432e-06,1.0051923045370085e-10,1.0055406440675602e-10,-3.483395305517142e-14,3.483395305517142e-14
pair_inhibition-0p5ns,A,PCHIP,18,1.8432e-06,1.9456e-06,1.086285765151527e-10,1.0866313479389589e-10,-3.455827874318697e-14,3.455827874318697e-14
pair_inhibition-0p5ns,A,PCHIP,19,1.9456e-06,2.048e-06,1.1726612437313927e-10,1.1730675666939808e-10,-4.063229625880478e-14,4.063229625880478e-14
pair_inhibition-0p5ns,A,PCHIP,20,2.048e-06,2.1504e-06,1.3243862711577328e-10,1.3253268000351953e-10,-9.405288774624339e-14,9.405288774624339e-14
pair_inhibition-0p5ns,A,PCHIP,21,2.1504e-06,2.2528000000000003e-06,1.7906967876026337e-10,1.7927321009723978e-10,-2.0353133697641083e-13,2.0353133697641083e-13
pair_inhibition-0p5ns,A,PCHIP,22,2.2528000000000003e-06,2.3552e-06,4.798108759301343e-10,4.827571465521352e-10,-2.9462706220009485e-12,2.9462706220009485e-12
pair_inhibition-0p5ns,A,PCHIP,23,2.3552e-06,2.4576e-06,2.1893145456378303e-09,2.1910421197935575e-09,-1.7275741557271534e-12,1.7275741557271534e-12
pair_inhibition-0p5ns,A,PCHIP,24,2.4576e-06,2.56e-06,9.257005055841544e-10,9.245267451681479e-10,1.1737604160065073e-12,1.1737604160065073e-12
pair_inhibition-0p5ns,A,PCHIP,25,2.56e-06,2.6624e-06,4.358394516629687e-10,4.3540471938380075e-10,4.3473227916796056e-13,4.3473227916796056e-13
pair_inhibition-0p5ns,A,PCHIP,26,2.6624e-06,2.7648e-06,2.460318803972131e-10,2.4584258692837234e-10,1.8929346884075003e-13,1.8929346884075003e-13
pair_inhibition-0p5ns,A,PCHIP,27,2.7648e-06,2.8672000000000003e-06,1.654469348714185e-10,1.653703627011277e-10,7.657217029079372e-14,7.657217029079372e-14
pair_inhibition-0p5ns,A,PCHIP,28,2.8672000000000003e-06,2.9696e-06,1.2776155771601392e-10,1.2783553165400428e-10,-7.397393799036602e-14,7.397393799036602e-14
pair_inhibition-0p5ns,A,PCHIP,29,2.9696e-06,3.072e-06,1.062820486585148e-10,1.0599403867740695e-10,2.880099811078488e-13,2.880099811078488e-13
pair_inhibition-0p5ns,A,PCHIP,30,3.072e-06,3.1744e-06,8.449647654037918e-11,8.425841253345458e-11,2.380640069245981e-13,2.380640069245981e-13
pair_inhibition-0p5ns,A,PCHIP,31,3.1744e-06,3.2768e-06,5.985379838614376e-11,5.987972299577252e-11,-2.592460962876218e-14,2.592460962876218e-14
pair_inhibition-0p5ns,A,PCHIP,32,3.2768e-06,3.3792e-06,4.1908847713423956e-11,4.19524322129438e-11,-4.3584499519846166e-14,4.3584499519846166e-14
pair_inhibition-0p5ns,A,PCHIP,33,3.3792e-06,3.4816000000000003e-06,3.387311396183457e-11,3.389860821921274e-11,-2.5494257378173744e-14,2.5494257378173744e-14
pair_inhibition-0p5ns,A,PCHIP,34,3.4816000000000003e-06,3.5840000000000003e-06,3.253503384283854e-11,3.2556050425124296e-11,-2.1016582285755023e-14,2.1016582285755023e-14
pair_inhibition-0p5ns,A,PCHIP,35,3.5840000000000003e-06,3.6864e-06,3.498423929150857e-11,3.500888528649657e-11,-2.4645994987999996e-14,2.4645994987999996e-14
pair_inhibition-0p5ns,A,PCHIP,36,3.6864e-06,3.7888e-06,3.981715163524425e-11,3.984667520519217e-11,-2.952356994792262e-14,2.952356994792262e-14
pair_inhibition-0p5ns,A,PCHIP,37,3.7888e-06,3.8912e-06,4.655584201345578e-11,4.6590793633225154e-11,-3.495161976937196e-14,3.495161976937196e-14
pair_inhibition-0p5ns,A,PCHIP,38,3.8912e-06,3.9936e-06,5.4997453088370924e-11,5.503559927969731e-11,-3.814619132638768e-14,3.814619132638768e-14
pair_inhibition-0p5ns,A,PCHIP,39,3.9936e-06,4.096e-06,6.422939004743223e-11,6.426805987111459e-11,-3.86698236823572e-14,3.86698236823572e-14
pair_inhibition-0p5ns,A,PCHIP,40,4.096e-06,4.1984e-06,7.3967542178998e-11,7.400677202110044e-11,-3.9229842102441746e-14,3.9229842102441746e-14
pair_inhibition-0p5ns,A,PCHIP,41,4.1984e-06,4.3008e-06,8.419056098725302e-11,8.423018686998932e-11,-3.962588273630235e-14,3.962588273630235e-14
pair_inhibition-0p5ns,A,PCHIP,42,4.3008e-06,4.4032000000000005e-06,9.492859118567565e-11,9.496859616874716e-11,-4.000498307150672e-14,4.000498307150672e-14
pair_inhibition-0p5ns,A,PCHIP,43,4.4032000000000005e-06,4.5056000000000005e-06,1.0640790240791356e-10,1.0644921586850211e-10,-4.1313460588546287e-14,4.1313460588546287e-14
pair_inhibition-0p5ns,A,PCHIP,44,4.5056000000000005e-06,4.608e-06,1.2100237814160736e-10,1.2105629053599808e-10,-5.391239439071933e-14,5.391239439071933e-14
pair_inhibition-0p5ns,A,PCHIP,45,4.608e-06,4.7104e-06,1.4147266844562985e-10,1.415358919093139e-10,-6.322346368405754e-14,6.322346368405754e-14
pair_inhibition-0p5ns,A,PCHIP,46,4.7104e-06,4.8128e-06,1.6562009963681128e-10,1.6568866373952556e-10,-6.856410271427787e-14,6.856410271427787e-14
pair_inhibition-0p5ns,A,PCHIP,47,4.8128e-06,4.9152e-06,1.9305410682427137e-10,1.931329978666073e-10,-7.889104233593179e-14,7.889104233593179e-14
pair_inhibition-0p5ns,A,PCHIP,48,4.9152e-06,5.0176e-06,2.2749579511942725e-10,2.2759754471589323e-10,-1.0174959646598091e-13,1.0174959646598091e-13
pair_inhibition-0p5ns,A,PCHIP,49,5.0176e-06,5.12e-06,2.8856191265498286e-10,2.8878110127498393e-10,-2.1918862000107575e-13,2.1918862000107575e-13
pair_inhibition-0p5ns,A,PCHIP,50,5.12e-06,5.2224e-06,9.027052438156979e-10,9.071195576024342e-10,-4.41431378673633e-12,4.41431378673633e-12
pair_inhibition-0p5ns,A,PCHIP,51,5.2224e-06,5.3248e-06,1.3353725209936956e-09,1.3317103701372526e-09,3.6621508564429835e-12,3.6621508564429835e-12
pair_inhibition-0p5ns,A,PCHIP,52,5.3248e-06,5.4272e-06,5.859217957305779e-10,5.852851738364503e-10,6.366218941276401e-13,6.366218941276401e-13
pair_inhibition-0p5ns,A,PCHIP,53,5.4272e-06,5.5296e-06,3.060779991309126e-10,3.0581268653511685e-10,2.6531259579572983e-13,2.6531259579572983e-13
pair_inhibition-0p5ns,A,PCHIP,54,5.5296e-06,5.6320000000000005e-06,1.916644627165541e-10,1.9156357289513534e-10,1.0088982141875131e-13,1.0088982141875131e-13
pair_inhibition-0p5ns,A,PCHIP,55,5.6320000000000005e-06,5.7344000000000005e-06,1.3968688432151292e-10,1.3978775152297092e-10,-1.0086720145799767e-13,1.0086720145799767e-13
pair_inhibition-0p5ns,A,PCHIP,56,5.7344000000000005e-06,5.836800000000001e-06,1.1063526664558324e-10,1.102159939205429e-10,4.1927272504034085e-13,4.1927272504034085e-13
pair_inhibition-0p5ns,A,PCHIP,57,5.836800000000001e-06,5.9392e-06,8.361058808827207e-11,8.34116250465055e-11,1.9896304176657127e-13,1.9896304176657127e-13
pair_inhibition-0p5ns,A,PCHIP,58,5.9392e-06,6.0416e-06,5.790266431079779e-11,5.7958792931597166e-11,-5.612862079937783e-14,5.612862079937783e-14
pair_inhibition-0p5ns,A,PCHIP,59,6.0416e-06,6.144e-06,4.188955378729857e-11,4.1931906030443115e-11,-4.2352243144546604e-14,4.2352243144546604e-14
pair_inhibition-0p5ns,A,PCHIP,60,6.144e-06,6.2464e-06,3.5881406429585505e-11,3.590459709581234e-11,-2.3190666226836404e-14,2.3190666226836404e-14
pair_inhibition-0p5ns,A,PCHIP,61,6.2464e-06,6.3488e-06,3.611062216468086e-11,3.613216683545942e-11,-2.1544670778565533e-14,2.1544670778565533e-14
pair_inhibition-0p5ns,A,PCHIP,62,6.3488e-06,6.4512e-06,4.005594204749706e-11,4.0082317863076534e-11,-2.6375815579475625e-14,2.6375815579475625e-14
pair_inhibition-0p5ns,A,PCHIP,63,6.4512e-06,6.5536e-06,4.6688880818884426e-11,4.67215437825991e-11,-3.266296371467361e-14,3.266296371467361e-14
pair_inhibition-0p5ns,A,PCHIP,64,6.5536e-06,6.656e-06,5.570919763512957e-11,5.574795644694144e-11,-3.8758811811869185e-14,3.8758811811869185e-14
pair_inhibition-0p5ns,A,PCHIP,65,6.656e-06,6.7584e-06,6.596100342885196e-11,6.599963196992539e-11,-3.862854107343415e-14,3.862854107343415e-14
pair_inhibition-0p5ns,A,PCHIP,66,6.7584e-06,6.8608000000000004e-06,7.675330844621324e-11,7.679264211243715e-11,-3.9333666223909046e-14,3.9333666223909046e-14
pair_inhibition-0p5ns,A,PCHIP,67,6.8608000000000004e-06,6.9632000000000005e-06,8.799589851784128e-11,8.803553533151948e-11,-3.963681367819822e-14,3.963681367819822e-14
pair_inhibition-0p5ns,A,PCHIP,68,6.9632000000000005e-06,7.065600000000001e-06,9.962401886815965e-11,9.966368469591543e-11,-3.966582775577562e-14,3.966582775577562e-14
pair_inhibition-0p5ns,A,PCHIP,69,7.065600000000001e-06,7.168000000000001e-06,1.1161120144475248e-10,1.1165077610310198e-10,-3.9574658349501993e-14,3.9574658349501993e-14
pair_inhibition-0p5ns,A,PCHIP,70,7.168000000000001e-06,7.2704e-06,1.2398286225956548e-10,1.2402232498257944e-10,-3.946272301395861e-14,3.946272301395861e-14
pair_inhibition-0p5ns,A,PCHIP,71,7.2704e-06,7.3728e-06,1.3683237165520965e-10,1.3687207259101038e-10,-3.970093580073803e-14,3.970093580073803e-14
pair_inhibition-0p5ns,A,PCHIP,72,7.3728e-06,7.4752e-06,1.503494404626555e-10,1.50389961545875e-10,-4.052108321950485e-14,4.052108321950485e-14
pair_inhibition-0p5ns,A,PCHIP,73,7.4752e-06,7.5776e-06,1.6487683592087543e-10,1.6491928568948694e-10,-4.244976861151324e-14,4.244976861151324e-14
pair_inhibition-0p5ns,A,PCHIP,74,7.5776e-06,7.680000000000001e-06,1.8103948876694924e-10,1.8108606528909804e-10,-4.657652214879527e-14,4.657652214879527e-14
pair_inhibition-0p5ns,A,PCHIP,75,7.680000000000001e-06,7.7824e-06,2.0007389276731637e-10,2.0012964008191193e-10,-5.5747314595558385e-14,5.5747314595558385e-14
pair_inhibition-0p5ns,A,PCHIP,76,7.7824e-06,7.8848e-06,2.2484587677744728e-10,2.249262502417846e-10,-8.037346433731028e-14,8.037346433731028e-14
pair_inhibition-0p5ns,A,PCHIP,77,7.8848e-06,7.9872e-06,2.6432129421088024e-10,2.644304322442411e-10,-1.0913803336083401e-13,1.0913803336083401e-13
pair_inhibition-0p5ns,A,PCHIP,78,7.9872e-06,8.0896e-06,3.770896877975809e-10,3.77737790583651e-10,-6.481027860700935e-13,6.481027860700935e-13
pair_inhibition-0p5ns,A,PCHIP,79,8.0896e-06,8.192e-06,1.445516708542904e-09,1.4487697899912836e-09,-3.253081448379639e-12,3.253081448379639e-12
pair_inhibition-0p5ns,A,PCHIP,80,8.192e-06,8.2944e-06,8.783726011610187e-10,8.76603234582868e-10,1.7693665781506447e-12,1.7693665781506447e-12
pair_inhibition-0p5ns,A,PCHIP,81,8.2944e-06,8.3968e-06,4.1788709948213954e-10,4.174756587382805e-10,4.114407438590254e-13,4.114407438590254e-13
pair_inhibition-0p5ns,A,PCHIP,82,8.3968e-06,8.4992e-06,2.386626244415905e-10,2.3848743221928035e-10,1.7519222231017572e-13,1.7519222231017572e-13
pair_inhibition-0p5ns,A,PCHIP,83,8.4992e-06,8.6016e-06,1.6189409595988353e-10,1.61859918602506e-10,3.4177357377541334e-14,3.4177357377541334e-14
pair_inhibition-0p5ns,A,PCHIP,84,8.6016e-06,8.704e-06,1.2430954222054193e-10,1.2449111649319277e-10,-1.815742726508374e-13,1.815742726508374e-13
pair_inhibition-0p5ns,A,PCHIP,85,8.704e-06,8.806400000000001e-06,9.96432514098696e-11,9.888062400090112e-11,7.626274089684768e-13,7.626274089684768e-13
pair_inhibition-0p5ns,A,PCHIP,86,8.806400000000001e-06,8.9088e-06,7.359729844872202e-11,7.370284728627828e-11,-1.0554883755625134e-13,1.0554883755625134e-13
pair_inhibition-0p5ns,A,PCHIP,87,8.9088e-06,9.011200000000001e-06,5.2583921218333543e-11,5.2624926720003734e-11,-4.1005501670190214e-14,4.1005501670190214e-14
pair_inhibition-0p5ns,A,PCHIP,88,9.011200000000001e-06,9.1136e-06,4.089713250416792e-11,4.092430750050921e-11,-2.7174996341286278e-14,2.7174996341286278e-14
pair_inhibition-0p5ns,A,PCHIP,89,9.1136e-06,9.216e-06,3.723275666025856e-11,3.725154462617537e-11,-1.8787965916806642e-14,1.8787965916806642e-14
pair_inhibition-0p5ns,A,PCHIP,90,9.216e-06,9.3184e-06,3.8582549178070585e-11,3.860395804593995e-11,-2.1408867869364012e-14,2.1408867869364012e-14
pair_inhibition-0p5ns,A,PCHIP,91,9.3184e-06,9.4208e-06,4.31684018614956e-11,4.3195428603710585e-11,-2.702674221498631e-14,2.702674221498631e-14
pair_inhibition-0p5ns,A,PCHIP,92,9.4208e-06,9.5232e-06,5.0325423467204635e-11,5.0359328639771226e-11,-3.39051725665916e-14,3.39051725665916e-14
pair_inhibition-0p5ns,A,PCHIP,93,9.5232e-06,9.6256e-06,5.98096400360513e-11,5.984830537745198e-11,-3.8665341400682876e-14,3.8665341400682876e-14
pair_inhibition-0p5ns,A,PCHIP,94,9.6256e-06,9.728e-06,7.031487808196225e-11,7.035367015180912e-11,-3.87920698468672e-14,3.87920698468672e-14
pair_inhibition-0p5ns,A,PCHIP,95,9.728e-06,9.8304e-06,8.134289289868887e-11,8.138223517577805e-11,-3.934227708918339e-14,3.934227708918339e-14
pair_inhibition-0p5ns,A,PCHIP,96,9.8304e-06,9.932800000000001e-06,9.28171619774577e-11,9.285676314958425e-11,-3.960117212655613e-14,3.960117212655613e-14
pair_inhibition-0p5ns,A,PCHIP,97,9.932800000000001e-06,1.00352e-05,1.0468528964236832e-10,1.0472492179145341e-10,-3.963214908508971e-14,3.963214908508971e-14
pair_inhibition-0p5ns,A,PCHIP,98,1.00352e-05,1.0137600000000001e-05,1.1693701947065044e-10,1.1697661805913948e-10,-3.959858848903371e-14,3.959858848903371e-14
pair_inhibition-0p5ns,A,PCHIP,99,1.0137600000000001e-05,1.024e-05,1.2962049023659495e-10,1.2966018566654508e-10,-3.969542995012193e-14,3.969542995012193e-14
pair_inhibition-0p5ns,A,PCHIP,100,1.024e-05,1.0342400000000001e-05,1.4286371331462621e-10,1.4290381254629662e-10,-4.0099231670406025e-14,4.0099231670406025e-14
pair_inhibition-0p5ns,A,PCHIP,101,1.0342400000000001e-05,1.04448e-05,1.5691278126452936e-10,1.5695413349997124e-10,-4.13522354418774e-14,4.13522354418774e-14
pair_inhibition-0p5ns,A,PCHIP,102,1.04448e-05,1.05472e-05,1.7221410230538368e-10,1.72258191575651e-10,-4.408927026731526e-14,4.408927026731526e-14
pair_inhibition-0p5ns,A,PCHIP,103,1.05472e-05,1.06496e-05,1.8960834099773153e-10,1.896582745804133e-10,-4.993358268176181e-14,4.993358268176181e-14
pair_inhibition-0p5ns,A,PCHIP,104,1.06496e-05,1.0752e-05,2.1086459984262974e-10,2.1092894831823975e-10,-6.434847561000829e-14,6.434847561000829e-14
pair_inhibition-0p5ns,A,PCHIP,105,1.0752e-05,1.08544e-05,2.4057967538234595e-10,2.406644061936013e-10,-8.473081125536121e-14,8.473081125536121e-14
pair_inhibition-0p5ns,A,PCHIP,106,1.08544e-05,1.09568e-05,2.9665375512773626e-10,2.968658244821443e-10,-2.120693544080317e-13,2.120693544080317e-13
pair_inhibition-0p5ns,A,PCHIP,107,1.09568e-05,1.10592e-05,7.55347374737811e-10,7.595658371783573e-10,-4.218462440546329e-12,4.218462440546329e-12
pair_inhibition-0p5ns,A,PCHIP,108,1.10592e-05,1.11616e-05,1.3863599843040874e-09,1.3827562782028724e-09,3.6037061012149308e-12,3.6037061012149308e-12
pair_inhibition-0p5ns,A,PCHIP,109,1.11616e-05,1.1264000000000001e-05,6.069502668746463e-10,6.062762240655686e-10,6.740428090777161e-13,6.740428090777161e-13
pair_inhibition-0p5ns,A,PCHIP,110,1.1264000000000001e-05,1.13664e-05,3.1432090289471083e-10,3.140452565456252e-10,2.7564634908562964e-13,2.7564634908562964e-13
pair_inhibition-0p5ns,A,PCHIP,111,1.13664e-05,1.1468800000000001e-05,1.952139728798459e-10,1.9510553132777277e-10,1.0844155207312179e-13,1.0844155207312179e-13
pair_inhibition-0p5ns,A,PCHIP,112,1.1468800000000001e-05,1.15712e-05,1.4149388532285742e-10,1.4155950120228766e-10,-6.561587943023993e-14,6.561587943023993e-14
pair_inhibition-0p5ns,A,PCHIP,113,1.15712e-05,1.1673600000000001e-05,1.1226115703395581e-10,1.1197579190994186e-10,2.853651240139543e-13,2.853651240139543e-13
pair_inhibition-0p5ns,A,PCHIP,114,1.1673600000000001e-05,1.1776e-05,8.711069753961068e-11,8.683248525588026e-11,2.782122837304204e-13,2.782122837304204e-13
pair_inhibition-0p5ns,A,PCHIP,115,1.1776e-05,1.18784e-05,6.260814340430612e-11,6.265377655080087e-11,-4.563314649475458e-14,4.563314649475458e-14
pair_inhibition-0p5ns,A,PCHIP,116,1.18784e-05,1.19808e-05,4.59039677818152e-11,4.593974057399458e-11,-3.5772792179385314e-14,3.5772792179385314e-14
pair_inhibition-0p5ns,A,PCHIP,117,1.19808e-05,1.20832e-05,3.851189508209966e-11,3.8532937912085375e-11,-2.104282998571532e-14,2.104282998571532e-14
pair_inhibition-0p5ns,A,PCHIP,118,1.20832e-05,1.21856e-05,3.759144460311931e-11,3.761067242673563e-11,-1.922782361632037e-14,1.922782361632037e-14
pair_inhibition-0p5ns,A,PCHIP,119,1.21856e-05,1.2288e-05,4.0666089204648423e-11,4.0690105739881256e-11,-2.4016535232832997e-14,2.4016535232832997e-14
pair_inhibition-0p5ns,A,PCHIP,120,1.2288e-05,1.23904e-05,4.6560488689678653e-11,4.6590415875075014e-11,-2.9927185396361004e-14,2.9927185396361004e-14
pair_inhibition-0p5ns,A,PCHIP,121,1.23904e-05,1.24928e-05,5.498655212553113e-11,5.502462530884369e-11,-3.8073183312561607e-14,3.8073183312561607e-14
pair_inhibition-0p5ns,A,PCHIP,122,1.24928e-05,1.2595200000000001e-05,6.519565771298586e-11,6.523404177477716e-11,-3.8384061791301304e-14,3.8384061791301304e-14
pair_inhibition-0p5ns,A,PCHIP,123,1.2595200000000001e-05,1.26976e-05,7.602163355321014e-11,7.60607754184856e-11,-3.914186527545514e-14,3.914186527545514e-14
pair_inhibition-0p5ns,A,PCHIP,124,1.26976e-05,1.2800000000000001e-05,8.733302748857564e-11,8.737260103009119e-11,-3.957354151554548e-14,3.957354151554548e-14
pair_inhibition-0p5ns,A,PCHIP,125,1.2800000000000001e-05,1.29024e-05,9.906267509054489e-11,9.910230407304877e-11,-3.962898250388254e-14,3.962898250388254e-14
pair_inhibition-0p5ns,A,PCHIP,126,1.29024e-05,1.3004800000000001e-05,1.1117784626887452e-10,1.1121746256923395e-10,-3.9616300359431455e-14,3.9616300359431455e-14
pair_inhibition-0p5ns,A,PCHIP,127,1.3004800000000001e-05,1.31072e-05,1.2369716995037995e-10,1.2373680710108848e-10,-3.963715070853148e-14,3.963715070853148e-14
pair_inhibition-0p5ns,A,PCHIP,128,1.31072e-05,1.32096e-05,1.3670863030077756e-10,1.3674854569840108e-10,-3.99153976235136e-14,3.99153976235136e-14
pair_inhibition-0p5ns,A,PCHIP,129,1.32096e-05,1.3312e-05,1.503985775058906e-10,1.50439345416565e-10,-4.076791067440516e-14,4.076791067440516e-14
pair_inhibition-0p5ns,A,PCHIP,130,1.3312e-05,1.34144e-05,1.6510945815418132e-10,1.651520999980076e-10,-4.264184382627829e-14,4.264184382627829e-14
pair_inhibition-0p5ns,A,PCHIP,131,1.34144e-05,1.35168e-05,1.8146966152293497e-10,1.8151644193868305e-10,-4.67804157480763e-14,4.67804157480763e-14
pair_inhibition-0p5ns,A,PCHIP,132,1.35168e-05,1.36192e-05,2.007268805859961e-10,2.0078289366059987e-10,-5.601307460377164e-14,5.601307460377164e-14
pair_inhibition-0p5ns,A,PCHIP,133,1.36192e-05,1.3721600000000001e-05,2.257797544695224e-10,2.2585941469312492e-10,-7.966022360253148e-14,7.966022360253148e-14
pair_inhibition-0p5ns,A,PCHIP,134,1.3721600000000001e-05,1.3824e-05,2.6570407417322773e-10,2.6581923354128e-10,-1.151593680522549e-13,1.151593680522549e-13
pair_inhibition-0p5ns,A,PCHIP,135,1.3824e-05,1.3926400000000001e-05,3.801568579806008e-10,3.8081844282480785e-10,-6.615848442070503e-13,6.615848442070503e-13
pair_inhibition-0p5ns,A,PCHIP,136,1.3926400000000001e-05,1.40288e-05,1.422106052128657e-09,1.4252582782540973e-09,-3.152226125440249e-12,3.152226125440249e-12
pair_inhibition-0p5ns,A,PCHIP,137,1.40288e-05,1.4131200000000001e-05,8.589355251106366e-10,8.57205857026727e-10,1.7296680839095559e-12,1.7296680839095559e-12
pair_inhibition-0p5ns,A,PCHIP,138,1.4131200000000001e-05,1.42336e-05,4.105906240216169e-10,4.1018846804042357e-10,4.0215598119332225e-13,4.0215598119332225e-13
pair_inhibition-0p5ns,A,PCHIP,139,1.42336e-05,1.4336000000000001e-05,2.356584847555166e-10,2.354879175159623e-10,1.705672395542798e-13,1.705672395542798e-13
pair_inhibition-0p5ns,A,PCHIP,140,1.4336000000000001e-05,1.44384e-05,1.6050524336888918e-10,1.604776900724653e-10,2.755329642387052e-14,2.755329642387052e-14
pair_inhibition-0p5ns,A,PCHIP,141,1.44384e-05,1.45408e-05,1.234713440844678e-10,1.236191387429972e-10,-1.477946585293945e-13,1.477946585293945e-13
pair_inhibition-0p5ns,A,PCHIP,142,1.45408e-05,1.46432e-05,9.866418389877296e-11,9.794458177128224e-11,7.196021274907126e-13,7.196021274907126e-13
pair_inhibition-0p5ns,A,PCHIP,143,1.46432e-05,1.47456e-05,7.269304794426131e-11,7.278835654771386e-11,-9.530860345255285e-14,9.530860345255285e-14
pair_inhibition-0p5ns,A,PCHIP,144,1.47456e-05,1.4848e-05,5.210007406421665e-11,5.2140457409695086e-11,-4.0383345478434267e-14,4.0383345478434267e-14
pair_inhibition-0p5ns,A,PCHIP,145,1.4848e-05,1.49504e-05,4.0869320842495544e-11,4.08954769386915e-11,-2.615609619595765e-14,2.615609619595765e-14
pair_inhibition-0p5ns,A,PCHIP,146,1.49504e-05,1.5052800000000001e-05,3.7494173010562156e-11,3.751274252586272e-11,-1.8569515300561845e-14,1.8569515300561845e-14
pair_inhibition-0p5ns,A,PCHIP,147,1.5052800000000001e-05,1.51552e-05,3.903013265714551e-11,3.905167962739212e-11,-2.1546970246608947e-14,2.1546970246608947e-14
pair_inhibition-0p5ns,A,PCHIP,148,1.51552e-05,1.5257600000000001e-05,4.3772807332504136e-11,4.3800072763713735e-11,-2.7265431209599146e-14,2.7265431209599146e-14
pair_inhibition-0p5ns,A,PCHIP,149,1.5257600000000001e-05,1.5360000000000002e-05,5.11057556821681e-11,5.1140148998060086e-11,-3.439331589198629e-14,3.439331589198629e-14
pair_inhibition-0p5ns,A,PCHIP,150,1.5360000000000002e-05,1.54624e-05,6.076813194040013e-11,6.080674557525424e-11,-3.8613634854103326e-14,3.8613634854103326e-14
pair_inhibition-0p5ns,A,PCHIP,151,1.54624e-05,1.55648e-05,7.138354278344957e-11,7.142234816338814e-11,-3.8805379938565595e-14,3.8805379938565595e-14
pair_inhibition-0p5ns,A,PCHIP,152,1.55648e-05,1.56672e-05,8.251924308384758e-11,8.255865915845929e-11,-3.9416074611710196e-14,3.9416074611710196e-14
pair_inhibition-0p5ns,A,PCHIP,153,1.56672e-05,1.57696e-05,9.410106503417448e-11,9.414073070658273e-11,-3.966567240824513e-14,3.966567240824513e-14
pair_inhibition-0p5ns,A,PCHIP,154,1.57696e-05,1.5872e-05,1.060795877077794e-10,1.0611928860550813e-10,-3.970089772872929e-14,3.970089772872929e-14
pair_inhibition-0p5ns,A,PCHIP,155,1.5872e-05,1.59744e-05,1.184500790275875e-10,1.184896931344777e-10,-3.9614106890195604e-14,3.9614106890195604e-14
pair_inhibition-0p5ns,A,PCHIP,156,1.59744e-05,1.60768e-05,1.312691981770226e-10,1.3130896128757598e-10,-3.97631105533928e-14,3.97631105533928e-14
pair_inhibition-0p5ns,A,PCHIP,157,1.60768e-05,1.61792e-05,1.4467878772844308e-10,1.447191281297789e-10,-4.034040133582887e-14,4.034040133582887e-14
pair_inhibition-0p5ns,A,PCHIP,158,1.61792e-05,1.62816e-05,1.5894856825396094e-10,1.5899033723561078e-10,-4.1768981649838984e-14,4.1768981649838984e-14
pair_inhibition-0p5ns,A,PCHIP,159,1.62816e-05,1.6384e-05,1.745690133770096e-10,1.7461385885060212e-10,-4.484547359252025e-14,4.484547359252025e-14
pair_inhibition-0p5ns,A,PCHIP,160,1.6384e-05,1.6486400000000002e-05,1.9247621351813058e-10,1.9252755358090465e-10,-5.134006277407799e-14,5.134006277407799e-14
pair_inhibition-0p5ns,A,PCHIP,161,1.6486400000000002e-05,1.65888e-05,2.1468777596533665e-10,2.1475616848948346e-10,-6.83925241468033e-14,6.83925241468033e-14
pair_inhibition-0p5ns,A,PCHIP,162,1.65888e-05,1.66912e-05,2.4669182456775803e-10,2.4678034980564984e-10,-8.852523789181088e-14,8.852523789181088e-14
pair_inhibition-0p5ns,A,PCHIP,163,1.66912e-05,1.67936e-05,3.1220050956100255e-10,3.124738884742081e-10,-2.733789132055491e-13,2.733789132055491e-13
pair_inhibition-0p5ns,A,PCHIP,164,1.67936e-05,1.6896000000000002e-05,9.893628596706542e-10,9.937312891526413e-10,-4.368429481987129e-12,4.368429481987129e-12
pair_inhibition-0p5ns,A,PCHIP,165,1.6896000000000002e-05,1.69984e-05,1.205561191685095e-09,1.202153593294348e-09,3.4075983907469517e-12,3.4075983907469517e-12
pair_inhibition-0p5ns,A,PCHIP,166,1.69984e-05,1.71008e-05,5.385677704269835e-10,5.379957623347046e-10,5.720080922789251e-13,5.720080922789251e-13
pair_inhibition-0p5ns,A,PCHIP,167,1.71008e-05,1.72032e-05,2.873720398981902e-10,2.8713146273074045e-10,2.4057716744974594e-13,2.4057716744974594e-13
pair_inhibition-0p5ns,A,PCHIP,168,1.72032e-05,1.73056e-05,1.8354284582983142e-10,1.8345654076080006e-10,8.630506903135252e-14,8.630506903135252e-14
pair_inhibition-0p5ns,A,PCHIP,169,1.73056e-05,1.7408e-05,1.3566557012838122e-10,1.3578787008679697e-10,-1.2229995841574844e-13,1.2229995841574844e-13
pair_inhibition-0p5ns,A,PCHIP,170,1.7408e-05,1.75104e-05,1.0834698910058018e-10,1.0784630184277122e-10,5.00687257808959e-13,5.00687257808959e-13
pair_inhibition-0p5ns,A,PCHIP,171,1.75104e-05,1.7612800000000002e-05,8.279911402527432e-11,8.269441164706137e-11,1.0470237821294671e-13,1.0470237821294671e-13
pair_inhibition-0p5ns,A,PCHIP,172,1.7612800000000002e-05,1.77152e-05,5.93352429790038e-11,5.937736484188514e-11,-4.212186288133722e-14,4.212186288133722e-14
pair_inhibition-0p5ns,A,PCHIP,173,1.77152e-05,1.78176e-05,4.428519346588454e-11,4.4317729100224275e-11,-3.253563433973313e-14,3.253563433973313e-14
pair_inhibition-0p5ns,A,PCHIP,174,1.78176e-05,1.792e-05,3.818080944987705e-11,3.8200517307263795e-11,-1.9707857386743564e-14,1.9707857386743564e-14
pair_inhibition-0p5ns,A,PCHIP,175,1.792e-05,1.8022400000000002e-05,3.804402180632141e-11,3.8063710813942755e-11,-1.96890076213434e-14,1.96890076213434e-14
pair_inhibition-0p5ns,A,PCHIP,176,1.8022400000000002e-05,1.81248e-05,4.163876157920192e-11,4.1663639775134824e-11,-2.4878195932903543e-14,2.4878195932903543e-14
pair_inhibition-0p5ns,A,PCHIP,177,1.81248e-05,1.82272e-05,4.797329426858254e-11,4.8004345088460785e-11,-3.105081987824671e-14,3.105081987824671e-14
pair_inhibition-0p5ns,A,PCHIP,178,1.82272e-05,1.83296e-05,5.683906146837743e-11,5.687789552462364e-11,-3.883405624621333e-14,3.883405624621333e-14
pair_inhibition-0p5ns,A,PCHIP,179,1.83296e-05,1.8432e-05,6.723619069482551e-11,6.727470571824255e-11,-3.851502341704013e-14,3.851502341704013e-14
pair_inhibition-0p5ns,A,PCHIP,180,1.8432e-05,1.85344e-05,7.81971907963475e-11,7.823639994847485e-11,-3.9209152127351526e-14,3.9209152127351526e-14
pair_inhibition-0p5ns,A,PCHIP,181,1.85344e-05,1.86368e-05,8.963384712127898e-11,8.967343470642601e-11,-3.958758514703028e-14,3.958758514703028e-14
pair_inhibition-0p5ns,A,PCHIP,182,1.86368e-05,1.8739200000000002e-05,1.0148397760459389e-10,1.0152367051692886e-10,-3.9692912334963605e-14,3.9692912334963605e-14
pair_inhibition-0p5ns,A,PCHIP,183,1.8739200000000002e-05,1.88416e-05,1.1372374282065248e-10,1.1376342782009757e-10,-3.96849994450908e-14,3.96849994450908e-14
pair_inhibition-0p5ns,A,PCHIP,184,1.88416e-05,1.8944e-05,1.263845078800619e-10,1.2642426126725607e-10,-3.97533871941589e-14,3.97533871941589e-14
pair_inhibition-0p5ns,A,PCHIP,185,1.8944e-05,1.90464e-05,1.3957297936665684e-10,1.3961304023751894e-10,-4.0060870862097884e-14,4.0060870862097884e-14
pair_inhibition-0p5ns,A,PCHIP,186,1.90464e-05,1.9148800000000002e-05,1.535045112724731e-10,1.5354562498409585e-10,-4.1113711622754095e-14,4.1113711622754095e-14
pair_inhibition-0p5ns,A,PCHIP,187,1.9148800000000002e-05,1.92512e-05,1.6857272189147434e-10,1.686161722424967e-10,-4.345035102236008e-14,4.345035102236008e-14
pair_inhibition-0p5ns,A,PCHIP,188,1.92512e-05,1.93536e-05,1.8550951438368853e-10,1.8555790990138673e-10,-4.8395517698198365e-14,4.8395517698198365e-14
pair_inhibition-0p5ns,A,PCHIP,189,1.93536e-05,1.9456e-05,2.0581057793017789e-10,2.058704197308234e-10,-5.984180064551441e-14,5.984180064551441e-14
pair_inhibition-0p5ns,A,PCHIP,190,1.9456e-05,1.9558400000000002e-05,2.3314716294663435e-10,2.332294399645905e-10,-8.22770179561304e-14,8.22770179561304e-14
pair_inhibition-0p5ns,A,PCHIP,191,1.9558400000000002e-05,1.96608e-05,2.802475294793491e-10,2.8040465972775967e-10,-1.5713024841057114e-13,1.5713024841057114e-13
pair_inhibition-0p5ns,A,PCHIP,192,1.96608e-05,1.97632e-05,4.8604110803088e-10,4.879009144126163e-10,-1.859806381736342e-12,1.859806381736342e-12
pair_inhibition-0p5ns,A,PCHIP,193,1.97632e-05,1.9865600000000002e-05,1.5068425762329263e-09,1.5068063129116855e-09,3.6263321240814284e-14,3.6263321240814284e-14
pair_inhibition-0p5ns,A,PCHIP,194,1.9865600000000002e-05,1.9968e-05,7.080693434992676e-10,7.068016886578288e-10,1.2676548414388173e-12,1.2676548414388173e-12
pair_inhibition-0p5ns,A,PCHIP,195,1.9968e-05,2e-05,1.3415524410219165e-10,1.3406773011368913e-10,8.751398850252167e-14,8.751398850252167e-14
pair_inhibition-0p5ns,B,PCHIP,0,0.0,1.024e-07,4.040577729319973e-13,4.217113761467676e-13,-1.765360321477029e-14,1.765360321477029e-14
pair_inhibition-0p5ns,B,PCHIP,1,1.024e-07,2.048e-07,2.758873216933196e-12,2.7809666638829342e-12,-2.2093446949738303e-14,2.2093446949738303e-14
pair_inhibition-0p5ns,B,PCHIP,2,2.048e-07,3.072e-07,7.047856564976812e-12,7.0810184417421214e-12,-3.3161876765309353e-14,3.3161876765309353e-14
pair_inhibition-0p5ns,B,PCHIP,3,3.072e-07,4.096e-07,1.2921560837371699e-11,1.2963491213117364e-11,-4.1930375745665576e-14,4.1930375745665576e-14
pair_inhibition-0p5ns,B,PCHIP,4,4.096e-07,5.12e-07,2.0111215570093995e-11,2.016001419317559e-11,-4.879862308159324e-14,4.879862308159324e-14
pair_inhibition-0p5ns,B,PCHIP,5,5.12e-07,6.144e-07,2.8416705494439348e-11,2.8470702294169224e-11,-5.39967997298764e-14,5.39967997298764e-14
pair_inhibition-0p5ns,B,PCHIP,6,6.144e-07,7.168000000000001e-07,3.768842166572854e-11,3.774642583608834e-11,-5.800417035980105e-14,5.800417035980105e-14
pair_inhibition-0p5ns,B,PCHIP,7,7.168000000000001e-07,8.192e-07,4.7815395892902704e-11,4.7876350875935685e-11,-6.095498303298085e-14,6.095498303298085e-14
pair_inhibition-0p5ns,B,PCHIP,8,8.192e-07,9.216e-07,5.87174261025667e-11,5.878047522809288e-11,-6.304912552617665e-14,6.304912552617665e-14
pair_inhibition-0p5ns,B,PCHIP,9,9.216e-07,1.024e-06,7.03423001246221e-11,7.040676661859743e-11,-6.446649397533424e-14,6.446649397533424e-14
pair_inhibition-0p5ns,B,PCHIP,10,1.024e-06,1.1264000000000001e-06,8.266786381888776e-11,8.273311896240158e-11,-6.525514351382044e-14,6.525514351382044e-14
pair_inhibition-0p5ns,B,PCHIP,11,1.1264000000000001e-06,1.2288e-06,9.570967103602749e-11,9.577552813022875e-11,-6.585709420126582e-14,6.585709420126582e-14
pair_inhibition-0p5ns,B,PCHIP,12,1.2288e-06,1.3312e-06,1.0953973110232002e-10,1.0960611111673074e-10,-6.638001441072418e-14,6.638001441072418e-14
pair_inhibition-0p5ns,B,PCHIP,13,1.3312e-06,1.4336000000000001e-06,1.2432223605528298e-10,1.2438940509101464e-10,-6.7169035731663e-14,6.7169035731663e-14
pair_inhibition-0p5ns,B,PCHIP,14,1.4336000000000001e-06,1.536e-06,1.4038868572471961e-10,1.4045751576910927e-10,-6.883004438965502e-14,6.883004438965502e-14
pair_inhibition-0p5ns,B,PCHIP,15,1.536e-06,1.6384e-06,1.584079076482251e-10,1.5848041088542524e-10,-7.250323720015086e-14,7.250323720015086e-14
pair_inhibition-0p5ns,B,PCHIP,16,1.6384e-06,1.7408000000000001e-06,1.7983285642064748e-10,1.7991478096863757e-10,-8.19245479900827e-14,8.19245479900827e-14
pair_inhibition-0p5ns,B,PCHIP,17,1.7408000000000001e-06,1.8432e-06,2.0839781728462553e-10,2.0850922812284682e-10,-1.1141083822128928e-13,1.1141083822128928e-13
pair_inhibition-0p5ns,B,PCHIP,18,1.8432e-06,1.9456e-06,2.578092706239382e-10,2.581342935891051e-10,-3.2502296516687175e-13,3.2502296516687175e-13
pair_inhibition-0p5ns,B,PCHIP,19,1.9456e-06,2.048e-06,5.721283812769844e-10,5.762607664545673e-10,-4.132385177582898e-12,4.132385177582898e-12
pair_inhibition-0p5ns,B,PCHIP,20,2.048e-06,2.1504e-06,3.228368072287063e-09,3.2301784712524603e-09,-1.8103989653973764e-12,1.8103989653973764e-12
pair_inhibition-0p5ns,B,PCHIP,21,2.1504e-06,2.2528000000000003e-06,1.373940200238916e-09,1.3722285951576405e-09,1.7116050812754604e-12,1.7116050812754604e-12
pair_inhibition-0p5ns,B,PCHIP,22,2.2528000000000003e-06,2.3552e-06,6.589272160834288e-10,6.582835708782922e-10,6.436452051365667e-13,6.436452051365667e-13
pair_inhibition-0p5ns,B,PCHIP,23,2.3552e-06,2.4576e-06,3.79222860240532e-10,3.7893938392616104e-10,2.834763143709624e-13,2.834763143709624e-13
pair_inhibition-0p5ns,B,PCHIP,24,2.4576e-06,2.56e-06,2.594212893547572e-10,2.5928700040715124e-10,1.3428894760598383e-13,1.3428894760598383e-13
pair_inhibition-0p5ns,B,PCHIP,25,2.56e-06,2.6624e-06,2.0381556045731559e-10,2.0375109830982228e-10,6.446214749330987e-14,6.446214749330987e-14
pair_inhibition-0p5ns,B,PCHIP,26,2.6624e-06,2.7648e-06,1.762827196692231e-10,1.7626977286410353e-10,1.2946805119566245e-14,1.2946805119566245e-14
pair_inhibition-0p5ns,B,PCHIP,27,2.7648e-06,2.8672000000000003e-06,1.6134366075638807e-10,1.614511938706557e-10,-1.0753311426763875e-13,1.0753311426763875e-13
pair_inhibition-0p5ns,B,PCHIP,28,2.8672000000000003e-06,2.9696e-06,1.5126446469884167e-10,1.508749899851333e-10,3.8947471370836855e-13,3.8947471370836855e-13
pair_inhibition-0p5ns,B,PCHIP,29,2.9696e-06,3.072e-06,1.3911879119399574e-10,1.391324356761424e-10,-1.3644482146665695e-14,1.3644482146665695e-14
pair_inhibition-0p5ns,B,PCHIP,30,3.072e-06,3.1744e-06,1.2466282641465468e-10,1.2460470397054442e-10,5.812244411025872e-14,5.812244411025872e-14
pair_inhibition-0p5ns,B,PCHIP,31,3.1744e-06,3.2768e-06,1.0914672896002407e-10,1.0910386225049846e-10,4.286670952560303e-14,4.286670952560303e-14
pair_inhibition-0p5ns,B,PCHIP,32,3.2768e-06,3.3792e-06,9.566894757761974e-11,9.564721414584665e-11,2.173343177309552e-14,2.173343177309552e-14
pair_inhibition-0p5ns,B,PCHIP,33,3.3792e-06,3.4816000000000003e-06,8.702420391593138e-11,8.701963011494457e-11,4.573800986810741e-15,4.573800986810741e-15
pair_inhibition-0p5ns,B,PCHIP,34,3.4816000000000003e-06,3.5840000000000003e-06,8.486239016615802e-11,8.487352442578416e-11,-1.1134259626135658e-14,1.1134259626135658e-14
pair_inhibition-0p5ns,B,PCHIP,35,3.5840000000000003e-06,3.6864e-06,8.990028252834023e-11,8.992680730985767e-11,-2.6524781517446622e-14,2.6524781517446622e-14
pair_inhibition-0p5ns,B,PCHIP,36,3.6864e-06,3.7888e-06,1.0358203408733912e-10,1.036445994228989e-10,-6.256533555977269e-14,6.256533555977269e-14
pair_inhibition-0p5ns,B,PCHIP,37,3.7888e-06,3.8912e-06,1.2552039304851819e-10,1.255863854661229e-10,-6.599241760471007e-14,6.599241760471007e-14
pair_inhibition-0p5ns,B,PCHIP,38,3.8912e-06,3.9936e-06,1.506739566360828e-10,1.5074325912503237e-10,-6.93024889495657e-14,6.93024889495657e-14
pair_inhibition-0p5ns,B,PCHIP,39,3.9936e-06,4.096e-06,1.7888280754892458e-10,1.789575277309709e-10,-7.472018204631342e-14,7.472018204631342e-14
pair_inhibition-0p5ns,B,PCHIP,40,4.096e-06,4.1984e-06,2.1159686927146232e-10,2.1167898975016725e-10,-8.212047870492735e-14,8.212047870492735e-14
pair_inhibition-0p5ns,B,PCHIP,41,4.1984e-06,4.3008e-06,2.535115094226387e-10,2.5359522966993734e-10,-8.37202472986625e-14,8.37202472986625e-14
pair_inhibition-0p5ns,B,PCHIP,42,4.3008e-06,4.4032000000000005e-06,3.2311400531876955e-10,3.2335819147277927e-10,-2.441861540097243e-13,2.441861540097243e-13
pair_inhibition-0p5ns,B,PCHIP,43,4.4032000000000005e-06,4.5056000000000005e-06,7.175253084365748e-10,7.232233863564311e-10,-5.698077919856363e-12,5.698077919856363e-12
pair_inhibition-0p5ns,B,PCHIP,44,4.5056000000000005e-06,4.608e-06,1.4434404355987893e-09,1.4371818844162163e-09,6.2585511825730656e-12,6.2585511825730656e-12
pair_inhibition-0p5ns,B,PCHIP,45,4.608e-06,4.7104e-06,6.908024800905339e-10,6.900799992470413e-10,7.22480843492571e-13,7.22480843492571e-13
pair_inhibition-0p5ns,B,PCHIP,46,4.7104e-06,4.8128e-06,3.9230806377204053e-10,3.920088397167139e-10,2.992240553266533e-13,2.992240553266533e-13
pair_inhibition-0p5ns,B,PCHIP,47,4.8128e-06,4.9152e-06,2.6525268804061073e-10,2.651191771803129e-10,1.3351086029782306e-13,1.3351086029782306e-13
pair_inhibition-0p5ns,B,PCHIP,48,4.9152e-06,5.0176e-06,2.0625371425165393e-10,2.0623116792822318e-10,2.2546323430747137e-14,2.2546323430747137e-14
pair_inhibition-0p5ns,B,PCHIP,49,5.0176e-06,5.12e-06,1.7547061266846337e-10,1.756227163347464e-10,-1.521036662830231e-13,1.521036662830231e-13
pair_inhibition-0p5ns,B,PCHIP,50,5.12e-06,5.2224e-06,1.5615886748124242e-10,1.5554645339340827e-10,6.124140878341436e-13,6.124140878341436e-13
pair_inhibition-0p5ns,B,PCHIP,51,5.2224e-06,5.3248e-06,1.4435056130893927e-10,1.4456546475523556e-10,-2.149034462962893e-13,2.149034462962893e-13
pair_inhibition-0p5ns,B,PCHIP,52,5.3248e-06,5.4272e-06,1.4574344968146367e-10,1.4578428625998007e-10,-4.0836578516392946e-14,4.0836578516392946e-14
pair_inhibition-0p5ns,B,PCHIP,53,5.4272e-06,5.5296e-06,1.507439452671776e-10,1.5074080334891406e-10,3.141918263535023e-15,3.141918263535023e-15
pair_inhibition-0p5ns,B,PCHIP,54,5.5296e-06,5.6320000000000005e-06,1.557825941129705e-10,1.5576521065689523e-10,1.7383456075270464e-14,1.7383456075270464e-14
pair_inhibition-0p5ns,B,PCHIP,55,5.6320000000000005e-06,5.7344000000000005e-06,1.6120862192385919e-10,1.6119045777086048e-10,1.816415299870296e-14,1.816415299870296e-14
pair_inhibition-0p5ns,B,PCHIP,56,5.7344000000000005e-06,5.836800000000001e-06,1.691227534123903e-10,1.6910785567295833e-10,1.4897739431985913e-14,1.4897739431985913e-14
pair_inhibition-0p5ns,B,PCHIP,57,5.836800000000001e-06,5.9392e-06,1.826616396000031e-10,1.8269774410168042e-10,-3.6104501677319516e-14,3.6104501677319516e-14
pair_inhibition-0p5ns,B,PCHIP,58,5.9392e-06,6.0416e-06,2.0140938337494437e-10,2.0144613118181831e-10,-3.6747806873945775e-14,3.6747806873945775e-14
pair_inhibition-0p5ns,B,PCHIP,59,6.0416e-06,6.144e-06,2.178468169813186e-10,2.1787186344336456e-10,-2.5046462045947472e-14,2.5046462045947472e-14
pair_inhibition-0p5ns,B,PCHIP,60,6.144e-06,6.2464e-06,2.3072076557534486e-10,2.3074040247915805e-10,-1.9636903813196735e-14,1.9636903813196735e-14
pair_inhibition-0p5ns,B,PCHIP,61,6.2464e-06,6.3488e-06,2.4017918735929393e-10,2.4019271614986493e-10,-1.3528790570997236e-14,1.3528790570997236e-14
pair_inhibition-0p5ns,B,PCHIP,62,6.3488e-06,6.4512e-06,2.4661663967229554e-10,2.4661886872091837e-10,-2.2290486228274207e-15,2.2290486228274207e-15
pair_inhibition-0p5ns,B,PCHIP,63,6.4512e-06,6.5536e-06,2.50491783000339e-10,2.5053547118128224e-10,-4.368818094321631e-14,4.368818094321631e-14
pair_inhibition-0p5ns,B,PCHIP,64,6.5536e-06,6.656e-06,2.5251339123421897e-10,2.5250560386136247e-10,7.787372856498777e-15,7.787372856498777e-15
pair_inhibition-0p5ns,B,PCHIP,65,6.656e-06,6.7584e-06,2.5308619069638964e-10,2.530849164313744e-10,1.2742650152253052e-15,1.2742650152253052e-15
pair_inhibition-0p5ns,B,PCHIP,66,6.7584e-06,6.8608000000000004e-06,2.527734906860107e-10,2.527726980437664e-10,7.926422443193919e-16,7.926422443193919e-16
pair_inhibition-0p5ns,B,PCHIP,67,6.8608000000000004e-06,6.9632000000000005e-06,2.519788895268719e-10,2.5197775496156145e-10,1.1345653104255217e-15,1.1345653104255217e-15
pair_inhibition-0p5ns,B,PCHIP,68,6.9632000000000005e-06,7.065600000000001e-06,2.5100434768780944e-10,2.5100301699456066e-10,1.330693248780401e-15,1.330693248780401e-15
pair_inhibition-0p5ns,B,PCHIP,69,7.065600000000001e-06,7.168000000000001e-06,2.500478625210761e-10,2.500465685660763e-10,1.2939549998081375e-15,1.2939549998081375e-15
pair_inhibition-0p5ns,B,PCHIP,70,7.168000000000001e-06,7.2704e-06,2.4921759210452177e-10,2.492165150439975e-10,1.07706052425745e-15,1.07706052425745e-15
pair_inhibition-0p5ns,B,PCHIP,71,7.2704e-06,7.3728e-06,2.48554144457509e-10,2.485533885174703e-10,7.559400387083446e-16,7.559400387083446e-16
pair_inhibition-0p5ns,B,PCHIP,72,7.3728e-06,7.4752e-06,2.480540423368088e-10,2.4805364272776173e-10,3.996090470662606e-16,3.996090470662606e-16
pair_inhibition-0p5ns,B,PCHIP,73,7.4752e-06,7.5776e-06,2.476900585264834e-10,2.4768997992215844e-10,7.860432497859283e-17,7.860432497859283e-17
pair_inhibition-0p5ns,B,PCHIP,74,7.5776e-06,7.680000000000001e-06,2.474266558991674e-10,2.474268161502154e-10,-1.60251048012405e-16,1.60251048012405e-16
pair_inhibition-0p5ns,B,PCHIP,75,7.680000000000001e-06,7.7824e-06,2.4723088469692655e-10,2.4723119972873693e-10,-3.150318103751842e-16,3.150318103751842e-16
pair_inhibition-0p5ns,B,PCHIP,76,7.7824e-06,7.8848e-06,2.470808289055023e-10,2.4708123975376387e-10,-4.1084826158591677e-16,4.1084826158591677e-16
pair_inhibition-0p5ns,B,PCHIP,77,7.8848e-06,7.9872e-06,2.469778163103799e-10,2.469781906830681e-10,-3.7437268815986767e-16,3.7437268815986767e-16
pair_inhibition-0p5ns,B,PCHIP,78,7.9872e-06,8.0896e-06,2.4700167097223135e-10,2.4699758699598725e-10,4.083976244101847e-15,4.083976244101847e-15
pair_inhibition-0p5ns,B,PCHIP,79,8.0896e-06,8.192e-06,2.4841454664493783e-10,2.4845472388006793e-10,-4.017723513009519e-14,4.017723513009519e-14
pair_inhibition-0p5ns,B,PCHIP,80,8.192e-06,8.2944e-06,2.5451612621617276e-10,2.5454771504865985e-10,-3.158883248709041e-14,3.158883248709041e-14
pair_inhibition-0p5ns,B,PCHIP,81,8.2944e-06,8.3968e-06,2.566871908879151e-10,2.5668612112514296e-10,1.0697627721585559e-15,1.0697627721585559e-15
pair_inhibition-0p5ns,B,PCHIP,82,8.3968e-06,8.4992e-06,2.5074548251378463e-10,2.507205697747434e-10,2.491273904121813e-14,2.491273904121813e-14
pair_inhibition-0p5ns,B,PCHIP,83,8.4992e-06,8.6016e-06,2.419300512363186e-10,2.4192134014596967e-10,8.711090348926041e-15,8.711090348926041e-15
pair_inhibition-0p5ns,B,PCHIP,84,8.6016e-06,8.704e-06,2.3477969151472694e-10,2.3476827738803907e-10,1.1414126687865076e-14,1.1414126687865076e-14
pair_inhibition-0p5ns,B,PCHIP,85,8.704e-06,8.806400000000001e-06,2.297519165657145e-10,2.2969050629497383e-10,6.141027074068385e-14,6.141027074068385e-14
pair_inhibition-0p5ns,B,PCHIP,86,8.806400000000001e-06,8.9088e-06,2.2640268978652382e-10,2.264113376713427e-10,-8.64788481887697e-15,8.64788481887697e-15
pair_inhibition-0p5ns,B,PCHIP,87,8.9088e-06,9.011200000000001e-06,2.2468077424851599e-10,2.2467777050817545e-10,3.00374034053744e-15,3.00374034053744e-15
pair_inhibition-0p5ns,B,PCHIP,88,9.011200000000001e-06,9.1136e-06,2.244265164711266e-10,2.2442311263970904e-10,3.4038314175672394e-15,3.4038314175672394e-15
pair_inhibition-0p5ns,B,PCHIP,89,9.1136e-06,9.216e-06,2.2570569241349948e-10,2.257043477456355e-10,1.3446678639725767e-15,1.3446678639725767e-15
pair_inhibition-0p5ns,B,PCHIP,90,9.216e-06,9.3184e-06,2.2853472998701568e-10,2.2853641512739646e-10,-1.6851403807798595e-15,1.6851403807798595e-15
pair_inhibition-0p5ns,B,PCHIP,91,9.3184e-06,9.4208e-06,2.3269968850690795e-10,2.3270680920194276e-10,-7.120695034813309e-15,7.120695034813309e-15
pair_inhibition-0p5ns,B,PCHIP,92,9.4208e-06,9.5232e-06,2.374465927648306e-10,2.374549476984085e-10,-8.354933577857778e-15,8.354933577857778e-15
pair_inhibition-0p5ns,B,PCHIP,93,9.5232e-06,9.6256e-06,2.4150581505843876e-10,2.4151176236622915e-10,-5.9473077903919025e-15,5.9473077903919025e-15
pair_inhibition-0p5ns,B,PCHIP,94,9.6256e-06,9.728e-06,2.4460666753454e-10,2.446108458947748e-10,-4.178360234799368e-15,4.178360234799368e-15
pair_inhibition-0p5ns,B,PCHIP,95,9.728e-06,9.8304e-06,2.468004806630592e-10,2.468003565880642e-10,1.2407499503180012e-16,1.2407499503180012e-16
pair_inhibition-0p5ns,B,PCHIP,96,9.8304e-06,9.932800000000001e-06,2.4818483758745637e-10,2.4820232850044885e-10,-1.7490912992486576e-14,1.7490912992486576e-14
pair_inhibition-0p5ns,B,PCHIP,97,9.932800000000001e-06,1.00352e-05,2.48976435317493e-10,2.4897319846576107e-10,3.2368517319345435e-15,3.2368517319345435e-15
pair_inhibition-0p5ns,B,PCHIP,98,1.00352e-05,1.0137600000000001e-05,2.4927402926556207e-10,2.492737891665026e-10,2.4009905946299267e-16,2.4009905946299267e-16
pair_inhibition-0p5ns,B,PCHIP,99,1.0137600000000001e-05,1.024e-05,2.492500612541646e-10,2.4925007279556813e-10,-1.1541403553154089e-17,1.1541403553154089e-17
pair_inhibition-0p5ns,B,PCHIP,100,1.024e-05,1.0342400000000001e-05,2.490232164232187e-10,2.490231235188239e-10,9.290439479636777e-17,9.290439479636777e-17
pair_inhibition-0p5ns,B,PCHIP,101,1.0342400000000001e-05,1.04448e-05,2.4868610243331053e-10,2.4868591776967645e-10,1.8466363408357345e-16,1.8466363408357345e-16
pair_inhibition-0p5ns,B,PCHIP,102,1.04448e-05,1.05472e-05,2.483050216626679e-10,2.483048082073789e-10,2.1345528903689016e-16,2.1345528903689016e-16
pair_inhibition-0p5ns,B,PCHIP,103,1.05472e-05,1.06496e-05,2.479241216056772e-10,2.4792393869698967e-10,1.8290868754088458e-16,1.8290868754088458e-16
pair_inhibition-0p5ns,B,PCHIP,104,1.06496e-05,1.0752e-05,2.475716937264029e-10,2.475715843188943e-10,1.0940750859483046e-16,1.0940750859483046e-16
pair_inhibition-0p5ns,B,PCHIP,105,1.0752e-05,1.08544e-05,2.472690858135513e-10,2.472690558390361e-10,2.9974515164256566e-17,2.9974515164256566e-17
pair_inhibition-0p5ns,B,PCHIP,106,1.08544e-05,1.09568e-05,2.470503988924876e-10,2.470499254544467e-10,4.734380408943943e-16,4.734380408943943e-16
pair_inhibition-0p5ns,B,PCHIP,107,1.09568e-05,1.10592e-05,2.4709867471093387e-10,2.4709511901351074e-10,3.555697423132845e-15,3.555697423132845e-15
pair_inhibition-0p5ns,B,PCHIP,108,1.10592e-05,1.11616e-05,2.4980257298039376e-10,2.498506803783776e-10,-4.810739798382682e-14,4.810739798382682e-14
pair_inhibition-0p5ns,B,PCHIP,109,1.11616e-05,1.1264000000000001e-05,2.5400751344062173e-10,2.5401580595813374e-10,-8.292517512009707e-15,8.292517512009707e-15
pair_inhibition-0p5ns,B,PCHIP,110,1.1264000000000001e-05,1.13664e-05,2.5287334346306894e-10,2.52865962540049e-10,7.38092301992474e-15,7.38092301992474e-15
pair_inhibition-0p5ns,B,PCHIP,111,1.13664e-05,1.1468800000000001e-05,2.467051479239914e-10,2.466923228947446e-10,1.2825029246784052e-14,1.2825029246784052e-14
pair_inhibition-0p5ns,B,PCHIP,112,1.1468800000000001e-05,1.15712e-05,2.4011363437666747e-10,2.401198290230825e-10,-6.194646415019274e-15,6.194646415019274e-15
pair_inhibition-0p5ns,B,PCHIP,113,1.15712e-05,1.1673600000000001e-05,2.3508206341544804e-10,2.3500951492541365e-10,7.254849003438695e-14,7.254849003438695e-14
pair_inhibition-0p5ns,B,PCHIP,114,1.1673600000000001e-05,1.1776e-05,2.3151705337834716e-10,2.3152590769811283e-10,-8.854319765670938e-15,8.854319765670938e-15
pair_inhibition-0p5ns,B,PCHIP,115,1.1776e-05,1.18784e-05,2.294903455983107e-10,2.2948917359094076e-10,1.1720073699510839e-15,1.1720073699510839e-15
pair_inhibition-0p5ns,B,PCHIP,116,1.18784e-05,1.19808e-05,2.2876507536334245e-10,2.2876190302167964e-10,3.1723416628118902e-15,3.1723416628118902e-15
pair_inhibition-0p5ns,B,PCHIP,117,1.19808e-05,1.20832e-05,2.293274253839086e-10,2.293253837824481e-10,2.0416014604802416e-15,2.0416014604802416e-15
pair_inhibition-0p5ns,B,PCHIP,118,1.20832e-05,1.21856e-05,2.3119299886107474e-10,2.311932741141547e-10,-2.7525307995103e-16,2.7525307995103e-16
pair_inhibition-0p5ns,B,PCHIP,119,1.21856e-05,1.2288e-05,2.342618791510853e-10,2.342648509187595e-10,-2.971767674211171e-15,2.971767674211171e-15
pair_inhibition-0p5ns,B,PCHIP,120,1.2288e-05,1.23904e-05,2.3819583172939343e-10,2.382038832453426e-10,-8.051515949177774e-15,8.051515949177774e-15
pair_inhibition-0p5ns,B,PCHIP,121,1.23904e-05,1.24928e-05,2.4214797768931137e-10,2.4215399340102544e-10,-6.01571171407215e-15,6.01571171407215e-15
pair_inhibition-0p5ns,B,PCHIP,122,1.24928e-05,1.2595200000000001e-05,2.45360217991858e-10,2.453648444137788e-10,-4.626421920811393e-15,4.626421920811393e-15
pair_inhibition-0p5ns,B,PCHIP,123,1.2595200000000001e-05,1.26976e-05,2.4776827174846373e-10,2.477709561030712e-10,-2.684354607493181e-15,2.684354607493181e-15
pair_inhibition-0p5ns,B,PCHIP,124,1.26976e-05,1.2800000000000001e-05,2.494262466037113e-10,2.494313206328987e-10,-5.0740291873990935e-15,5.0740291873990935e-15
pair_inhibition-0p5ns,B,PCHIP,125,1.2800000000000001e-05,1.29024e-05,2.5044918150997433e-10,2.5045739173819685e-10,-8.210228222513258e-15,8.210228222513258e-15
pair_inhibition-0p5ns,B,PCHIP,126,1.29024e-05,1.3004800000000001e-05,2.5098379869052984e-10,2.5098244160461997e-10,1.3570859098683005e-15,1.3570859098683005e-15
pair_inhibition-0p5ns,B,PCHIP,127,1.3004800000000001e-05,1.31072e-05,2.5113901862292735e-10,2.511390537240923e-10,-3.5101164965214297e-17,3.5101164965214297e-17
pair_inhibition-0p5ns,B,PCHIP,128,1.31072e-05,1.32096e-05,2.5104514878711353e-10,2.5104518291056285e-10,-3.4123449320199135e-17,3.4123449320199135e-17
pair_inhibition-0p5ns,B,PCHIP,129,1.32096e-05,1.3312e-05,2.507973886962791e-10,2.5079731303427154e-10,7.566200755738506e-17,7.566200755738506e-17
pair_inhibition-0p5ns,B,PCHIP,130,1.3312e-05,1.34144e-05,2.5046898887937946e-10,2.504688442908697e-10,1.4458850977574471e-16,1.4458850977574471e-16
pair_inhibition-0p5ns,B,PCHIP,131,1.34144e-05,1.35168e-05,2.5011219761074123e-10,2.5011204349089876e-10,1.5411984246840992e-16,1.5411984246840992e-16
pair_inhibition-0p5ns,B,PCHIP,132,1.35168e-05,1.36192e-05,2.4976248765369185e-10,2.4976237482884114e-10,1.1282485071621632e-16,1.1282485071621632e-16
pair_inhibition-0p5ns,B,PCHIP,133,1.36192e-05,1.3721600000000001e-05,2.4944507542172515e-10,2.4944503514556907e-10,4.027615608004903e-17,4.027615608004903e-17
pair_inhibition-0p5ns,B,PCHIP,134,1.3721600000000001e-05,1.3824e-05,2.4918694216232784e-10,2.4918689439192937e-10,4.777039847110662e-17,4.777039847110662e-17
pair_inhibition-0p5ns,B,PCHIP,135,1.3824e-05,1.3926400000000001e-05,2.49064570280504e-10,2.490607712756643e-10,3.7990048397068115e-15,3.7990048397068115e-15
pair_inhibition-0p5ns,B,PCHIP,136,1.3926400000000001e-05,1.40288e-05,2.500672977613589e-10,2.5009749938130325e-10,-3.0201619944370386e-14,3.0201619944370386e-14
pair_inhibition-0p5ns,B,PCHIP,137,1.40288e-05,1.4131200000000001e-05,2.5469840008783073e-10,2.5472295157185703e-10,-2.4551484026299832e-14,2.4551484026299832e-14
pair_inhibition-0p5ns,B,PCHIP,138,1.4131200000000001e-05,1.42336e-05,2.565038626290027e-10,2.5650434871736323e-10,-4.860883605536891e-16,4.860883605536891e-16
pair_inhibition-0p5ns,B,PCHIP,139,1.42336e-05,1.4336000000000001e-05,2.5210925468069454e-10,2.520923703506003e-10,1.688433009423128e-14,1.688433009423128e-14
pair_inhibition-0p5ns,B,PCHIP,140,1.4336000000000001e-05,1.44384e-05,2.451012962360949e-10,2.4509601072404946e-10,5.285512045446992e-15,5.285512045446992e-15
pair_inhibition-0p5ns,B,PCHIP,141,1.44384e-05,1.45408e-05,2.391365017510811e-10,2.3911103208092245e-10,2.546967015866223e-14,2.546967015866223e-14
pair_inhibition-0p5ns,B,PCHIP,142,1.45408e-05,1.46432e-05,2.3482798212183377e-10,2.347927117067927e-10,3.527041504108142e-14,3.527041504108142e-14
pair_inhibition-0p5ns,B,PCHIP,143,1.46432e-05,1.47456e-05,2.3205264063896568e-10,2.3205632324674694e-10,-3.682607781261897e-15,3.682607781261897e-15
pair_inhibition-0p5ns,B,PCHIP,144,1.47456e-05,1.4848e-05,2.307187709723723e-10,2.3071592525392077e-10,2.8457184515282392e-15,2.8457184515282392e-15
pair_inhibition-0p5ns,B,PCHIP,145,1.4848e-05,1.49504e-05,2.306905221646519e-10,2.3068786443039186e-10,2.6577342600302914e-15,2.6577342600302914e-15
pair_inhibition-0p5ns,B,PCHIP,146,1.49504e-05,1.5052800000000001e-05,2.3197000772698972e-10,2.319692578258994e-10,7.499010903241276e-16,7.499010903241276e-16
pair_inhibition-0p5ns,B,PCHIP,147,1.5052800000000001e-05,1.51552e-05,2.345084558111145e-10,2.3451025798305844e-10,-1.8021719439593113e-15,1.8021719439593113e-15
pair_inhibition-0p5ns,B,PCHIP,148,1.51552e-05,1.5257600000000001e-05,2.3807767103113076e-10,2.3808294930168433e-10,-5.2782705535721716e-15,5.2782705535721716e-15
pair_inhibition-0p5ns,B,PCHIP,149,1.5257600000000001e-05,1.5360000000000002e-05,2.4212087898441544e-10,2.421282109426612e-10,-7.331958245751193e-15,7.331958245751193e-15
pair_inhibition-0p5ns,B,PCHIP,150,1.5360000000000002e-05,1.54624e-05,2.4567302014502875e-10,2.4567820852768826e-10,-5.188382659512104e-15,5.188382659512104e-15
pair_inhibition-0p5ns,B,PCHIP,151,1.54624e-05,1.55648e-05,2.484396964700606e-10,2.4844342361639947e-10,-3.727146338886892e-15,3.727146338886892e-15
pair_inhibition-0p5ns,B,PCHIP,152,1.55648e-05,1.56672e-05,2.504390314043407e-10,2.5043905334512013e-10,-2.194077942553608e-17,2.194077942553608e-17
pair_inhibition-0p5ns,B,PCHIP,153,1.56672e-05,1.57696e-05,2.5173438864144413e-10,2.5174993466169627e-10,-1.554602025213878e-14,1.554602025213878e-14
pair_inhibition-0p5ns,B,PCHIP,154,1.57696e-05,1.5872e-05,2.525003384992805e-10,2.5249787056421336e-10,2.467935067152069e-15,2.467935067152069e-15
pair_inhibition-0p5ns,B,PCHIP,155,1.5872e-05,1.59744e-05,2.528152799994026e-10,2.528151183445129e-10,1.6165488967908476e-16,1.6165488967908476e-16
pair_inhibition-0p5ns,B,PCHIP,156,1.59744e-05,1.60768e-05,2.5282626593917136e-10,2.5282635101532974e-10,-8.507615838065719e-17,8.507615838065719e-17
pair_inhibition-0p5ns,B,PCHIP,157,1.60768e-05,1.61792e-05,2.5263839117247597e-10,2.526383711559756e-10,2.0016500377759965e-17,2.0016500377759965e-17
pair_inhibition-0p5ns,B,PCHIP,158,1.61792e-05,1.62816e-05,2.5233599813959656e-10,2.52335878897962e-10,1.1924163457643104e-16,1.1924163457643104e-16
pair_inhibition-0p5ns,B,PCHIP,159,1.62816e-05,1.6384e-05,2.519817398859873e-10,2.5198158064695957e-10,1.5923902773982119e-16,1.5923902773982119e-16
pair_inhibition-0p5ns,B,PCHIP,160,1.6384e-05,1.6486400000000002e-05,2.516194089725844e-10,2.5161926866690565e-10,1.4030567875667484e-16,1.4030567875667484e-16
pair_inhibition-0p5ns,B,PCHIP,161,1.6486400000000002e-05,1.65888e-05,2.5127927601427104e-10,2.512791988785532e-10,7.713571786168473e-17,7.713571786168473e-17
pair_inhibition-0p5ns,B,PCHIP,162,1.65888e-05,1.66912e-05,2.509870622006795e-10,2.5098704735937734e-10,1.4841302157579366e-17,1.4841302157579366e-17
pair_inhibition-0p5ns,B,PCHIP,163,1.66912e-05,1.67936e-05,2.5078867018574645e-10,2.5078765936683645e-10,1.0108189099969261e-15,1.0108189099969261e-15
pair_inhibition-0p5ns,B,PCHIP,164,1.67936e-05,1.6896000000000002e-05,2.509906150083527e-10,2.509922136327353e-10,-1.5986243826077461e-15,1.5986243826077461e-15
pair_inhibition-0p5ns,B,PCHIP,165,1.6896000000000002e-05,1.69984e-05,2.5451319713119807e-10,2.545581017683184e-10,-4.490463712032591e-14,4.490463712032591e-14
pair_inhibition-0p5ns,B,PCHIP,166,1.69984e-05,1.71008e-05,2.585387920229283e-10,2.5854581987581113e-10,-7.027852882824795e-15,7.027852882824795e-15
pair_inhibition-0p5ns,B,PCHIP,167,1.71008e-05,1.72032e-05,2.565681907720126e-10,2.565574426328952e-10,1.0748139117381511e-14,1.0748139117381511e-14
pair_inhibition-0p5ns,B,PCHIP,168,1.72032e-05,1.73056e-05,2.497542018800852e-10,2.4974257069871195e-10,1.1631181373256068e-14,1.1631181373256068e-14
pair_inhibition-0p5ns,B,PCHIP,169,1.73056e-05,1.7408e-05,2.429575302484972e-10,2.429688083459088e-10,-1.1278097411589943e-14,1.1278097411589943e-14
pair_inhibition-0p5ns,B,PCHIP,170,1.7408e-05,1.75104e-05,2.378829722936246e-10,2.377951079288833e-10,8.786436474131462e-14,8.786436474131462e-14
pair_inhibition-0p5ns,B,PCHIP,171,1.75104e-05,1.7612800000000002e-05,2.3430834332943277e-10,2.343263124156564e-10,-1.796908622362765e-14,1.796908622362765e-14
pair_inhibition-0p5ns,B,PCHIP,172,1.7612800000000002e-05,1.77152e-05,2.3237101752074696e-10,2.3236933451664074e-10,1.683004106223681e-15,1.683004106223681e-15
pair_inhibition-0p5ns,B,PCHIP,173,1.77152e-05,1.78176e-05,2.3178433270083942e-10,2.317813242005435e-10,3.008500295925426e-15,3.008500295925426e-15
pair_inhibition-0p5ns,B,PCHIP,174,1.78176e-05,1.792e-05,2.32527360104442e-10,2.3252576055359758e-10,1.599550844410098e-15,1.599550844410098e-15
pair_inhibition-0p5ns,B,PCHIP,175,1.792e-05,1.8022400000000002e-05,2.345756543550179e-10,2.345764621625191e-10,-8.078075011656261e-16,8.078075011656261e-16
pair_inhibition-0p5ns,B,PCHIP,176,1.8022400000000002e-05,1.81248e-05,2.377755683252131e-10,2.377790851496593e-10,-3.5168244461995042e-15,3.5168244461995042e-15
pair_inhibition-0p5ns,B,PCHIP,177,1.81248e-05,1.82272e-05,2.4173592524816507e-10,2.417440122275966e-10,-8.086979431555599e-15,8.086979431555599e-15
pair_inhibition-0p5ns,B,PCHIP,178,1.82272e-05,1.83296e-05,2.4558048301594297e-10,2.455862282034966e-10,-5.7451875536408244e-15,5.7451875536408244e-15
pair_inhibition-0p5ns,B,PCHIP,179,1.83296e-05,1.8432e-05,2.4868738934142904e-10,2.48691836566093e-10,-4.447224663949051e-15,4.447224663949051e-15
pair_inhibition-0p5ns,B,PCHIP,180,1.8432e-05,1.85344e-05,2.5101291220463515e-10,2.51015137529333e-10,-2.2253246978442194e-15,2.2253246978442194e-15
pair_inhibition-0p5ns,B,PCHIP,181,1.85344e-05,1.86368e-05,2.526037218786132e-10,2.526117758906068e-10,-8.054011993611222e-15,8.054011993611222e-15
pair_inhibition-0p5ns,B,PCHIP,182,1.86368e-05,1.8739200000000002e-05,2.535841696394546e-10,2.5358908150422426e-10,-4.91186476966212e-15,4.91186476966212e-15
pair_inhibition-0p5ns,B,PCHIP,183,1.8739200000000002e-05,1.88416e-05,2.54077083075195e-10,2.540762971317909e-10,7.859434040712106e-16,7.859434040712106e-16
pair_inhibition-0p5ns,B,PCHIP,184,1.88416e-05,1.8944e-05,2.542026202795531e-10,2.542027126133465e-10,-9.233379340891466e-17,9.233379340891466e-17
pair_inhibition-0p5ns,B,PCHIP,185,1.8944e-05,1.90464e-05,2.540839719443937e-10,2.540840061881054e-10,-3.424371166189215e-17,3.424371166189215e-17
pair_inhibition-0p5ns,B,PCHIP,186,1.90464e-05,1.9148800000000002e-05,2.538154592626689e-10,2.5381537303286005e-10,8.622980882791506e-17,8.622980882791506e-17
pair_inhibition-0p5ns,B,PCHIP,187,1.9148800000000002e-05,1.92512e-05,2.5346987721881223e-10,2.534697216590935e-10,1.555597187075119e-16,1.555597187075119e-16
pair_inhibition-0p5ns,B,PCHIP,188,1.92512e-05,1.93536e-05,2.5309960636434233e-10,2.530994455161534e-10,1.608481889211252e-16,1.608481889211252e-16
pair_inhibition-0p5ns,B,PCHIP,189,1.93536e-05,1.9456e-05,2.527409033759952e-10,2.5274079115661217e-10,1.1221938304555864e-16,1.1221938304555864e-16
pair_inhibition-0p5ns,B,PCHIP,190,1.9456e-05,1.9558400000000002e-05,2.524211418852445e-10,2.5242110608615727e-10,3.579908723332249e-17,3.579908723332249e-17
pair_inhibition-0p5ns,B,PCHIP,191,1.9558400000000002e-05,1.96608e-05,2.521745503752452e-10,2.521743879075291e-10,1.624677160713718e-16,1.624677160713718e-16
pair_inhibition-0p5ns,B,PCHIP,192,1.96608e-05,1.97632e-05,2.5212377134151464e-10,2.52118576333271e-10,5.195008243662961e-15,5.195008243662961e-15
pair_inhibition-0p5ns,B,PCHIP,193,1.97632e-05,1.9865600000000002e-05,2.5404981961634804e-10,2.54096210353983e-10,-4.639073763496311e-14,4.639073763496311e-14
pair_inhibition-0p5ns,B,PCHIP,194,1.9865600000000002e-05,1.9968e-05,2.5912285442225677e-10,2.59136557765284e-10,-1.3703343027257345e-14,1.3703343027257345e-14
pair_inhibition-0p5ns,B,PCHIP,195,1.9968e-05,2e-05,8.143451372884462e-11,8.143416877775409e-11,3.4495109052818815e-16,3.4495109052818815e-16
pair_inhibition-0p5ns,A,CS,0,0.0,1.024e-07,2.5493221696820437e-13,2.603233594743975e-13,-5.3911425061931346e-15,5.3911425061931346e-15
pair_inhibition-0p5ns,A,CS,1,1.024e-07,2.048e-07,1.7023985526951948e-12,1.7158486876897182e-12,-1.3450134994523428e-14,1.3450134994523428e-14
pair_inhibition-0p5ns,A,CS,2,2.048e-07,3.072e-07,4.342684997750211e-12,4.363104695464108e-12,-2.0419697713896805e-14,2.0419697713896805e-14
pair_inhibition-0p5ns,A,CS,3,3.072e-07,4.096e-07,7.942818741709396e-12,7.968583867998016e-12,-2.5765126288620786e-14,2.5765126288620786e-14
pair_inhibition-0p5ns,A,CS,4,4.096e-07,5.12e-07,1.23191103238164e-11,1.2349046669470779e-11,-2.9936345654378465e-14,2.9936345654378465e-14
pair_inhibition-0p5ns,A,CS,5,5.12e-07,6.144e-07,1.7327373195803095e-11,1.7360405367442817e-11,-3.303217163972291e-14,3.303217163972291e-14
pair_inhibition-0p5ns,A,CS,6,6.144e-07,7.168000000000001e-07,2.285279103815693e-11,2.2888149665807765e-11,-3.535862765083515e-14,3.535862765083515e-14
pair_inhibition-0p5ns,A,CS,7,7.168000000000001e-07,8.192e-07,2.8802991504063698e-11,2.883998531552557e-11,-3.69938114618738e-14,3.69938114618738e-14
pair_inhibition-0p5ns,A,CS,8,8.192e-07,9.216e-07,3.5102456172552005e-11,3.514051264234009e-11,-3.805646978808756e-14,3.805646978808756e-14
pair_inhibition-0p5ns,A,CS,9,9.216e-07,1.024e-06,4.1688900635294174e-11,4.1727546005026543e-11,-3.864536973236987e-14,3.864536973236987e-14
pair_inhibition-0p5ns,A,CS,10,1.024e-06,1.1264000000000001e-06,4.851092180602454e-11,4.854969207969813e-11,-3.8770273673586e-14,3.8770273673586e-14
pair_inhibition-0p5ns,A,CS,11,1.1264000000000001e-06,1.2288e-06,5.5526242462374604e-11,5.5564899959739256e-11,-3.8657497364652177e-14,3.8657497364652177e-14
pair_inhibition-0p5ns,A,CS,12,1.2288e-06,1.3312e-06,6.270151508494636e-11,6.273980885523837e-11,-3.829377029201308e-14,3.829377029201308e-14
pair_inhibition-0p5ns,A,CS,13,1.3312e-06,1.4336000000000001e-06,7.001209972277383e-11,7.004984068237506e-11,-3.774095960123758e-14,3.774095960123758e-14
pair_inhibition-0p5ns,A,CS,14,1.4336000000000001e-06,1.536e-06,7.744307573187738e-11,7.748014112823746e-11,-3.706539636008192e-14,3.706539636008192e-14
pair_inhibition-0p5ns,A,CS,15,1.536e-06,1.6384e-06,8.499158902565324e-11,8.502774534573284e-11,-3.6156320079604194e-14,3.6156320079604194e-14
pair_inhibition-0p5ns,A,CS,16,1.6384e-06,1.7408000000000001e-06,9.267017351490808e-11,9.270598133605597e-11,-3.5807821147890955e-14,3.5807821147890955e-14
pair_inhibition-0p5ns,A,CS,17,1.7408000000000001e-06,1.8432e-06,1.0052093379979002e-10,1.0055406440675602e-10,-3.3130606966001185e-14,3.3130606966001185e-14
pair_inhibition-0p5ns,A,CS,18,1.8432e-06,1.9456e-06,1.0862143285055863e-10,1.0866313479389589e-10,-4.170194333725649e-14,4.170194333725649e-14
pair_inhibition-0p5ns,A,CS,19,1.9456e-06,2.048e-06,1.1730257709287902e-10,1.1730675666939808e-10,-4.179576519052415e-15,4.179576519052415e-15
pair_inhibition-0p5ns,A,CS,20,2.048e-06,2.1504e-06,1.3232725235949974e-10,1.3253268000351953e-10,-2.0542764401978843e-13,2.0542764401978843e-13
pair_inhibition-0p5ns,A,CS,21,2.1504e-06,2.2528000000000003e-06,1.7960222335388185e-10,1.7927321009723978e-10,3.290132566420708e-13,3.290132566420708e-13
pair_inhibition-0p5ns,A,CS,22,2.2528000000000003e-06,2.3552e-06,4.772908689203639e-10,4.827571465521352e-10,-5.466277631771314e-12,5.466277631771314e-12
pair_inhibition-0p5ns,A,CS,23,2.3552e-06,2.4576e-06,2.1899345403707093e-09,2.1910421197935575e-09,-1.107579422848152e-12,1.107579422848152e-12
pair_inhibition-0p5ns,A,CS,24,2.4576e-06,2.56e-06,9.239667279764854e-10,9.245267451681479e-10,-5.600171916625036e-13,5.600171916625036e-13
pair_inhibition-0p5ns,A,CS,25,2.56e-06,2.6624e-06,4.364258051473245e-10,4.3540471938380075e-10,1.0210857635237778e-12,1.0210857635237778e-12
pair_inhibition-0p5ns,A,CS,26,2.6624e-06,2.7648e-06,2.4578974648716113e-10,2.4584258692837234e-10,-5.284044121121151e-14,5.284044121121151e-14
pair_inhibition-0p5ns,A,CS,27,2.7648e-06,2.8672000000000003e-06,1.6549719368042442e-10,1.653703627011277e-10,1.2683097929671935e-13,1.2683097929671935e-13
pair_inhibition-0p5ns,A,CS,28,2.8672000000000003e-06,2.9696e-06,1.2785457326108894e-10,1.2783553165400428e-10,1.904160708465291e-14,1.904160708465291e-14
pair_inhibition-0p5ns,A,CS,29,2.9696e-06,3.072e-06,1.0601513814427516e-10,1.0599403867740695e-10,2.1099466868206392e-14,2.1099466868206392e-14
pair_inhibition-0p5ns,A,CS,30,3.072e-06,3.1744e-06,8.435570763705275e-11,8.425841253345458e-11,9.729510359816862e-14,9.729510359816862e-14
pair_inhibition-0p5ns,A,CS,31,3.1744e-06,3.2768e-06,5.996546134368539e-11,5.987972299577252e-11,8.573834791286847e-14,8.573834791286847e-14
pair_inhibition-0p5ns,A,CS,32,3.2768e-06,3.3792e-06,4.1980593228239765e-11,4.19524322129438e-11,2.816101529596249e-14,2.816101529596249e-14
pair_inhibition-0p5ns,A,CS,33,3.3792e-06,3.4816000000000003e-06,3.390545200166961e-11,3.389860821921274e-11,6.843782456871418e-15,6.843782456871418e-15
pair_inhibition-0p5ns,A,CS,34,3.4816000000000003e-06,3.5840000000000003e-06,3.254429088659062e-11,3.2556050425124296e-11,-1.1759538533678576e-14,1.1759538533678576e-14
pair_inhibition-0p5ns,A,CS,35,3.5840000000000003e-06,3.6864e-06,3.498701650118939e-11,3.500888528649657e-11,-2.186878530718165e-14,2.186878530718165e-14
pair_inhibition-0p5ns,A,CS,36,3.6864e-06,3.7888e-06,3.9817789785931113e-11,3.984667520519217e-11,-2.888541926105734e-14,2.888541926105734e-14
pair_inhibition-0p5ns,A,CS,37,3.7888e-06,3.8912e-06,4.6556454672592706e-11,4.6590793633225154e-11,-3.433896063244816e-14,3.433896063244816e-14
pair_inhibition-0p5ns,A,CS,38,3.8912e-06,3.9936e-06,5.499794697245773e-11,5.503559927969731e-11,-3.765230723958091e-14,3.765230723958091e-14
pair_inhibition-0p5ns,A,CS,39,3.9936e-06,4.096e-06,6.422941071935692e-11,6.426805987111459e-11,-3.8649151757666265e-14,3.8649151757666265e-14
pair_inhibition-0p5ns,A,CS,40,4.096e-06,4.1984e-06,7.396753154944434e-11,7.400677202110044e-11,-3.9240471656105424e-14,3.9240471656105424e-14
pair_inhibition-0p5ns,A,CS,41,4.1984e-06,4.3008e-06,8.419058721145252e-11,8.423018686998932e-11,-3.959965853680175e-14,3.959965853680175e-14
pair_inhibition-0p5ns,A,CS,42,4.3008e-06,4.4032000000000005e-06,9.492844101058644e-11,9.496859616874716e-11,-4.01551581607197e-14,4.01551581607197e-14
pair_inhibition-0p5ns,A,CS,43,4.4032000000000005e-06,4.5056000000000005e-06,1.0640769114097385e-10,1.0644921586850211e-10,-4.1524727528259276e-14,4.1524727528259276e-14
pair_inhibition-0p5ns,A,CS,44,4.5056000000000005e-06,4.608e-06,1.2100242654456868e-10,1.2105629053599808e-10,-5.386399142939772e-14,5.386399142939772e-14
pair_inhibition-0p5ns,A,CS,45,4.608e-06,4.7104e-06,1.414725854720617e-10,1.415358919093139e-10,-6.330643725220167e-14,6.330643725220167e-14
pair_inhibition-0p5ns,A,CS,46,4.7104e-06,4.8128e-06,1.6562220727884867e-10,1.6568866373952556e-10,-6.64564606768928e-14,6.64564606768928e-14
pair_inhibition-0p5ns,A,CS,47,4.8128e-06,4.9152e-06,1.9304941731297582e-10,1.931329978666073e-10,-8.358055363147985e-14,8.358055363147985e-14
pair_inhibition-0p5ns,A,CS,48,4.9152e-06,5.0176e-06,2.2752815888450826e-10,2.2759754471589323e-10,-6.938583138497118e-14,6.938583138497118e-14
pair_inhibition-0p5ns,A,CS,49,5.0176e-06,5.12e-06,2.8841332797376364e-10,2.8878110127498393e-10,-3.6777330122029663e-13,3.6777330122029663e-13
pair_inhibition-0p5ns,A,CS,50,5.12e-06,5.2224e-06,9.027543096318463e-10,9.071195576024342e-10,-4.3652479705879425e-12,4.3652479705879425e-12
pair_inhibition-0p5ns,A,CS,51,5.2224e-06,5.3248e-06,1.3353513208688962e-09,1.3317103701372526e-09,3.6409507316436224e-12,3.6409507316436224e-12
pair_inhibition-0p5ns,A,CS,52,5.3248e-06,5.4272e-06,5.846463536365868e-10,5.852851738364503e-10,-6.3882019986351e-13,6.3882019986351e-13
pair_inhibition-0p5ns,A,CS,53,5.4272e-06,5.5296e-06,3.0644563154411313e-10,3.0581268653511685e-10,6.329450089962766e-13,6.329450089962766e-13
pair_inhibition-0p5ns,A,CS,54,5.5296e-06,5.6320000000000005e-06,1.9153480015398013e-10,1.9156357289513534e-10,-2.877274115521263e-14,2.877274115521263e-14
pair_inhibition-0p5ns,A,CS,55,5.6320000000000005e-06,5.7344000000000005e-06,1.3986936187825743e-10,1.3978775152297092e-10,8.161035528650674e-14,8.161035528650674e-14
pair_inhibition-0p5ns,A,CS,56,5.7344000000000005e-06,5.836800000000001e-06,1.1023862402256349e-10,1.102159939205429e-10,2.263010202058891e-14,2.263010202058891e-14
pair_inhibition-0p5ns,A,CS,57,5.836800000000001e-06,5.9392e-06,8.353247692595384e-11,8.34116250465055e-11,1.208518794483351e-13,1.208518794483351e-13
pair_inhibition-0p5ns,A,CS,58,5.9392e-06,6.0416e-06,5.802683042244229e-11,5.7958792931597166e-11,6.803749084512117e-14,6.803749084512117e-14
pair_inhibition-0p5ns,A,CS,59,6.0416e-06,6.144e-06,4.1956921573959265e-11,4.1931906030443115e-11,2.5015543516150104e-14,2.5015543516150104e-14
pair_inhibition-0p5ns,A,CS,60,6.144e-06,6.2464e-06,3.5906757999149204e-11,3.590459709581234e-11,2.160903336862926e-15,2.160903336862926e-15
pair_inhibition-0p5ns,A,CS,61,6.2464e-06,6.3488e-06,3.611777835360151e-11,3.613216683545942e-11,-1.4388481857911545e-14,1.4388481857911545e-14
pair_inhibition-0p5ns,A,CS,62,6.3488e-06,6.4512e-06,4.005776329190534e-11,4.0082317863076534e-11,-2.455457117119435e-14,2.455457117119435e-14
pair_inhibition-0p5ns,A,CS,63,6.4512e-06,6.5536e-06,4.668989500427016e-11,4.67215437825991e-11,-3.164877832894139e-14,3.164877832894139e-14
pair_inhibition-0p5ns,A,CS,64,6.5536e-06,6.656e-06,5.571017387390013e-11,5.574795644694144e-11,-3.778257304130511e-14,3.778257304130511e-14
pair_inhibition-0p5ns,A,CS,65,6.656e-06,6.7584e-06,6.59611678045768e-11,6.599963196992539e-11,-3.846416534859576e-14,3.846416534859576e-14
pair_inhibition-0p5ns,A,CS,66,6.7584e-06,6.8608000000000004e-06,7.675330459518751e-11,7.679264211243715e-11,-3.933751724963946e-14,3.933751724963946e-14
pair_inhibition-0p5ns,A,CS,67,6.8608000000000004e-06,6.9632000000000005e-06,8.799591147624043e-11,8.803553533151948e-11,-3.9623855279048886e-14,3.9623855279048886e-14
pair_inhibition-0p5ns,A,CS,68,6.9632000000000005e-06,7.065600000000001e-06,9.962401589008497e-11,9.966368469591543e-11,-3.966880583045695e-14,3.966880583045695e-14
pair_inhibition-0p5ns,A,CS,69,7.065600000000001e-06,7.168000000000001e-06,1.1161118737564586e-10,1.1165077610310198e-10,-3.958872745612048e-14,3.958872745612048e-14
pair_inhibition-0p5ns,A,CS,70,7.168000000000001e-06,7.2704e-06,1.2398286138224604e-10,1.2402232498257944e-10,-3.946360033340021e-14,3.946360033340021e-14
pair_inhibition-0p5ns,A,CS,71,7.2704e-06,7.3728e-06,1.368323545033263e-10,1.3687207259101038e-10,-3.9718087684078244e-14,3.9718087684078244e-14
pair_inhibition-0p5ns,A,CS,72,7.3728e-06,7.4752e-06,1.5034946973035806e-10,1.50389961545875e-10,-4.049181551693913e-14,4.049181551693913e-14
pair_inhibition-0p5ns,A,CS,73,7.4752e-06,7.5776e-06,1.648771560160867e-10,1.6491928568948694e-10,-4.212967340025507e-14,4.212967340025507e-14
pair_inhibition-0p5ns,A,CS,74,7.5776e-06,7.680000000000001e-06,1.810384786915405e-10,1.8108606528909804e-10,-4.758659755752817e-14,4.758659755752817e-14
pair_inhibition-0p5ns,A,CS,75,7.680000000000001e-06,7.7824e-06,2.000823478830108e-10,2.0012964008191193e-10,-4.7292198901138975e-14,4.7292198901138975e-14
pair_inhibition-0p5ns,A,CS,76,7.7824e-06,7.8848e-06,2.248221922779595e-10,2.249262502417846e-10,-1.0405796382509921e-13,1.0405796382509921e-13
pair_inhibition-0p5ns,A,CS,77,7.8848e-06,7.9872e-06,2.6441116210563976e-10,2.644304322442411e-10,-1.927013860131935e-14,1.927013860131935e-14
pair_inhibition-0p5ns,A,CS,78,7.9872e-06,8.0896e-06,3.766701863253835e-10,3.77737790583651e-10,-1.067604258267516e-12,1.067604258267516e-12
pair_inhibition-0p5ns,A,CS,79,8.0896e-06,8.192e-06,1.4454812218596392e-09,1.4487697899912836e-09,-3.288568131644395e-12,3.288568131644395e-12
pair_inhibition-0p5ns,A,CS,80,8.192e-06,8.2944e-06,8.776244654111501e-10,8.76603234582868e-10,1.0212308282820674e-12,1.0212308282820674e-12
pair_inhibition-0p5ns,A,CS,81,8.2944e-06,8.3968e-06,4.17809808865252e-10,4.174756587382805e-10,3.3415012697146646e-13,3.3415012697146646e-13
pair_inhibition-0p5ns,A,CS,82,8.3968e-06,8.4992e-06,2.386386922876451e-10,2.3848743221928035e-10,1.512600683647436e-13,1.512600683647436e-13
pair_inhibition-0p5ns,A,CS,83,8.4992e-06,8.6016e-06,1.6192451083426283e-10,1.61859918602506e-10,6.459223175683928e-14,6.459223175683928e-14
pair_inhibition-0p5ns,A,CS,84,8.6016e-06,8.704e-06,1.2452324587094382e-10,1.2449111649319277e-10,3.212937775105835e-14,3.212937775105835e-14
pair_inhibition-0p5ns,A,CS,85,8.704e-06,8.806400000000001e-06,9.894192826669779e-11,9.888062400090112e-11,6.130426579666753e-14,6.130426579666753e-14
pair_inhibition-0p5ns,A,CS,86,8.806400000000001e-06,8.9088e-06,7.38095703237872e-11,7.370284728627828e-11,1.0672303750892037e-13,1.0672303750892037e-13
pair_inhibition-0p5ns,A,CS,87,8.9088e-06,9.011200000000001e-06,5.267052879035968e-11,5.2624926720003734e-11,4.560207035594724e-14,4.560207035594724e-14
pair_inhibition-0p5ns,A,CS,88,9.011200000000001e-06,9.1136e-06,4.0943161506747424e-11,4.092430750050921e-11,1.8854006238216065e-14,1.8854006238216065e-14
pair_inhibition-0p5ns,A,CS,89,9.1136e-06,9.216e-06,3.7248451918042905e-11,3.725154462617537e-11,-3.092708132463435e-15,3.092708132463435e-15
pair_inhibition-0p5ns,A,CS,90,9.216e-06,9.3184e-06,3.8587361720739336e-11,3.860395804593995e-11,-1.6596325200613158e-14,1.6596325200613158e-14
pair_inhibition-0p5ns,A,CS,91,9.3184e-06,9.4208e-06,4.316955210295947e-11,4.3195428603710585e-11,-2.5876500751112193e-14,2.5876500751112193e-14
pair_inhibition-0p5ns,A,CS,92,9.4208e-06,9.5232e-06,5.0326410725039915e-11,5.0359328639771226e-11,-3.291791473131105e-14,3.291791473131105e-14
pair_inhibition-0p5ns,A,CS,93,9.5232e-06,9.6256e-06,5.98105204746775e-11,5.984830537745198e-11,-3.7784902774471885e-14,3.7784902774471885e-14
pair_inhibition-0p5ns,A,CS,94,9.6256e-06,9.728e-06,7.03149312781394e-11,7.035367015180912e-11,-3.8738873669716316e-14,3.8738873669716316e-14
pair_inhibition-0p5ns,A,CS,95,9.728e-06,9.8304e-06,8.134290236929192e-11,8.138223517577805e-11,-3.933280648612674e-14,3.933280648612674e-14
pair_inhibition-0p5ns,A,CS,96,9.8304e-06,9.932800000000001e-06,9.281716505037582e-11,9.285676314958425e-11,-3.959809920843144e-14,3.959809920843144e-14
pair_inhibition-0p5ns,A,CS,97,9.932800000000001e-06,1.00352e-05,1.0468528008932751e-10,1.0472492179145341e-10,-3.964170212589678e-14,3.964170212589678e-14
pair_inhibition-0p5ns,A,CS,98,1.00352e-05,1.0137600000000001e-05,1.1693700564104125e-10,1.1697661805913948e-10,-3.9612418098223736e-14,3.9612418098223736e-14
pair_inhibition-0p5ns,A,CS,99,1.0137600000000001e-05,1.024e-05,1.2962047408732772e-10,1.2966018566654508e-10,-3.971157921735424e-14,3.971157921735424e-14
pair_inhibition-0p5ns,A,CS,100,1.024e-05,1.0342400000000001e-05,1.4286371662507442e-10,1.4290381254629662e-10,-4.009592122219856e-14,4.009592122219856e-14
pair_inhibition-0p5ns,A,CS,101,1.0342400000000001e-05,1.04448e-05,1.5691282481208654e-10,1.5695413349997124e-10,-4.13086878847024e-14,4.13086878847024e-14
pair_inhibition-0p5ns,A,CS,102,1.04448e-05,1.05472e-05,1.7221420573400273e-10,1.72258191575651e-10,-4.3985841648260404e-14,4.3985841648260404e-14
pair_inhibition-0p5ns,A,CS,103,1.05472e-05,1.06496e-05,1.896093096476054e-10,1.896582745804133e-10,-4.896493280789214e-14,4.896493280789214e-14
pair_inhibition-0p5ns,A,CS,104,1.06496e-05,1.0752e-05,2.1086596633970695e-10,2.1092894831823975e-10,-6.298197853280209e-14,6.298197853280209e-14
pair_inhibition-0p5ns,A,CS,105,1.0752e-05,1.08544e-05,2.4058029564329245e-10,2.406644061936013e-10,-8.411055030885911e-14,8.411055030885911e-14
pair_inhibition-0p5ns,A,CS,106,1.08544e-05,1.09568e-05,2.966199141432885e-10,2.968658244821443e-10,-2.4591033885578204e-13,2.4591033885578204e-13
pair_inhibition-0p5ns,A,CS,107,1.09568e-05,1.10592e-05,7.553469193588264e-10,7.595658371783573e-10,-4.2189178195309766e-12,4.2189178195309766e-12
pair_inhibition-0p5ns,A,CS,108,1.10592e-05,1.11616e-05,1.386311550176098e-09,1.3827562782028724e-09,3.555271973225659e-12,3.555271973225659e-12
pair_inhibition-0p5ns,A,CS,109,1.11616e-05,1.1264000000000001e-05,6.055041251066154e-10,6.062762240655686e-10,-7.720989589532213e-13,7.720989589532213e-13
pair_inhibition-0p5ns,A,CS,110,1.1264000000000001e-05,1.13664e-05,3.147464435788227e-10,3.140452565456252e-10,7.011870331974997e-13,7.011870331974997e-13
pair_inhibition-0p5ns,A,CS,111,1.13664e-05,1.1468800000000001e-05,1.950618543662565e-10,1.9510553132777277e-10,-4.367696151627862e-14,4.367696151627862e-14
pair_inhibition-0p5ns,A,CS,112,1.1468800000000001e-05,1.15712e-05,1.4164780634920338e-10,1.4155950120228766e-10,8.830514691572348e-14,8.830514691572348e-14
pair_inhibition-0p5ns,A,CS,113,1.15712e-05,1.1673600000000001e-05,1.1199618915179604e-10,1.1197579190994186e-10,2.0397241854175967e-14,2.0397241854175967e-14
pair_inhibition-0p5ns,A,CS,114,1.1673600000000001e-05,1.1776e-05,8.693572887358348e-11,8.683248525588026e-11,1.0324361770321923e-13,1.0324361770321923e-13
pair_inhibition-0p5ns,A,CS,115,1.1776e-05,1.18784e-05,6.273008256343804e-11,6.265377655080087e-11,7.630601263716277e-14,7.630601263716277e-14
pair_inhibition-0p5ns,A,CS,116,1.18784e-05,1.19808e-05,4.5970192399703965e-11,4.593974057399458e-11,3.0451825709382076e-14,3.0451825709382076e-14
pair_inhibition-0p5ns,A,CS,117,1.19808e-05,1.20832e-05,3.8540514537478804e-11,3.8532937912085375e-11,7.576625393428914e-15,7.576625393428914e-15
pair_inhibition-0p5ns,A,CS,118,1.20832e-05,1.21856e-05,3.7600291073655805e-11,3.761067242673563e-11,-1.0381353079823413e-14,1.0381353079823413e-14
pair_inhibition-0p5ns,A,CS,119,1.21856e-05,1.2288e-05,4.066857709370457e-11,4.0690105739881256e-11,-2.1528646176686227e-14,2.1528646176686227e-14
pair_inhibition-0p5ns,A,CS,120,1.2288e-05,1.23904e-05,4.65613423844454e-11,4.6590415875075014e-11,-2.907349062961118e-14,2.907349062961118e-14
pair_inhibition-0p5ns,A,CS,121,1.23904e-05,1.24928e-05,5.4987630000372823e-11,5.502462530884369e-11,-3.6995308470867117e-14,3.6995308470867117e-14
pair_inhibition-0p5ns,A,CS,122,1.24928e-05,1.2595200000000001e-05,6.519612728506886e-11,6.523404177477716e-11,-3.7914489708298346e-14,3.7914489708298346e-14
pair_inhibition-0p5ns,A,CS,123,1.2595200000000001e-05,1.26976e-05,7.602158146073351e-11,7.60607754184856e-11,-3.9193957752080444e-14,3.9193957752080444e-14
pair_inhibition-0p5ns,A,CS,124,1.26976e-05,1.2800000000000001e-05,8.73330501422978e-11,8.737260103009119e-11,-3.9550887793389286e-14,3.9550887793389286e-14
pair_inhibition-0p5ns,A,CS,125,1.2800000000000001e-05,1.29024e-05,9.906266835379728e-11,9.910230407304877e-11,-3.963571925149175e-14,3.963571925149175e-14
pair_inhibition-0p5ns,A,CS,126,1.29024e-05,1.3004800000000001e-05,1.1117782807835234e-10,1.1121746256923395e-10,-3.9634490881612965e-14,3.9634490881612965e-14
pair_inhibition-0p5ns,A,CS,127,1.3004800000000001e-05,1.31072e-05,1.2369716358246902e-10,1.2373680710108848e-10,-3.964351861945918e-14,3.964351861945918e-14
pair_inhibition-0p5ns,A,CS,128,1.31072e-05,1.32096e-05,1.3670859512910925e-10,1.3674854569840108e-10,-3.995056929182246e-14,3.995056929182246e-14
pair_inhibition-0p5ns,A,CS,129,1.32096e-05,1.3312e-05,1.50398612648602e-10,1.50439345416565e-10,-4.073276796300121e-14,4.073276796300121e-14
pair_inhibition-0p5ns,A,CS,130,1.3312e-05,1.34144e-05,1.6510964976952947e-10,1.651520999980076e-10,-4.245022847812869e-14,4.245022847812869e-14
pair_inhibition-0p5ns,A,CS,131,1.34144e-05,1.35168e-05,1.8146893769095487e-10,1.8151644193868305e-10,-4.750424772818195e-14,4.750424772818195e-14
pair_inhibition-0p5ns,A,CS,132,1.35168e-05,1.36192e-05,2.007337628081438e-10,2.0078289366059987e-10,-4.913085245606393e-14,4.913085245606393e-14
pair_inhibition-0p5ns,A,CS,133,1.36192e-05,1.3721600000000001e-05,2.2575977545319557e-10,2.2585941469312492e-10,-9.963923992935568e-14,9.963923992935568e-14
pair_inhibition-0p5ns,A,CS,134,1.3721600000000001e-05,1.3824e-05,2.6577861977140837e-10,2.6581923354128e-10,-4.061376987161947e-14,4.061376987161947e-14
pair_inhibition-0p5ns,A,CS,135,1.3824e-05,1.3926400000000001e-05,3.7981439501693e-10,3.8081844282480785e-10,-1.0040478078778487e-12,1.0040478078778487e-12
pair_inhibition-0p5ns,A,CS,136,1.3926400000000001e-05,1.40288e-05,1.4220388556331085e-09,1.4252582782540973e-09,-3.2194226209887895e-12,3.2194226209887895e-12
pair_inhibition-0p5ns,A,CS,137,1.40288e-05,1.4131200000000001e-05,8.581715382695227e-10,8.57205857026727e-10,9.656812427956873e-13,9.656812427956873e-13
pair_inhibition-0p5ns,A,CS,138,1.4131200000000001e-05,1.42336e-05,4.105260924789793e-10,4.1018846804042357e-10,3.376244385557487e-13,3.376244385557487e-13
pair_inhibition-0p5ns,A,CS,139,1.42336e-05,1.4336000000000001e-05,2.3563198858345585e-10,2.354879175159623e-10,1.4407106749353388e-13,1.4407106749353388e-13
pair_inhibition-0p5ns,A,CS,140,1.4336000000000001e-05,1.44384e-05,1.6054213032315643e-10,1.604776900724653e-10,6.444025069112255e-14,6.444025069112255e-14
pair_inhibition-0p5ns,A,CS,141,1.44384e-05,1.45408e-05,1.2365055433468765e-10,1.236191387429972e-10,3.141559169045554e-14,3.141559169045554e-14
pair_inhibition-0p5ns,A,CS,142,1.45408e-05,1.46432e-05,9.801021961291794e-11,9.794458177128224e-11,6.563784163569836e-14,6.563784163569836e-14
pair_inhibition-0p5ns,A,CS,143,1.46432e-05,1.47456e-05,7.289273211185853e-11,7.278835654771386e-11,1.0437556414466474e-13,1.0437556414466474e-13
pair_inhibition-0p5ns,A,CS,144,1.47456e-05,1.4848e-05,5.218426772676906e-11,5.2140457409695086e-11,4.3810317073976957e-14,4.3810317073976957e-14
pair_inhibition-0p5ns,A,CS,145,1.4848e-05,1.49504e-05,4.091336521735308e-11,4.08954769386915e-11,1.788827866157986e-14,1.788827866157986e-14
pair_inhibition-0p5ns,A,CS,146,1.49504e-05,1.5052800000000001e-05,3.750901963791431e-11,3.751274252586272e-11,-3.72288794840536e-15,3.72288794840536e-15
pair_inhibition-0p5ns,A,CS,147,1.5052800000000001e-05,1.51552e-05,3.9034691014530714e-11,3.905167962739212e-11,-1.6988612861408375e-14,1.6988612861408375e-14
pair_inhibition-0p5ns,A,CS,148,1.51552e-05,1.5257600000000001e-05,4.377388334177608e-11,4.3800072763713735e-11,-2.618942193765336e-14,2.618942193765336e-14
pair_inhibition-0p5ns,A,CS,149,1.5257600000000001e-05,1.5360000000000002e-05,5.1106783853029854e-11,5.1140148998060086e-11,-3.336514503023215e-14,3.336514503023215e-14
pair_inhibition-0p5ns,A,CS,150,1.5360000000000002e-05,1.54624e-05,6.076900467204613e-11,6.080674557525424e-11,-3.7740903208108847e-14,3.7740903208108847e-14
pair_inhibition-0p5ns,A,CS,151,1.54624e-05,1.55648e-05,7.138356043126346e-11,7.142234816338814e-11,-3.8787732124672596e-14,3.8787732124672596e-14
pair_inhibition-0p5ns,A,CS,152,1.55648e-05,1.56672e-05,8.251925726807276e-11,8.255865915845929e-11,-3.9401890386520956e-14,3.9401890386520956e-14
pair_inhibition-0p5ns,A,CS,153,1.56672e-05,1.57696e-05,9.410106493934375e-11,9.414073070658273e-11,-3.966576723897059e-14,3.966576723897059e-14
pair_inhibition-0p5ns,A,CS,154,1.57696e-05,1.5872e-05,1.0607957395656264e-10,1.0611928860550813e-10,-3.9714648945495673e-14,3.9714648945495673e-14
pair_inhibition-0p5ns,A,CS,155,1.5872e-05,1.59744e-05,1.184500666620368e-10,1.184896931344777e-10,-3.962647244088321e-14,3.962647244088321e-14
pair_inhibition-0p5ns,A,CS,156,1.59744e-05,1.60768e-05,1.312691681842071e-10,1.3130896128757598e-10,-3.979310336889413e-14,3.979310336889413e-14
pair_inhibition-0p5ns,A,CS,157,1.60768e-05,1.61792e-05,1.446788048746593e-10,1.447191281297789e-10,-4.0323255119606434e-14,4.0323255119606434e-14
pair_inhibition-0p5ns,A,CS,158,1.61792e-05,1.62816e-05,1.5894861629518977e-10,1.5899033723561078e-10,-4.1720940421009896e-14,4.1720940421009896e-14
pair_inhibition-0p5ns,A,CS,159,1.62816e-05,1.6384e-05,1.7456888459785073e-10,1.7461385885060212e-10,-4.4974252751391326e-14,4.4974252751391326e-14
pair_inhibition-0p5ns,A,CS,160,1.6384e-05,1.6486400000000002e-05,1.924788098963579e-10,1.9252755358090465e-10,-4.8743684546751714e-14,4.8743684546751714e-14
pair_inhibition-0p5ns,A,CS,161,1.6486400000000002e-05,1.65888e-05,2.1468262895152806e-10,2.1475616848948346e-10,-7.353953795539952e-14,7.353953795539952e-14
pair_inhibition-0p5ns,A,CS,162,1.65888e-05,1.66912e-05,2.4671773923034325e-10,2.4678034980564984e-10,-6.261057530658977e-14,6.261057530658977e-14
pair_inhibition-0p5ns,A,CS,163,1.66912e-05,1.67936e-05,3.1205798053728654e-10,3.124738884742081e-10,-4.1590793692155883e-13,4.1590793692155883e-13
pair_inhibition-0p5ns,A,CS,164,1.67936e-05,1.6896000000000002e-05,9.894516365979732e-10,9.937312891526413e-10,-4.279652554668121e-12,4.279652554668121e-12
pair_inhibition-0p5ns,A,CS,165,1.6896000000000002e-05,1.69984e-05,1.2055216883882045e-09,1.202153593294348e-09,3.368095093856516e-12,3.368095093856516e-12
pair_inhibition-0p5ns,A,CS,166,1.69984e-05,1.71008e-05,5.374973664036555e-10,5.379957623347046e-10,-4.983959310490963e-13,4.983959310490963e-13
pair_inhibition-0p5ns,A,CS,167,1.71008e-05,1.72032e-05,2.876664457513167e-10,2.8713146273074045e-10,5.349830205762578e-13,5.349830205762578e-13
pair_inhibition-0p5ns,A,CS,168,1.72032e-05,1.73056e-05,1.8344357850799917e-10,1.8345654076080006e-10,-1.2962252800895818e-14,1.2962252800895818e-14
pair_inhibition-0p5ns,A,CS,169,1.73056e-05,1.7408e-05,1.3585837332437952e-10,1.3578787008679697e-10,7.050323758254964e-14,7.050323758254964e-14
pair_inhibition-0p5ns,A,CS,170,1.7408e-05,1.75104e-05,1.0787649253242891e-10,1.0784630184277122e-10,3.0190689657692034e-14,3.0190689657692034e-14
pair_inhibition-0p5ns,A,CS,171,1.75104e-05,1.7612800000000002e-05,8.280344747442739e-11,8.269441164706137e-11,1.0903582736602263e-13,1.0903582736602263e-13
pair_inhibition-0p5ns,A,CS,172,1.7612800000000002e-05,1.77152e-05,5.944236139934671e-11,5.937736484188514e-11,6.499655746157126e-14,6.499655746157126e-14
pair_inhibition-0p5ns,A,CS,173,1.77152e-05,1.78176e-05,4.434459996392728e-11,4.4317729100224275e-11,2.6870863703003297e-14,2.6870863703003297e-14
pair_inhibition-0p5ns,A,CS,174,1.78176e-05,1.792e-05,3.820453282382377e-11,3.8200517307263795e-11,4.015516559976174e-15,4.015516559976174e-15
pair_inhibition-0p5ns,A,CS,175,1.792e-05,1.8022400000000002e-05,3.8051341137809226e-11,3.8063710813942755e-11,-1.236967613352874e-14,1.236967613352874e-14
pair_inhibition-0p5ns,A,CS,176,1.8022400000000002e-05,1.81248e-05,4.164068905559579e-11,4.1663639775134824e-11,-2.2950719539031177e-14,2.2950719539031177e-14
pair_inhibition-0p5ns,A,CS,177,1.81248e-05,1.82272e-05,4.797418835443829e-11,4.8004345088460785e-11,-3.0156734022496434e-14,3.0156734022496434e-14
pair_inhibition-0p5ns,A,CS,178,1.82272e-05,1.83296e-05,5.6840131571743607e-11,5.687789552462364e-11,-3.7763952880033564e-14,3.7763952880033564e-14
pair_inhibition-0p5ns,A,CS,179,1.83296e-05,1.8432e-05,6.723649889411007e-11,6.727470571824255e-11,-3.8206824132483307e-14,3.8206824132483307e-14
pair_inhibition-0p5ns,A,CS,180,1.8432e-05,1.85344e-05,7.81971520670278e-11,7.823639994847485e-11,-3.9247881447052403e-14,3.9247881447052403e-14
pair_inhibition-0p5ns,A,CS,181,1.85344e-05,1.86368e-05,8.963386305209841e-11,8.967343470642601e-11,-3.957165432759949e-14,3.957165432759949e-14
pair_inhibition-0p5ns,A,CS,182,1.86368e-05,1.8739200000000002e-05,1.0148396823237482e-10,1.0152367051692886e-10,-3.970228455403707e-14,3.970228455403707e-14
pair_inhibition-0p5ns,A,CS,183,1.8739200000000002e-05,1.88416e-05,1.137237224675021e-10,1.1376342782009757e-10,-3.970535259546676e-14,3.970535259546676e-14
pair_inhibition-0p5ns,A,CS,184,1.88416e-05,1.8944e-05,1.2638449767900724e-10,1.2642426126725607e-10,-3.976358824882653e-14,3.976358824882653e-14
pair_inhibition-0p5ns,A,CS,185,1.8944e-05,1.90464e-05,1.3957294820806504e-10,1.3961304023751894e-10,-4.009202945389387e-14,4.009202945389387e-14
pair_inhibition-0p5ns,A,CS,186,1.90464e-05,1.9148800000000002e-05,1.535045422647771e-10,1.5354562498409585e-10,-4.108271931876646e-14,4.108271931876646e-14
pair_inhibition-0p5ns,A,CS,187,1.9148800000000002e-05,1.92512e-05,1.6857293508286288e-10,1.686161722424967e-10,-4.3237159633820494e-14,4.3237159633820494e-14
pair_inhibition-0p5ns,A,CS,188,1.92512e-05,1.93536e-05,1.8550895658943754e-10,1.8555790990138673e-10,-4.8953311949195053e-14,4.8953311949195053e-14
pair_inhibition-0p5ns,A,CS,189,1.93536e-05,1.9456e-05,2.058174275665936e-10,2.058704197308234e-10,-5.299216422979359e-14,5.299216422979359e-14
pair_inhibition-0p5ns,A,CS,190,1.9456e-05,1.9558400000000002e-05,2.3312486507590316e-10,2.332294399645905e-10,-1.0457488868732873e-13,1.0457488868732873e-13
pair_inhibition-0p5ns,A,CS,191,1.9558400000000002e-05,1.96608e-05,2.8031430985590065e-10,2.8040465972775967e-10,-9.034987185902623e-14,9.034987185902623e-14
pair_inhibition-0p5ns,A,CS,192,1.96608e-05,1.97632e-05,4.85788900581703e-10,4.879009144126163e-10,-2.112013830913367e-12,2.112013830913367e-12
pair_inhibition-0p5ns,A,CS,193,1.97632e-05,1.9865600000000002e-05,1.5067163416816048e-09,1.5068063129116855e-09,-8.997123008066143e-14,8.997123008066143e-14
pair_inhibition-0p5ns,A,CS,194,1.9865600000000002e-05,1.9968e-05,7.06378519539627e-10,7.068016886578288e-10,-4.231691182018323e-13,4.231691182018323e-13
pair_inhibition-0p5ns,A,CS,195,1.9968e-05,2e-05,1.342536225847457e-10,1.3406773011368913e-10,1.8589247105656783e-13,1.8589247105656783e-13
pair_inhibition-0p5ns,B,CS,0,0.0,1.024e-07,4.1292669787520045e-13,4.217113761467676e-13,-8.784678271567139e-15,8.784678271567139e-15
pair_inhibition-0p5ns,B,CS,1,1.024e-07,2.048e-07,2.759189301062041e-12,2.7809666638829342e-12,-2.1777362820893194e-14,2.1777362820893194e-14
pair_inhibition-0p5ns,B,CS,2,2.048e-07,3.072e-07,7.0478996996268544e-12,7.0810184417421214e-12,-3.3118742115266993e-14,3.3118742115266993e-14
pair_inhibition-0p5ns,B,CS,3,3.072e-07,4.096e-07,1.2921638255258807e-11,1.2963491213117364e-11,-4.185295785855747e-14,4.185295785855747e-14
pair_inhibition-0p5ns,B,CS,4,4.096e-07,5.12e-07,2.011127109164087e-11,2.016001419317559e-11,-4.8743101534717935e-14,4.8743101534717935e-14
pair_inhibition-0p5ns,B,CS,5,5.12e-07,6.144e-07,2.841675613840764e-11,2.8470702294169224e-11,-5.394615576158518e-14,5.394615576158518e-14
pair_inhibition-0p5ns,B,CS,6,6.144e-07,7.168000000000001e-07,3.7688463013698214e-11,3.774642583608834e-11,-5.796282239012915e-14,5.796282239012915e-14
pair_inhibition-0p5ns,B,CS,7,7.168000000000001e-07,8.192e-07,4.781542987921396e-11,4.7876350875935685e-11,-6.092099672172761e-14,6.092099672172761e-14
pair_inhibition-0p5ns,B,CS,8,8.192e-07,9.216e-07,5.87174486521445e-11,5.878047522809288e-11,-6.302657594838603e-14,6.302657594838603e-14
pair_inhibition-0p5ns,B,CS,9,9.216e-07,1.024e-06,7.034232198178323e-11,7.040676661859743e-11,-6.444463681420096e-14,6.444463681420096e-14
pair_inhibition-0p5ns,B,CS,10,1.024e-06,1.1264000000000001e-06,8.26678591852357e-11,8.273311896240158e-11,-6.525977716588917e-14,6.525977716588917e-14
pair_inhibition-0p5ns,B,CS,11,1.1264000000000001e-06,1.2288e-06,9.570971253793909e-11,9.577552813022875e-11,-6.581559228966301e-14,6.581559228966301e-14
pair_inhibition-0p5ns,B,CS,12,1.2288e-06,1.3312e-06,1.0953968774942088e-10,1.0960611111673074e-10,-6.642336730986377e-14,6.642336730986377e-14
pair_inhibition-0p5ns,B,CS,13,1.3312e-06,1.4336000000000001e-06,1.2432225991741504e-10,1.2438940509101464e-10,-6.71451735995996e-14,6.71451735995996e-14
pair_inhibition-0p5ns,B,CS,14,1.4336000000000001e-06,1.536e-06,1.4038970048419526e-10,1.4045751576910927e-10,-6.781528491400451e-14,6.781528491400451e-14
pair_inhibition-0p5ns,B,CS,15,1.536e-06,1.6384e-06,1.5840233030716207e-10,1.5848041088542524e-10,-7.808057826316525e-14,7.808057826316525e-14
pair_inhibition-0p5ns,B,CS,16,1.6384e-06,1.7408000000000001e-06,1.7986563879487378e-10,1.7991478096863757e-10,-4.9142173763787434e-14,4.9142173763787434e-14
pair_inhibition-0p5ns,B,CS,17,1.7408000000000001e-06,1.8432e-06,2.0825929260590997e-10,2.0850922812284682e-10,-2.4993551693685007e-13,2.4993551693685007e-13
pair_inhibition-0p5ns,B,CS,18,1.8432e-06,1.9456e-06,2.5856000739827536e-10,2.581342935891051e-10,4.257138091702725e-13,4.257138091702725e-13
pair_inhibition-0p5ns,B,CS,19,1.9456e-06,2.048e-06,5.689136632523863e-10,5.762607664545673e-10,-7.347103202180953e-12,7.347103202180953e-12
pair_inhibition-0p5ns,B,CS,20,2.048e-06,2.1504e-06,3.2289840149319395e-09,3.2301784712524603e-09,-1.1944563205208146e-12,1.1944563205208146e-12
pair_inhibition-0p5ns,B,CS,21,2.1504e-06,2.2528000000000003e-06,1.3709531992003307e-09,1.3722285951576405e-09,-1.2753959573098541e-12,1.2753959573098541e-12
pair_inhibition-0p5ns,B,CS,22,2.2528000000000003e-06,2.3552e-06,6.59910662413863e-10,6.582835708782922e-10,1.6270915355708373e-12,1.6270915355708373e-12
pair_inhibition-0p5ns,B,CS,23,2.3552e-06,2.4576e-06,3.788272844802288e-10,3.7893938392616104e-10,-1.1209944593225733e-13,1.1209944593225733e-13
pair_inhibition-0p5ns,B,CS,24,2.4576e-06,2.56e-06,2.5948438967169866e-10,2.5928700040715124e-10,1.973892645474253e-13,1.973892645474253e-13
pair_inhibition-0p5ns,B,CS,25,2.56e-06,2.6624e-06,2.0377142559605541e-10,2.0375109830982228e-10,2.032728623313798e-14,2.032728623313798e-14
pair_inhibition-0p5ns,B,CS,26,2.6624e-06,2.7648e-06,1.7630165796622393e-10,1.7626977286410353e-10,3.1885102120404574e-14,3.1885102120404574e-14
pair_inhibition-0p5ns,B,CS,27,2.7648e-06,2.8672000000000003e-06,1.6146370662513649e-10,1.614511938706557e-10,1.2512754480779102e-14,1.2512754480779102e-14
pair_inhibition-0p5ns,B,CS,28,2.8672000000000003e-06,2.9696e-06,1.5089564896067612e-10,1.508749899851333e-10,2.065897554281814e-14,2.065897554281814e-14
pair_inhibition-0p5ns,B,CS,29,2.9696e-06,3.072e-06,1.3918150015443278e-10,1.391324356761424e-10,4.906447829037539e-14,4.906447829037539e-14
pair_inhibition-0p5ns,B,CS,30,3.072e-06,3.1744e-06,1.2468067250268754e-10,1.2460470397054442e-10,7.59685321431114e-14,7.59685321431114e-14
pair_inhibition-0p5ns,B,CS,31,3.1744e-06,3.2768e-06,1.0917634223555695e-10,1.0910386225049846e-10,7.247998505848444e-14,7.247998505848444e-14
pair_inhibition-0p5ns,B,CS,32,3.2768e-06,3.3792e-06,9.569849255440242e-11,9.564721414584665e-11,5.1278408555778325e-14,5.1278408555778325e-14
pair_inhibition-0p5ns,B,CS,33,3.3792e-06,3.4816000000000003e-06,8.704427156465877e-11,8.701963011494457e-11,2.4641449714202043e-14,2.4641449714202043e-14
pair_inhibition-0p5ns,B,CS,34,3.4816000000000003e-06,3.5840000000000003e-06,8.487116773526179e-11,8.487352442578416e-11,-2.3566905223649907e-15,2.3566905223649907e-15
pair_inhibition-0p5ns,B,CS,35,3.5840000000000003e-06,3.6864e-06,8.990250126212323e-11,8.992680730985767e-11,-2.4306047734442438e-14,2.4306047734442438e-14
pair_inhibition-0p5ns,B,CS,36,3.6864e-06,3.7888e-06,1.03587175900074e-10,1.036445994228989e-10,-5.742352282489868e-14,5.742352282489868e-14
pair_inhibition-0p5ns,B,CS,37,3.7888e-06,3.8912e-06,1.2552387486154888e-10,1.255863854661229e-10,-6.251060457401742e-14,6.251060457401742e-14
pair_inhibition-0p5ns,B,CS,38,3.8912e-06,3.9936e-06,1.5067204203819603e-10,1.5074325912503237e-10,-7.121708683633913e-14,7.121708683633913e-14
pair_inhibition-0p5ns,B,CS,39,3.9936e-06,4.096e-06,1.788806525167768e-10,1.789575277309709e-10,-7.687521419410309e-14,7.687521419410309e-14
pair_inhibition-0p5ns,B,CS,40,4.096e-06,4.1984e-06,2.11587257674053e-10,2.1167898975016725e-10,-9.173207611425312e-14,9.173207611425312e-14
pair_inhibition-0p5ns,B,CS,41,4.1984e-06,4.3008e-06,2.5347950623374723e-10,2.5359522966993734e-10,-1.1572343619011002e-13,1.1572343619011002e-13
pair_inhibition-0p5ns,B,CS,42,4.3008e-06,4.4032000000000005e-06,3.230865729126112e-10,3.2335819147277927e-10,-2.7161856016808696e-13,2.7161856016808696e-13
pair_inhibition-0p5ns,B,CS,43,4.4032000000000005e-06,4.5056000000000005e-06,7.188405155323975e-10,7.232233863564311e-10,-4.382870824033608e-12,4.382870824033608e-12
pair_inhibition-0p5ns,B,CS,44,4.5056000000000005e-06,4.608e-06,1.4427748335834488e-09,1.4371818844162163e-09,5.5929491672324936e-12,5.5929491672324936e-12
pair_inhibition-0p5ns,B,CS,45,4.608e-06,4.7104e-06,6.886480543030809e-10,6.900799992470413e-10,-1.43194494396042e-12,1.43194494396042e-12
pair_inhibition-0p5ns,B,CS,46,4.7104e-06,4.8128e-06,3.9288774481687086e-10,3.920088397167139e-10,8.78905100156976e-13,8.78905100156976e-13
pair_inhibition-0p5ns,B,CS,47,4.8128e-06,4.9152e-06,2.650381918949772e-10,2.651191771803129e-10,-8.098528533570146e-14,8.098528533570146e-14
pair_inhibition-0p5ns,B,CS,48,4.9152e-06,5.0176e-06,2.0633806023030846e-10,2.0623116792822318e-10,1.0689230208527656e-13,1.0689230208527656e-13
pair_inhibition-0p5ns,B,CS,49,5.0176e-06,5.12e-06,1.756253940807145e-10,1.756227163347464e-10,2.677745968111323e-15,2.677745968111323e-15
pair_inhibition-0p5ns,B,CS,50,5.12e-06,5.2224e-06,1.5563781661946943e-10,1.5554645339340827e-10,9.136322606116041e-14,9.136322606116041e-14
pair_inhibition-0p5ns,B,CS,51,5.2224e-06,5.3248e-06,1.4455552494081782e-10,1.4456546475523556e-10,-9.939814417738025e-15,9.939814417738025e-15
pair_inhibition-0p5ns,B,CS,52,5.3248e-06,5.4272e-06,1.4579721705531935e-10,1.4578428625998007e-10,1.2930795339283639e-14,1.2930795339283639e-14
pair_inhibition-0p5ns,B,CS,53,5.4272e-06,5.5296e-06,1.5074742057963723e-10,1.5074080334891406e-10,6.6172307231752546e-15,6.6172307231752546e-15
pair_inhibition-0p5ns,B,CS,54,5.5296e-06,5.6320000000000005e-06,1.5577668709434603e-10,1.5576521065689523e-10,1.1476437450803585e-14,1.1476437450803585e-14
pair_inhibition-0p5ns,B,CS,55,5.6320000000000005e-06,5.7344000000000005e-06,1.6119812011177528e-10,1.6119045777086048e-10,7.662340914802029e-15,7.662340914802029e-15
pair_inhibition-0p5ns,B,CS,56,5.7344000000000005e-06,5.836800000000001e-06,1.6911042907855373e-10,1.6910785567295833e-10,2.5734055954042866e-15,2.5734055954042866e-15
pair_inhibition-0p5ns,B,CS,57,5.836800000000001e-06,5.9392e-06,1.8266487299928256e-10,1.8269774410168042e-10,-3.287110239785954e-14,3.287110239785954e-14
pair_inhibition-0p5ns,B,CS,58,5.9392e-06,6.0416e-06,2.0142343299434423e-10,2.0144613118181831e-10,-2.2698187474085233e-14,2.2698187474085233e-14
pair_inhibition-0p5ns,B,CS,59,6.0416e-06,6.144e-06,2.1784575795855044e-10,2.1787186344336456e-10,-2.6105484814117083e-14,2.6105484814117083e-14
pair_inhibition-0p5ns,B,CS,60,6.144e-06,6.2464e-06,2.3072121771478836e-10,2.3074040247915805e-10,-1.918476436969743e-14,1.918476436969743e-14
pair_inhibition-0p5ns,B,CS,61,6.2464e-06,6.3488e-06,2.4017777545062164e-10,2.4019271614986493e-10,-1.494069924329204e-14,1.494069924329204e-14
pair_inhibition-0p5ns,B,CS,62,6.3488e-06,6.4512e-06,2.4660843821186766e-10,2.4661886872091837e-10,-1.043050905070802e-14,1.043050905070802e-14
pair_inhibition-0p5ns,B,CS,63,6.4512e-06,6.5536e-06,2.505287493086537e-10,2.5053547118128224e-10,-6.721872628547973e-15,6.721872628547973e-15
pair_inhibition-0p5ns,B,CS,64,6.5536e-06,6.656e-06,2.525018929583533e-10,2.5250560386136247e-10,-3.7109030091731135e-15,3.7109030091731135e-15
pair_inhibition-0p5ns,B,CS,65,6.656e-06,6.7584e-06,2.530834031759803e-10,2.530849164313744e-10,-1.5132553941218366e-15,1.5132553941218366e-15
pair_inhibition-0p5ns,B,CS,66,6.7584e-06,6.8608000000000004e-06,2.5277263412882584e-10,2.527726980437664e-10,-6.391494053756826e-17,6.391494053756826e-17
pair_inhibition-0p5ns,B,CS,67,6.8608000000000004e-06,6.9632000000000005e-06,2.51978502803256e-10,2.5197775496156145e-10,7.478416945286158e-16,7.478416945286158e-16
pair_inhibition-0p5ns,B,CS,68,6.9632000000000005e-06,7.065600000000001e-06,2.510040908758786e-10,2.5100301699456066e-10,1.0738813179218412e-15,1.0738813179218412e-15
pair_inhibition-0p5ns,B,CS,69,7.065600000000001e-06,7.168000000000001e-06,2.5004764091239677e-10,2.500465685660763e-10,1.072346320461789e-15,1.072346320461789e-15
pair_inhibition-0p5ns,B,CS,70,7.168000000000001e-06,7.2704e-06,2.4921739773971553e-10,2.492165150439975e-10,8.826957180178062e-16,8.826957180178062e-16
pair_inhibition-0p5ns,B,CS,71,7.2704e-06,7.3728e-06,2.485540053905506e-10,2.485533885174703e-10,6.168730802897608e-16,6.168730802897608e-16
pair_inhibition-0p5ns,B,CS,72,7.3728e-06,7.4752e-06,2.4805398405091075e-10,2.4805364272776173e-10,3.413231490241775e-16,3.413231490241775e-16
pair_inhibition-0p5ns,B,CS,73,7.4752e-06,7.5776e-06,2.476900810736327e-10,2.4768997992215844e-10,1.0115147427034094e-16,1.0115147427034094e-16
pair_inhibition-0p5ns,B,CS,74,7.5776e-06,7.680000000000001e-06,2.474266995250863e-10,2.474268161502154e-10,-1.166251290711484e-16,1.166251290711484e-16
pair_inhibition-0p5ns,B,CS,75,7.680000000000001e-06,7.7824e-06,2.4723097270143174e-10,2.4723119972873693e-10,-2.2702730518857617e-16,2.2702730518857617e-16
pair_inhibition-0p5ns,B,CS,76,7.7824e-06,7.8848e-06,2.4708062457313074e-10,2.4708123975376387e-10,-6.151806331360122e-16,6.151806331360122e-16
pair_inhibition-0p5ns,B,CS,77,7.8848e-06,7.9872e-06,2.4697812761309605e-10,2.469781906830681e-10,-6.306997202632774e-17,6.306997202632774e-17
pair_inhibition-0p5ns,B,CS,78,7.9872e-06,8.0896e-06,2.469936112566208e-10,2.4699758699598725e-10,-3.975739366472985e-15,3.975739366472985e-15
pair_inhibition-0p5ns,B,CS,79,8.0896e-06,8.192e-06,2.4844685614597913e-10,2.4845472388006793e-10,-7.867734088800002e-15,7.867734088800002e-15
pair_inhibition-0p5ns,B,CS,80,8.192e-06,8.2944e-06,2.545209963087281e-10,2.5454771504865985e-10,-2.671873993175125e-14,2.671873993175125e-14
pair_inhibition-0p5ns,B,CS,81,8.2944e-06,8.3968e-06,2.5667962004798004e-10,2.5668612112514296e-10,-6.501077162921233e-15,6.501077162921233e-15
pair_inhibition-0p5ns,B,CS,82,8.3968e-06,8.4992e-06,2.507411038240897e-10,2.507205697747434e-10,2.053404934631409e-14,2.053404934631409e-14
pair_inhibition-0p5ns,B,CS,83,8.4992e-06,8.6016e-06,2.419331437521561e-10,2.4192134014596967e-10,1.1803606186408745e-14,1.1803606186408745e-14
pair_inhibition-0p5ns,B,CS,84,8.6016e-06,8.704e-06,2.347816561625741e-10,2.3476827738803907e-10,1.337877453501927e-14,1.337877453501927e-14
pair_inhibition-0p5ns,B,CS,85,8.704e-06,8.806400000000001e-06,2.2970093315276409e-10,2.2969050629497383e-10,1.0426857790258758e-14,1.0426857790258758e-14
pair_inhibition-0p5ns,B,CS,86,8.806400000000001e-06,8.9088e-06,2.2642033810266868e-10,2.264113376713427e-10,9.000431325988847e-15,9.000431325988847e-15
pair_inhibition-0p5ns,B,CS,87,8.9088e-06,9.011200000000001e-06,2.2468489510670584e-10,2.2467777050817545e-10,7.124598530393587e-15,7.124598530393587e-15
pair_inhibition-0p5ns,B,CS,88,9.011200000000001e-06,9.1136e-06,2.2442782677056438e-10,2.2442311263970904e-10,4.7141308553399815e-15,4.7141308553399815e-15
pair_inhibition-0p5ns,B,CS,89,9.1136e-06,9.216e-06,2.2570570587710963e-10,2.257043477456355e-10,1.358131474124181e-15,1.358131474124181e-15
pair_inhibition-0p5ns,B,CS,90,9.216e-06,9.3184e-06,2.2853397428009638e-10,2.2853641512739646e-10,-2.4408473000875532e-15,2.4408473000875532e-15
pair_inhibition-0p5ns,B,CS,91,9.3184e-06,9.4208e-06,2.327001740981052e-10,2.3270680920194276e-10,-6.6351038375700136e-15,6.6351038375700136e-15
pair_inhibition-0p5ns,B,CS,92,9.4208e-06,9.5232e-06,2.3744809667457693e-10,2.374549476984085e-10,-6.851023831545086e-15,6.851023831545086e-15
pair_inhibition-0p5ns,B,CS,93,9.5232e-06,9.6256e-06,2.415055634784161e-10,2.4151176236622915e-10,-6.19888781302675e-15,6.19888781302675e-15
pair_inhibition-0p5ns,B,CS,94,9.6256e-06,9.728e-06,2.4460599001944843e-10,2.446108458947748e-10,-4.855875326367264e-15,4.855875326367264e-15
pair_inhibition-0p5ns,B,CS,95,9.728e-06,9.8304e-06,2.467967252166342e-10,2.468003565880642e-10,-3.631371429978991e-15,3.631371429978991e-15
pair_inhibition-0p5ns,B,CS,96,9.8304e-06,9.932800000000001e-06,2.48199815143973e-10,2.4820232850044885e-10,-2.513356475859763e-15,2.513356475859763e-15
pair_inhibition-0p5ns,B,CS,97,9.932800000000001e-06,1.00352e-05,2.4897159690943337e-10,2.4897319846576107e-10,-1.6015563277010603e-15,1.6015563277010603e-15
pair_inhibition-0p5ns,B,CS,98,1.00352e-05,1.0137600000000001e-05,2.49272883622948e-10,2.492737891665026e-10,-9.055435545966502e-16,9.055435545966502e-16
pair_inhibition-0p5ns,B,CS,99,1.0137600000000001e-05,1.024e-05,2.4924965597319537e-10,2.4925007279556813e-10,-4.168223727619873e-16,4.168223727619873e-16
pair_inhibition-0p5ns,B,CS,100,1.024e-05,1.0342400000000001e-05,2.4902301506642423e-10,2.490231235188239e-10,-1.084523996925588e-16,1.084523996925588e-16
pair_inhibition-0p5ns,B,CS,101,1.0342400000000001e-05,1.04448e-05,2.4868598208338995e-10,2.4868591776967645e-10,6.431371350583333e-17,6.431371350583333e-17
pair_inhibition-0p5ns,B,CS,102,1.04448e-05,1.05472e-05,2.4830490974495175e-10,2.483048082073789e-10,1.0153757286706774e-16,1.0153757286706774e-16
pair_inhibition-0p5ns,B,CS,103,1.05472e-05,1.06496e-05,2.479241036454027e-10,2.4792393869698967e-10,1.6494841304743273e-16,1.6494841304743273e-16
pair_inhibition-0p5ns,B,CS,104,1.06496e-05,1.0752e-05,2.475713523781469e-10,2.475715843188943e-10,-2.3194074737719077e-16,2.3194074737719077e-16
pair_inhibition-0p5ns,B,CS,105,1.0752e-05,1.08544e-05,2.472698271720951e-10,2.472690558390361e-10,7.713330589607634e-16,7.713330589607634e-16
pair_inhibition-0p5ns,B,CS,106,1.08544e-05,1.09568e-05,2.4704599986697153e-10,2.470499254544467e-10,-3.9255874751585725e-15,3.9255874751585725e-15
pair_inhibition-0p5ns,B,CS,107,1.09568e-05,1.10592e-05,2.471045542304032e-10,2.4709511901351074e-10,9.435216892442216e-15,9.435216892442216e-15
pair_inhibition-0p5ns,B,CS,108,1.10592e-05,1.11616e-05,2.498221306965016e-10,2.498506803783776e-10,-2.854968187600602e-14,2.854968187600602e-14
pair_inhibition-0p5ns,B,CS,109,1.11616e-05,1.1264000000000001e-05,2.5400564871735094e-10,2.5401580595813374e-10,-1.0157240782804444e-14,1.0157240782804444e-14
pair_inhibition-0p5ns,B,CS,110,1.1264000000000001e-05,1.13664e-05,2.528689744033407e-10,2.52865962540049e-10,3.0118632916601816e-15,3.0118632916601816e-15
pair_inhibition-0p5ns,B,CS,111,1.13664e-05,1.1468800000000001e-05,2.467050525083223e-10,2.466923228947446e-10,1.2729613577711593e-14,1.2729613577711593e-14
pair_inhibition-0p5ns,B,CS,112,1.1468800000000001e-05,1.15712e-05,2.401313566767652e-10,2.401198290230825e-10,1.1527653682727549e-14,1.1527653682727549e-14
pair_inhibition-0p5ns,B,CS,113,1.15712e-05,1.1673600000000001e-05,2.3501968136665825e-10,2.3500951492541365e-10,1.0166441244596256e-14,1.0166441244596256e-14
pair_inhibition-0p5ns,B,CS,114,1.1673600000000001e-05,1.1776e-05,2.3153436615030676e-10,2.3152590769811283e-10,8.458452193930634e-15,8.458452193930634e-15
pair_inhibition-0p5ns,B,CS,115,1.1776e-05,1.18784e-05,2.294960380444744e-10,2.2948917359094076e-10,6.864453533650526e-15,6.864453533650526e-15
pair_inhibition-0p5ns,B,CS,116,1.18784e-05,1.19808e-05,2.2876688463962435e-10,2.2876190302167964e-10,4.981617944707534e-15,4.981617944707534e-15
pair_inhibition-0p5ns,B,CS,117,1.19808e-05,1.20832e-05,2.2932792713934198e-10,2.293253837824481e-10,2.543356893874709e-15,2.543356893874709e-15
pair_inhibition-0p5ns,B,CS,118,1.20832e-05,1.21856e-05,2.3119263367253518e-10,2.311932741141547e-10,-6.404416195098369e-16,6.404416195098369e-16
pair_inhibition-0p5ns,B,CS,119,1.21856e-05,1.2288e-05,2.3426152553897904e-10,2.342648509187595e-10,-3.3253797804620505e-15,3.3253797804620505e-15
pair_inhibition-0p5ns,B,CS,120,1.2288e-05,1.23904e-05,2.3819655635486924e-10,2.382038832453426e-10,-7.326890473373767e-15,7.326890473373767e-15
pair_inhibition-0p5ns,B,CS,121,1.23904e-05,1.24928e-05,2.4214865796619615e-10,2.4215399340102544e-10,-5.335434829290122e-15,5.335434829290122e-15
pair_inhibition-0p5ns,B,CS,122,1.24928e-05,1.2595200000000001e-05,2.453597431795644e-10,2.453648444137788e-10,-5.101234214398173e-15,5.101234214398173e-15
pair_inhibition-0p5ns,B,CS,123,1.2595200000000001e-05,1.26976e-05,2.4776709941251676e-10,2.477709561030712e-10,-3.856690554469881e-15,3.856690554469881e-15
pair_inhibition-0p5ns,B,CS,124,1.26976e-05,1.2800000000000001e-05,2.4942844419981126e-10,2.494313206328987e-10,-2.8764330874503064e-15,2.8764330874503064e-15
pair_inhibition-0p5ns,B,CS,125,1.2800000000000001e-05,1.29024e-05,2.504554355197444e-10,2.5045739173819685e-10,-1.9562184524203226e-15,1.9562184524203226e-15
pair_inhibition-0p5ns,B,CS,126,1.29024e-05,1.3004800000000001e-05,2.509812099976969e-10,2.5098244160461997e-10,-1.2316069230882383e-15,1.2316069230882383e-15
pair_inhibition-0p5ns,B,CS,127,1.3004800000000001e-05,1.31072e-05,2.5113836922239723e-10,2.511390537240923e-10,-6.845016950781868e-16,6.845016950781868e-16
pair_inhibition-0p5ns,B,CS,128,1.31072e-05,1.32096e-05,2.51044875065852e-10,2.5104518291056285e-10,-3.078447108472167e-16,3.078447108472167e-16
pair_inhibition-0p5ns,B,CS,129,1.32096e-05,1.3312e-05,2.5079723685914e-10,2.5079731303427154e-10,-7.61751315244931e-17,7.61751315244931e-17
pair_inhibition-0p5ns,B,CS,130,1.3312e-05,1.34144e-05,2.5046888768726327e-10,2.504688442908697e-10,4.3396393588668413e-17,4.3396393588668413e-17
pair_inhibition-0p5ns,B,CS,131,1.34144e-05,1.35168e-05,2.50112104850123e-10,2.5011204349089876e-10,6.135922422530942e-17,6.135922422530942e-17
pair_inhibition-0p5ns,B,CS,132,1.35168e-05,1.36192e-05,2.4976243181284716e-10,2.4976237482884114e-10,5.698400602400896e-17,5.698400602400896e-17
pair_inhibition-0p5ns,B,CS,133,1.36192e-05,1.3721600000000001e-05,2.4944483788749225e-10,2.4944503514556907e-10,-1.9725807681361087e-16,1.9725807681361087e-16
pair_inhibition-0p5ns,B,CS,134,1.3721600000000001e-05,1.3824e-05,2.4918699764879274e-10,2.4918689439192937e-10,1.032568633758622e-16,1.032568633758622e-16
pair_inhibition-0p5ns,B,CS,135,1.3824e-05,1.3926400000000001e-05,2.490581605621884e-10,2.490607712756643e-10,-2.610713475894735e-15,2.610713475894735e-15
pair_inhibition-0p5ns,B,CS,136,1.3926400000000001e-05,1.40288e-05,2.5009088839282286e-10,2.5009749938130325e-10,-6.610988480395499e-15,6.610988480395499e-15
pair_inhibition-0p5ns,B,CS,137,1.40288e-05,1.4131200000000001e-05,2.547030347354826e-10,2.5472295157185703e-10,-1.9916836374408702e-14,1.9916836374408702e-14
pair_inhibition-0p5ns,B,CS,138,1.4131200000000001e-05,1.42336e-05,2.564988599473786e-10,2.5650434871736323e-10,-5.488769984654817e-15,5.488769984654817e-15
pair_inhibition-0p5ns,B,CS,139,1.42336e-05,1.4336000000000001e-05,2.5210744596482224e-10,2.520923703506003e-10,1.5075614221927365e-14,1.5075614221927365e-14
pair_inhibition-0p5ns,B,CS,140,1.4336000000000001e-05,1.44384e-05,2.451066128483666e-10,2.4509601072404946e-10,1.0602124317136141e-14,1.0602124317136141e-14
pair_inhibition-0p5ns,B,CS,141,1.44384e-05,1.45408e-05,2.3912269576472647e-10,2.3911103208092245e-10,1.1663683804019376e-14,1.1663683804019376e-14
pair_inhibition-0p5ns,B,CS,142,1.45408e-05,1.46432e-05,2.3480197628055967e-10,2.347927117067927e-10,9.264573766978768e-15,9.264573766978768e-15
pair_inhibition-0p5ns,B,CS,143,1.46432e-05,1.47456e-05,2.3206405389734365e-10,2.3205632324674694e-10,7.730650596709414e-15,7.730650596709414e-15
pair_inhibition-0p5ns,B,CS,144,1.47456e-05,1.4848e-05,2.3072181561355336e-10,2.3071592525392077e-10,5.8903596325920334e-15,5.8903596325920334e-15
pair_inhibition-0p5ns,B,CS,145,1.4848e-05,1.49504e-05,2.3069151183405878e-10,2.3068786443039186e-10,3.647403666922759e-15,3.647403666922759e-15
pair_inhibition-0p5ns,B,CS,146,1.49504e-05,1.5052800000000001e-05,2.319700848313822e-10,2.319692578258994e-10,8.270054828043161e-16,8.270054828043161e-16
pair_inhibition-0p5ns,B,CS,147,1.5052800000000001e-05,1.51552e-05,2.3450790012523665e-10,2.3451025798305844e-10,-2.357857821796419e-15,2.357857821796419e-15
pair_inhibition-0p5ns,B,CS,148,1.51552e-05,1.5257600000000001e-05,2.380778564868432e-10,2.3808294930168433e-10,-5.0928148411125194e-15,5.0928148411125194e-15
pair_inhibition-0p5ns,B,CS,149,1.5257600000000001e-05,1.5360000000000002e-05,2.421218646101989e-10,2.421282109426612e-10,-6.34633246227274e-15,6.34633246227274e-15
pair_inhibition-0p5ns,B,CS,150,1.5360000000000002e-05,1.54624e-05,2.456728611239984e-10,2.4567820852768826e-10,-5.347403689850245e-15,5.347403689850245e-15
pair_inhibition-0p5ns,B,CS,151,1.54624e-05,1.55648e-05,2.484390123939246e-10,2.4844342361639947e-10,-4.411222474872326e-15,4.411222474872326e-15
pair_inhibition-0p5ns,B,CS,152,1.55648e-05,1.56672e-05,2.504357012903601e-10,2.5043905334512013e-10,-3.352054760050773e-15,3.352054760050773e-15
pair_inhibition-0p5ns,B,CS,153,1.56672e-05,1.57696e-05,2.517475437914589e-10,2.5174993466169627e-10,-2.3908702373764104e-15,2.3908702373764104e-15
pair_inhibition-0p5ns,B,CS,154,1.57696e-05,1.5872e-05,2.524962967669723e-10,2.5249787056421336e-10,-1.5737972410656227e-15,1.5737972410656227e-15
pair_inhibition-0p5ns,B,CS,155,1.5872e-05,1.59744e-05,2.528141830479163e-10,2.528151183445129e-10,-9.352965965979914e-16,9.352965965979914e-16
pair_inhibition-0p5ns,B,CS,156,1.59744e-05,1.60768e-05,2.528258753890781e-10,2.5282635101532974e-10,-4.756262516138438e-16,4.756262516138438e-16
pair_inhibition-0p5ns,B,CS,157,1.60768e-05,1.61792e-05,2.5263819536976787e-10,2.526383711559756e-10,-1.7578620772426126e-16,1.7578620772426126e-16
pair_inhibition-0p5ns,B,CS,158,1.61792e-05,1.62816e-05,2.523358824717466e-10,2.52335878897962e-10,3.573784619288909e-18,3.573784619288909e-18
pair_inhibition-0p5ns,B,CS,159,1.62816e-05,1.6384e-05,2.5198162392138853e-10,2.5198158064695957e-10,4.3274428960973555e-17,4.3274428960973555e-17
pair_inhibition-0p5ns,B,CS,160,1.6384e-05,1.6486400000000002e-05,2.5161940877941685e-10,2.5161926866690565e-10,1.4011251119733324e-16,1.4011251119733324e-16
pair_inhibition-0p5ns,B,CS,161,1.6486400000000002e-05,1.65888e-05,2.512788505741773e-10,2.512791988785532e-10,-3.483043758604861e-16,3.483043758604861e-16
pair_inhibition-0p5ns,B,CS,162,1.65888e-05,1.66912e-05,2.5098804137533944e-10,2.5098704735937734e-10,9.940159620964707e-16,9.940159620964707e-16
pair_inhibition-0p5ns,B,CS,163,1.66912e-05,1.67936e-05,2.5078256838135505e-10,2.5078765936683645e-10,-5.090985481401925e-15,5.090985481401925e-15
pair_inhibition-0p5ns,B,CS,164,1.67936e-05,1.6896000000000002e-05,2.5100254079291063e-10,2.509922136327353e-10,1.0327160175328033e-14,1.0327160175328033e-14
pair_inhibition-0p5ns,B,CS,165,1.6896000000000002e-05,1.69984e-05,2.545289525668325e-10,2.545581017683184e-10,-2.914920148588666e-14,2.914920148588666e-14
pair_inhibition-0p5ns,B,CS,166,1.69984e-05,1.71008e-05,2.585359429594284e-10,2.5854581987581113e-10,-9.87691638272419e-15,9.87691638272419e-15
pair_inhibition-0p5ns,B,CS,167,1.71008e-05,1.72032e-05,2.5656444707696805e-10,2.565574426328952e-10,7.004444072827238e-15,7.004444072827238e-15
pair_inhibition-0p5ns,B,CS,168,1.72032e-05,1.73056e-05,2.4975453529276153e-10,2.4974257069871195e-10,1.1964594049584288e-14,1.1964594049584288e-14
pair_inhibition-0p5ns,B,CS,169,1.73056e-05,1.7408e-05,2.429812603665979e-10,2.429688083459088e-10,1.2452020689107414e-14,1.2452020689107414e-14
pair_inhibition-0p5ns,B,CS,170,1.7408e-05,1.75104e-05,2.37805441757719e-10,2.377951079288833e-10,1.033382883568477e-14,1.033382883568477e-14
pair_inhibition-0p5ns,B,CS,171,1.75104e-05,1.7612800000000002e-05,2.343349030323089e-10,2.343263124156564e-10,8.590616652505257e-15,8.590616652505257e-15
pair_inhibition-0p5ns,B,CS,172,1.7612800000000002e-05,1.77152e-05,2.323760993126861e-10,2.3236933451664074e-10,6.764796045354714e-15,6.764796045354714e-15
pair_inhibition-0p5ns,B,CS,173,1.77152e-05,1.78176e-05,2.3178598490884944e-10,2.317813242005435e-10,4.660708305945605e-15,4.660708305945605e-15
pair_inhibition-0p5ns,B,CS,174,1.78176e-05,1.792e-05,2.3252780169791874e-10,2.3252576055359758e-10,2.0411443211568163e-15,2.0411443211568163e-15
pair_inhibition-0p5ns,B,CS,175,1.792e-05,1.8022400000000002e-05,2.345752657844264e-10,2.345764621625191e-10,-1.196378092669945e-15,1.196378092669945e-15
pair_inhibition-0p5ns,B,CS,176,1.8022400000000002e-05,1.81248e-05,2.37775361849166e-10,2.377790851496593e-10,-3.7233004932716644e-15,3.7233004932716644e-15
pair_inhibition-0p5ns,B,CS,177,1.81248e-05,1.82272e-05,2.417366829107511e-10,2.417440122275966e-10,-7.329316845521593e-15,7.329316845521593e-15
pair_inhibition-0p5ns,B,CS,178,1.82272e-05,1.83296e-05,2.4558087764908444e-10,2.455862282034966e-10,-5.350554412169762e-15,5.350554412169762e-15
pair_inhibition-0p5ns,B,CS,179,1.83296e-05,1.8432e-05,2.4868684432190675e-10,2.48691836566093e-10,-4.992244186236642e-15,4.992244186236642e-15
pair_inhibition-0p5ns,B,CS,180,1.8432e-05,1.85344e-05,2.510113432807727e-10,2.51015137529333e-10,-3.794248560283618e-15,3.794248560283618e-15
pair_inhibition-0p5ns,B,CS,181,1.85344e-05,1.86368e-05,2.5260895314081026e-10,2.526117758906068e-10,-2.822749796561385e-15,2.822749796561385e-15
pair_inhibition-0p5ns,B,CS,182,1.86368e-05,1.8739200000000002e-05,2.5358715973048265e-10,2.5358908150422426e-10,-1.9217737416081456e-15,1.9217737416081456e-15
pair_inhibition-0p5ns,B,CS,183,1.8739200000000002e-05,1.88416e-05,2.5407509431721895e-10,2.540762971317909e-10,-1.2028145719590385e-15,1.2028145719590385e-15
pair_inhibition-0p5ns,B,CS,184,1.88416e-05,1.8944e-05,2.542020526084999e-10,2.542027126133465e-10,-6.600048465995594e-16,6.600048465995594e-16
pair_inhibition-0p5ns,B,CS,185,1.8944e-05,1.90464e-05,2.540837187887375e-10,2.540840061881054e-10,-2.8739936788326295e-16,2.8739936788326295e-16
pair_inhibition-0p5ns,B,CS,186,1.90464e-05,1.9148800000000002e-05,2.538153154856694e-10,2.5381537303286005e-10,-5.754719065159598e-17,5.754719065159598e-17
pair_inhibition-0p5ns,B,CS,187,1.9148800000000002e-05,1.92512e-05,2.534697667745536e-10,2.534697216590935e-10,4.511546008661324e-17,4.511546008661324e-17
pair_inhibition-0p5ns,B,CS,188,1.92512e-05,1.93536e-05,2.5309954219657714e-10,2.530994455161534e-10,9.66804237312574e-17,9.66804237312574e-17
pair_inhibition-0p5ns,B,CS,189,1.93536e-05,1.9456e-05,2.527407131346308e-10,2.5274079115661217e-10,-7.802198134875421e-17,7.802198134875421e-17
pair_inhibition-0p5ns,B,CS,190,1.9456e-05,1.9558400000000002e-05,2.5242133437160743e-10,2.5242110608615727e-10,2.28285450157293e-16,2.28285450157293e-16
pair_inhibition-0p5ns,B,CS,191,1.9558400000000002e-05,1.96608e-05,2.5217266437203353e-10,2.521743879075291e-10,-1.7235354955767264e-15,1.7235354955767264e-15
pair_inhibition-0p5ns,B,CS,192,1.96608e-05,1.97632e-05,2.5212170808719945e-10,2.52118576333271e-10,3.131753928474608e-15,3.131753928474608e-15
pair_inhibition-0p5ns,B,CS,193,1.97632e-05,1.9865600000000002e-05,2.5407462124599026e-10,2.54096210353983e-10,-2.1589107992742526e-14,2.1589107992742526e-14
pair_inhibition-0p5ns,B,CS,194,1.9865600000000002e-05,1.9968e-05,2.591199485950421e-10,2.59136557765284e-10,-1.6609170241903833e-14,1.6609170241903833e-14
pair_inhibition-0p5ns,B,CS,195,1.9968e-05,2e-05,8.143221781764736e-11,8.143416877775409e-11,-1.9509601067287512e-15,1.9509601067287512e-15
