id,device,method,time_s,prediction_J,reference_J,signed_error_J
single_9V-1ns,A,PCHIP,0.0,0.0,0.0,0.0
single_9V-1ns,A,PCHIP,1.024e-07,1.636510735710013e-13,1.74324684216221e-13,-1.0673610645219697e-14
single_9V-1ns,A,PCHIP,2.048e-07,1.2939970756693578e-12,1.322954637895724e-12,-2.8957562226366105e-14
single_9V-1ns,A,PCHIP,3.072e-07,4.184900656095092e-12,4.24123909003519e-12,-5.6338433940098227e-14
single_9V-1ns,A,PCHIP,4.096e-07,9.471856617052493e-12,9.562677831731564e-12,-9.082121467907172e-14
single_9V-1ns,A,PCHIP,5.12e-07,1.765889287983187e-11,1.7789788201125225e-11,-1.308953212933547e-13
single_9V-1ns,A,PCHIP,6.144e-07,2.914370279152734e-11,2.931856891659705e-11,-1.748661250697108e-13
single_9V-1ns,A,PCHIP,7.168000000000001e-07,4.4235633517634014e-11,4.4457556688806245e-11,-2.2192317117223115e-13
single_9V-1ns,A,PCHIP,8.192e-07,6.31717483782393e-11,6.344267888070132e-11,-2.709305024620193e-13
single_9V-1ns,A,PCHIP,9.216e-07,8.612786290533746e-11,8.644895476270164e-11,-3.2109185736418266e-13
single_9V-1ns,A,PCHIP,1.024e-06,1.1322792176349586e-10,1.135998649193528e-10,-3.7194315585694273e-13
single_9V-1ns,A,PCHIP,1.1264000000000001e-06,1.4455244819886613e-10,1.449749937307143e-10,-4.225455318481559e-13
single_9V-1ns,A,PCHIP,1.2288e-06,1.8014352997219375e-10,1.8061637973326692e-10,-4.728497610731742e-13
single_9V-1ns,A,PCHIP,1.3312e-06,2.2001158915805649e-10,2.2053388331266203e-10,-5.222941546055443e-13
single_9V-1ns,A,PCHIP,1.4336000000000001e-06,2.6413920187605063e-10,2.6470979148914927e-10,-5.705896130986462e-13
single_9V-1ns,A,PCHIP,1.536e-06,3.124851268902313e-10,3.1310281656314333e-10,-6.176896729120461e-13
single_9V-1ns,A,PCHIP,1.6384e-06,3.6498854984633223e-10,3.6565160133219373e-10,-6.630514858615007e-13
single_9V-1ns,A,PCHIP,1.7408000000000001e-06,4.215709145317779e-10,4.2227781288324853e-10,-7.068983514706411e-13
single_9V-1ns,A,PCHIP,1.8432e-06,4.8213992907131e-10,4.828888855117665e-10,-7.489564404564756e-13
single_9V-1ns,A,PCHIP,1.9456e-06,5.465912952567332e-10,5.473804583554592e-10,-7.891630987259379e-13
single_9V-1ns,A,PCHIP,2.048e-06,6.148109122506663e-10,6.156385430604542e-10,-8.276308097878741e-13
single_9V-1ns,A,PCHIP,2.1504e-06,6.866774033373834e-10,6.875414495614273e-10,-8.640462240439436e-13
single_9V-1ns,A,PCHIP,2.2528000000000003e-06,7.620627937272578e-10,7.629614933630271e-10,-8.986996357692837e-13
single_9V-1ns,A,PCHIP,2.3552e-06,8.40835037165617e-10,8.417665044096523e-10,-9.314672440352546e-13
single_9V-1ns,A,PCHIP,2.4576e-06,9.228587738466997e-10,9.238211554852462e-10,-9.623816385464815e-13
single_9V-1ns,A,PCHIP,2.56e-06,1.0079965286672293e-09,1.0089881267587755e-09,-9.915980915461653e-13
single_9V-1ns,A,PCHIP,2.6624e-06,1.0961101825015838e-09,1.0971291219220566e-09,-1.0189394204728124e-12
single_9V-1ns,A,PCHIP,2.7648e-06,1.187061074040972e-09,1.188105750742671e-09,-1.0446767016989826e-12
single_9V-1ns,A,PCHIP,2.8672000000000003e-06,1.2807115289995834e-09,1.2817802920393064e-09,-1.0687630397230411e-12
single_9V-1ns,A,PCHIP,2.9696e-06,1.3769250873401217e-09,1.3780163503528288e-09,-1.09126301270705e-12
single_9V-1ns,A,PCHIP,3.072e-06,1.4755670943548309e-09,1.4766794188819575e-09,-1.1123245271266168e-12
single_9V-1ns,A,PCHIP,3.1744e-06,1.5765055086128835e-09,1.5776373601861785e-09,-1.1318515732949873e-12
single_9V-1ns,A,PCHIP,3.2768e-06,1.6796107491656808e-09,1.6807608153292352e-09,-1.1500661635543543e-12
single_9V-1ns,A,PCHIP,3.3792e-06,1.7847565912441266e-09,1.785923550963558e-09,-1.1669597194313066e-12
single_9V-1ns,A,PCHIP,3.4816000000000003e-06,1.8918201522048423e-09,1.8930027527406128e-09,-1.1826005357704576e-12
single_9V-1ns,A,PCHIP,3.5840000000000003e-06,2.0006821606661727e-09,2.001879272386021e-09,-1.1971117198483956e-12
single_9V-1ns,A,PCHIP,3.6864e-06,2.1112273882014646e-09,2.1124378345080043e-09,-1.2104463065396938e-12
single_9V-1ns,A,PCHIP,3.7888e-06,2.223344434573805e-09,2.224567208282476e-09,-1.2227737086711584e-12
single_9V-1ns,A,PCHIP,3.8912e-06,2.3369262440357087e-09,2.338160348068269e-09,-1.2341040325601514e-12
single_9V-1ns,A,PCHIP,3.9936e-06,2.4518700075719887e-09,2.453114506115204e-09,-1.2444985432150779e-12
single_9V-1ns,A,PCHIP,4.096e-06,2.5680772667132588e-09,2.56933131982453e-09,-1.2540531112713562e-12
single_9V-1ns,A,PCHIP,4.1984e-06,2.6854541247257757e-09,2.6867168752486296e-09,-1.2627505228539392e-12
single_9V-1ns,A,PCHIP,4.3008e-06,2.803911033811135e-09,2.805181748130482e-09,-1.2707143193469027e-12
single_9V-1ns,A,PCHIP,4.4032000000000005e-06,2.923363060403908e-09,2.9246410233335146e-09,-1.277962929606789e-12
single_9V-1ns,A,PCHIP,4.5056000000000005e-06,3.0437297460084057e-09,3.045014293280318e-09,-1.2845472719124545e-12
single_9V-1ns,A,PCHIP,4.608e-06,3.1649350971031665e-09,3.166225635960728e-09,-1.2905388575614474e-12
single_9V-1ns,A,PCHIP,4.7104e-06,3.286907635540525e-09,3.288203572962951e-09,-1.2959374224258991e-12
single_9V-1ns,A,PCHIP,4.8128e-06,3.4095801785052095e-09,3.4108810081587165e-09,-1.3008296535070297e-12
single_9V-1ns,A,PCHIP,4.9152e-06,3.532889911780849e-09,3.5341951477618715e-09,-1.3052359810223921e-12
single_9V-1ns,A,PCHIP,5.0176e-06,3.656778206471896e-09,3.6580874026830924e-09,-1.3091962111964207e-12
single_9V-1ns,A,PCHIP,5.12e-06,3.781190512944775e-09,3.782503274367416e-09,-1.3127614226412171e-12
single_9V-1ns,A,PCHIP,5.2224e-06,3.906076286276067e-09,3.907392225455892e-09,-1.3159391798250488e-12
single_9V-1ns,A,PCHIP,5.3248e-06,4.031388749186912e-09,4.032707536895438e-09,-1.3187877085264192e-12
single_9V-1ns,A,PCHIP,5.4272e-06,4.157084827905763e-09,4.158406153259771e-09,-1.3213253540082387e-12
single_9V-1ns,A,PCHIP,5.5296e-06,4.283124937040799e-09,4.284448518193233e-09,-1.3235811524342077e-12
single_9V-1ns,A,PCHIP,5.6320000000000005e-06,4.409472812349264e-09,4.410798402012285e-09,-1.3255896630207167e-12
single_9V-1ns,A,PCHIP,5.7344000000000005e-06,4.536095363252685e-09,4.537422723493561e-09,-1.327360240876091e-12
single_9V-1ns,A,PCHIP,5.836800000000001e-06,4.6629624379469095e-09,4.664291367914894e-09,-1.3289299679844135e-12
single_9V-1ns,A,PCHIP,5.9392e-06,4.790046690297159e-09,4.791377003325924e-09,-1.3303130287643818e-12
single_9V-1ns,A,PCHIP,6.0416e-06,4.917323367913393e-09,4.918654896925709e-09,-1.3315290123161837e-12
single_9V-1ns,A,PCHIP,6.144e-06,5.044770133452582e-09,5.04610273330105e-09,-1.3325998484675802e-12
single_9V-1ns,A,PCHIP,6.2464e-06,5.172366902548879e-09,5.173700436078487e-09,-1.333533529608049e-12
single_9V-1ns,A,PCHIP,6.3488e-06,5.300095642089095e-09,5.301429994381465e-09,-1.3343522923707763e-12
single_9V-1ns,A,PCHIP,6.4512e-06,5.427940229410799e-09,5.429275295261878e-09,-1.3350658510796762e-12
single_9V-1ns,A,PCHIP,6.5536e-06,5.5558862766617306e-09,5.55722196307075e-09,-1.3356864090194836e-12
single_9V-1ns,A,PCHIP,6.656e-06,5.683920979568487e-09,5.685257206537685e-09,-1.3362269691981125e-12
single_9V-1ns,A,PCHIP,6.7584e-06,5.812032980926836e-09,5.813369674114126e-09,-1.3366931872892934e-12
single_9V-1ns,A,PCHIP,6.8608000000000004e-06,5.940212220374904e-09,5.941549317968738e-09,-1.3370975938343995e-12
single_9V-1ns,A,PCHIP,6.9632000000000005e-06,6.068449820639155e-09,6.069787266844498e-09,-1.337446205343197e-12
single_9V-1ns,A,PCHIP,7.065600000000001e-06,6.1967379617666095e-09,6.19807570783999e-09,-1.337746073380688e-12
single_9V-1ns,A,PCHIP,7.168000000000001e-06,6.325069772638676e-09,6.326407777053369e-09,-1.3380044146923985e-12
single_9V-1ns,A,PCHIP,7.2704e-06,6.453439234148537e-09,6.4547774589083166e-09,-1.3382247597794816e-12
single_9V-1ns,A,PCHIP,7.3728e-06,6.581841080146161e-09,6.583179493900742e-09,-1.3384137545807282e-12
single_9V-1ns,A,PCHIP,7.4752e-06,6.710270719601652e-09,6.71160929442759e-09,-1.3385748259374985e-12
single_9V-1ns,A,PCHIP,7.5776e-06,6.838724156526613e-09,6.840062868306106e-09,-1.3387117794935511e-12
single_9V-1ns,A,PCHIP,7.680000000000001e-06,6.96719792117644e-09,6.968536749555871e-09,-1.3388283794310435e-12
single_9V-1ns,A,PCHIP,7.7824e-06,7.095689009352355e-09,7.097027935985956e-09,-1.3389266336010453e-12
single_9V-1ns,A,PCHIP,7.8848e-06,7.224194823253071e-09,7.225533833121052e-09,-1.3390098679809943e-12
single_9V-1ns,A,PCHIP,7.9872e-06,7.35271312409359e-09,7.354052203994008e-09,-1.3390799004177463e-12
single_9V-1ns,A,PCHIP,8.0896e-06,7.481241985676897e-09,7.48258112433786e-09,-1.3391386609627255e-12
single_9V-1ns,A,PCHIP,8.192e-06,7.6097797547221e-09,7.611118942723244e-09,-1.339188001144755e-12
single_9V-1ns,A,PCHIP,8.2944e-06,7.738325016220475e-09,7.739664245201346e-09,-1.3392289808717129e-12
single_9V-1ns,A,PCHIP,8.3968e-06,7.866876560862933e-09,7.868215824035419e-09,-1.3392631724865575e-12
single_9V-1ns,A,PCHIP,8.4992e-06,7.995433358644036e-09,7.996772650125564e-09,-1.339291481528721e-12
single_9V-1ns,A,PCHIP,8.6016e-06,8.123994533925751e-09,8.125333848756825e-09,-1.3393148310738643e-12
single_9V-1ns,A,PCHIP,8.704e-06,8.252559344246286e-09,8.25389867832707e-09,-1.3393340807843283e-12
single_9V-1ns,A,PCHIP,8.806400000000001e-06,8.381127161980736e-09,8.382466511736325e-09,-1.3393497555889296e-12
single_9V-1ns,A,PCHIP,8.9088e-06,8.509697457589849e-09,8.511036820146066e-09,-1.3393625562171807e-12
single_9V-1ns,A,PCHIP,9.011200000000001e-06,8.638269785933556e-09,8.63960915884172e-09,-1.3393729081641711e-12
single_9V-1ns,A,PCHIP,9.1136e-06,8.766843773727736e-09,8.768183154955928e-09,-1.3393812281916176e-12
single_9V-1ns,A,PCHIP,9.216e-06,8.895419108940548e-09,8.896758496833593e-09,-1.3393878930455477e-12
single_9V-1ns,A,PCHIP,9.3184e-06,9.02399553169037e-09,9.025334924840916e-09,-1.339393150545964e-12
single_9V-1ns,A,PCHIP,9.4208e-06,9.15257282614088e-09,9.153912223441396e-09,-1.3393973005160603e-12
single_9V-1ns,A,PCHIP,9.5232e-06,9.281150813820058e-09,9.282490214380326e-09,-1.339400560267764e-12
single_9V-1ns,A,PCHIP,9.6256e-06,9.409729347506974e-09,9.411068750836573e-09,-1.3394033295989716e-12
single_9V-1ns,A,PCHIP,9.728e-06,9.538308308457958e-09,9.539647712416548e-09,-1.339403958590418e-12
single_9V-1ns,A,PCHIP,9.8304e-06,9.666887595172588e-09,9.668227000879292e-09,-1.3394057067042938e-12
single_9V-1ns,A,PCHIP,9.932800000000001e-06,9.795467129778918e-09,9.796806536495006e-09,-1.3394067160879799e-12
single_9V-1ns,A,PCHIP,1.00352e-05,9.924046847584505e-09,9.925386254950879e-09,-1.339407366374364e-12
single_9V-1ns,A,PCHIP,1.0137600000000001e-05,1.0052626696970956e-08,1.005396610472875e-08,-1.3394077577929212e-12
single_9V-1ns,A,PCHIP,1.024e-05,1.0181206636933484e-08,1.0182546044888518e-08,-1.3394079550341383e-12
single_9V-1ns,A,PCHIP,1.0342400000000001e-05,1.0309786635194536e-08,1.031112604319969e-08,-1.339408005154666e-12
single_9V-1ns,A,PCHIP,1.04448e-05,1.0438366666624169e-08,1.0439706074570837e-08,-1.3394079466680336e-12
single_9V-1ns,A,PCHIP,1.05472e-05,1.0566946711924069e-08,1.0568286119733463e-08,-1.3394078093941022e-12
single_9V-1ns,A,PCHIP,1.06496e-05,1.0695526756525304e-08,1.0696866164142498e-08,-1.3394076171937238e-12
single_9V-1ns,A,PCHIP,1.0752e-05,1.0824106789673016e-08,1.0825446197060836e-08,-1.3394073878198486e-12
single_9V-1ns,A,PCHIP,1.08544e-05,1.0952686803662203e-08,1.095402621079985e-08,-1.3394071376473442e-12
single_9V-1ns,A,PCHIP,1.09568e-05,1.1081266793215692e-08,1.1082606200091656e-08,-1.3394068759637943e-12
single_9V-1ns,A,PCHIP,1.10592e-05,1.1209846754960226e-08,1.1211186161572474e-08,-1.3394066122486889e-12
single_9V-1ns,A,PCHIP,1.11616e-05,1.1338426687006479e-08,1.1339766093359306e-08,-1.3394063528266508e-12
single_9V-1ns,A,PCHIP,1.1264000000000001e-05,1.1467006588603534e-08,1.1468345994704815e-08,-1.3394061012810265e-12
single_9V-1ns,A,PCHIP,1.13664e-05,1.1595586459854748e-08,1.1596925865717505e-08,-1.3394058627568794e-12
single_9V-1ns,A,PCHIP,1.1468800000000001e-05,1.1724166301498816e-08,1.1725505707136269e-08,-1.339405637452733e-12
single_9V-1ns,A,PCHIP,1.15712e-05,1.1852746114722449e-08,1.1854085520150005e-08,-1.3394054275556525e-12
single_9V-1ns,A,PCHIP,1.1673600000000001e-05,1.1981325901020881e-08,1.19826653062545e-08,-1.3394052336181948e-12
single_9V-1ns,A,PCHIP,1.1776e-05,1.2109905662084918e-08,1.2111245067139936e-08,-1.33940505501832e-12
single_9V-1ns,A,PCHIP,1.18784e-05,1.2238485399710683e-08,1.2239824804603533e-08,-1.339404892849561e-12
single_9V-1ns,A,PCHIP,1.19808e-05,1.236706511573733e-08,1.2368404520482602e-08,-1.3394047452722678e-12
single_9V-1ns,A,PCHIP,1.20832e-05,1.2495644811992032e-08,1.24969842166042e-08,-1.3394046121673267e-12
single_9V-1ns,A,PCHIP,1.21856e-05,1.2624224490255475e-08,1.2625563894748136e-08,-1.339404492661235e-12
single_9V-1ns,A,PCHIP,1.2288e-05,1.275280415223524e-08,1.2754143556620631e-08,-1.3394043853907987e-12
single_9V-1ns,A,PCHIP,1.23904e-05,1.288138379954624e-08,1.2882723203836462e-08,-1.3394042902220149e-12
single_9V-1ns,A,PCHIP,1.24928e-05,1.3009963433702293e-08,1.301130283790772e-08,-1.339404205426076e-12
single_9V-1ns,A,PCHIP,1.2595200000000001e-05,1.3138543056107328e-08,1.3139882460237758e-08,-1.3394041304305729e-12
single_9V-1ns,A,PCHIP,1.26976e-05,1.3267122668054748e-08,1.3268462072119052e-08,-1.3394040643041004e-12
single_9V-1ns,A,PCHIP,1.2800000000000001e-05,1.3395702270728099e-08,1.339704167473405e-08,-1.3394040059514712e-12
single_9V-1ns,A,PCHIP,1.29024e-05,1.3524281865203168e-08,1.3525621269158165e-08,-1.3394039549971455e-12
single_9V-1ns,A,PCHIP,1.3004800000000001e-05,1.3652861452454059e-08,1.3654200856364339e-08,-1.3394039102797616e-12
single_9V-1ns,A,PCHIP,1.31072e-05,1.378144103335731e-08,1.3782780437228611e-08,-1.3394038713013567e-12
single_9V-1ns,A,PCHIP,1.32096e-05,1.3910020608698972e-08,1.3911360012536374e-08,-1.3394038374018409e-12
single_9V-1ns,A,PCHIP,1.3312e-05,1.4038600179181053e-08,1.403993958298894e-08,-1.3394038078880366e-12
single_9V-1ns,A,PCHIP,1.34144e-05,1.4167179745427778e-08,1.4168519149210227e-08,-1.339403782448924e-12
single_9V-1ns,A,PCHIP,1.35168e-05,1.4295759307992984e-08,1.4297098711753393e-08,-1.3394037604095238e-12
single_9V-1ns,A,PCHIP,1.36192e-05,1.4424338867365832e-08,1.4425678271107264e-08,-1.3394037414323462e-12
single_9V-1ns,A,PCHIP,1.3721600000000001e-05,1.4552918423977364e-08,1.4554257827702496e-08,-1.339403725131925e-12
single_9V-1ns,A,PCHIP,1.3824e-05,1.468149797820626e-08,1.4682837381917376e-08,-1.3394037111161768e-12
single_9V-1ns,A,PCHIP,1.3926400000000001e-05,1.4810077530384094e-08,1.4811416934083276e-08,-1.3394036991816149e-12
single_9V-1ns,A,PCHIP,1.40288e-05,1.4938657080800712e-08,1.493999648448967e-08,-1.3394036889576625e-12
single_9V-1ns,A,PCHIP,1.4131200000000001e-05,1.5067236629708524e-08,1.5068576033388793e-08,-1.3394036802689574e-12
single_9V-1ns,A,PCHIP,1.42336e-05,1.5195816177326947e-08,1.5197155580999837e-08,-1.3394036728905063e-12
single_9V-1ns,A,PCHIP,1.4336000000000001e-05,1.5324395723846215e-08,1.532573512751284e-08,-1.339403666623786e-12
single_9V-1ns,A,PCHIP,1.44384e-05,1.545297526943078e-08,1.5454314673092132e-08,-1.3394036613529911e-12
single_9V-1ns,A,PCHIP,1.45408e-05,1.5581554814222587e-08,1.5582894217879493e-08,-1.3394036569060681e-12
single_9V-1ns,A,PCHIP,1.46432e-05,1.571013435834376e-08,1.571147376199693e-08,-1.3394036531705205e-12
single_9V-1ns,A,PCHIP,1.47456e-05,1.5838713901899147e-08,1.584005330554919e-08,-1.3394036500437778e-12
single_9V-1ns,A,PCHIP,1.4848e-05,1.5967293444978572e-08,1.5968632848626002e-08,-1.339403647429887e-12
single_9V-1ns,A,PCHIP,1.49504e-05,1.6095872987658743e-08,1.6097212391304012e-08,-1.3394036452692913e-12
single_9V-1ns,A,PCHIP,1.5052800000000001e-05,1.622445253000509e-08,1.622579193364856e-08,-1.3394036434693463e-12
single_9V-1ns,A,PCHIP,1.51552e-05,1.6353032072073194e-08,1.635437147571518e-08,-1.3394036419870386e-12
single_9V-1ns,A,PCHIP,1.5257600000000001e-05,1.648161161391021e-08,1.6482951017550976e-08,-1.33940364076612e-12
single_9V-1ns,A,PCHIP,1.5360000000000002e-05,1.6610191155556015e-08,1.661153055919578e-08,-1.3394036397635771e-12
single_9V-1ns,A,PCHIP,1.54624e-05,1.6738770697044225e-08,1.674011010068318e-08,-1.3394036389529401e-12
single_9V-1ns,A,PCHIP,1.55648e-05,1.6867350238403148e-08,1.6868689642041442e-08,-1.3394036382945044e-12
single_9V-1ns,A,PCHIP,1.56672e-05,1.6995929779656495e-08,1.699726918329426e-08,-1.3394036377651088e-12
single_9V-1ns,A,PCHIP,1.57696e-05,1.7124509320824093e-08,1.7125848724461435e-08,-1.3394036373415923e-12
single_9V-1ns,A,PCHIP,1.5872e-05,1.7253088861922477e-08,1.725442826555948e-08,-1.3394036370041026e-12
single_9V-1ns,A,PCHIP,1.59744e-05,1.738166840296536e-08,1.7383007806602096e-08,-1.339403636736096e-12
single_9V-1ns,A,PCHIP,1.60768e-05,1.751024794396408e-08,1.7511587347600612e-08,-1.3394036365309553e-12
single_9V-1ns,A,PCHIP,1.61792e-05,1.7638827484928008e-08,1.7640166888564363e-08,-1.339403636355593e-12
single_9V-1ns,A,PCHIP,1.62816e-05,1.7767407025864707e-08,1.776874642950102e-08,-1.3394036363125796e-12
single_9V-1ns,A,PCHIP,1.6384e-05,1.7895986566780618e-08,1.789732597041682e-08,-1.3394036362033918e-12
single_9V-1ns,A,PCHIP,1.6486400000000002e-05,1.802456610768071e-08,1.8025905511316843e-08,-1.3394036361339086e-12
single_9V-1ns,A,PCHIP,1.65888e-05,1.8153145648569085e-08,1.815448505220518e-08,-1.339403636094204e-12
single_9V-1ns,A,PCHIP,1.66912e-05,1.828172518944905e-08,1.8283064593085114e-08,-1.3394036360644254e-12
single_9V-1ns,A,PCHIP,1.67936e-05,1.8410304730323197e-08,1.8411644133959252e-08,-1.3394036360544993e-12
single_9V-1ns,A,PCHIP,1.6896000000000002e-05,1.8538884271193597e-08,1.8540223674829648e-08,-1.3394036360511905e-12
single_9V-1ns,A,PCHIP,1.69984e-05,1.866746381206184e-08,1.8668803215697896e-08,-1.339403636057808e-12
single_9V-1ns,A,PCHIP,1.71008e-05,1.879604335292917e-08,1.8797382756565235e-08,-1.3394036360644254e-12
single_9V-1ns,A,PCHIP,1.72032e-05,1.892462289379651e-08,1.8925962297432587e-08,-1.3394036360776603e-12
single_9V-1ns,A,PCHIP,1.73056e-05,1.9053202434664542e-08,1.9054541838300637e-08,-1.339403636094204e-12
single_9V-1ns,A,PCHIP,1.7408e-05,1.9181781975533777e-08,1.9183121379169884e-08,-1.3394036361074388e-12
single_9V-1ns,A,PCHIP,1.75104e-05,1.9310361516404533e-08,1.931170092004066e-08,-1.3394036361272912e-12
single_9V-1ns,A,PCHIP,1.7612800000000002e-05,1.9438941057277043e-08,1.9440280460913184e-08,-1.339403636140526e-12
single_9V-1ns,A,PCHIP,1.77152e-05,1.9567520598151416e-08,1.9568860001787573e-08,-1.3394036361570697e-12
single_9V-1ns,A,PCHIP,1.78176e-05,1.9696100139027718e-08,1.969743954266389e-08,-1.3394036361703045e-12
single_9V-1ns,A,PCHIP,1.792e-05,1.9824679679905933e-08,1.982601908354212e-08,-1.3394036361868482e-12
single_9V-1ns,A,PCHIP,1.8022400000000002e-05,1.995325922078602e-08,1.9954598624422217e-08,-1.3394036361967743e-12
single_9V-1ns,A,PCHIP,1.81248e-05,2.0081838761667903e-08,2.0083178165304117e-08,-1.339403636213318e-12
single_9V-1ns,A,PCHIP,1.82272e-05,2.0210418302551498e-08,2.0211757706187728e-08,-1.3394036362298616e-12
single_9V-1ns,A,PCHIP,1.83296e-05,2.03389978434367e-08,2.0340337247072937e-08,-1.339403636236479e-12
single_9V-1ns,A,PCHIP,1.8432e-05,2.0467577384323362e-08,2.046891678795961e-08,-1.3394036362497139e-12
single_9V-1ns,A,PCHIP,1.85344e-05,2.05961569252114e-08,2.0597496328847656e-08,-1.3394036362563313e-12
single_9V-1ns,A,PCHIP,1.86368e-05,2.0724736466100682e-08,2.0726075869736948e-08,-1.3394036362662575e-12
single_9V-1ns,A,PCHIP,1.8739200000000002e-05,2.0853316006991102e-08,2.0854655410627375e-08,-1.339403636272875e-12
single_9V-1ns,A,PCHIP,1.88416e-05,2.0981895547882545e-08,2.0983234951518827e-08,-1.3394036362828011e-12
single_9V-1ns,A,PCHIP,1.8944e-05,2.1110475088774924e-08,2.111181449241121e-08,-1.3394036362861098e-12
single_9V-1ns,A,PCHIP,1.90464e-05,2.1239054629668133e-08,2.1240394033304426e-08,-1.3394036362927273e-12
single_9V-1ns,A,PCHIP,1.9148800000000002e-05,2.1367634170562084e-08,2.1368973574198386e-08,-1.3394036363026534e-12
single_9V-1ns,A,PCHIP,1.92512e-05,2.14962137114567e-08,2.1497553115093002e-08,-1.3394036363026534e-12
single_9V-1ns,A,PCHIP,1.93536e-05,2.1624793252351897e-08,2.162613265598821e-08,-1.3394036363125796e-12
single_9V-1ns,A,PCHIP,1.9456e-05,2.1753372793247625e-08,2.175471219688394e-08,-1.3394036363158883e-12
single_9V-1ns,A,PCHIP,1.9558400000000002e-05,2.1881952334143805e-08,2.1883291737780125e-08,-1.339403636319197e-12
single_9V-1ns,A,PCHIP,1.96608e-05,2.2010531875040387e-08,2.201187127867671e-08,-1.3394036363225058e-12
single_9V-1ns,A,PCHIP,1.97632e-05,2.213911141593732e-08,2.2140450819573647e-08,-1.3394036363258145e-12
single_9V-1ns,A,PCHIP,1.9865600000000002e-05,2.226769095683457e-08,2.2269030360470897e-08,-1.3394036363258145e-12
single_9V-1ns,A,PCHIP,1.9968e-05,2.2396270497732072e-08,2.23976099013684e-08,-1.3394036363291232e-12
single_9V-1ns,A,PCHIP,2e-05,2.24364516042626e-08,2.2437791007898928e-08,-1.3394036363291232e-12
single_9V-1ns,A,CS,0.0,0.0,0.0,0.0
single_9V-1ns,A,CS,1.024e-07,1.6739329985537793e-13,1.74324684216221e-13,-6.9313843608430575e-15
single_9V-1ns,A,CS,2.048e-07,1.2978930537437661e-12,1.322954637895724e-12,-2.5061584151957798e-14
single_9V-1ns,A,CS,3.072e-07,4.188850499634925e-12,4.24123909003519e-12,-5.23885904002652e-14
single_9V-1ns,A,CS,4.096e-07,9.475866782846896e-12,9.562677831731564e-12,-8.681104888466883e-14
single_9V-1ns,A,CS,5.12e-07,1.7662951274890627e-11,1.7789788201125225e-11,-1.268369262345987e-13
single_9V-1ns,A,CS,6.144e-07,2.914780356579335e-11,2.931856891659705e-11,-1.7076535080369829e-13
single_9V-1ns,A,CS,7.168000000000001e-07,4.423976917887849e-11,4.4457556688806245e-11,-2.1778750992775648e-13
single_9V-1ns,A,CS,8.192e-07,6.317591420576432e-11,6.344267888070132e-11,-2.6676467493699557e-13
single_9V-1ns,A,CS,9.216e-07,8.613205306021087e-11,8.644895476270164e-11,-3.16901702490767e-13
single_9V-1ns,A,CS,1.024e-06,1.132321318847893e-10,1.135998649193528e-10,-3.6773303456350703e-13
single_9V-1ns,A,CS,1.1264000000000001e-06,1.445566741746966e-10,1.449749937307143e-10,-4.183195560176787e-13
single_9V-1ns,A,CS,1.2288e-06,1.8014776798570825e-10,1.8061637973326692e-10,-4.686117475586679e-13
single_9V-1ns,A,CS,1.3312e-06,2.2001583613270043e-10,2.2053388331266203e-10,-5.180471799616003e-13
single_9V-1ns,A,CS,1.4336000000000001e-06,2.641434550151315e-10,2.6470979148914927e-10,-5.663364740177975e-13
single_9V-1ns,A,CS,1.536e-06,3.124893838005228e-10,3.1310281656314333e-10,-6.134327626205379e-13
single_9V-1ns,A,CS,1.6384e-06,3.649928084633082e-10,3.6565160133219373e-10,-6.587928688855095e-13
single_9V-1ns,A,CS,1.7408000000000001e-06,4.215751732612611e-10,4.2227781288324853e-10,-7.026396219874366e-13
single_9V-1ns,A,CS,1.8432e-06,4.821441862808343e-10,4.828888855117665e-10,-7.446992309322257e-13
single_9V-1ns,A,CS,1.9456e-06,5.465955499314792e-10,5.473804583554592e-10,-7.849084239799393e-13
single_9V-1ns,A,CS,2.048e-06,6.148151632885062e-10,6.156385430604542e-10,-8.23379771948027e-13
single_9V-1ns,A,CS,2.1504e-06,6.866816498788308e-10,6.875414495614273e-10,-8.597996825965027e-13
single_9V-1ns,A,CS,2.2528000000000003e-06,7.620670353286138e-10,7.629614933630271e-10,-8.944580344133092e-13
single_9V-1ns,A,CS,2.3552e-06,8.40839273051784e-10,8.417665044096523e-10,-9.27231357868242e-13
single_9V-1ns,A,CS,2.4576e-06,9.228630038459611e-10,9.238211554852462e-10,-9.581516392850255e-13
single_9V-1ns,A,CS,2.56e-06,1.008000752354301e-09,1.0089881267587755e-09,-9.873744044744245e-13
single_9V-1ns,A,CS,2.6624e-06,1.0961143996058112e-09,1.0971291219220566e-09,-1.0147223162454206e-12
single_9V-1ns,A,CS,2.7648e-06,1.1870652846119757e-09,1.188105750742671e-09,-1.040466130695236e-12
single_9V-1ns,A,CS,2.8672000000000003e-06,1.2807157327081365e-09,1.2817802920393064e-09,-1.0645593311699225e-12
single_9V-1ns,A,CS,2.9696e-06,1.376929284346138e-09,1.3780163503528288e-09,-1.0870660066906947e-12
single_9V-1ns,A,CS,3.072e-06,1.4755712845569432e-09,1.4766794188819575e-09,-1.1081343250142864e-12
single_9V-1ns,A,CS,3.1744e-06,1.5765096920057211e-09,1.5776373601861785e-09,-1.1276681804573588e-12
single_9V-1ns,A,CS,3.2768e-06,1.6796149259801194e-09,1.6807608153292352e-09,-1.1458893491158062e-12
single_9V-1ns,A,CS,3.3792e-06,1.7847607613885784e-09,1.785923550963558e-09,-1.162789574979551e-12
single_9V-1ns,A,CS,3.4816000000000003e-06,1.891824315952304e-09,1.8930027527406128e-09,-1.1784367883085954e-12
single_9V-1ns,A,CS,3.5840000000000003e-06,2.000686318080946e-09,2.001879272386021e-09,-1.1929543050749216e-12
single_9V-1ns,A,CS,3.6864e-06,2.1112315394080946e-09,2.1124378345080043e-09,-1.2062950999097454e-12
single_9V-1ns,A,CS,3.7888e-06,2.2233485798658835e-09,2.224567208282476e-09,-1.2186284165926937e-12
single_9V-1ns,A,CS,3.8912e-06,2.3369303834669606e-09,2.338160348068269e-09,-1.229964601308203e-12
single_9V-1ns,A,CS,3.9936e-06,2.451874141450706e-09,2.453114506115204e-09,-1.2403646644977773e-12
single_9V-1ns,A,CS,4.096e-06,2.5680813951996787e-09,2.56933131982453e-09,-1.249924624851411e-12
single_9V-1ns,A,CS,4.1984e-06,2.6854582480155096e-09,2.6867168752486296e-09,-1.2586272331200919e-12
single_9V-1ns,A,CS,4.3008e-06,2.8039151522135888e-09,2.805181748130482e-09,-1.2665959168930722e-12
single_9V-1ns,A,CS,4.4032000000000005e-06,2.9233671740620073e-09,2.9246410233335146e-09,-1.2738492715073323e-12
single_9V-1ns,A,CS,4.5056000000000005e-06,3.043733855229469e-09,3.045014293280318e-09,-1.2804380508490947e-12
single_9V-1ns,A,CS,4.608e-06,3.1649392020944277e-09,3.166225635960728e-09,-1.286433866300212e-12
single_9V-1ns,A,CS,4.7104e-06,3.2869117365249357e-09,3.288203572962951e-09,-1.2918364380151431e-12
single_9V-1ns,A,CS,4.8128e-06,3.409584275774484e-09,3.4108810081587165e-09,-1.2967323842324112e-12
single_9V-1ns,A,CS,4.9152e-06,3.532894005514698e-09,3.5341951477618715e-09,-1.3011422471735464e-12
single_9V-1ns,A,CS,5.0176e-06,3.656782296945937e-09,3.6580874026830924e-09,-1.3051057371555268e-12
single_9V-1ns,A,CS,5.12e-06,3.7811946003674205e-09,3.782503274367416e-09,-1.3086739999955703e-12
single_9V-1ns,A,CS,5.2224e-06,3.906080370857158e-09,3.907392225455892e-09,-1.3118545987342304e-12
single_9V-1ns,A,CS,5.3248e-06,4.03139283117179e-09,4.032707536895438e-09,-1.3147057236478324e-12
single_9V-1ns,A,CS,5.4272e-06,4.1570889074657705e-09,4.158406153259771e-09,-1.3172457940005187e-12
single_9V-1ns,A,CS,5.5296e-06,4.283129014396673e-09,4.284448518193233e-09,-1.319503796560072e-12
single_9V-1ns,A,CS,5.6320000000000005e-06,4.409476887676766e-09,4.410798402012285e-09,-1.3215143355191744e-12
single_9V-1ns,A,CS,5.7344000000000005e-06,4.536099436721241e-09,4.537422723493561e-09,-1.3232867723198733e-12
single_9V-1ns,A,CS,5.836800000000001e-06,4.662966509740587e-09,4.664291367914894e-09,-1.3248581743068087e-12
single_9V-1ns,A,CS,5.9392e-06,4.790050760552484e-09,4.791377003325924e-09,-1.32624277343923e-12
single_9V-1ns,A,CS,6.0416e-06,4.9173274367887895e-09,4.918654896925709e-09,-1.3274601369193723e-12
single_9V-1ns,A,CS,6.144e-06,5.0447742010771735e-09,5.04610273330105e-09,-1.3285322238762156e-12
single_9V-1ns,A,CS,6.2464e-06,5.1723709690433e-09,5.173700436078487e-09,-1.329467035186938e-12
single_9V-1ns,A,CS,6.3488e-06,5.300099707577892e-09,5.301429994381465e-09,-1.3302868035729882e-12
single_9V-1ns,A,CS,6.4512e-06,5.427944293989294e-09,5.429275295261878e-09,-1.3310012725842261e-12
single_9V-1ns,A,CS,6.5536e-06,5.555890340433154e-09,5.55722196307075e-09,-1.3316226375958853e-12
single_9V-1ns,A,CS,6.656e-06,5.683925042617895e-09,5.685257206537685e-09,-1.3321639197898653e-12
single_9V-1ns,A,CS,6.7584e-06,5.812037043331851e-09,5.813369674114126e-09,-1.3326307822745957e-12
single_9V-1ns,A,CS,6.8608000000000004e-06,5.940216282212735e-09,5.941549317968738e-09,-1.3330357560033858e-12
single_9V-1ns,A,CS,6.9632000000000005e-06,6.0684538819699815e-09,6.069787266844498e-09,-1.3333848745168232e-12
single_9V-1ns,A,CS,7.065600000000001e-06,6.196742022652468e-09,6.19807570783999e-09,-1.3336851875220627e-12
single_9V-1ns,A,CS,7.168000000000001e-06,6.325073833130972e-09,6.326407777053369e-09,-1.3339439223963825e-12
single_9V-1ns,A,CS,7.2704e-06,6.453443294293337e-09,6.4547774589083166e-09,-1.3341646149795594e-12
single_9V-1ns,A,CS,7.3728e-06,6.581845139987999e-09,6.583179493900742e-09,-1.33435391274315e-12
single_9V-1ns,A,CS,7.4752e-06,6.7102747791756695e-09,6.71160929442759e-09,-1.3345152519203232e-12
single_9V-1ns,A,CS,7.5776e-06,6.838728215867698e-09,6.840062868306106e-09,-1.3346524384087819e-12
single_9V-1ns,A,CS,7.680000000000001e-06,6.967201980313615e-09,6.968536749555871e-09,-1.3347692422562214e-12
single_9V-1ns,A,CS,7.7824e-06,7.095693068311259e-09,7.097027935985956e-09,-1.3348676746968801e-12
single_9V-1ns,A,CS,7.8848e-06,7.224198882057938e-09,7.225533833121052e-09,-1.3349510631144028e-12
single_9V-1ns,A,CS,7.9872e-06,7.352717182763747e-09,7.354052203994008e-09,-1.3350212302608263e-12
single_9V-1ns,A,CS,8.0896e-06,7.481246044230965e-09,7.48258112433786e-09,-1.335080106893987e-12
single_9V-1ns,A,CS,8.192e-06,7.609783813175658e-09,7.611118942723244e-09,-1.3351295475867328e-12
single_9V-1ns,A,CS,8.2944e-06,7.738329074587154e-09,7.739664245201346e-09,-1.3351706141924703e-12
single_9V-1ns,A,CS,8.3968e-06,7.86688061915542e-09,7.868215824035419e-09,-1.3352048799987984e-12
single_9V-1ns,A,CS,8.4992e-06,7.995437416872624e-09,7.996772650125564e-09,-1.3352332529406643e-12
single_9V-1ns,A,CS,8.6016e-06,8.123998592100187e-09,8.125333848756825e-09,-1.3352566566380135e-12
single_9V-1ns,A,CS,8.704e-06,8.252563402374911e-09,8.25389867832707e-09,-1.3352759521593942e-12
single_9V-1ns,A,CS,8.806400000000001e-06,8.381131220070994e-09,8.382466511736325e-09,-1.3352916653302867e-12
single_9V-1ns,A,CS,8.9088e-06,8.509701515648865e-09,8.511036820146066e-09,-1.3353044972011495e-12
single_9V-1ns,A,CS,9.011200000000001e-06,8.638273843967736e-09,8.63960915884172e-09,-1.335314873985065e-12
single_9V-1ns,A,CS,9.1136e-06,8.766847831743838e-09,8.768183154955928e-09,-1.3353232120897166e-12
single_9V-1ns,A,CS,9.216e-06,8.895423166946095e-09,8.896758496833593e-09,-1.3353298874984713e-12
single_9V-1ns,A,CS,9.3184e-06,9.023999589695477e-09,9.025334924840916e-09,-1.3353351454389478e-12
single_9V-1ns,A,CS,9.4208e-06,9.152576884163515e-09,9.153912223441396e-09,-1.3353392778810869e-12
single_9V-1ns,A,CS,9.5232e-06,9.28115487190727e-09,9.282490214380326e-09,-1.3353424730548e-12
single_9V-1ns,A,CS,9.6256e-06,9.40973340592983e-09,9.411068750836573e-09,-1.3353449067425849e-12
single_9V-1ns,A,CS,9.728e-06,9.538312365684903e-09,9.539647712416548e-09,-1.3353467316452912e-12
single_9V-1ns,A,CS,9.8304e-06,9.666891652824015e-09,9.668227000879292e-09,-1.3353480552765464e-12
single_9V-1ns,A,CS,9.932800000000001e-06,9.79547118750597e-09,9.796806536495006e-09,-1.3353489890360722e-12
single_9V-1ns,A,CS,1.00352e-05,9.92405090534044e-09,9.925386254950879e-09,-1.3353496104389637e-12
single_9V-1ns,A,CS,1.0137600000000001e-05,1.0052630754740954e-08,1.005396610472875e-08,-1.3353499877954504e-12
single_9V-1ns,A,CS,1.024e-05,1.0181210694711215e-08,1.0182546044888518e-08,-1.3353501773025288e-12
single_9V-1ns,A,CS,1.0342400000000001e-05,1.0309790692976855e-08,1.031112604319969e-08,-1.3353502228355128e-12
single_9V-1ns,A,CS,1.04448e-05,1.0438370724409363e-08,1.0439706074570837e-08,-1.3353501614736006e-12
single_9V-1ns,A,CS,1.05472e-05,1.056695076971115e-08,1.0568286119733463e-08,-1.3353500223136974e-12
single_9V-1ns,A,CS,1.06496e-05,1.0695530814313672e-08,1.0696866164142498e-08,-1.335349828826226e-12
single_9V-1ns,A,CS,1.0752e-05,1.08241108474623e-08,1.0825446197060836e-08,-1.3353495985358347e-12
single_9V-1ns,A,CS,1.08544e-05,1.0952690861452167e-08,1.095402621079985e-08,-1.3353493476833878e-12
single_9V-1ns,A,CS,1.09568e-05,1.1081270851006179e-08,1.1082606200091656e-08,-1.3353490854770598e-12
single_9V-1ns,A,CS,1.10592e-05,1.1209850812751138e-08,1.1211186161572474e-08,-1.3353488213367835e-12
single_9V-1ns,A,CS,1.11616e-05,1.1338430744797742e-08,1.1339766093359306e-08,-1.3353485615640208e-12
single_9V-1ns,A,CS,1.1264000000000001e-05,1.1467010646395098e-08,1.1468345994704815e-08,-1.3353483097173028e-12
single_9V-1ns,A,CS,1.13664e-05,1.1595590517646578e-08,1.1596925865717505e-08,-1.3353480709268036e-12
single_9V-1ns,A,CS,1.1468800000000001e-05,1.1724170359290881e-08,1.1725505707136269e-08,-1.3353478453877378e-12
single_9V-1ns,A,CS,1.15712e-05,1.1852750172514729e-08,1.1854085520150005e-08,-1.3353476352755904e-12
single_9V-1ns,A,CS,1.1673600000000001e-05,1.1981329958813355e-08,1.19826653062545e-08,-1.3353474411445724e-12
single_9V-1ns,A,CS,1.1776e-05,1.210990971987757e-08,1.2111245067139936e-08,-1.3353472623660266e-12
single_9V-1ns,A,CS,1.18784e-05,1.2238489457503499e-08,1.2239824804603533e-08,-1.3353471000334858e-12
single_9V-1ns,A,CS,1.19808e-05,1.2367069173530295e-08,1.2368404520482602e-08,-1.3353469523073002e-12
single_9V-1ns,A,CS,1.20832e-05,1.2495648869785136e-08,1.24969842166042e-08,-1.3353468190633927e-12
single_9V-1ns,A,CS,1.21856e-05,1.2624228548048704e-08,1.2625563894748136e-08,-1.3353466994315695e-12
single_9V-1ns,A,CS,1.2288e-05,1.2752808210028586e-08,1.2754143556620631e-08,-1.335346592045328e-12
single_9V-1ns,A,CS,1.23904e-05,1.2881387857339691e-08,1.2882723203836462e-08,-1.335346496770665e-12
single_9V-1ns,A,CS,1.24928e-05,1.3009967491495839e-08,1.301130283790772e-08,-1.3353464118804275e-12
single_9V-1ns,A,CS,1.2595200000000001e-05,1.3138547113900961e-08,1.3139882460237758e-08,-1.3353463367972433e-12
single_9V-1ns,A,CS,1.26976e-05,1.3267126725848459e-08,1.3268462072119052e-08,-1.3353462705930158e-12
single_9V-1ns,A,CS,1.2800000000000001e-05,1.3395706328521881e-08,1.339704167473405e-08,-1.3353462121692491e-12
single_9V-1ns,A,CS,1.29024e-05,1.3524285922997013e-08,1.3525621269158165e-08,-1.3353461611520577e-12
single_9V-1ns,A,CS,1.3004800000000001e-05,1.3652865510247962e-08,1.3654200856364339e-08,-1.3353461163767711e-12
single_9V-1ns,A,CS,1.31072e-05,1.3781445091151264e-08,1.3782780437228611e-08,-1.335346077347081e-12
single_9V-1ns,A,CS,1.32096e-05,1.3910024666492973e-08,1.3911360012536374e-08,-1.3353460434012431e-12
single_9V-1ns,A,CS,1.3312e-05,1.4038604236975095e-08,1.403993958298894e-08,-1.3353460138460798e-12
single_9V-1ns,A,CS,1.34144e-05,1.4167183803221856e-08,1.4168519149210227e-08,-1.3353459883705713e-12
single_9V-1ns,A,CS,1.35168e-05,1.4295763365787094e-08,1.4297098711753393e-08,-1.3353459662997382e-12
single_9V-1ns,A,CS,1.36192e-05,1.442434292515997e-08,1.4425678271107264e-08,-1.3353459472944365e-12
single_9V-1ns,A,CS,1.3721600000000001e-05,1.4552922481771527e-08,1.4554257827702496e-08,-1.3353459309691999e-12
single_9V-1ns,A,CS,1.3824e-05,1.4681502036000444e-08,1.4682837381917376e-08,-1.3353459169319449e-12
single_9V-1ns,A,CS,1.3926400000000001e-05,1.4810081588178298e-08,1.4811416934083276e-08,-1.3353459049775307e-12
single_9V-1ns,A,CS,1.40288e-05,1.4938661138594932e-08,1.493999648448967e-08,-1.3353458947370347e-12
single_9V-1ns,A,CS,1.4131200000000001e-05,1.5067240687502758e-08,1.5068576033388793e-08,-1.3353458860350946e-12
single_9V-1ns,A,CS,1.42336e-05,1.5195820235121194e-08,1.5197155580999837e-08,-1.3353458786434087e-12
single_9V-1ns,A,CS,1.4336000000000001e-05,1.5324399781640472e-08,1.532573512751284e-08,-1.3353458723667622e-12
single_9V-1ns,A,CS,1.44384e-05,1.5452979327225046e-08,1.5454314673092132e-08,-1.3353458670860412e-12
single_9V-1ns,A,CS,1.45408e-05,1.5581558872016864e-08,1.5582894217879493e-08,-1.335345862629192e-12
single_9V-1ns,A,CS,1.46432e-05,1.5710138416138043e-08,1.571147376199693e-08,-1.335345858887027e-12
single_9V-1ns,A,CS,1.47456e-05,1.5838717959693437e-08,1.584005330554919e-08,-1.3353458557536668e-12
single_9V-1ns,A,CS,1.4848e-05,1.5967297502772865e-08,1.5968632848626002e-08,-1.3353458531364673e-12
single_9V-1ns,A,CS,1.49504e-05,1.6095877045453043e-08,1.6097212391304012e-08,-1.3353458509692541e-12
single_9V-1ns,A,CS,1.5052800000000001e-05,1.6224456587799394e-08,1.622579193364856e-08,-1.3353458491660004e-12
single_9V-1ns,A,CS,1.51552e-05,1.63530361298675e-08,1.635437147571518e-08,-1.335345847680384e-12
single_9V-1ns,A,CS,1.5257600000000001e-05,1.648161567170452e-08,1.6482951017550976e-08,-1.3353458464561567e-12
single_9V-1ns,A,CS,1.5360000000000002e-05,1.6610195213350325e-08,1.661153055919578e-08,-1.3353458454536138e-12
single_9V-1ns,A,CS,1.54624e-05,1.673877475483854e-08,1.674011010068318e-08,-1.335345844639668e-12
single_9V-1ns,A,CS,1.55648e-05,1.6867354296197464e-08,1.6868689642041442e-08,-1.3353458439779236e-12
single_9V-1ns,A,CS,1.56672e-05,1.699593383745081e-08,1.699726918329426e-08,-1.335345843448528e-12
single_9V-1ns,A,CS,1.57696e-05,1.712451337861841e-08,1.7125848724461435e-08,-1.3353458430250115e-12
single_9V-1ns,A,CS,1.5872e-05,1.7253092919716793e-08,1.725442826555948e-08,-1.3353458426875218e-12
single_9V-1ns,A,CS,1.59744e-05,1.7381672460759673e-08,1.7383007806602096e-08,-1.335345842422824e-12
single_9V-1ns,A,CS,1.60768e-05,1.751025200175839e-08,1.7511587347600612e-08,-1.335345842220992e-12
single_9V-1ns,A,CS,1.61792e-05,1.7638831542722298e-08,1.7640166888564363e-08,-1.335345842065482e-12
single_9V-1ns,A,CS,1.62816e-05,1.776741108365907e-08,1.776874642950102e-08,-1.3353458419496767e-12
single_9V-1ns,A,CS,1.6384e-05,1.7895990624574954e-08,1.789732597041682e-08,-1.3353458418669587e-12
single_9V-1ns,A,CS,1.6486400000000002e-05,1.802457016547504e-08,1.8025905511316843e-08,-1.335345841804093e-12
single_9V-1ns,A,CS,1.65888e-05,1.8153149706363415e-08,1.815448505220518e-08,-1.3353458417643883e-12
single_9V-1ns,A,CS,1.66912e-05,1.828172924724338e-08,1.8283064593085114e-08,-1.3353458417346098e-12
single_9V-1ns,A,CS,1.67936e-05,1.8410308788117527e-08,1.8411644133959252e-08,-1.3353458417246836e-12
single_9V-1ns,A,CS,1.6896000000000002e-05,1.8538888328987926e-08,1.8540223674829648e-08,-1.3353458417213749e-12
single_9V-1ns,A,CS,1.69984e-05,1.8667467869856168e-08,1.8668803215697896e-08,-1.3353458417279923e-12
single_9V-1ns,A,CS,1.71008e-05,1.87960474107235e-08,1.8797382756565235e-08,-1.3353458417346098e-12
single_9V-1ns,A,CS,1.72032e-05,1.892462695159084e-08,1.8925962297432587e-08,-1.3353458417478447e-12
single_9V-1ns,A,CS,1.73056e-05,1.9053206492458872e-08,1.9054541838300637e-08,-1.3353458417643883e-12
single_9V-1ns,A,CS,1.7408e-05,1.9181786033328107e-08,1.9183121379169884e-08,-1.3353458417776232e-12
single_9V-1ns,A,CS,1.75104e-05,1.9310365574198863e-08,1.931170092004066e-08,-1.3353458417974755e-12
single_9V-1ns,A,CS,1.7612800000000002e-05,1.9438945115071373e-08,1.9440280460913184e-08,-1.3353458418107104e-12
single_9V-1ns,A,CS,1.77152e-05,1.9567524655945746e-08,1.9568860001787573e-08,-1.335345841827254e-12
single_9V-1ns,A,CS,1.78176e-05,1.9696104196822048e-08,1.969743954266389e-08,-1.3353458418404889e-12
single_9V-1ns,A,CS,1.792e-05,1.9824683737700262e-08,1.982601908354212e-08,-1.3353458418570325e-12
single_9V-1ns,A,CS,1.8022400000000002e-05,1.995326327858035e-08,1.9954598624422217e-08,-1.3353458418669587e-12
single_9V-1ns,A,CS,1.81248e-05,2.0081842819462233e-08,2.0083178165304117e-08,-1.3353458418835023e-12
single_9V-1ns,A,CS,1.82272e-05,2.0210422360345828e-08,2.0211757706187728e-08,-1.3353458419000459e-12
single_9V-1ns,A,CS,1.83296e-05,2.033900190123103e-08,2.0340337247072937e-08,-1.3353458419066633e-12
single_9V-1ns,A,CS,1.8432e-05,2.046758144211769e-08,2.046891678795961e-08,-1.3353458419198982e-12
single_9V-1ns,A,CS,1.85344e-05,2.059616098300573e-08,2.0597496328847656e-08,-1.3353458419265157e-12
single_9V-1ns,A,CS,1.86368e-05,2.072474052389501e-08,2.0726075869736948e-08,-1.3353458419364418e-12
single_9V-1ns,A,CS,1.8739200000000002e-05,2.0853320064785432e-08,2.0854655410627375e-08,-1.3353458419430593e-12
single_9V-1ns,A,CS,1.88416e-05,2.0981899605676874e-08,2.0983234951518827e-08,-1.3353458419529854e-12
single_9V-1ns,A,CS,1.8944e-05,2.1110479146569253e-08,2.111181449241121e-08,-1.3353458419562942e-12
single_9V-1ns,A,CS,1.90464e-05,2.1239058687462463e-08,2.1240394033304426e-08,-1.3353458419629116e-12
single_9V-1ns,A,CS,1.9148800000000002e-05,2.1367638228356413e-08,2.1368973574198386e-08,-1.3353458419728378e-12
single_9V-1ns,A,CS,1.92512e-05,2.149621776925103e-08,2.1497553115093002e-08,-1.3353458419728378e-12
single_9V-1ns,A,CS,1.93536e-05,2.1624797310146227e-08,2.162613265598821e-08,-1.335345841982764e-12
single_9V-1ns,A,CS,1.9456e-05,2.1753376851041955e-08,2.175471219688394e-08,-1.3353458419860727e-12
single_9V-1ns,A,CS,1.9558400000000002e-05,2.1881956391938135e-08,2.1883291737780125e-08,-1.3353458419893814e-12
single_9V-1ns,A,CS,1.96608e-05,2.2010535932834716e-08,2.201187127867671e-08,-1.3353458419926901e-12
single_9V-1ns,A,CS,1.97632e-05,2.213911547373165e-08,2.2140450819573647e-08,-1.3353458419959988e-12
single_9V-1ns,A,CS,1.9865600000000002e-05,2.22676950146289e-08,2.2269030360470897e-08,-1.3353458419959988e-12
single_9V-1ns,A,CS,1.9968e-05,2.2396274555526402e-08,2.23976099013684e-08,-1.3353458419993076e-12
single_9V-1ns,A,CS,2e-05,2.243645566205693e-08,2.2437791007898928e-08,-1.3353458419993076e-12
single_9V-0p5ns,A,PCHIP,0.0,0.0,0.0,0.0
single_9V-0p5ns,A,PCHIP,1.024e-07,1.6692096149631368e-13,1.7425897217563216e-13,-7.338010679318483e-15
single_9V-0p5ns,A,PCHIP,2.048e-07,1.3060056799915943e-12,1.3225035629863068e-12,-1.64978829947125e-14
single_9V-0p5ns,A,PCHIP,3.072e-07,4.2096444975555125e-12,4.239853981345558e-12,-3.020948379004551e-14
single_9V-0p5ns,A,PCHIP,4.096e-07,9.51216989039293e-12,9.559656378179957e-12,-4.7486487787026245e-14
single_9V-0p5ns,A,PCHIP,5.12e-07,1.7716822935676286e-11,1.7784327627354723e-11,-6.750469167843718e-14
single_9V-0p5ns,A,PCHIP,6.144e-07,2.922026949340364e-11,2.9309803738732487e-11,-8.953424532884399e-14
single_9V-0p5ns,A,PCHIP,7.168000000000001e-07,4.4331544251219615e-11,4.444458665290487e-11,-1.1304240168525636e-13
single_9V-0p5ns,A,PCHIP,8.192e-07,6.328703876884595e-11,6.342459058175163e-11,-1.375518129056729e-13
single_9V-0p5ns,A,PCHIP,9.216e-07,8.626217359413354e-11,8.642483897160881e-11,-1.6266537747527407e-13
single_9V-0p5ns,A,PCHIP,1.024e-06,1.1338077729679613e-10,1.1356883083295428e-10,-1.880535361581509e-13
single_9V-0p5ns,A,PCHIP,1.1264000000000001e-06,1.4472278549094063e-10,1.4493618073014282e-10,-2.133952392021963e-13
single_9V-0p5ns,A,PCHIP,1.2288e-06,1.8033044946323694e-10,1.8056896706234983e-10,-2.385175991128887e-13
single_9V-0p5ns,A,PCHIP,1.3312e-06,2.202138589100196e-10,2.2047709791384406e-10,-2.6323900382446615e-13
single_9V-0p5ns,A,PCHIP,1.4336000000000001e-06,2.6435550094136774e-10,2.6464291419318684e-10,-2.8741325181909067e-13
single_9V-0p5ns,A,PCHIP,1.536e-06,3.127142624500062e-10,3.130251867958546e-10,-3.10924345848415e-13
single_9V-0p5ns,A,PCHIP,1.6384e-06,3.652289823013754e-10,3.6556262050135904e-10,-3.3363819998366354e-13
single_9V-0p5ns,A,PCHIP,1.7408000000000001e-06,4.218214135516122e-10,4.221769465897887e-10,-3.5553303817646525e-13
single_9V-0p5ns,A,PCHIP,1.8432e-06,4.82399105454938e-10,4.827756647229969e-10,-3.765592680589285e-13
single_9V-0p5ns,A,PCHIP,1.9456e-06,5.468577966642767e-10,5.472544797001302e-10,-3.9668303585357294e-13
single_9V-0p5ns,A,PCHIP,2.048e-06,6.150835845339677e-10,6.154994683421597e-10,-4.1588380819192404e-13
single_9V-0p5ns,A,PCHIP,2.1504e-06,6.869548876527258e-10,6.873890046490524e-10,-4.34116996326682e-13
single_9V-0p5ns,A,PCHIP,2.2528000000000003e-06,7.623440461624552e-10,7.627954665494136e-10,-4.514203869583489e-13
single_9V-0p5ns,A,PCHIP,2.3552e-06,8.41118942850486e-10,8.415867443397615e-10,-4.678014892754355e-13
single_9V-0p5ns,A,PCHIP,2.4576e-06,9.23144294725618e-10,9.236275687745791e-10,-4.8327404896118e-13
single_9V-0p5ns,A,PCHIP,2.56e-06,1.0082828184200527e-09,1.0087806753372144e-09,-4.978569171616829e-13
single_9V-0p5ns,A,PCHIP,2.6624e-06,1.096396273634689e-09,1.0969078202176317e-09,-5.11546582942645e-13
single_9V-0p5ns,A,PCHIP,2.7648e-06,1.187346264888704e-09,1.1878706627336973e-09,-5.243978449933658e-13
single_9V-0p5ns,A,PCHIP,2.8672000000000003e-06,1.28099508917787e-09,1.2815315282206659e-09,-5.364390427958416e-13
single_9V-0p5ns,A,PCHIP,2.9696e-06,1.3772063644316865e-09,1.3777540646806178e-09,-5.477002489313759e-13
single_9V-0p5ns,A,PCHIP,3.072e-06,1.4758455928797594e-09,1.4764038056766783e-09,-5.582127969188539e-13
single_9V-0p5ns,A,PCHIP,3.1744e-06,1.5767806610725915e-09,1.5773486510588019e-09,-5.679899862103506e-13
single_9V-0p5ns,A,PCHIP,3.2768e-06,1.6798821910289809e-09,1.6804592761136093e-09,-5.770850846283867e-13
single_9V-0p5ns,A,PCHIP,3.3792e-06,1.7850239480448982e-09,1.7856094786633168e-09,-5.855306184186689e-13
single_9V-0p5ns,A,PCHIP,3.4816000000000003e-06,1.8920831135684492e-09,1.89267647252032e-09,-5.933589518707304e-13
single_9V-0p5ns,A,PCHIP,3.5840000000000003e-06,2.000940532431489e-09,2.0015411345667694e-09,-6.006021352802726e-13
single_9V-0p5ns,A,PCHIP,3.6864e-06,2.1114809327031775e-09,2.1120882116098936e-09,-6.07278906716152e-13
single_9V-0p5ns,A,PCHIP,3.7888e-06,2.2235930575942194e-09,2.2242064920899715e-09,-6.134344957521048e-13
single_9V-0p5ns,A,PCHIP,3.8912e-06,2.3371698477279727e-09,2.337788946722747e-09,-6.19098994774206e-13
single_9V-0p5ns,A,PCHIP,3.9936e-06,2.452108539586795e-09,2.452732841261241e-09,-6.243016744460695e-13
single_9V-0p5ns,A,PCHIP,4.096e-06,2.5683107528261813e-09,2.568939823782123e-09,-6.290709559416355e-13
single_9V-0p5ns,A,PCHIP,4.1984e-06,2.6856825622364515e-09,2.686315988255386e-09,-6.334260189343991e-13
single_9V-0p5ns,A,PCHIP,4.3008e-06,2.8041345127948836e-09,2.8047719156444485e-09,-6.374028495649439e-13
single_9V-0p5ns,A,PCHIP,4.4032000000000005e-06,2.9235816664848742e-09,2.924222693412348e-09,-6.410269274739562e-13
single_9V-0p5ns,A,PCHIP,4.5056000000000005e-06,3.043943591349898e-09,3.0445879140696456e-09,-6.443227197474392e-13
single_9V-0p5ns,A,PCHIP,4.608e-06,3.1651443395948473e-09,3.165791653281146e-09,-6.473136862987638e-13
single_9V-0p5ns,A,PCHIP,4.7104e-06,3.2871124109294594e-09,3.287762428039783e-09,-6.500171103236075e-13
single_9V-0p5ns,A,PCHIP,4.8128e-06,3.40978067519103e-09,3.4104331354947824e-09,-6.524603037524992e-13
single_9V-0p5ns,A,PCHIP,4.9152e-06,3.5330863096369642e-09,3.5337409731705996e-09,-6.546635336354122e-13
single_9V-0p5ns,A,PCHIP,5.0176e-06,3.6569706954903576e-09,3.6576273415084565e-09,-6.566460180989866e-13
single_9V-0p5ns,A,PCHIP,5.12e-06,3.78137930393939e-09,3.782037729882341e-09,-6.584259429513534e-13
single_9V-0p5ns,A,PCHIP,5.2224e-06,3.906261570020519e-09,3.906921587467487e-09,-6.600174469682114e-13
single_9V-0p5ns,A,PCHIP,5.3248e-06,4.031570740362209e-09,4.032232180550585e-09,-6.614401883755777e-13
single_9V-0p5ns,A,PCHIP,5.4272e-06,4.157263728824888e-09,4.157926438054669e-09,-6.627092297808552e-13
single_9V-0p5ns,A,PCHIP,5.5296e-06,4.283300948549168e-09,4.2839647871941415e-09,-6.63838644973125e-13
single_9V-0p5ns,A,PCHIP,5.6320000000000005e-06,4.4096461397196934e-09,4.410310981269407e-09,-6.648415497132905e-13
single_9V-0p5ns,A,PCHIP,5.7344000000000005e-06,4.536266193200557e-09,4.536931921653663e-09,-6.657284531060411e-13
single_9V-0p5ns,A,PCHIP,5.836800000000001e-06,4.663130963396351e-09,4.663797476014247e-09,-6.665126178956576e-13
single_9V-0p5ns,A,PCHIP,5.9392e-06,4.790213090348436e-09,4.790880294751964e-09,-6.672044035275226e-13
single_9V-0p5ns,A,PCHIP,6.0416e-06,4.917487814202789e-09,4.918155627538215e-09,-6.678133354256225e-13
single_9V-0p5ns,A,PCHIP,6.144e-06,5.044932793540573e-09,5.045601141688463e-09,-6.683481478901343e-13
single_9V-0p5ns,A,PCHIP,6.2464e-06,5.172527927995452e-09,5.17319674394089e-09,-6.688159454380271e-13
single_9V-0p5ns,A,PCHIP,6.3488e-06,5.300255181960044e-09,5.300924407018039e-09,-6.692250579947906e-13
single_9V-0p5ns,A,PCHIP,6.4512e-06,5.428098420087744e-09,5.428768002146482e-09,-6.695820587379277e-13
single_9V-0p5ns,A,PCHIP,6.5536e-06,5.556043245604857e-09,5.556713138502026e-09,-6.698928971689571e-13
single_9V-0p5ns,A,PCHIP,6.656e-06,5.684076847398762e-09,5.68474701034277e-09,-6.701629440078145e-13
single_9V-0p5ns,A,PCHIP,6.7584e-06,5.8121878557994515e-09,5.812858252395805e-09,-6.703965963539031e-13
single_9V-0p5ns,A,PCHIP,6.8608000000000004e-06,5.9403662051542284e-09,5.9410368038793185e-09,-6.705987250900383e-13
single_9V-0p5ns,A,PCHIP,6.9632000000000005e-06,6.068603008182048e-09,6.0692737813744304e-09,-6.707731923820573e-13
single_9V-0p5ns,A,PCHIP,7.065600000000001e-06,6.196890437168321e-09,6.197561360611852e-09,-6.709234435315099e-13
single_9V-0p5ns,A,PCHIP,7.168000000000001e-06,6.325221614564313e-09,6.325892667108842e-09,-6.710525445288314e-13
single_9V-0p5ns,A,PCHIP,7.2704e-06,6.453590512471481e-09,6.454261675482526e-09,-6.711630110445045e-13
single_9V-0p5ns,A,PCHIP,7.3728e-06,6.581991859669227e-09,6.582663117175507e-09,-6.712575062799826e-13
single_9V-0p5ns,A,PCHIP,7.4752e-06,6.710421058112196e-09,6.7110923962582685e-09,-6.713381460722827e-13
single_9V-0p5ns,A,PCHIP,7.5776e-06,6.838874106125207e-09,6.839545512918502e-09,-6.714067932950101e-13
single_9V-0p5ns,A,PCHIP,7.680000000000001e-06,6.967347529124078e-09,6.968018994208535e-09,-6.714650844571779e-13
single_9V-0p5ns,A,PCHIP,7.7824e-06,7.095838317234276e-09,7.096509831596854e-09,-6.715143625783276e-13
single_9V-0p5ns,A,PCHIP,7.8848e-06,7.224343868860148e-09,7.225015424856369e-09,-6.715559962205109e-13
single_9V-0p5ns,A,PCHIP,7.9872e-06,7.3528619407452076e-09,7.353533531818499e-09,-6.715910732916695e-13
single_9V-0p5ns,A,PCHIP,8.0896e-06,7.481390602986898e-09,7.482062223527085e-09,-6.7162054018734e-13
single_9V-0p5ns,A,PCHIP,8.192e-06,7.609928199119015e-09,7.610599844337476e-09,-6.716452184608254e-13
single_9V-0p5ns,A,PCHIP,8.2944e-06,7.738473310740836e-09,7.739144976522676e-09,-6.716657818399812e-13
single_9V-0p5ns,A,PCHIP,8.3968e-06,7.867024726075242e-09,7.867696408968888e-09,-6.716828936459038e-13
single_9V-0p5ns,A,PCHIP,8.4992e-06,7.99558141248475e-09,7.996253109565904e-09,-6.716970811549483e-13
single_9V-0p5ns,A,PCHIP,8.6016e-06,8.124142492124883e-09,8.124814200922684e-09,-6.71708797801057e-13
single_9V-0p5ns,A,PCHIP,8.704e-06,8.252707220631558e-09,8.253378939064238e-09,-6.717184326800636e-13
single_9V-0p5ns,A,PCHIP,8.806400000000001e-06,8.381274968487566e-09,8.381946694792165e-09,-6.717263045989569e-13
single_9V-0p5ns,A,PCHIP,8.9088e-06,8.509845204699872e-09,8.510516937416917e-09,-6.717327170453405e-13
single_9V-0p5ns,A,PCHIP,9.011200000000001e-06,8.638417482683866e-09,8.639089220595251e-09,-6.71737911385554e-13
single_9V-0p5ns,A,PCHIP,9.1136e-06,8.766991427937394e-09,8.767663170030472e-09,-6.717420930780267e-13
single_9V-0p5ns,A,PCHIP,9.216e-06,8.895566727379175e-09,8.896238472816184e-09,-6.717454370085925e-13
single_9V-0p5ns,A,PCHIP,9.3184e-06,9.024143120137842e-09,9.024814868225953e-09,-6.717480881108753e-13
single_9V-0p5ns,A,PCHIP,9.4208e-06,9.152720389587323e-09,9.153392139771593e-09,-6.717501842709199e-13
single_9V-0p5ns,A,PCHIP,9.5232e-06,9.281298356515108e-09,9.281970108371593e-09,-6.71751856484357e-13
single_9V-0p5ns,A,PCHIP,9.6256e-06,9.409876873074063e-09,9.410548626488394e-09,-6.717534143301482e-13
single_9V-0p5ns,A,PCHIP,9.728e-06,9.538455819941408e-09,9.539127573109226e-09,-6.717531678187451e-13
single_9V-0p5ns,A,PCHIP,9.8304e-06,9.667035095217201e-09,9.667706849459468e-09,-6.717542422668038e-13
single_9V-0p5ns,A,PCHIP,9.932800000000001e-06,9.795614620556247e-09,9.796286375350606e-09,-6.717547943585775e-13
single_9V-0p5ns,A,PCHIP,1.00352e-05,9.92419433093632e-09,9.924866086076664e-09,-6.717551403434123e-13
single_9V-0p5ns,A,PCHIP,1.0137600000000001e-05,1.0052774174435397e-08,1.0053445929783492e-08,-6.717553480947863e-13
single_9V-0p5ns,A,PCHIP,1.024e-05,1.0181354109790492e-08,1.0182025865244732e-08,-6.717554542402568e-13
single_9V-0p5ns,A,PCHIP,1.0342400000000001e-05,1.0309934104502126e-08,1.0310605859986788e-08,-6.717554846623054e-13
single_9V-0p5ns,A,PCHIP,1.04448e-05,1.043851413325317e-08,1.0439185888712464e-08,-6.71755459292676e-13
single_9V-0p5ns,A,PCHIP,1.05472e-05,1.0567094176586206e-08,1.0567765931979731e-08,-6.717553935251999e-13
single_9V-0p5ns,A,PCHIP,1.06496e-05,1.069567421979827e-08,1.0696345975097719e-08,-6.717552994499488e-13
single_9V-0p5ns,A,PCHIP,1.0752e-05,1.0824254252020771e-08,1.0824926007207321e-08,-6.717551865497213e-13
single_9V-0p5ns,A,PCHIP,1.08544e-05,1.0952834265455797e-08,1.0953506020518273e-08,-6.717550624759382e-13
single_9V-0p5ns,A,PCHIP,1.09568e-05,1.1081414254745733e-08,1.1082086009678429e-08,-6.717549326962632e-13
single_9V-0p5ns,A,PCHIP,1.10592e-05,1.1209994216453005e-08,1.1210665971254524e-08,-6.717548015186529e-13
single_9V-0p5ns,A,PCHIP,1.11616e-05,1.1338574148634448e-08,1.133924590330659e-08,-6.71754672142642e-13
single_9V-0p5ns,A,PCHIP,1.1264000000000001e-05,1.146715405049399e-08,1.1467825805040903e-08,-6.717545469124604e-13
single_9V-0p5ns,A,PCHIP,1.13664e-05,1.1595733922100768e-08,1.159640567652847e-08,-6.717544277008448e-13
single_9V-0p5ns,A,PCHIP,1.1468800000000001e-05,1.1724313764162814e-08,1.1724985518478146e-08,-6.717543153316673e-13
single_9V-0p5ns,A,PCHIP,1.15712e-05,1.1852893577844556e-08,1.1853565332055019e-08,-6.717542104633636e-13
single_9V-0p5ns,A,PCHIP,1.1673600000000001e-05,1.1981473364622817e-08,1.1982145118736236e-08,-6.717541134185342e-13
single_9V-0p5ns,A,PCHIP,1.1776e-05,1.2110053126173355e-08,1.211072488019761e-08,-6.717540242550816e-13
single_9V-0p5ns,A,PCHIP,1.18784e-05,1.223863286428248e-08,1.2239304618225495e-08,-6.717539430143649e-13
single_9V-0p5ns,A,PCHIP,1.19808e-05,1.2367212580779946e-08,1.2367884334649208e-08,-6.717538692612871e-13
single_9V-0p5ns,A,PCHIP,1.20832e-05,1.2495792277487494e-08,1.2496464031290134e-08,-6.717538026401606e-13
single_9V-0p5ns,A,PCHIP,1.21856e-05,1.2624371956181539e-08,1.2625043709924278e-08,-6.717537427390494e-13
single_9V-0p5ns,A,PCHIP,1.2288e-05,1.275295161856643e-08,1.2753623372255539e-08,-6.717536891079672e-13
single_9V-0p5ns,A,PCHIP,1.23904e-05,1.2881531266256173e-08,1.288220301989754e-08,-6.717536413664109e-13
single_9V-0p5ns,A,PCHIP,1.24928e-05,1.3010110900763199e-08,1.3010782654362131e-08,-6.717535989320455e-13
single_9V-0p5ns,A,PCHIP,1.2595200000000001e-05,1.3138690523491756e-08,1.313936227705311e-08,-6.717535613548846e-13
single_9V-0p5ns,A,PCHIP,1.26976e-05,1.326727013573574e-08,1.3267941889263918e-08,-6.717535281783246e-13
single_9V-0p5ns,A,PCHIP,1.2800000000000001e-05,1.3395849738679367e-08,1.3396521492178333e-08,-6.717534989656141e-13
single_9V-0p5ns,A,PCHIP,1.29024e-05,1.3524429333399974e-08,1.3525101086873356e-08,-6.717534733825721e-13
single_9V-0p5ns,A,PCHIP,1.3004800000000001e-05,1.3653008920872691e-08,1.3653680674323675e-08,-6.717534509841755e-13
single_9V-0p5ns,A,PCHIP,1.31072e-05,1.378158850197574e-08,1.378226025540717e-08,-6.717534314312802e-13
single_9V-0p5ns,A,PCHIP,1.32096e-05,1.3910168077496691e-08,1.3910839830911102e-08,-6.717534144112119e-13
single_9V-0p5ns,A,PCHIP,1.3312e-05,1.4038747648139018e-08,1.4039419401538641e-08,-6.717533996228769e-13
single_9V-0p5ns,A,PCHIP,1.34144e-05,1.4167327214528667e-08,1.416799896791551e-08,-6.717533868429364e-13
single_9V-0p5ns,A,PCHIP,1.35168e-05,1.4295906777220819e-08,1.4296578530596615e-08,-6.717533757967665e-13
single_9V-0p5ns,A,PCHIP,1.36192e-05,1.4424486336706168e-08,1.4425158090072437e-08,-6.717533662693003e-13
single_9V-0p5ns,A,PCHIP,1.3721600000000001e-05,1.4553065893417114e-08,1.4553737646775194e-08,-6.717533580802122e-13
single_9V-0p5ns,A,PCHIP,1.3824e-05,1.4681645447733575e-08,1.468231720108463e-08,-6.717533510541401e-13
single_9V-0p5ns,A,PCHIP,1.3926400000000001e-05,1.4810224999988418e-08,1.4810896753333465e-08,-6.717533450471545e-13
single_9V-0p5ns,A,PCHIP,1.40288e-05,1.4938804550472498e-08,1.4939476303812426e-08,-6.717533399285608e-13
single_9V-0p5ns,A,PCHIP,1.4131200000000001e-05,1.506738409943931e-08,1.506805585277488e-08,-6.717533355676646e-13
single_9V-0p5ns,A,PCHIP,1.42336e-05,1.5195963647109214e-08,1.5196635400441063e-08,-6.717533318486606e-13
single_9V-0p5ns,A,PCHIP,1.4336000000000001e-05,1.5324543193673256e-08,1.5325214947001955e-08,-6.717533286987568e-13
single_9V-0p5ns,A,PCHIP,1.44384e-05,1.5453122739296695e-08,1.5453794492622743e-08,-6.717533260484701e-13
single_9V-0p5ns,A,PCHIP,1.45408e-05,1.5581702284122155e-08,1.558237403744597e-08,-6.717533238150825e-13
single_9V-0p5ns,A,PCHIP,1.46432e-05,1.5710281828272408e-08,1.5710953581594337e-08,-6.717533219291107e-13
single_9V-0p5ns,A,PCHIP,1.47456e-05,1.583886137185285e-08,1.583953312517321e-08,-6.717533203607763e-13
single_9V-0p5ns,A,PCHIP,1.4848e-05,1.596744091495381e-08,1.5968112668272855e-08,-6.717533190439047e-13
single_9V-0p5ns,A,PCHIP,1.49504e-05,1.6096020457652458e-08,1.6096692210970403e-08,-6.717533179454089e-13
single_9V-0p5ns,A,PCHIP,1.5052800000000001e-05,1.622460000001458e-08,1.6225271753331627e-08,-6.717533170454364e-13
single_9V-0p5ns,A,PCHIP,1.51552e-05,1.635317954209615e-08,1.6353851295412446e-08,-6.717533162943564e-13
single_9V-0p5ns,A,PCHIP,1.5257600000000001e-05,1.648175908394462e-08,1.6482430837260298e-08,-6.71753315678934e-13
single_9V-0p5ns,A,PCHIP,1.5360000000000002e-05,1.6610338625600128e-08,1.6611010378915307e-08,-6.717533151793169e-13
single_9V-0p5ns,A,PCHIP,1.54624e-05,1.6738918167096554e-08,1.6739589920411326e-08,-6.71753314772344e-13
single_9V-0p5ns,A,PCHIP,1.55648e-05,1.6867497708462398e-08,1.6868169461776843e-08,-6.717533144447805e-13
single_9V-0p5ns,A,PCHIP,1.56672e-05,1.699607724972156e-08,1.699674900303574e-08,-6.717533141800827e-13
single_9V-0p5ns,A,PCHIP,1.57696e-05,1.7124656790894028e-08,1.7125328544207993e-08,-6.717533139650158e-13
single_9V-0p5ns,A,PCHIP,1.5872e-05,1.7253236331996474e-08,1.7253908085310267e-08,-6.717533137929622e-13
single_9V-0p5ns,A,PCHIP,1.59744e-05,1.7381815873042725e-08,1.7382487626356383e-08,-6.717533136573046e-13
single_9V-0p5ns,A,PCHIP,1.60768e-05,1.751039541404424e-08,1.751106716735779e-08,-6.717533135514255e-13
single_9V-0p5ns,A,PCHIP,1.61792e-05,1.7638974955010466e-08,1.7639646708323915e-08,-6.717533134488551e-13
single_9V-0p5ns,A,PCHIP,1.62816e-05,1.7767554495949054e-08,1.7768226249262506e-08,-6.717533134521638e-13
single_9V-0p5ns,A,PCHIP,1.6384e-05,1.7896134036866494e-08,1.789680579017988e-08,-6.717533133859893e-13
single_9V-0p5ns,A,PCHIP,1.6486400000000002e-05,1.802471357776782e-08,1.802538533108117e-08,-6.717533133495934e-13
single_9V-0p5ns,A,PCHIP,1.65888e-05,1.8153293118657187e-08,1.8153964871970517e-08,-6.71753313329741e-13
single_9V-0p5ns,A,PCHIP,1.66912e-05,1.828187265953794e-08,1.8282544412851253e-08,-6.717533133131974e-13
single_9V-0p5ns,A,PCHIP,1.67936e-05,1.841045220041271e-08,1.8411123953726016e-08,-6.7175331330658e-13
single_9V-0p5ns,A,PCHIP,1.6896000000000002e-05,1.8539031741283582e-08,1.8539703494596895e-08,-6.717533133131974e-13
single_9V-0p5ns,A,PCHIP,1.69984e-05,1.8667611282152184e-08,1.866828303546551e-08,-6.717533133264323e-13
single_9V-0p5ns,A,PCHIP,1.71008e-05,1.8796190823019794e-08,1.879686257633312e-08,-6.717533133264323e-13
single_9V-0p5ns,A,PCHIP,1.72032e-05,1.892477036388733e-08,1.8925442117200668e-08,-6.717533133363585e-13
single_9V-0p5ns,A,PCHIP,1.73056e-05,1.9053349904755504e-08,1.905402165806885e-08,-6.717533133462847e-13
single_9V-0p5ns,A,PCHIP,1.7408e-05,1.9181929445624827e-08,1.918260119893818e-08,-6.717533133529021e-13
single_9V-0p5ns,A,PCHIP,1.75104e-05,1.931050898649564e-08,1.9311180739809003e-08,-6.717533133628283e-13
single_9V-0p5ns,A,PCHIP,1.7612800000000002e-05,1.9439088527368177e-08,1.9439760280681543e-08,-6.71753313366137e-13
single_9V-0p5ns,A,PCHIP,1.77152e-05,1.9567668068242553e-08,1.9568339821555926e-08,-6.717533133727544e-13
single_9V-0p5ns,A,PCHIP,1.78176e-05,1.9696247609118842e-08,1.9696919362432218e-08,-6.717533133760632e-13
single_9V-0p5ns,A,PCHIP,1.792e-05,1.982482714999703e-08,1.9825498903310416e-08,-6.717533133859893e-13
single_9V-0p5ns,A,PCHIP,1.8022400000000002e-05,1.9953406690877084e-08,1.9954078444190476e-08,-6.717533133926068e-13
single_9V-0p5ns,A,PCHIP,1.81248e-05,2.0081986231758947e-08,2.0082657985072347e-08,-6.717533133992242e-13
single_9V-0p5ns,A,PCHIP,1.82272e-05,2.0210565772642525e-08,2.021123752595593e-08,-6.717533134058417e-13
single_9V-0p5ns,A,PCHIP,1.83296e-05,2.0339145313527718e-08,2.0339817066841127e-08,-6.717533134091504e-13
single_9V-0p5ns,A,PCHIP,1.8432e-05,2.046772485441436e-08,2.0468396607727775e-08,-6.717533134157678e-13
single_9V-0p5ns,A,PCHIP,1.85344e-05,2.0596304395302338e-08,2.0596976148615754e-08,-6.717533134157678e-13
single_9V-0p5ns,A,PCHIP,1.86368e-05,2.0724883936191564e-08,2.072555568950499e-08,-6.71753313425694e-13
single_9V-0p5ns,A,PCHIP,1.8739200000000002e-05,2.085346347708194e-08,2.0854135230395366e-08,-6.71753313425694e-13
single_9V-0p5ns,A,PCHIP,1.88416e-05,2.0982043017973324e-08,2.0982714771286753e-08,-6.717533134290027e-13
single_9V-0p5ns,A,PCHIP,1.8944e-05,2.1110622558865663e-08,2.1111294312179092e-08,-6.717533134290027e-13
single_9V-0p5ns,A,PCHIP,1.90464e-05,2.1239202099758813e-08,2.123987385307225e-08,-6.717533134356202e-13
single_9V-0p5ns,A,PCHIP,1.9148800000000002e-05,2.1367781640652717e-08,2.1368453393966156e-08,-6.717533134389289e-13
single_9V-0p5ns,A,PCHIP,1.92512e-05,2.1496361181547293e-08,2.1497032934860736e-08,-6.717533134422376e-13
single_9V-0p5ns,A,PCHIP,1.93536e-05,2.1624940722442442e-08,2.1625612475755884e-08,-6.717533134422376e-13
single_9V-0p5ns,A,PCHIP,1.9456e-05,2.1753520263338126e-08,2.175419201665157e-08,-6.717533134422376e-13
single_9V-0p5ns,A,PCHIP,1.9558400000000002e-05,2.1882099804234284e-08,2.188277155754773e-08,-6.717533134455463e-13
single_9V-0p5ns,A,PCHIP,1.96608e-05,2.201067934513081e-08,2.2011351098444257e-08,-6.717533134488551e-13
single_9V-0p5ns,A,PCHIP,1.97632e-05,2.21392588860277e-08,2.2139930639341143e-08,-6.717533134422376e-13
single_9V-0p5ns,A,PCHIP,1.9865600000000002e-05,2.2267838426924917e-08,2.2268510180238362e-08,-6.717533134455463e-13
single_9V-0p5ns,A,PCHIP,1.9968e-05,2.2396417967822428e-08,2.2397089721135867e-08,-6.717533134389289e-13
single_9V-0p5ns,A,PCHIP,2e-05,2.2436599074352938e-08,2.2437270827666384e-08,-6.717533134455463e-13
single_9V-0p5ns,A,CS,0.0,0.0,0.0,0.0
single_9V-0p5ns,A,CS,1.024e-07,1.706634315610855e-13,1.7425897217563216e-13,-3.595540614546652e-15
single_9V-0p5ns,A,CS,2.048e-07,1.3099015983510458e-12,1.3225035629863068e-12,-1.260196463526102e-14
single_9V-0p5ns,A,CS,3.072e-07,4.213593389528237e-12,4.239853981345558e-12,-2.6260591817321247e-14
single_9V-0p5ns,A,CS,4.096e-07,9.516179742103275e-12,9.559656378179957e-12,-4.3476636076682084e-14
single_9V-0p5ns,A,CS,5.12e-07,1.772088087399963e-11,1.7784327627354723e-11,-6.344675335509489e-14
single_9V-0p5ns,A,CS,6.144e-07,2.922436946344094e-11,2.9309803738732487e-11,-8.543427529154725e-14
single_9V-0p5ns,A,CS,7.168000000000001e-07,4.4335679574868327e-11,4.444458665290487e-11,-1.089070780365446e-13
single_9V-0p5ns,A,CS,8.192e-07,6.329120386030468e-11,6.342459058175163e-11,-1.3338672144694244e-13
single_9V-0p5ns,A,CS,9.216e-07,8.62663632183507e-11,8.642483897160881e-11,-1.5847575325811248e-13
single_9V-0p5ns,A,CS,1.024e-06,1.1338498684502738e-10,1.1356883083295428e-10,-1.8384398792690035e-13
single_9V-0p5ns,A,CS,1.1264000000000001e-06,1.4472701082251794e-10,1.4493618073014282e-10,-2.0916990762488056e-13
single_9V-0p5ns,A,CS,1.2288e-06,1.8033468690514023e-10,1.8056896706234983e-10,-2.342801572096022e-13
single_9V-0p5ns,A,CS,1.3312e-06,2.2021810528177287e-10,2.2047709791384406e-10,-2.589926320711892e-13
single_9V-0p5ns,A,CS,1.4336000000000001e-06,2.6435975347503293e-10,2.6464291419318684e-10,-2.8316071815390367e-13
single_9V-0p5ns,A,CS,1.536e-06,3.127185187627257e-10,3.130251867958546e-10,-3.066680331289317e-13
single_9V-0p5ns,A,CS,1.6384e-06,3.652332403576054e-10,3.6556262050135904e-10,-3.2938014375366803e-13
single_9V-0p5ns,A,CS,1.7408000000000001e-06,4.2182567164698265e-10,4.221769465897887e-10,-3.512749428060409e-13
single_9V-0p5ns,A,CS,1.8432e-06,4.824033621306794e-10,4.827756647229969e-10,-3.7230259231753323e-13
single_9V-0p5ns,A,CS,1.9456e-06,5.4686205073319e-10,5.472544797001302e-10,-3.9242896694023846e-13
single_9V-0p5ns,A,CS,2.048e-06,6.150878349884892e-10,6.154994683421597e-10,-4.116333536704357e-13
single_9V-0p5ns,A,CS,2.1504e-06,6.869591336798065e-10,6.873890046490524e-10,-4.2987096924599537e-13
single_9V-0p5ns,A,CS,2.2528000000000003e-06,7.623482871380386e-10,7.627954665494136e-10,-4.4717941137495095e-13
single_9V-0p5ns,A,CS,2.3552e-06,8.411231782388434e-10,8.415867443397615e-10,-4.635661009180198e-13
single_9V-0p5ns,A,CS,2.4576e-06,9.231485241446574e-10,9.236275687745791e-10,-4.79044629921739e-13
single_9V-0p5ns,A,CS,2.56e-06,1.008287041549422e-09,1.0087806753372144e-09,-4.93633787792275e-13
single_9V-0p5ns,A,CS,2.6624e-06,1.0964004902501534e-09,1.0969078202176317e-09,-5.073299674782859e-13
single_9V-0p5ns,A,CS,2.7648e-06,1.1873504748659765e-09,1.1878706627336973e-09,-5.201878677208377e-13
single_9V-0p5ns,A,CS,2.8672000000000003e-06,1.2809992924073305e-09,1.2815315282206659e-09,-5.32235813335394e-13
single_9V-0p5ns,A,CS,2.9696e-06,1.3772105608883749e-09,1.3777540646806178e-09,-5.435037922429769e-13
single_9V-0p5ns,A,CS,3.072e-06,1.4758497825503656e-09,1.4764038056766783e-09,-5.540231263126669e-13
single_9V-0p5ns,A,CS,3.1744e-06,1.5767848439913647e-09,1.5773486510588019e-09,-5.63807067437169e-13
single_9V-0p5ns,A,CS,3.2768e-06,1.6798863672857388e-09,1.6804592761136093e-09,-5.72908827870458e-13
single_9V-0p5ns,A,CS,3.3792e-06,1.7850281177208003e-09,1.7856094786633168e-09,-5.813609425165471e-13
single_9V-0p5ns,A,CS,3.4816000000000003e-06,1.892087276795093e-09,1.89267647252032e-09,-5.891957252270109e-13
single_9V-0p5ns,A,CS,3.5840000000000003e-06,2.0009446893379477e-09,2.0015411345667694e-09,-5.964452288216928e-13
single_9V-0p5ns,A,CS,3.6864e-06,2.1114850834449526e-09,2.1120882116098936e-09,-6.031281649410284e-13
single_9V-0p5ns,A,CS,3.7888e-06,2.223597202360918e-09,2.2242064920899715e-09,-6.092897290536838e-13
single_9V-0p5ns,A,CS,3.8912e-06,2.3371739866973217e-09,2.337788946722747e-09,-6.149600254252884e-13
single_9V-0p5ns,A,CS,3.9936e-06,2.452112672967965e-09,2.452732841261241e-09,-6.201682932762531e-13
single_9V-0p5ns,A,CS,4.096e-06,2.568314880822986e-09,2.568939823782123e-09,-6.24942959136926e-13
single_9V-0p5ns,A,CS,4.1984e-06,2.6856866850671113e-09,2.686315988255386e-09,-6.293031882746247e-13
single_9V-0p5ns,A,CS,4.3008e-06,2.804138630697354e-09,2.8047719156444485e-09,-6.332849470946444e-13
single_9V-0p5ns,A,CS,4.4032000000000005e-06,2.9235857796850395e-09,2.924222693412348e-09,-6.369137273087177e-13
single_9V-0p5ns,A,CS,4.5056000000000005e-06,3.043947700090234e-09,3.0445879140696456e-09,-6.402139794116729e-13
single_9V-0p5ns,A,CS,4.608e-06,3.1651484441098287e-09,3.165791653281146e-09,-6.432091713173717e-13
single_9V-0p5ns,A,CS,4.7104e-06,3.287116511457552e-09,3.287762428039783e-09,-6.459165822311723e-13
single_9V-0p5ns,A,CS,4.8128e-06,3.409784771977823e-09,3.4104331354947824e-09,-6.483635169595107e-13
single_9V-0p5ns,A,CS,4.9152e-06,3.5330904029142805e-09,3.5337409731705996e-09,-6.50570256319127e-13
single_9V-0p5ns,A,CS,5.0176e-06,3.6569747854939837e-09,3.6576273415084565e-09,-6.525560144728119e-13
single_9V-0p5ns,A,CS,5.12e-06,3.78138339089368e-09,3.782037729882341e-09,-6.543389886611597e-13
single_9V-0p5ns,A,CS,5.2224e-06,3.9062656541453245e-09,3.906921587467487e-09,-6.559333221626266e-13
single_9V-0p5ns,A,CS,5.3248e-06,4.031574821874847e-09,4.032232180550585e-09,-6.573586757377114e-13
single_9V-0p5ns,A,CS,5.4272e-06,4.157267807927535e-09,4.157926438054669e-09,-6.586301271337036e-13
single_9V-0p5ns,A,CS,5.5296e-06,4.283305025439535e-09,4.2839647871941415e-09,-6.597617546064596e-13
single_9V-0p5ns,A,CS,5.6320000000000005e-06,4.4096502145823195e-09,4.410310981269407e-09,-6.607666870872526e-13
single_9V-0p5ns,A,CS,5.7344000000000005e-06,4.536270266210953e-09,4.536931921653663e-09,-6.616554427102754e-13
single_9V-0p5ns,A,CS,5.836800000000001e-06,4.663135034722548e-09,4.663797476014247e-09,-6.624412916983488e-13
single_9V-0p5ns,A,CS,5.9392e-06,4.790217160144186e-09,4.790880294751964e-09,-6.631346077781288e-13
single_9V-0p5ns,A,CS,6.0416e-06,4.91749188261397e-09,4.918155627538215e-09,-6.637449242442253e-13
single_9V-0p5ns,A,CS,6.144e-06,5.044936860700879e-09,5.045601141688463e-09,-6.642809875844942e-13
single_9V-0p5ns,A,CS,6.2464e-06,5.172531994029009e-09,5.17319674394089e-09,-6.647499118805943e-13
single_9V-0p5ns,A,CS,6.3488e-06,5.300259246982747e-09,5.300924407018039e-09,-6.651600352917711e-13
single_9V-0p5ns,A,CS,6.4512e-06,5.428102484204021e-09,5.428768002146482e-09,-6.655179424610777e-13
single_9V-0p5ns,A,CS,6.5536e-06,5.556047308911491e-09,5.556713138502026e-09,-6.658295905348364e-13
single_9V-0p5ns,A,CS,6.656e-06,5.6840809099830624e-09,5.68474701034277e-09,-6.661003597075093e-13
single_9V-0p5ns,A,CS,6.7584e-06,5.812191917740943e-09,5.812858252395805e-09,-6.663346548622693e-13
single_9V-0p5ns,A,CS,6.8608000000000004e-06,5.94037026652571e-09,5.9410368038793185e-09,-6.665373536085647e-13
single_9V-0p5ns,A,CS,6.9632000000000005e-06,6.068607069048265e-09,6.0692737813744304e-09,-6.667123261656629e-13
single_9V-0p5ns,A,CS,7.065600000000001e-06,6.196894497588183e-09,6.197561360611852e-09,-6.668630236692186e-13
single_9V-0p5ns,A,CS,7.168000000000001e-06,6.3252256745902775e-09,6.325892667108842e-09,-6.669925185641576e-13
single_9V-0p5ns,A,CS,7.2704e-06,6.453594572150604e-09,6.454261675482526e-09,-6.671033319216246e-13
single_9V-0p5ns,A,CS,7.3728e-06,6.581995919043915e-09,6.582663117175507e-09,-6.671981315926553e-13
single_9V-0p5ns,A,CS,7.4752e-06,6.710425117219764e-09,6.7110923962582685e-09,-6.672790385047363e-13
single_9V-0p5ns,A,CS,7.5776e-06,6.838878164999113e-09,6.839545512918502e-09,-6.673479193886159e-13
single_9V-0p5ns,A,CS,7.680000000000001e-06,6.967351587793807e-09,6.968018994208535e-09,-6.674064147279102e-13
single_9V-0p5ns,A,CS,7.7824e-06,7.09584237572596e-09,7.096509831596854e-09,-6.674558708938966e-13
single_9V-0p5ns,A,CS,7.8848e-06,7.224347927197052e-09,7.225015424856369e-09,-6.674976593172889e-13
single_9V-0p5ns,A,CS,7.9872e-06,7.352865998947636e-09,7.353533531818499e-09,-6.675328708631996e-13
single_9V-0p5ns,A,CS,8.0896e-06,7.481394661072863e-09,7.482062223527085e-09,-6.675624542217645e-13
single_9V-0p5ns,A,CS,8.192e-06,7.60993225710428e-09,7.610599844337476e-09,-6.675872331962176e-13
single_9V-0p5ns,A,CS,8.2944e-06,7.738477368639268e-09,7.739144976522676e-09,-6.676078834078311e-13
single_9V-0p5ns,A,CS,8.3968e-06,7.867028783899108e-09,7.867696408968888e-09,-6.676250697807771e-13
single_9V-0p5ns,A,CS,8.4992e-06,7.995585470244754e-09,7.996253109565904e-09,-6.676393211498194e-13
single_9V-0p5ns,A,CS,8.6016e-06,8.12414654983053e-09,8.124814200922684e-09,-6.676510921532748e-13
single_9V-0p5ns,A,CS,8.704e-06,8.25271127829125e-09,8.253378939064238e-09,-6.676607729871275e-13
single_9V-0p5ns,A,CS,8.806400000000001e-06,8.381279026108846e-09,8.381946694792165e-09,-6.676686833186341e-13
single_9V-0p5ns,A,CS,8.9088e-06,8.509849262289678e-09,8.510516937416917e-09,-6.6767512723924e-13
single_9V-0p5ns,A,CS,9.011200000000001e-06,8.63842154024874e-09,8.639089220595251e-09,-6.676803465106772e-13
single_9V-0p5ns,A,CS,9.1136e-06,8.766995485483966e-09,8.767663170030472e-09,-6.676845465053481e-13
single_9V-0p5ns,A,CS,9.216e-06,8.895570784914887e-09,8.896238472816184e-09,-6.676879012967954e-13
single_9V-0p5ns,A,CS,9.3184e-06,9.024147177672647e-09,9.024814868225953e-09,-6.676905533056681e-13
single_9V-0p5ns,A,CS,9.4208e-06,9.152724447138523e-09,9.153392139771593e-09,-6.676926330709929e-13
single_9V-0p5ns,A,CS,9.5232e-06,9.281302414127275e-09,9.281970108371593e-09,-6.676942443179102e-13
single_9V-0p5ns,A,CS,9.6256e-06,9.409880931014458e-09,9.410548626488394e-09,-6.676954739351256e-13
single_9V-0p5ns,A,CS,9.728e-06,9.538459876714729e-09,9.539127573109226e-09,-6.676963944978119e-13
single_9V-0p5ns,A,CS,9.8304e-06,9.667039152394175e-09,9.667706849459468e-09,-6.676970652933122e-13
single_9V-0p5ns,A,CS,9.932800000000001e-06,9.795618677812415e-09,9.796286375350606e-09,-6.67697538190814e-13
single_9V-0p5ns,A,CS,1.00352e-05,9.924198388222277e-09,9.924866086076664e-09,-6.676978543872206e-13
single_9V-0p5ns,A,CS,1.0137600000000001e-05,1.0052778231735755e-08,1.0053445929783492e-08,-6.676980477373801e-13
single_9V-0p5ns,A,CS,1.024e-05,1.0181358167098741e-08,1.0182025865244732e-08,-6.676981459915476e-13
single_9V-0p5ns,A,CS,1.0342400000000001e-05,1.0309938161815045e-08,1.0310605859986788e-08,-6.676981717433344e-13
single_9V-0p5ns,A,CS,1.04448e-05,1.043851819056901e-08,1.0439185888712464e-08,-6.676981434537575e-13
single_9V-0p5ns,A,CS,1.05472e-05,1.0567098233903956e-08,1.0567765931979731e-08,-6.676980757754941e-13
single_9V-0p5ns,A,CS,1.06496e-05,1.0695678277117323e-08,1.0696345975097719e-08,-6.676979803966064e-13
single_9V-0p5ns,A,CS,1.0752e-05,1.0824258309340751e-08,1.0824926007207321e-08,-6.676978665699367e-13
single_9V-0p5ns,A,CS,1.08544e-05,1.0952838322776461e-08,1.0953506020518273e-08,-6.67697741811248e-13
single_9V-0p5ns,A,CS,1.09568e-05,1.1081418312066927e-08,1.1082086009678429e-08,-6.676976115021773e-13
single_9V-0p5ns,A,CS,1.10592e-05,1.1209998273774624e-08,1.1210665971254524e-08,-6.676974798993962e-13
single_9V-0p5ns,A,CS,1.11616e-05,1.1338578205956421e-08,1.133924590330659e-08,-6.676973501693521e-13
single_9V-0p5ns,A,CS,1.1264000000000001e-05,1.1467158107816266e-08,1.1467825805040903e-08,-6.676972246364223e-13
single_9V-0p5ns,A,CS,1.13664e-05,1.1595737979423309e-08,1.159640567652847e-08,-6.67697105160109e-13
single_9V-0p5ns,A,CS,1.1468800000000001e-05,1.1724317821485591e-08,1.1724985518478146e-08,-6.676969925543578e-13
single_9V-0p5ns,A,CS,1.15712e-05,1.1852897635167546e-08,1.1853565332055019e-08,-6.676968874726415e-13
single_9V-0p5ns,A,CS,1.1673600000000001e-05,1.1981477421946003e-08,1.1982145118736236e-08,-6.676967902325975e-13
single_9V-0p5ns,A,CS,1.1776e-05,1.2110057183496722e-08,1.211072488019761e-08,-6.676967008888195e-13
single_9V-0p5ns,A,CS,1.18784e-05,1.223863692160601e-08,1.2239304618225495e-08,-6.67696619484321e-13
single_9V-0p5ns,A,CS,1.19808e-05,1.2367216638103625e-08,1.2367884334649208e-08,-6.676965455823508e-13
single_9V-0p5ns,A,CS,1.20832e-05,1.2495796334811312e-08,1.2496464031290134e-08,-6.676964788222579e-13
single_9V-0p5ns,A,CS,1.21856e-05,1.2624376013505482e-08,1.2625043709924278e-08,-6.676964187954152e-13
single_9V-0p5ns,A,CS,1.2288e-05,1.275295567589049e-08,1.2753623372255539e-08,-6.676963650485277e-13
single_9V-0p5ns,A,CS,1.23904e-05,1.2881535323580337e-08,1.288220301989754e-08,-6.676963172027467e-13
single_9V-0p5ns,A,CS,1.24928e-05,1.3010114958087459e-08,1.3010782654362131e-08,-6.676962746724283e-13
single_9V-0p5ns,A,CS,1.2595200000000001e-05,1.3138694580816103e-08,1.313936227705311e-08,-6.676962370075863e-13
single_9V-0p5ns,A,CS,1.26976e-05,1.3267274193060165e-08,1.3267941889263918e-08,-6.676962037532713e-13
single_9V-0p5ns,A,CS,1.2800000000000001e-05,1.3395853796003863e-08,1.3396521492178333e-08,-6.676961744694233e-13
single_9V-0p5ns,A,CS,1.29024e-05,1.3524433390724534e-08,1.3525101086873356e-08,-6.676961488218612e-13
single_9V-0p5ns,A,CS,1.3004800000000001e-05,1.3653012978197308e-08,1.3653680674323675e-08,-6.676961263672163e-13
single_9V-0p5ns,A,CS,1.31072e-05,1.3781592559300407e-08,1.378226025540717e-08,-6.676961067630358e-13
single_9V-0p5ns,A,CS,1.32096e-05,1.3910172134821406e-08,1.3910839830911102e-08,-6.676960896966454e-13
single_9V-0p5ns,A,CS,1.3312e-05,1.4038751705463774e-08,1.4039419401538641e-08,-6.676960748669514e-13
single_9V-0p5ns,A,CS,1.34144e-05,1.416733127185346e-08,1.416799896791551e-08,-6.67696062050615e-13
single_9V-0p5ns,A,CS,1.35168e-05,1.4295910834545642e-08,1.4296578530596615e-08,-6.676960509730122e-13
single_9V-0p5ns,A,CS,1.36192e-05,1.442449039403102e-08,1.4425158090072437e-08,-6.676960414174218e-13
single_9V-0p5ns,A,CS,1.3721600000000001e-05,1.4553069950741992e-08,1.4553737646775194e-08,-6.676960332018639e-13
single_9V-0p5ns,A,CS,1.3824e-05,1.4681649505058475e-08,1.468231720108463e-08,-6.676960261542851e-13
single_9V-0p5ns,A,CS,1.3926400000000001e-05,1.4810229057313338e-08,1.4810896753333465e-08,-6.676960201274472e-13
single_9V-0p5ns,A,CS,1.40288e-05,1.4938808607797435e-08,1.4939476303812426e-08,-6.676960149906556e-13
single_9V-0p5ns,A,CS,1.4131200000000001e-05,1.5067388156764265e-08,1.506805585277488e-08,-6.676960106132158e-13
single_9V-0p5ns,A,CS,1.42336e-05,1.519596770443418e-08,1.5196635400441063e-08,-6.676960068809768e-13
single_9V-0p5ns,A,CS,1.4336000000000001e-05,1.5324547250998234e-08,1.5325214947001955e-08,-6.676960037211469e-13
single_9V-0p5ns,A,CS,1.44384e-05,1.5453126796621682e-08,1.5453794492622743e-08,-6.67696001060934e-13
single_9V-0p5ns,A,CS,1.45408e-05,1.558170634144715e-08,1.558237403744597e-08,-6.676959988209289e-13
single_9V-0p5ns,A,CS,1.46432e-05,1.571028588559741e-08,1.5710953581594337e-08,-6.676959969283397e-13
single_9V-0p5ns,A,CS,1.47456e-05,1.5838865429177857e-08,1.583953312517321e-08,-6.676959953533878e-13
single_9V-0p5ns,A,CS,1.4848e-05,1.596744497227882e-08,1.5968112668272855e-08,-6.676959940332076e-13
single_9V-0p5ns,A,CS,1.49504e-05,1.6096024514977472e-08,1.6096692210970403e-08,-6.67695992931403e-13
single_9V-0p5ns,A,CS,1.5052800000000001e-05,1.62246040573396e-08,1.6225271753331627e-08,-6.676959920281218e-13
single_9V-0p5ns,A,CS,1.51552e-05,1.6353183599421172e-08,1.6353851295412446e-08,-6.67695991273733e-13
single_9V-0p5ns,A,CS,1.5257600000000001e-05,1.6481763141269643e-08,1.6482430837260298e-08,-6.676959906550019e-13
single_9V-0p5ns,A,CS,1.5360000000000002e-05,1.6610342682925155e-08,1.6611010378915307e-08,-6.676959901520761e-13
single_9V-0p5ns,A,CS,1.54624e-05,1.6738922224421585e-08,1.6739589920411326e-08,-6.676959897417945e-13
single_9V-0p5ns,A,CS,1.55648e-05,1.686750176578743e-08,1.6868169461776843e-08,-6.67695989414231e-13
single_9V-0p5ns,A,CS,1.56672e-05,1.699608130704659e-08,1.699674900303574e-08,-6.676959891495332e-13
single_9V-0p5ns,A,CS,1.57696e-05,1.712466084821906e-08,1.7125328544207993e-08,-6.676959889344663e-13
single_9V-0p5ns,A,CS,1.5872e-05,1.7253240389321508e-08,1.7253908085310267e-08,-6.67695988759104e-13
single_9V-0p5ns,A,CS,1.59744e-05,1.738181993036776e-08,1.7382487626356383e-08,-6.676959886234464e-13
single_9V-0p5ns,A,CS,1.60768e-05,1.751039947136927e-08,1.751106716735779e-08,-6.67695988520876e-13
single_9V-0p5ns,A,CS,1.61792e-05,1.763897901233548e-08,1.7639646708323915e-08,-6.676959884348492e-13
single_9V-0p5ns,A,CS,1.62816e-05,1.776755855327413e-08,1.7768226249262506e-08,-6.676959883752922e-13
single_9V-0p5ns,A,CS,1.6384e-05,1.789613809419155e-08,1.789680579017988e-08,-6.676959883289701e-13
single_9V-0p5ns,A,CS,1.6486400000000002e-05,1.8024717635092873e-08,1.802538533108117e-08,-6.676959882958828e-13
single_9V-0p5ns,A,CS,1.65888e-05,1.8153297175982238e-08,1.8153964871970517e-08,-6.676959882793392e-13
single_9V-0p5ns,A,CS,1.66912e-05,1.8281876716862987e-08,1.8282544412851253e-08,-6.676959882661043e-13
single_9V-0p5ns,A,CS,1.67936e-05,1.8410456257737757e-08,1.8411123953726016e-08,-6.676959882594869e-13
single_9V-0p5ns,A,CS,1.6896000000000002e-05,1.853903579860863e-08,1.8539703494596895e-08,-6.676959882661043e-13
single_9V-0p5ns,A,CS,1.69984e-05,1.866761533947723e-08,1.866828303546551e-08,-6.676959882793392e-13
single_9V-0p5ns,A,CS,1.71008e-05,1.879619488034484e-08,1.879686257633312e-08,-6.676959882793392e-13
single_9V-0p5ns,A,CS,1.72032e-05,1.892477442121238e-08,1.8925442117200668e-08,-6.676959882892654e-13
single_9V-0p5ns,A,CS,1.73056e-05,1.905335396208055e-08,1.905402165806885e-08,-6.676959882991916e-13
single_9V-0p5ns,A,CS,1.7408e-05,1.9181933502949875e-08,1.918260119893818e-08,-6.67695988305809e-13
single_9V-0p5ns,A,CS,1.75104e-05,1.9310513043820687e-08,1.9311180739809003e-08,-6.676959883157352e-13
single_9V-0p5ns,A,CS,1.7612800000000002e-05,1.9439092584693224e-08,1.9439760280681543e-08,-6.676959883190439e-13
single_9V-0p5ns,A,CS,1.77152e-05,1.95676721255676e-08,1.9568339821555926e-08,-6.676959883256613e-13
single_9V-0p5ns,A,CS,1.78176e-05,1.969625166644389e-08,1.9696919362432218e-08,-6.676959883289701e-13
single_9V-0p5ns,A,CS,1.792e-05,1.9824831207322077e-08,1.9825498903310416e-08,-6.676959883388962e-13
single_9V-0p5ns,A,CS,1.8022400000000002e-05,1.995341074820213e-08,1.9954078444190476e-08,-6.676959883455137e-13
single_9V-0p5ns,A,CS,1.81248e-05,2.0081990289083995e-08,2.0082657985072347e-08,-6.676959883521311e-13
single_9V-0p5ns,A,CS,1.82272e-05,2.0210569829967572e-08,2.021123752595593e-08,-6.676959883587486e-13
single_9V-0p5ns,A,CS,1.83296e-05,2.0339149370852765e-08,2.0339817066841127e-08,-6.676959883620573e-13
single_9V-0p5ns,A,CS,1.8432e-05,2.0467728911739406e-08,2.0468396607727775e-08,-6.676959883686747e-13
single_9V-0p5ns,A,CS,1.85344e-05,2.0596308452627385e-08,2.0596976148615754e-08,-6.676959883686747e-13
single_9V-0p5ns,A,CS,1.86368e-05,2.072488799351661e-08,2.072555568950499e-08,-6.676959883786009e-13
single_9V-0p5ns,A,CS,1.8739200000000002e-05,2.0853467534406988e-08,2.0854135230395366e-08,-6.676959883786009e-13
single_9V-0p5ns,A,CS,1.88416e-05,2.098204707529837e-08,2.0982714771286753e-08,-6.676959883819096e-13
single_9V-0p5ns,A,CS,1.8944e-05,2.111062661619071e-08,2.1111294312179092e-08,-6.676959883819096e-13
single_9V-0p5ns,A,CS,1.90464e-05,2.123920615708386e-08,2.123987385307225e-08,-6.676959883885271e-13
single_9V-0p5ns,A,CS,1.9148800000000002e-05,2.1367785697977764e-08,2.1368453393966156e-08,-6.676959883918358e-13
single_9V-0p5ns,A,CS,1.92512e-05,2.149636523887234e-08,2.1497032934860736e-08,-6.676959883951445e-13
single_9V-0p5ns,A,CS,1.93536e-05,2.162494477976749e-08,2.1625612475755884e-08,-6.676959883951445e-13
single_9V-0p5ns,A,CS,1.9456e-05,2.1753524320663173e-08,2.175419201665157e-08,-6.676959883951445e-13
single_9V-0p5ns,A,CS,1.9558400000000002e-05,2.188210386155933e-08,2.188277155754773e-08,-6.676959883984532e-13
single_9V-0p5ns,A,CS,1.96608e-05,2.2010683402455856e-08,2.2011351098444257e-08,-6.676959884017619e-13
single_9V-0p5ns,A,CS,1.97632e-05,2.2139262943352748e-08,2.2139930639341143e-08,-6.676959883951445e-13
single_9V-0p5ns,A,CS,1.9865600000000002e-05,2.2267842484249964e-08,2.2268510180238362e-08,-6.676959883984532e-13
single_9V-0p5ns,A,CS,1.9968e-05,2.2396422025147475e-08,2.2397089721135867e-08,-6.676959883918358e-13
single_9V-0p5ns,A,CS,2e-05,2.2436603131677985e-08,2.2437270827666384e-08,-6.676959883984532e-13
single_12p5V-1ns,A,PCHIP,0.0,0.0,0.0,0.0
single_12p5V-1ns,A,PCHIP,1.024e-07,3.157613076914527e-13,3.362989562434814e-13,-2.0537648552028706e-14
single_12p5V-1ns,A,PCHIP,2.048e-07,2.4975182046117062e-12,2.553297165410188e-12,-5.57789607984816e-14
single_12p5V-1ns,A,PCHIP,3.072e-07,8.085106936406071e-12,8.193732236514947e-12,-1.0862530010887586e-13
single_12p5V-1ns,A,PCHIP,4.096e-07,1.832920765173338e-11,1.850451422477077e-11,-1.7530657303739003e-13
single_12p5V-1ns,A,PCHIP,5.12e-07,3.425023976155865e-11,3.450323716607033e-11,-2.529974045116797e-13
single_12p5V-1ns,A,PCHIP,6.144e-07,5.6690374651175593e-11,5.7028886811273754e-11,-3.385121600981607e-13
single_12p5V-1ns,A,PCHIP,7.168000000000001e-07,8.634904621970369e-11,8.677942000569125e-11,-4.3037378598755526e-13
single_12p5V-1ns,A,PCHIP,8.192e-07,1.2381319452835743e-10,1.243396558680175e-10,-5.264613396600724e-13
single_12p5V-1ns,A,PCHIP,9.216e-07,1.6957717247519672e-10,1.70202476550565e-10,-6.253040753682825e-13
single_12p5V-1ns,A,PCHIP,1.024e-06,2.2405959448467799e-10,2.247856738675236e-10,-7.260793828456043e-13
single_12p5V-1ns,A,PCHIP,1.1264000000000001e-06,2.8761921162763955e-10,2.884462297851207e-10,-8.270181574811357e-13
single_12p5V-1ns,A,PCHIP,1.2288e-06,3.6056533764704396e-10,3.614934618185868e-10,-9.281241715428284e-13
single_12p5V-1ns,A,PCHIP,1.3312e-06,4.431739104424018e-10,4.442023058582339e-10,-1.028395415832101e-12
single_12p5V-1ns,A,PCHIP,1.4336000000000001e-06,5.35700648572274e-10,5.368280521330527e-10,-1.1274035607787279e-12
single_12p5V-1ns,A,PCHIP,1.536e-06,6.383988648855419e-10,6.396241411157787e-10,-1.2252762302368236e-12
single_12p5V-1ns,A,PCHIP,1.6384e-06,7.515441077786892e-10,7.528653004782397e-10,-1.3211926995505391e-12
single_12p5V-1ns,A,PCHIP,1.7408000000000001e-06,8.754636014658404e-10,8.768796822628064e-10,-1.4160807969660754e-12
single_12p5V-1ns,A,PCHIP,1.8432e-06,1.010586431870276e-09,1.0120964942224929e-09,-1.5100623522168912e-12
single_12p5V-1ns,A,PCHIP,1.9456e-06,1.1575176280258052e-09,1.1591217570962914e-09,-1.6041290704862558e-12
single_12p5V-1ns,A,PCHIP,2.048e-06,1.3171686846811028e-09,1.3188692179553723e-09,-1.7005332742695378e-12
single_12p5V-1ns,A,PCHIP,2.1504e-06,1.4910089479647352e-09,1.4928111661305998e-09,-1.8022181658646122e-12
single_12p5V-1ns,A,PCHIP,2.2528000000000003e-06,1.6816106293895615e-09,1.6835289601493026e-09,-1.91833075974113e-12
single_12p5V-1ns,A,PCHIP,2.3552e-06,1.8941077859000914e-09,1.8961816628215246e-09,-2.073876921433204e-12
single_12p5V-1ns,A,PCHIP,2.4576e-06,2.141546650199297e-09,2.143923547795458e-09,-2.3768975961610175e-12
single_12p5V-1ns,A,PCHIP,2.56e-06,2.488092263741778e-09,2.491331076620529e-09,-3.2388128787510254e-12
single_12p5V-1ns,A,PCHIP,2.6624e-06,4.969673820486949e-09,4.985447354414712e-09,-1.5773533927762962e-11
single_12p5V-1ns,A,PCHIP,2.7648e-06,6.6923673196468e-09,6.702788760508182e-09,-1.0421440861381486e-11
single_12p5V-1ns,A,PCHIP,2.8672000000000003e-06,7.4471133113416415e-09,7.455964854114574e-09,-8.851542772932194e-12
single_12p5V-1ns,A,PCHIP,2.9696e-06,7.841300465412343e-09,7.849513033598934e-09,-8.21256818659137e-12
single_12p5V-1ns,A,PCHIP,3.072e-06,8.088321047847506e-09,8.096249939428635e-09,-7.928891581129075e-12
single_12p5V-1ns,A,PCHIP,3.1744e-06,8.269722103900969e-09,8.27753701445645e-09,-7.814910555481095e-12
single_12p5V-1ns,A,PCHIP,3.2768e-06,8.41878860296117e-09,8.426761575544149e-09,-7.972972582978293e-12
single_12p5V-1ns,A,PCHIP,3.3792e-06,8.547321452190577e-09,8.554575569267833e-09,-7.2541170772558444e-12
single_12p5V-1ns,A,PCHIP,3.4816000000000003e-06,8.649094426664879e-09,8.656189277696774e-09,-7.094851031895529e-12
single_12p5V-1ns,A,PCHIP,3.5840000000000003e-06,8.719821530445262e-09,8.72684209076079e-09,-7.0205603155283085e-12
single_12p5V-1ns,A,PCHIP,3.6864e-06,8.768442265099093e-09,8.775477686756585e-09,-7.035421657491976e-12
single_12p5V-1ns,A,PCHIP,3.7888e-06,8.808174646449925e-09,8.815242190877092e-09,-7.067544427167273e-12
single_12p5V-1ns,A,PCHIP,3.8912e-06,8.847456001404637e-09,8.854572997172396e-09,-7.116995767759086e-12
single_12p5V-1ns,A,PCHIP,3.9936e-06,8.890909957527504e-09,8.898093977800097e-09,-7.1840202725925e-12
single_12p5V-1ns,A,PCHIP,4.096e-06,8.941528455748795e-09,8.948794684740186e-09,-7.266228991390218e-12
single_12p5V-1ns,A,PCHIP,4.1984e-06,9.001881150796318e-09,9.009244155343948e-09,-7.363004547630133e-12
single_12p5V-1ns,A,PCHIP,4.3008e-06,9.073695610690758e-09,9.081157824519861e-09,-7.46221382910303e-12
single_12p5V-1ns,A,PCHIP,4.4032000000000005e-06,9.157679187157199e-09,9.165243052821502e-09,-7.563865664302623e-12
single_12p5V-1ns,A,PCHIP,4.5056000000000005e-06,9.25451647174734e-09,9.26218339256526e-09,-7.66692081791967e-12
single_12p5V-1ns,A,PCHIP,4.608e-06,9.364852705144343e-09,9.372623856550485e-09,-7.771151406142335e-12
single_12p5V-1ns,A,PCHIP,4.7104e-06,9.489345669774606e-09,9.497221207637921e-09,-7.875537863314891e-12
single_12p5V-1ns,A,PCHIP,4.8128e-06,9.62874198997193e-09,9.636723234780787e-09,-7.981244808856625e-12
single_12p5V-1ns,A,PCHIP,4.9152e-06,9.784002928524736e-09,9.79209194724763e-09,-8.089018722895067e-12
single_12p5V-1ns,A,PCHIP,5.0176e-06,9.956509804785483e-09,9.96471119979961e-09,-8.201395014126324e-12
single_12p5V-1ns,A,PCHIP,5.12e-06,1.0148463602223278e-08,1.0156787896881135e-08,-8.324294657857453e-12
single_12p5V-1ns,A,PCHIP,5.2224e-06,1.0363809985027629e-08,1.0372279952648979e-08,-8.469967621350066e-12
single_12p5V-1ns,A,PCHIP,5.3248e-06,1.0610972726616491e-08,1.0619660467482285e-08,-8.687740865794397e-12
single_12p5V-1ns,A,PCHIP,5.4272e-06,1.0915846564401345e-08,1.0924932846659545e-08,-9.086282258199753e-12
single_12p5V-1ns,A,PCHIP,5.5296e-06,1.1823312994825145e-08,1.1845575730679788e-08,-2.2262735854642768e-11
single_12p5V-1ns,A,PCHIP,5.6320000000000005e-06,1.3873681366318273e-08,1.388862359701977e-08,-1.4942230701496887e-11
single_12p5V-1ns,A,PCHIP,5.7344000000000005e-06,1.4746175686325024e-08,1.4759235590983277e-08,-1.3059904658253478e-11
single_12p5V-1ns,A,PCHIP,5.836800000000001e-06,1.518617599108569e-08,1.5198481248908383e-08,-1.2305257822692618e-11
single_12p5V-1ns,A,PCHIP,5.9392e-06,1.5452713496454753e-08,1.5464690872739335e-08,-1.1977376284582731e-11
single_12p5V-1ns,A,PCHIP,6.0416e-06,1.5643086642479024e-08,1.5654938538475322e-08,-1.1851895996298081e-11
single_12p5V-1ns,A,PCHIP,6.144e-06,1.5796127216620658e-08,1.5808188684112134e-08,-1.2061467491476142e-11
single_12p5V-1ns,A,PCHIP,6.2464e-06,1.5925458020542775e-08,1.5936613075467904e-08,-1.115505492512918e-11
single_12p5V-1ns,A,PCHIP,6.3488e-06,1.602525500545758e-08,1.6036334975607324e-08,-1.1079970149743263e-11
single_12p5V-1ns,A,PCHIP,6.4512e-06,1.6093822242293663e-08,1.61048459227828e-08,-1.1023680489137212e-11
single_12p5V-1ns,A,PCHIP,6.5536e-06,1.614151495680331e-08,1.6152554883599587e-08,-1.1039926796278092e-11
single_12p5V-1ns,A,PCHIP,6.656e-06,1.6181316939966212e-08,1.6192389907080624e-08,-1.10729671144117e-11
single_12p5V-1ns,A,PCHIP,6.7584e-06,1.622121485743402e-08,1.623233884573471e-08,-1.112398830068735e-11
single_12p5V-1ns,A,PCHIP,6.8608000000000004e-06,1.6265619750136702e-08,1.6276812410064482e-08,-1.1192659927780618e-11
single_12p5V-1ns,A,PCHIP,6.9632000000000005e-06,1.6317464912671107e-08,1.6328741037655786e-08,-1.1276124984678952e-11
single_12p5V-1ns,A,PCHIP,7.065600000000001e-06,1.6379334117025246e-08,1.6390708390195707e-08,-1.1374273170460792e-11
single_12p5V-1ns,A,PCHIP,7.168000000000001e-06,1.645282283429321e-08,1.646429676300675e-08,-1.1473928713539858e-11
single_12p5V-1ns,A,PCHIP,7.2704e-06,1.653859797295899e-08,1.655017354783382e-08,-1.1575574874829697e-11
single_12p5V-1ns,A,PCHIP,7.3728e-06,1.6637340445067686e-08,1.664901938680759e-08,-1.1678941739903217e-11
single_12p5V-1ns,A,PCHIP,7.4752e-06,1.6749698189227492e-08,1.6761481233605623e-08,-1.1783044378131358e-11
single_12p5V-1ns,A,PCHIP,7.5776e-06,1.687633877063333e-08,1.6888226511521398e-08,-1.1887740888069699e-11
single_12p5V-1ns,A,PCHIP,7.680000000000001e-06,1.7018034025695653e-08,1.70300279128962e-08,-1.1993887200548082e-11
single_12p5V-1ns,A,PCHIP,7.7824e-06,1.7175794258707802e-08,1.718789622299921e-08,-1.2101964291406849e-11
single_12p5V-1ns,A,PCHIP,7.8848e-06,1.7351092361273767e-08,1.736330802113492e-08,-1.2215659861154722e-11
single_12p5V-1ns,A,PCHIP,7.9872e-06,1.7546315438531292e-08,1.755865614553619e-08,-1.2340707004897743e-11
single_12p5V-1ns,A,PCHIP,8.0896e-06,1.7765832487206182e-08,1.7778325060291067e-08,-1.2492573084884789e-11
single_12p5V-1ns,A,PCHIP,8.192e-06,1.8019320621967423e-08,1.803205821605233e-08,-1.2737594084908119e-11
single_12p5V-1ns,A,PCHIP,8.2944e-06,1.83395080840437e-08,1.8352711314382376e-08,-1.3203230338675486e-11
single_12p5V-1ns,A,PCHIP,8.3968e-06,1.9631056729486857e-08,1.9656532514114537e-08,-2.5475784627680153e-11
single_12p5V-1ns,A,PCHIP,8.4992e-06,2.1414353590653993e-08,2.143297328447587e-08,-1.8619693821875263e-11
single_12p5V-1ns,A,PCHIP,8.6016e-06,2.2190424429183503e-08,2.2207418189513324e-08,-1.6993760329821477e-11
single_12p5V-1ns,A,PCHIP,8.704e-06,2.2592970226853604e-08,2.2609302756834455e-08,-1.633252998085034e-11
single_12p5V-1ns,A,PCHIP,8.806400000000001e-06,2.284356984747992e-08,2.2859613806260345e-08,-1.6043958780424488e-11
single_12p5V-1ns,A,PCHIP,8.9088e-06,2.302652763835088e-08,2.3042474847491593e-08,-1.594720914071435e-11
single_12p5V-1ns,A,PCHIP,9.011200000000001e-06,2.317549191270432e-08,2.319161920536728e-08,-1.6127292662958417e-11
single_12p5V-1ns,A,PCHIP,9.1136e-06,2.3300843267689636e-08,2.331606086123163e-08,-1.5217593541992855e-11
single_12p5V-1ns,A,PCHIP,9.216e-06,2.339559424300082e-08,2.3410753891538405e-08,-1.5159648537583626e-11
single_12p5V-1ns,A,PCHIP,9.3184e-06,2.3459968339032596e-08,2.3475089707143962e-08,-1.5121368111366282e-11
single_12p5V-1ns,A,PCHIP,9.4208e-06,2.350568652033936e-08,2.352082771582337e-08,-1.5141195484009908e-11
single_12p5V-1ns,A,PCHIP,9.5232e-06,2.3545102888991624e-08,2.356027968581436e-08,-1.5176796822736977e-11
single_12p5V-1ns,A,PCHIP,9.6256e-06,2.358547447609619e-08,2.3600705243586588e-08,-1.5230767490396965e-11
single_12p5V-1ns,A,PCHIP,9.728e-06,2.3630870875064348e-08,2.364617290075068e-08,-1.5302025686331155e-11
single_12p5V-1ns,A,PCHIP,9.8304e-06,2.3684116674617478e-08,2.369950428274508e-08,-1.5387608127603673e-11
single_12p5V-1ns,A,PCHIP,9.932800000000001e-06,2.3747755899169344e-08,2.376324265850918e-08,-1.5486759339834553e-11
single_12p5V-1ns,A,PCHIP,1.00352e-05,2.3823130944279277e-08,2.383871758335059e-08,-1.558663907131261e-11
single_12p5V-1ns,A,PCHIP,1.0137600000000001e-05,2.391090412096596e-08,2.3926592841634315e-08,-1.5688720668354966e-11
single_12p5V-1ns,A,PCHIP,1.024e-05,2.4011748961079957e-08,2.4027541368151066e-08,-1.579240707110874e-11
single_12p5V-1ns,A,PCHIP,1.0342400000000001e-05,2.4126312809705026e-08,2.4142209179905853e-08,-1.5896370200826712e-11
single_12p5V-1ns,A,PCHIP,1.04448e-05,2.4255272460267677e-08,2.4271273822667512e-08,-1.600136239983563e-11
single_12p5V-1ns,A,PCHIP,1.05472e-05,2.439942761209138e-08,2.4415535142819283e-08,-1.610753072790469e-11
single_12p5V-1ns,A,PCHIP,1.06496e-05,2.4559842457310387e-08,2.4576058824047163e-08,-1.6216366736775723e-11
single_12p5V-1ns,A,PCHIP,1.0752e-05,2.473809582368563e-08,2.475442734386461e-08,-1.6331520178981446e-11
single_12p5V-1ns,A,PCHIP,1.08544e-05,2.49367906204168e-08,2.495324970875738e-08,-1.6459088340582264e-11
single_12p5V-1ns,A,PCHIP,1.09568e-05,2.5160803614565747e-08,2.5177422108425303e-08,-1.6618493859555653e-11
single_12p5V-1ns,A,PCHIP,1.10592e-05,2.5421419034022595e-08,2.5438309078285308e-08,-1.6890044262713266e-11
single_12p5V-1ns,A,PCHIP,1.11616e-05,2.5761700809040872e-08,2.577920413475168e-08,-1.750332571080769e-11
single_12p5V-1ns,A,PCHIP,1.1264000000000001e-05,2.7388000626668293e-08,2.7416972345118953e-08,-2.8971718450659657e-11
single_12p5V-1ns,A,PCHIP,1.13664e-05,2.893563420326198e-08,2.8958918140065e-08,-2.3283936803018195e-11
single_12p5V-1ns,A,PCHIP,1.1468800000000001e-05,2.9626769891814656e-08,2.9648650256262937e-08,-2.1880364448280254e-11
single_12p5V-1ns,A,PCHIP,1.15712e-05,2.99958497398626e-08,3.001715313783963e-08,-2.1303397977031964e-11
single_12p5V-1ns,A,PCHIP,1.1673600000000001e-05,3.023201247473035e-08,3.025306197052633e-08,-2.104949579598181e-11
single_12p5V-1ns,A,PCHIP,1.1776e-05,3.0408142305192604e-08,3.042912712081973e-08,-2.0984815627128334e-11
single_12p5V-1ns,A,PCHIP,1.18784e-05,3.0553238340268354e-08,3.057427283410516e-08,-2.1034493836806364e-11
single_12p5V-1ns,A,PCHIP,1.19808e-05,3.0674220797826465e-08,3.069448986275552e-08,-2.026906492905173e-11
single_12p5V-1ns,A,PCHIP,1.20832e-05,3.0763870435289565e-08,3.078405008278109e-08,-2.0179647491523216e-11
single_12p5V-1ns,A,PCHIP,1.21856e-05,3.082433053582518e-08,3.0844487455488395e-08,-2.01569196632163e-11
single_12p5V-1ns,A,PCHIP,1.2288e-05,3.0868362643009185e-08,3.0888542290531175e-08,-2.0179647521989933e-11
single_12p5V-1ns,A,PCHIP,1.23904e-05,3.090755974648869e-08,3.092777773454872e-08,-2.0217988060031196e-11
single_12p5V-1ns,A,PCHIP,1.24928e-05,3.094850422445276e-08,3.096877915087759e-08,-2.0274926424826765e-11
single_12p5V-1ns,A,PCHIP,1.2595200000000001e-05,3.099496853663905e-08,3.1015316981177176e-08,-2.034844453812534e-11
single_12p5V-1ns,A,PCHIP,1.26976e-05,3.1049691258155824e-08,3.1070127848932866e-08,-2.0436590777041776e-11
single_12p5V-1ns,A,PCHIP,1.2800000000000001e-05,3.111514546101621e-08,3.113568161022736e-08,-2.0536149211148483e-11
single_12p5V-1ns,A,PCHIP,1.29024e-05,3.1192434208811236e-08,3.121307045519839e-08,-2.0636246387154348e-11
single_12p5V-1ns,A,PCHIP,1.3004800000000001e-05,3.128223072278796e-08,3.13029694639451e-08,-2.073874115713742e-11
single_12p5V-1ns,A,PCHIP,1.31072e-05,3.1385202173143935e-08,3.1406044503492766e-08,-2.0842330348831516e-11
single_12p5V-1ns,A,PCHIP,1.32096e-05,3.150199541932793e-08,3.1522941977954107e-08,-2.0946558626176247e-11
single_12p5V-1ns,A,PCHIP,1.3312e-05,3.163329986349481e-08,3.1654351721662545e-08,-2.1051858167735033e-11
single_12p5V-1ns,A,PCHIP,1.34144e-05,3.1779946134704225e-08,3.180110421670743e-08,-2.115808200320654e-11
single_12p5V-1ns,A,PCHIP,1.35168e-05,3.1943058347052185e-08,3.196432610297306e-08,-2.1267755920875255e-11
single_12p5V-1ns,A,PCHIP,1.36192e-05,3.212433374696428e-08,3.214571781595459e-08,-2.1384068990311412e-11
single_12p5V-1ns,A,PCHIP,1.3721600000000001e-05,3.2326618202091744e-08,3.234813324412066e-08,-2.1515042028913957e-11
single_12p5V-1ns,A,PCHIP,1.3824e-05,3.255538474052006e-08,3.2577068273886485e-08,-2.168353336642293e-11
single_12p5V-1ns,A,PCHIP,1.3926400000000001e-05,3.2823953359647355e-08,3.284592381868575e-08,-2.1970459038397223e-11
single_12p5V-1ns,A,PCHIP,1.40288e-05,3.319169232728305e-08,3.321459102096224e-08,-2.2898693679194054e-11
single_12p5V-1ns,A,PCHIP,1.4131200000000001e-05,3.508879362247793e-08,3.5122302259795036e-08,-3.350863731710623e-11
single_12p5V-1ns,A,PCHIP,1.42336e-05,3.6436498457807666e-08,3.646547668945625e-08,-2.897823164858152e-11
single_12p5V-1ns,A,PCHIP,1.4336000000000001e-05,3.705471909706825e-08,3.708248402312185e-08,-2.776492605360004e-11
single_12p5V-1ns,A,PCHIP,1.44384e-05,3.739465012602052e-08,3.742191103139314e-08,-2.726090537262043e-11
single_12p5V-1ns,A,PCHIP,1.45408e-05,3.761806255114448e-08,3.764510131754677e-08,-2.7038766402289225e-11
single_12p5V-1ns,A,PCHIP,1.46432e-05,3.778804457683616e-08,3.7815055730815844e-08,-2.7011153979681988e-11
single_12p5V-1ns,A,PCHIP,1.47456e-05,3.7929429502646685e-08,3.795633540649212e-08,-2.69059038454359e-11
single_12p5V-1ns,A,PCHIP,1.4848e-05,3.804585383387044e-08,3.807213375968816e-08,-2.627992581772099e-11
single_12p5V-1ns,A,PCHIP,1.49504e-05,3.8130407714950486e-08,3.81565900189033e-08,-2.618230395281151e-11
single_12p5V-1ns,A,PCHIP,1.5052800000000001e-05,3.818731114247901e-08,3.821348381521436e-08,-2.6172672735349622e-11
single_12p5V-1ns,A,PCHIP,1.51552e-05,3.822995032282335e-08,3.82561482565106e-08,-2.619793368725297e-11
single_12p5V-1ns,A,PCHIP,1.5257600000000001e-05,3.8269086678755345e-08,3.8295325792102934e-08,-2.623911334758967e-11
single_12p5V-1ns,A,PCHIP,1.5360000000000002e-05,3.831069476312545e-08,3.833699374596235e-08,-2.6298982836898016e-11
single_12p5V-1ns,A,PCHIP,1.54624e-05,3.835829356259869e-08,3.8384668253000704e-08,-2.6374690402013282e-11
single_12p5V-1ns,A,PCHIP,1.55648e-05,3.841455883017881e-08,3.8441024368230826e-08,-2.6465538052013023e-11
single_12p5V-1ns,A,PCHIP,1.56672e-05,3.848185083348327e-08,3.850841556104308e-08,-2.6564727559807823e-11
single_12p5V-1ns,A,PCHIP,1.57696e-05,3.8561070854433077e-08,3.8587736262697736e-08,-2.666540826465934e-11
single_12p5V-1ns,A,PCHIP,1.5872e-05,3.86529072012162e-08,3.867967549596098e-08,-2.676829474477741e-11
single_12p5V-1ns,A,PCHIP,1.59744e-05,3.875802120008821e-08,3.8784892973729057e-08,-2.68717736408439e-11
single_12p5V-1ns,A,PCHIP,1.60768e-05,3.887706077747786e-08,3.890403704437886e-08,-2.6976266900998e-11
single_12p5V-1ns,A,PCHIP,1.61792e-05,3.901073073768297e-08,3.903781221669572e-08,-2.708147901274903e-11
single_12p5V-1ns,A,PCHIP,1.62816e-05,3.9159895167137856e-08,3.9187083380347964e-08,-2.7188213210108743e-11
single_12p5V-1ns,A,PCHIP,1.6384e-05,3.932574594376744e-08,3.93530447609863e-08,-2.729881721886308e-11
single_12p5V-1ns,A,PCHIP,1.6486400000000002e-05,3.9510111800101174e-08,3.953752827760526e-08,-2.7416477504088308e-11
single_12p5V-1ns,A,PCHIP,1.65888e-05,3.9716114693404695e-08,3.9743666056949024e-08,-2.7551363544328544e-11
single_12p5V-1ns,A,PCHIP,1.66912e-05,3.99499313228925e-08,3.9977661493867745e-08,-2.7730170975246768e-11
single_12p5V-1ns,A,PCHIP,1.67936e-05,4.022747857504406e-08,4.0255517227777875e-08,-2.8038652733817265e-11
single_12p5V-1ns,A,PCHIP,1.6896000000000002e-05,4.063748910517416e-08,4.066716111657491e-08,-2.96720114007547e-11
single_12p5V-1ns,A,PCHIP,1.69984e-05,4.2742219890205304e-08,4.27808361234655e-08,-3.8616233260195873e-11
single_12p5V-1ns,A,PCHIP,1.71008e-05,4.392024740246034e-08,4.3955385976082856e-08,-3.513857362251505e-11
single_12p5V-1ns,A,PCHIP,1.72032e-05,4.447578019895366e-08,4.4509870454827825e-08,-3.409025587416223e-11
single_12p5V-1ns,A,PCHIP,1.73056e-05,4.479028806461731e-08,4.482393494323479e-08,-3.364687861748087e-11
single_12p5V-1ns,A,PCHIP,1.7408e-05,4.500242437085594e-08,4.503587881948743e-08,-3.3454448631493675e-11
single_12p5V-1ns,A,PCHIP,1.75104e-05,4.5166839681385717e-08,4.520031168114507e-08,-3.347199975935259e-11
single_12p5V-1ns,A,PCHIP,1.7612800000000002e-05,4.530460479675017e-08,4.533778635162612e-08,-3.318155487595029e-11
single_12p5V-1ns,A,PCHIP,1.77152e-05,4.541626629519828e-08,4.5448968783341054e-08,-3.270248814277338e-11
single_12p5V-1ns,A,PCHIP,1.78176e-05,4.549581047567858e-08,4.5528420223029027e-08,-3.260974735044607e-11
single_12p5V-1ns,A,PCHIP,1.792e-05,4.554952690148582e-08,4.5582137448441204e-08,-3.2610546955384867e-11
single_12p5V-1ns,A,PCHIP,1.8022400000000002e-05,4.5591042286424186e-08,4.5623680462816105e-08,-3.26381763919194e-11
single_12p5V-1ns,A,PCHIP,1.81248e-05,4.5630261534509295e-08,4.566294386327949e-08,-3.268232877019602e-11
single_12p5V-1ns,A,PCHIP,1.82272e-05,4.5672618286114943e-08,4.570536310880706e-08,-3.274482269211431e-11
single_12p5V-1ns,A,PCHIP,1.83296e-05,4.572141644593507e-08,4.5754239382434966e-08,-3.282293649989625e-11
single_12p5V-1ns,A,PCHIP,1.8432e-05,4.577929143984854e-08,4.581220809214277e-08,-3.29166522942335e-11
single_12p5V-1ns,A,PCHIP,1.85344e-05,4.584843478843569e-08,4.588145006681855e-08,-3.301527838285655e-11
single_12p5V-1ns,A,PCHIP,1.86368e-05,4.5929603726396024e-08,4.596272022965515e-08,-3.311650325912812e-11
single_12p5V-1ns,A,PCHIP,1.8739200000000002e-05,4.6023496570370474e-08,4.605671593284912e-08,-3.321936247864883e-11
single_12p5V-1ns,A,PCHIP,1.88416e-05,4.613076861943316e-08,4.616409174721375e-08,-3.332312778058935e-11
single_12p5V-1ns,A,PCHIP,1.8944e-05,4.6252071747721546e-08,4.6285499636043873e-08,-3.342788832232745e-11
single_12p5V-1ns,A,PCHIP,1.90464e-05,4.638812830430082e-08,4.642166133618013e-08,-3.353303187930807e-11
single_12p5V-1ns,A,PCHIP,1.9148800000000002e-05,4.653983990811995e-08,4.6573480233130556e-08,-3.364032501060818e-11
single_12p5V-1ns,A,PCHIP,1.92512e-05,4.670847396000077e-08,4.6742225477254307e-08,-3.3751517253535746e-11
single_12p5V-1ns,A,PCHIP,1.93536e-05,4.6896004664899754e-08,4.692987585057846e-08,-3.387118567870853e-11
single_12p5V-1ns,A,PCHIP,1.9456e-05,4.710587042568645e-08,4.713988102178713e-08,-3.4010596100682746e-11
single_12p5V-1ns,A,PCHIP,1.9558400000000002e-05,4.7345083870182035e-08,4.737928630001475e-08,-3.420242983271597e-11
single_12p5V-1ns,A,PCHIP,1.96608e-05,4.763294992583353e-08,4.766749063646712e-08,-3.454071063358956e-11
single_12p5V-1ns,A,PCHIP,1.97632e-05,4.812806208998401e-08,4.816664440267056e-08,-3.8582312686550526e-11
single_12p5V-1ns,A,PCHIP,1.9865600000000002e-05,5.035646949714978e-08,5.039982753481168e-08,-4.335803766190131e-11
single_12p5V-1ns,A,PCHIP,1.9968e-05,5.1390659070346795e-08,5.1431051452691854e-08,-4.039238234505906e-11
single_12p5V-1ns,A,PCHIP,2e-05,5.15827331128571e-08,5.1622813428805376e-08,-4.0080315948276946e-11
single_12p5V-1ns,A,CS,0.0,0.0,0.0,0.0
single_12p5V-1ns,A,CS,1.024e-07,3.2288534365528417e-13,3.362989562434814e-13,-1.341361258819723e-14
single_12p5V-1ns,A,CS,2.048e-07,2.504911501608995e-12,2.553297165410188e-12,-4.838566380119295e-14
single_12p5V-1ns,A,CS,3.072e-07,8.0925630214408e-12,8.193732236514947e-12,-1.011692150741465e-13
single_12p5V-1ns,A,CS,4.096e-07,1.833674776207262e-11,1.850451422477077e-11,-1.6776646269814912e-13
single_12p5V-1ns,A,CS,5.12e-07,3.425784628769147e-11,3.450323716607033e-11,-2.4539087837886006e-13
single_12p5V-1ns,A,CS,6.144e-07,5.6698042082247114e-11,5.7028886811273754e-11,-3.3084472902664023e-13
single_12p5V-1ns,A,CS,7.168000000000001e-07,8.635676453398244e-11,8.677942000569125e-11,-4.226554717088026e-13
single_12p5V-1ns,A,CS,8.192e-07,1.2382095821465967e-10,1.243396558680175e-10,-5.186976533578408e-13
single_12p5V-1ns,A,CS,9.216e-07,1.695849731673314e-10,1.70202476550565e-10,-6.175033832336113e-13
single_12p5V-1ns,A,CS,1.024e-06,2.2406742637065486e-10,2.247856738675236e-10,-7.182474968687319e-13
single_12p5V-1ns,A,CS,1.1264000000000001e-06,2.8762706940532827e-10,2.884462297851207e-10,-8.19160379792414e-13
single_12p5V-1ns,A,CS,1.2288e-06,3.6057321690534724e-10,3.614934618185868e-10,-9.202449132395469e-13
single_12p5V-1ns,A,CS,1.3312e-06,4.4318180936621857e-10,4.442023058582339e-10,-1.020496492015341e-12
single_12p5V-1ns,A,CS,1.4336000000000001e-06,5.357085676054815e-10,5.368280521330527e-10,-1.119484527571172e-12
single_12p5V-1ns,A,CS,1.536e-06,6.384068075461446e-10,6.396241411157787e-10,-1.2173335696340532e-12
single_12p5V-1ns,A,CS,1.6384e-06,7.515520925453882e-10,7.528653004782397e-10,-1.3132079328514524e-12
single_12p5V-1ns,A,CS,1.7408000000000001e-06,8.754716099916651e-10,8.768796822628064e-10,-1.4080722711412971e-12
single_12p5V-1ns,A,CS,1.8432e-06,1.0105947018393759e-09,1.0120964942224929e-09,-1.5017923831170195e-12
single_12p5V-1ns,A,CS,1.9456e-06,1.1575253729449206e-09,1.1591217570962914e-09,-1.5963841513708011e-12
single_12p5V-1ns,A,CS,2.048e-06,1.317179837572863e-09,1.3188692179553723e-09,-1.6893803825093569e-12
single_12p5V-1ns,A,CS,2.1504e-06,1.4910083962026532e-09,1.4928111661305998e-09,-1.8027699279466419e-12
single_12p5V-1ns,A,CS,2.2528000000000003e-06,1.6816632441003433e-09,1.6835289601493026e-09,-1.8657160489592674e-12
single_12p5V-1ns,A,CS,2.3552e-06,1.8939683225747095e-09,1.8961816628215246e-09,-2.213340246815108e-12
single_12p5V-1ns,A,CS,2.4576e-06,2.142241178438095e-09,2.143923547795458e-09,-1.6823693573629158e-12
single_12p5V-1ns,A,CS,2.56e-06,2.485480138194139e-09,2.491331076620529e-09,-5.8509384263897854e-12
single_12p5V-1ns,A,CS,2.6624e-06,4.9682299338586605e-09,4.985447354414712e-09,-1.7217420556051232e-11
single_12p5V-1ns,A,CS,2.7648e-06,6.690413139961492e-09,6.702788760508182e-09,-1.2375620546690121e-11
single_12p5V-1ns,A,CS,2.8672000000000003e-06,7.444712344860966e-09,7.455964854114574e-09,-1.1252509253607793e-11
single_12p5V-1ns,A,CS,2.9696e-06,7.838966010758403e-09,7.849513033598934e-09,-1.05470228405317e-11
single_12p5V-1ns,A,CS,3.072e-06,8.085913426735583e-09,8.096249939428635e-09,-1.033651269305125e-11
single_12p5V-1ns,A,CS,3.1744e-06,8.267326639906058e-09,8.27753701445645e-09,-1.0210374550391173e-11
single_12p5V-1ns,A,CS,3.2768e-06,8.416614626233264e-09,8.426761575544149e-09,-1.014694931088521e-11
single_12p5V-1ns,A,CS,3.3792e-06,8.544499453779661e-09,8.554575569267833e-09,-1.0076115488172005e-11
single_12p5V-1ns,A,CS,3.4816000000000003e-06,8.646345585162219e-09,8.656189277696774e-09,-9.843692534555571e-12
single_12p5V-1ns,A,CS,3.5840000000000003e-06,8.717193214328949e-09,8.72684209076079e-09,-9.648876431841282e-12
single_12p5V-1ns,A,CS,3.6864e-06,8.76590218196081e-09,8.775477686756585e-09,-9.575504795774914e-12
single_12p5V-1ns,A,CS,3.7888e-06,8.805672338213914e-09,8.815242190877092e-09,-9.569852663178244e-12
single_12p5V-1ns,A,CS,3.8912e-06,8.844963766602574e-09,8.854572997172396e-09,-9.60923056982199e-12
single_12p5V-1ns,A,CS,3.9936e-06,8.88842037692428e-09,8.898093977800097e-09,-9.673600875817115e-12
single_12p5V-1ns,A,CS,4.096e-06,8.939039764889329e-09,8.948794684740186e-09,-9.75491985085674e-12
single_12p5V-1ns,A,CS,4.1984e-06,8.999393439932941e-09,9.009244155343948e-09,-9.85071541100692e-12
single_12p5V-1ns,A,CS,4.3008e-06,9.071208225830156e-09,9.081157824519861e-09,-9.949598689704787e-12
single_12p5V-1ns,A,CS,4.4032000000000005e-06,9.155191748669769e-09,9.165243052821502e-09,-1.0051304151733213e-11
single_12p5V-1ns,A,CS,4.5056000000000005e-06,9.252029056914205e-09,9.26218339256526e-09,-1.0154335651055236e-11
single_12p5V-1ns,A,CS,4.608e-06,9.36236528549516e-09,9.372623856550485e-09,-1.0258571055325259e-11
single_12p5V-1ns,A,CS,4.7104e-06,9.486858245103289e-09,9.497221207637921e-09,-1.036296253463226e-11
single_12p5V-1ns,A,CS,4.8128e-06,9.6262545717734e-09,9.636723234780787e-09,-1.0468663007388094e-11
single_12p5V-1ns,A,CS,4.9152e-06,9.781515555447679e-09,9.79209194724763e-09,-1.0576391799951657e-11
single_12p5V-1ns,A,CS,5.0176e-06,9.954022574502043e-09,9.96471119979961e-09,-1.0688625297566301e-11
single_12p5V-1ns,A,CS,5.12e-06,1.0145976978053972e-08,1.0156787896881135e-08,-1.0810918827163616e-11
single_12p5V-1ns,A,CS,5.2224e-06,1.0361324867041439e-08,1.0372279952648979e-08,-1.095508560754023e-11
single_12p5V-1ns,A,CS,5.3248e-06,1.0608505627106792e-08,1.0619660467482285e-08,-1.1154840375493635e-11
single_12p5V-1ns,A,CS,5.4272e-06,1.0913327140853403e-08,1.0924932846659545e-08,-1.1605705806141605e-11
single_12p5V-1ns,A,CS,5.5296e-06,1.1820393464480415e-08,1.1845575730679788e-08,-2.5182266199372357e-11
single_12p5V-1ns,A,CS,5.6320000000000005e-06,1.3870752069423452e-08,1.388862359701977e-08,-1.7871527596317833e-11
single_12p5V-1ns,A,CS,5.7344000000000005e-06,1.474115191504623e-08,1.4759235590983277e-08,-1.808367593704709e-11
single_12p5V-1ns,A,CS,5.836800000000001e-06,1.5181800387027637e-08,1.5198481248908383e-08,-1.6680861880746593e-11
single_12p5V-1ns,A,CS,5.9392e-06,1.544808216598584e-08,1.5464690872739335e-08,-1.6608706753495025e-11
single_12p5V-1ns,A,CS,6.0416e-06,1.563852609115106e-08,1.5654938538475322e-08,-1.641244732426087e-11
single_12p5V-1ns,A,CS,6.144e-06,1.579183517931948e-08,1.5808188684112134e-08,-1.6353504792654824e-11
single_12p5V-1ns,A,CS,6.2464e-06,1.5920355248405865e-08,1.5936613075467904e-08,-1.6257827062038672e-11
single_12p5V-1ns,A,CS,6.3488e-06,1.6020323114042793e-08,1.6036334975607324e-08,-1.601186156453049e-11
single_12p5V-1ns,A,CS,6.4512e-06,1.608901374060064e-08,1.61048459227828e-08,-1.5832182182160078e-11
single_12p5V-1ns,A,CS,6.5536e-06,1.6136789574676458e-08,1.6152554883599587e-08,-1.576530892312937e-11
single_12p5V-1ns,A,CS,6.656e-06,1.6176624593539424e-08,1.6192389907080624e-08,-1.576531354119932e-11
single_12p5V-1ns,A,CS,6.7584e-06,1.6216531367851475e-08,1.623233884573471e-08,-1.580747788323335e-11
single_12p5V-1ns,A,CS,6.8608000000000004e-06,1.6260938508512685e-08,1.6276812410064482e-08,-1.58739015517969e-11
single_12p5V-1ns,A,CS,6.9632000000000005e-06,1.6312784558882807e-08,1.6328741037655786e-08,-1.595647877297977e-11
single_12p5V-1ns,A,CS,7.065600000000001e-06,1.637465474279184e-08,1.6390708390195707e-08,-1.6053647403866854e-11
single_12p5V-1ns,A,CS,7.168000000000001e-06,1.6448143705987633e-08,1.646429676300675e-08,-1.6153057019115463e-11
single_12p5V-1ns,A,CS,7.2704e-06,1.65339187942567e-08,1.655017354783382e-08,-1.625475357711866e-11
single_12p5V-1ns,A,CS,7.3728e-06,1.6632661283672213e-08,1.664901938680759e-08,-1.6358103135376773e-11
single_12p5V-1ns,A,CS,7.4752e-06,1.674501903087637e-08,1.6761481233605623e-08,-1.6462202729252695e-11
single_12p5V-1ns,A,CS,7.5776e-06,1.687165958652242e-08,1.6888226511521398e-08,-1.6566924998978357e-11
single_12p5V-1ns,A,CS,7.680000000000001e-06,1.7013354881398422e-08,1.70300279128962e-08,-1.6673031497778168e-11
single_12p5V-1ns,A,CS,7.7824e-06,1.717111519677653e-08,1.718789622299921e-08,-1.6781026222679997e-11
single_12p5V-1ns,A,CS,7.8848e-06,1.7346412876761806e-08,1.736330802113492e-08,-1.689514437311538e-11
single_12p5V-1ns,A,CS,7.9872e-06,1.7541640398506407e-08,1.755865614553619e-08,-1.7015747029783327e-11
single_12p5V-1ns,A,CS,8.0896e-06,1.7761140675033406e-08,1.7778325060291067e-08,-1.7184385257661517e-11
single_12p5V-1ns,A,CS,8.192e-06,1.8014739501694695e-08,1.803205821605233e-08,-1.7318714357635382e-11
single_12p5V-1ns,A,CS,8.2944e-06,1.8334495043289954e-08,1.8352711314382376e-08,-1.821627109242155e-11
single_12p5V-1ns,A,CS,8.3968e-06,1.962613141647374e-08,1.9656532514114537e-08,-3.040109764079627e-11
single_12p5V-1ns,A,CS,8.4992e-06,2.1409410267862935e-08,2.143297328447587e-08,-2.3563016612933703e-11
single_12p5V-1ns,A,CS,8.6016e-06,2.2183908354417662e-08,2.2207418189513324e-08,-2.3509835095662035e-11
single_12p5V-1ns,A,CS,8.704e-06,2.2586905529908284e-08,2.2609302756834455e-08,-2.2397226926170903e-11
single_12p5V-1ns,A,CS,8.806400000000001e-06,2.283731710055546e-08,2.2859613806260345e-08,-2.229670570488477e-11
single_12p5V-1ns,A,CS,8.9088e-06,2.3020343364614865e-08,2.3042474847491593e-08,-2.213148287672839e-11
single_12p5V-1ns,A,CS,9.011200000000001e-06,2.31695464073699e-08,2.319161920536728e-08,-2.2072797997377715e-11
single_12p5V-1ns,A,CS,9.1136e-06,2.3294102257441155e-08,2.331606086123163e-08,-2.1958603790474262e-11
single_12p5V-1ns,A,CS,9.216e-06,2.338905217651448e-08,2.3410753891538405e-08,-2.170171502392364e-11
single_12p5V-1ns,A,CS,9.3184e-06,2.345354335860236e-08,2.3475089707143962e-08,-2.1546348541603102e-11
single_12p5V-1ns,A,CS,9.4208e-06,2.349933707399858e-08,2.352082771582337e-08,-2.1490641824787783e-11
single_12p5V-1ns,A,CS,9.5232e-06,2.3538780415320446e-08,2.356027968581436e-08,-2.1499270493914334e-11
single_12p5V-1ns,A,CS,9.6256e-06,2.357915930359681e-08,2.3600705243586588e-08,-2.154593998977636e-11
single_12p5V-1ns,A,CS,9.728e-06,2.362455743466796e-08,2.364617290075068e-08,-2.161546608271959e-11
single_12p5V-1ns,A,CS,9.8304e-06,2.36778041627648e-08,2.369950428274508e-08,-2.1700119980280174e-11
single_12p5V-1ns,A,CS,9.932800000000001e-06,2.374144431296744e-08,2.376324265850918e-08,-2.179834554173758e-11
single_12p5V-1ns,A,CS,1.00352e-05,2.381681947409092e-08,2.383871758335059e-08,-2.1898109259668962e-11
single_12p5V-1ns,A,CS,1.0137600000000001e-05,2.390459262923802e-08,2.3926592841634315e-08,-2.2000212396295945e-11
single_12p5V-1ns,A,CS,1.024e-05,2.4005437475977147e-08,2.4027541368151066e-08,-2.2103892173918657e-11
single_12p5V-1ns,A,CS,1.0342400000000001e-05,2.4120001334833048e-08,2.4142209179905853e-08,-2.2207845072805423e-11
single_12p5V-1ns,A,CS,1.04448e-05,2.4248960945462518e-08,2.4271273822667512e-08,-2.2312877204994043e-11
single_12p5V-1ns,A,CS,1.05472e-05,2.4393116157569757e-08,2.4415535142819283e-08,-2.2418985249526413e-11
single_12p5V-1ns,A,CS,1.06496e-05,2.4553531165315403e-08,2.4576058824047163e-08,-2.2527658731760318e-11
single_12p5V-1ns,A,CS,1.0752e-05,2.4731783473153147e-08,2.475442734386461e-08,-2.264387071146374e-11
single_12p5V-1ns,A,CS,1.08544e-05,2.493048667982415e-08,2.495324970875738e-08,-2.2763028933232816e-11
single_12p5V-1ns,A,CS,1.09568e-05,2.5154465197701153e-08,2.5177422108425303e-08,-2.2956910724149248e-11
single_12p5V-1ns,A,CS,1.10592e-05,2.5415274247784356e-08,2.5438309078285308e-08,-2.303483050095245e-11
single_12p5V-1ns,A,CS,1.11616e-05,2.5754770955140742e-08,2.577920413475168e-08,-2.4433179610937447e-11
single_12p5V-1ns,A,CS,1.1264000000000001e-05,2.7381301343445177e-08,2.7416972345118953e-08,-3.567100167377562e-11
single_12p5V-1ns,A,CS,1.13664e-05,2.8928750230220015e-08,2.8958918140065e-08,-3.0167909844984395e-11
single_12p5V-1ns,A,CS,1.1468800000000001e-05,2.9618882184466915e-08,2.9648650256262937e-08,-2.9768071796021154e-11
single_12p5V-1ns,A,CS,1.15712e-05,2.998821420393351e-08,3.001715313783963e-08,-2.89389339061219e-11
single_12p5V-1ns,A,CS,1.1673600000000001e-05,3.022425609324842e-08,3.025306197052633e-08,-2.880587727790688e-11
single_12p5V-1ns,A,CS,1.1776e-05,3.040045744360819e-08,3.042912712081973e-08,-2.8669677211540123e-11
single_12p5V-1ns,A,CS,1.18784e-05,3.0545662724234656e-08,3.057427283410516e-08,-2.8610109870504297e-11
single_12p5V-1ns,A,CS,1.19808e-05,3.066601774144214e-08,3.069448986275552e-08,-2.8472121313379116e-11
single_12p5V-1ns,A,CS,1.20832e-05,3.0755835571215645e-08,3.078405008278109e-08,-2.821451156544332e-11
single_12p5V-1ns,A,CS,1.21856e-05,3.0816406611007e-08,3.0844487455488395e-08,-2.808084448139716e-11
single_12p5V-1ns,A,CS,1.2288e-05,3.086050608201879e-08,3.0888542290531175e-08,-2.803620851238361e-11
single_12p5V-1ns,A,CS,1.23904e-05,3.089972500376635e-08,3.092777773454872e-08,-2.8052730782369016e-11
single_12p5V-1ns,A,CS,1.24928e-05,3.094067548561683e-08,3.096877915087759e-08,-2.8103665260757135e-11
single_12p5V-1ns,A,CS,1.2595200000000001e-05,3.098714113433037e-08,3.1015316981177176e-08,-2.8175846846803346e-11
single_12p5V-1ns,A,CS,1.26976e-05,3.104186483275421e-08,3.1070127848932866e-08,-2.826301617865333e-11
single_12p5V-1ns,A,CS,1.2800000000000001e-05,3.110731988208619e-08,3.113568161022736e-08,-2.8361728141170632e-11
single_12p5V-1ns,A,CS,1.29024e-05,3.118460863827273e-08,3.121307045519839e-08,-2.8461816925660794e-11
single_12p5V-1ns,A,CS,1.3004800000000001e-05,3.127440515951645e-08,3.13029694639451e-08,-2.8564304428650428e-11
single_12p5V-1ns,A,CS,1.31072e-05,3.1377376606747836e-08,3.1406044503492766e-08,-2.866789674492995e-11
single_12p5V-1ns,A,CS,1.32096e-05,3.1494169868053904e-08,3.1522941977954107e-08,-2.877210990020209e-11
single_12p5V-1ns,A,CS,1.3312e-05,3.1625474264849096e-08,3.1654351721662545e-08,-2.8877456813448264e-11
single_12p5V-1ns,A,CS,1.34144e-05,3.177212060301485e-08,3.180110421670743e-08,-2.8983613692579946e-11
single_12p5V-1ns,A,CS,1.35168e-05,3.19352330873339e-08,3.196432610297306e-08,-2.9093015639159398e-11
single_12p5V-1ns,A,CS,1.36192e-05,3.211650679316281e-08,3.214571781595459e-08,-2.921102279178145e-11
single_12p5V-1ns,A,CS,1.3721600000000001e-05,3.231880337310886e-08,3.234813324412066e-08,-2.9329871011796966e-11
single_12p5V-1ns,A,CS,1.3824e-05,3.2547520137680475e-08,3.2577068273886485e-08,-2.954813620601055e-11
single_12p5V-1ns,A,CS,1.3926400000000001e-05,3.2816336489366074e-08,3.284592381868575e-08,-2.958732931967827e-11
single_12p5V-1ns,A,CS,1.40288e-05,3.3183019820538236e-08,3.321459102096224e-08,-3.157120042400502e-11
single_12p5V-1ns,A,CS,1.4131200000000001e-05,3.50803330368671e-08,3.5122302259795036e-08,-4.1969222927935904e-11
single_12p5V-1ns,A,CS,1.42336e-05,3.64274327506748e-08,3.646547668945625e-08,-3.8043938781445684e-11
single_12p5V-1ns,A,CS,1.4336000000000001e-05,3.70452136880014e-08,3.708248402312185e-08,-3.7270335120448416e-11
single_12p5V-1ns,A,CS,1.44384e-05,3.738521119258754e-08,3.742191103139314e-08,-3.669983880559938e-11
single_12p5V-1ns,A,CS,1.45408e-05,3.7608565285768865e-08,3.764510131754677e-08,-3.6536031777903396e-11
single_12p5V-1ns,A,CS,1.46432e-05,3.7778629949756485e-08,3.7815055730815844e-08,-3.642578105935849e-11
single_12p5V-1ns,A,CS,1.47456e-05,3.791997230514539e-08,3.795633540649212e-08,-3.636310134673216e-11
single_12p5V-1ns,A,CS,1.4848e-05,3.803593601897269e-08,3.807213375968816e-08,-3.6197740715470494e-11
single_12p5V-1ns,A,CS,1.49504e-05,3.8120641196990266e-08,3.81565900189033e-08,-3.5948821913031543e-11
single_12p5V-1ns,A,CS,1.5052800000000001e-05,3.8177649553713925e-08,3.821348381521436e-08,-3.583426150043307e-11
single_12p5V-1ns,A,CS,1.51552e-05,3.822034766901886e-08,3.82561482565106e-08,-3.580058749174577e-11
single_12p5V-1ns,A,CS,1.5257600000000001e-05,3.8259501629765565e-08,3.8295325792102934e-08,-3.582416233736954e-11
single_12p5V-1ns,A,CS,1.5360000000000002e-05,3.8301114624034434e-08,3.833699374596235e-08,-3.5879121927916774e-11
single_12p5V-1ns,A,CS,1.54624e-05,3.8348714486071024e-08,3.8384668253000704e-08,-3.5953766929679385e-11
single_12p5V-1ns,A,CS,1.55648e-05,3.84049807706656e-08,3.8441024368230826e-08,-3.6043597565225425e-11
single_12p5V-1ns,A,CS,1.56672e-05,3.8472273516701486e-08,3.850841556104308e-08,-3.6142044341592513e-11
single_12p5V-1ns,A,CS,1.57696e-05,3.8551493471333363e-08,3.8587736262697736e-08,-3.6242791364372476e-11
single_12p5V-1ns,A,CS,1.5872e-05,3.864332984730157e-08,3.867967549596098e-08,-3.6345648659407864e-11
single_12p5V-1ns,A,CS,1.59744e-05,3.874844383552457e-08,3.8784892973729057e-08,-3.6449138204485065e-11
single_12p5V-1ns,A,CS,1.60768e-05,3.8867483430611935e-08,3.890403704437886e-08,-3.655361376692467e-11
single_12p5V-1ns,A,CS,1.61792e-05,3.9001153342521236e-08,3.903781221669572e-08,-3.665887417448265e-11
single_12p5V-1ns,A,CS,1.62816e-05,3.9150317834518116e-08,3.9187083380347964e-08,-3.676554582984783e-11
single_12p5V-1ns,A,CS,1.6384e-05,3.931616900440591e-08,3.93530447609863e-08,-3.687575658038873e-11
single_12p5V-1ns,A,CS,1.6486400000000002e-05,3.95005326252045e-08,3.953752827760526e-08,-3.699565240076107e-11
single_12p5V-1ns,A,CS,1.65888e-05,3.9706550703748366e-08,3.9743666056949024e-08,-3.7115353200658064e-11
single_12p5V-1ns,A,CS,1.66912e-05,3.994030672022823e-08,3.9977661493867745e-08,-3.735477363951697e-11
single_12p5V-1ns,A,CS,1.67936e-05,4.021813489558166e-08,4.0255517227777875e-08,-3.7382332196215364e-11
single_12p5V-1ns,A,CS,1.6896000000000002e-05,4.0626904256043435e-08,4.066716111657491e-08,-4.025686053147729e-11
single_12p5V-1ns,A,CS,1.69984e-05,4.273178253486317e-08,4.27808361234655e-08,-4.9053588602331136e-11
single_12p5V-1ns,A,CS,1.71008e-05,4.3908557214107914e-08,4.3955385976082856e-08,-4.682876197494271e-11
single_12p5V-1ns,A,CS,1.72032e-05,4.446418508308291e-08,4.4509870454827825e-08,-4.568537174491468e-11
single_12p5V-1ns,A,CS,1.73056e-05,4.4778591973496997e-08,4.482393494323479e-08,-4.534296973779405e-11
single_12p5V-1ns,A,CS,1.7408e-05,4.4990727247178744e-08,4.503587881948743e-08,-4.515157230868648e-11
single_12p5V-1ns,A,CS,1.75104e-05,4.515524764534302e-08,4.520031168114507e-08,-4.506403580204976e-11
single_12p5V-1ns,A,CS,1.7612800000000002e-05,4.529279095921213e-08,4.533778635162612e-08,-4.499539241398609e-11
single_12p5V-1ns,A,CS,1.77152e-05,4.5404166478405844e-08,4.5448968783341054e-08,-4.4802304935210583e-11
single_12p5V-1ns,A,CS,1.78176e-05,4.54838512820413e-08,4.5528420223029027e-08,-4.456894098772708e-11
single_12p5V-1ns,A,CS,1.792e-05,4.553766654714445e-08,4.5582137448441204e-08,-4.447090129675102e-11
single_12p5V-1ns,A,CS,1.8022400000000002e-05,4.557923250435129e-08,4.5623680462816105e-08,-4.4447958464813785e-11
single_12p5V-1ns,A,CS,1.81248e-05,4.561846598598319e-08,4.566294386327949e-08,-4.447787729630299e-11
single_12p5V-1ns,A,CS,1.82272e-05,4.566082670585413e-08,4.570536310880706e-08,-4.4536402952924796e-11
single_12p5V-1ns,A,CS,1.83296e-05,4.5709625770617526e-08,4.5754239382434966e-08,-4.4613611817440366e-11
single_12p5V-1ns,A,CS,1.8432e-05,4.576750180237597e-08,4.581220809214277e-08,-4.470628976680513e-11
single_12p5V-1ns,A,CS,1.85344e-05,4.5836645763097804e-08,4.588145006681855e-08,-4.4804303720744645e-11
single_12p5V-1ns,A,CS,1.86368e-05,4.5917814600104786e-08,4.596272022965515e-08,-4.490562955036672e-11
single_12p5V-1ns,A,CS,1.8739200000000002e-05,4.601170748359469e-08,4.605671593284912e-08,-4.5008449254430634e-11
single_12p5V-1ns,A,CS,1.88416e-05,4.6118979518187044e-08,4.616409174721375e-08,-4.511222902670483e-11
single_12p5V-1ns,A,CS,1.8944e-05,4.624028266285929e-08,4.6285499636043873e-08,-4.521697318458241e-11
single_12p5V-1ns,A,CS,1.90464e-05,4.637633917897308e-08,4.642166133618013e-08,-4.5322157207046696e-11
single_12p5V-1ns,A,CS,1.9148800000000002e-05,4.6528050832802364e-08,4.6573480233130556e-08,-4.542940032819149e-11
single_12p5V-1ns,A,CS,1.92512e-05,4.66966853649992e-08,4.6742225477254307e-08,-4.554011225510415e-11
single_12p5V-1ns,A,CS,1.93536e-05,4.688421368152735e-08,4.692987585057846e-08,-4.56621690511109e-11
single_12p5V-1ns,A,CS,1.9456e-05,4.709409561067704e-08,4.713988102178713e-08,-4.5785411110094713e-11
single_12p5V-1ns,A,CS,1.9558400000000002e-05,4.7333249045067004e-08,4.737928630001475e-08,-4.6037254947746434e-11
single_12p5V-1ns,A,CS,1.96608e-05,4.7621382922895775e-08,4.766749063646712e-08,-4.610771357134267e-11
single_12p5V-1ns,A,CS,1.97632e-05,4.811525730968933e-08,4.816664440267056e-08,-5.138709298122782e-11
single_12p5V-1ns,A,CS,1.9865600000000002e-05,5.0343737634613644e-08,5.039982753481168e-08,-5.608990019803813e-11
single_12p5V-1ns,A,CS,1.9968e-05,5.1375614100430757e-08,5.1431051452691854e-08,-5.5437352261097325e-11
single_12p5V-1ns,A,CS,2e-05,5.15678266495796e-08,5.1622813428805376e-08,-5.4986779225774416e-11
single_12p5V-0p5ns,A,PCHIP,0.0,0.0,0.0,0.0
single_12p5V-0p5ns,A,PCHIP,1.024e-07,3.2206971258110156e-13,3.361723603954054e-13,-1.4102647814303848e-14
single_12p5V-0p5ns,A,PCHIP,2.048e-07,2.520693393266893e-12,2.5524302349856835e-12,-3.1736841718790575e-14
single_12p5V-0p5ns,A,PCHIP,3.072e-07,8.132893934091689e-12,8.191074076875341e-12,-5.818014278365265e-14
single_12p5V-0p5ns,A,PCHIP,4.096e-07,1.840714175014743e-11,1.849871395349108e-11,-9.157220334365088e-14
single_12p5V-0p5ns,A,PCHIP,5.12e-07,3.4362362446194966e-11,3.449272949367058e-11,-1.303670474756135e-13
single_12p5V-0p5ns,A,PCHIP,6.144e-07,5.683874555377404e-11,5.701194472996315e-11,-1.7319917618911135e-13
single_12p5V-0p5ns,A,PCHIP,7.168000000000001e-07,8.653510788737538e-11,8.675418921321352e-11,-2.1908132583814628e-13
single_12p5V-0p5ns,A,PCHIP,8.192e-07,1.2403705014642757e-10,1.243041791596813e-10,-2.671290132537402e-13
single_12p5V-0p5ns,A,PCHIP,9.216e-07,1.6983810270685965e-10,1.7015471196268346e-10,-3.166092558238081e-13
single_12p5V-0p5ns,A,PCHIP,1.024e-06,2.2435659022876967e-10,2.2472350795968594e-10,-3.669177309162717e-13
single_12p5V-0p5ns,A,PCHIP,1.1264000000000001e-06,2.879500213732294e-10,2.883674855302266e-10,-4.174641569972453e-13
single_12p5V-0p5ns,A,PCHIP,1.2288e-06,3.6092794479498433e-10,3.6139589973738334e-10,-4.679549423990081e-13
single_12p5V-0p5ns,A,PCHIP,1.3312e-06,4.435655277918698e-10,4.4408361587030506e-10,-5.180880784352786e-13
single_12p5V-0p5ns,A,PCHIP,1.4336000000000001e-06,5.361181835600565e-10,5.366858321819795e-10,-5.676486219229979e-13
single_12p5V-0p5ns,A,PCHIP,1.536e-06,6.388393462470673e-10,6.394558566206669e-10,-6.16510373599544e-13
single_12p5V-0p5ns,A,PCHIP,1.6384e-06,7.520036630442481e-10,7.526682148465837e-10,-6.645518023356461e-13
single_12p5V-0p5ns,A,PCHIP,1.7408000000000001e-06,8.759387820811364e-10,8.766507422342881e-10,-7.119601531516993e-13
single_12p5V-0p5ns,A,PCHIP,1.8432e-06,1.0110731484559624e-09,1.011832141010127e-09,-7.589925541645257e-13
single_12p5V-0p5ns,A,PCHIP,1.9456e-06,1.1580114407214208e-09,1.1588176075796218e-09,-8.061668582009632e-13
single_12p5V-0p5ns,A,PCHIP,2.048e-06,1.3176650260859824e-09,1.3185195003762414e-09,-8.544742902590082e-13
single_12p5V-0p5ns,A,PCHIP,2.1504e-06,1.4915018272731594e-09,1.492407643794109e-09,-9.058165209496272e-13
single_12p5V-0p5ns,A,PCHIP,2.2528000000000003e-06,1.68209364624896e-09,1.6830586479737315e-09,-9.650017247715691e-13
single_12p5V-0p5ns,A,PCHIP,2.3552e-06,1.8945732177925993e-09,1.8956211990263357e-09,-1.0479812337363771e-12
single_12p5V-0p5ns,A,PCHIP,2.4576e-06,2.1419947778689426e-09,2.143222399435627e-09,-1.2276215666843724e-12
single_12p5V-0p5ns,A,PCHIP,2.56e-06,2.4889142748802457e-09,2.490445918645158e-09,-1.5316437649121026e-12
single_12p5V-0p5ns,A,PCHIP,2.6624e-06,4.9849737440941475e-09,4.991663587355433e-09,-6.689843261285519e-12
single_12p5V-0p5ns,A,PCHIP,2.7648e-06,6.69615204792252e-09,6.6996282955697044e-09,-3.476247647184543e-12
single_12p5V-0p5ns,A,PCHIP,2.8672000000000003e-06,7.447592794211699e-09,7.450257298904108e-09,-2.664504692409351e-12
single_12p5V-0p5ns,A,PCHIP,2.9696e-06,7.840809053200992e-09,7.843131735307288e-09,-2.3226821062958966e-12
single_12p5V-0p5ns,A,PCHIP,3.072e-06,8.087552136519123e-09,8.089719499894705e-09,-2.1673633755818356e-12
single_12p5V-0p5ns,A,PCHIP,3.1744e-06,8.26888844111829e-09,8.271001745139002e-09,-2.1133040207118793e-12
single_12p5V-0p5ns,A,PCHIP,3.2768e-06,8.417938562189223e-09,8.420248316939015e-09,-2.3097547497911097e-12
single_12p5V-0p5ns,A,PCHIP,3.3792e-06,8.546435147506067e-09,8.548069101697648e-09,-1.6339541915811495e-12
single_12p5V-0p5ns,A,PCHIP,3.4816000000000003e-06,8.648120204615666e-09,8.649694820772337e-09,-1.5746161566710612e-12
single_12p5V-0p5ns,A,PCHIP,3.5840000000000003e-06,8.718805670118217e-09,8.720400158790573e-09,-1.5944886723558187e-12
single_12p5V-0p5ns,A,PCHIP,3.6864e-06,8.767460637880704e-09,8.769113485255534e-09,-1.6528473748297966e-12
single_12p5V-0p5ns,A,PCHIP,3.7888e-06,8.807269637761126e-09,8.808957778776151e-09,-1.6881410150248593e-12
single_12p5V-0p5ns,A,PCHIP,3.8912e-06,8.846645944077471e-09,8.84836422563071e-09,-1.7182815532388708e-12
single_12p5V-0p5ns,A,PCHIP,3.9936e-06,8.890204967336998e-09,8.891958222971553e-09,-1.7532556345546938e-12
single_12p5V-0p5ns,A,PCHIP,4.096e-06,8.940937987101343e-09,8.942732547702118e-09,-1.7945606007749684e-12
single_12p5V-0p5ns,A,PCHIP,4.1984e-06,9.00141716652067e-09,9.00326119185814e-09,-1.844025337470775e-12
single_12p5V-0p5ns,A,PCHIP,4.3008e-06,9.073370632843349e-09,9.075264169256694e-09,-1.893536413345621e-12
single_12p5V-0p5ns,A,PCHIP,4.4032000000000005e-06,9.157501756383339e-09,9.159446117194226e-09,-1.9443608108868912e-12
single_12p5V-0p5ns,A,PCHIP,4.5056000000000005e-06,9.254494932897569e-09,9.25649087226526e-09,-1.995939367691871e-12
single_12p5V-0p5ns,A,PCHIP,4.608e-06,9.364995973608604e-09,9.367043933441262e-09,-2.0479598326580732e-12
single_12p5V-0p5ns,A,PCHIP,4.7104e-06,9.489662692030902e-09,9.491762914678716e-09,-2.1002226478142096e-12
single_12p5V-0p5ns,A,PCHIP,4.8128e-06,9.629244114773733e-09,9.63139712769074e-09,-2.153012917007355e-12
single_12p5V-0p5ns,A,PCHIP,4.9152e-06,9.784704422522657e-09,9.786911350618037e-09,-2.2069280953801497e-12
single_12p5V-0p5ns,A,PCHIP,5.0176e-06,9.957431354969179e-09,9.959694643973295e-09,-2.2632890041162373e-12
single_12p5V-0p5ns,A,PCHIP,5.12e-06,1.0149639474874494e-08,1.0151964447444478e-08,-2.324972569984465e-12
single_12p5V-0p5ns,A,PCHIP,5.2224e-06,1.0365304090280039e-08,1.0367703221108943e-08,-2.3991308289044195e-12
single_12p5V-0p5ns,A,PCHIP,5.3248e-06,1.0612941646799527e-08,1.0615458580433233e-08,-2.516933633706287e-12
single_12p5V-0p5ns,A,PCHIP,5.4272e-06,1.09189467727791e-08,1.0921641889286726e-08,-2.6951165076254383e-12
single_12p5V-0p5ns,A,PCHIP,5.5296e-06,1.1874600466590619e-08,1.1883437964614294e-08,-8.837498023675029e-12
single_12p5V-0p5ns,A,PCHIP,5.6320000000000005e-06,1.3889684530935009e-08,1.3893505992611073e-08,-3.821461676064359e-12
single_12p5V-0p5ns,A,PCHIP,5.7344000000000005e-06,1.4750125077716977e-08,1.4752988544080787e-08,-2.863466363810061e-12
single_12p5V-0p5ns,A,PCHIP,5.836800000000001e-06,1.5185852776513272e-08,1.5188319917239163e-08,-2.4671407258906622e-12
single_12p5V-0p5ns,A,PCHIP,5.9392e-06,1.545074608964849e-08,1.545303631871233e-08,-2.290229063839986e-12
single_12p5V-0p5ns,A,PCHIP,6.0416e-06,1.564043220999207e-08,1.5642668148143677e-08,-2.235938151607735e-12
single_12p5V-0p5ns,A,PCHIP,6.144e-06,1.5793105964473584e-08,1.5795608937610024e-08,-2.5029731364398957e-12
single_12p5V-0p5ns,A,PCHIP,6.2464e-06,1.5922111514411266e-08,1.592373009011357e-08,-1.6185757023038451e-12
single_12p5V-0p5ns,A,PCHIP,6.3488e-06,1.6021405615601492e-08,1.602307095292186e-08,-1.6653373203674088e-12
single_12p5V-0p5ns,A,PCHIP,6.4512e-06,1.6089595519811785e-08,1.6091295698320706e-08,-1.700178508920588e-12
single_12p5V-0p5ns,A,PCHIP,6.5536e-06,1.6137161342043388e-08,1.613891640256286e-08,-1.7550605194720294e-12
single_12p5V-0p5ns,A,PCHIP,6.656e-06,1.6177007926772932e-08,1.6178796256966652e-08,-1.7883301937195537e-12
single_12p5V-0p5ns,A,PCHIP,6.7584e-06,1.6217039148252244e-08,1.621885779578847e-08,-1.818647536227536e-12
single_12p5V-0p5ns,A,PCHIP,6.8608000000000004e-06,1.626163013882042e-08,1.6263484396357434e-08,-1.8542575370146175e-12
single_12p5V-0p5ns,A,PCHIP,6.9632000000000005e-06,1.6313703944716735e-08,1.631560028139564e-08,-1.8963366789062317e-12
single_12p5V-0p5ns,A,PCHIP,7.065600000000001e-06,1.6375830878567103e-08,1.6377777181760186e-08,-1.9463031930826397e-12
single_12p5V-0p5ns,A,PCHIP,7.168000000000001e-06,1.644955921297128e-08,1.6451555263652956e-08,-1.9960506816747612e-12
single_12p5V-0p5ns,A,PCHIP,7.2704e-06,1.653558149601572e-08,1.653762844955842e-08,-2.0469535427019304e-12
single_12p5V-0p5ns,A,PCHIP,7.3728e-06,1.663457801815615e-08,1.66366765826392e-08,-2.098564483052174e-12
single_12p5V-0p5ns,A,PCHIP,7.4752e-06,1.6747195885930057e-08,1.6749346483522125e-08,-2.1505975920679546e-12
single_12p5V-0p5ns,A,PCHIP,7.5776e-06,1.6874103435652093e-08,1.6876306425870497e-08,-2.202990218404772e-12
single_12p5V-0p5ns,A,PCHIP,7.680000000000001e-06,1.7016075423780426e-08,1.7018331401418972e-08,-2.2559776385464147e-12
single_12p5V-0p5ns,A,PCHIP,7.7824e-06,1.7174126677698964e-08,1.717643681455949e-08,-2.3101368605248743e-12
single_12p5V-0p5ns,A,PCHIP,7.8848e-06,1.734974106317511e-08,1.7352108116583236e-08,-2.3670534081273848e-12
single_12p5V-0p5ns,A,PCHIP,7.9872e-06,1.754532625670601e-08,1.754775625503679e-08,-2.4299983307796755e-12
single_12p5V-0p5ns,A,PCHIP,8.0896e-06,1.776530109114781e-08,1.7767808736173555e-08,-2.507645025745561e-12
single_12p5V-0p5ns,A,PCHIP,8.192e-06,1.801950030000574e-08,1.802214608490974e-08,-2.645784903999824e-12
single_12p5V-0p5ns,A,PCHIP,8.2944e-06,1.8341647949509316e-08,1.834448935469624e-08,-2.8414051869245333e-12
single_12p5V-0p5ns,A,PCHIP,8.3968e-06,1.9685760445978356e-08,1.969430356337086e-08,-8.543117392503262e-12
single_12p5V-0p5ns,A,PCHIP,8.4992e-06,2.1431074861920966e-08,2.1435052288706978e-08,-3.97742678601139e-12
single_12p5V-0p5ns,A,PCHIP,8.6016e-06,2.219436246783917e-08,2.219751215788994e-08,-3.1496900507706905e-12
single_12p5V-0p5ns,A,PCHIP,8.704e-06,2.2592233293980902e-08,2.2595035325254153e-08,-2.802031273250348e-12
single_12p5V-0p5ns,A,PCHIP,8.806400000000001e-06,2.2840971858576838e-08,2.2843618682955363e-08,-2.6468243785247377e-12
single_12p5V-0p5ns,A,PCHIP,8.9088e-06,2.302311943972406e-08,2.3025735035532085e-08,-2.615595808023998e-12
single_12p5V-0p5ns,A,PCHIP,9.011200000000001e-06,2.317165127535791e-08,2.3174472962884474e-08,-2.821687526564199e-12
single_12p5V-0p5ns,A,PCHIP,9.1136e-06,2.329648968526378e-08,2.329848781939238e-08,-1.9981341286018877e-12
single_12p5V-0p5ns,A,PCHIP,9.216e-06,2.3390631367374474e-08,2.339267012847382e-08,-2.0387610993449367e-12
single_12p5V-0p5ns,A,PCHIP,9.3184e-06,2.345456380429042e-08,2.3456647976668232e-08,-2.084172377811551e-12
single_12p5V-0p5ns,A,PCHIP,9.4208e-06,2.3500142987473456e-08,2.3502278198310573e-08,-2.1352108371172418e-12
single_12p5V-0p5ns,A,PCHIP,9.5232e-06,2.3539613972275183e-08,2.3541780786373638e-08,-2.1668140984556248e-12
single_12p5V-0p5ns,A,PCHIP,9.6256e-06,2.358014119682096e-08,2.358233895288066e-08,-2.1977560597017864e-12
single_12p5V-0p5ns,A,PCHIP,9.728e-06,2.3625755876649035e-08,2.3627990293937253e-08,-2.2344172882179646e-12
single_12p5V-0p5ns,A,PCHIP,9.8304e-06,2.367927234121152e-08,2.3681550013404282e-08,-2.2776721927617928e-12
single_12p5V-0p5ns,A,PCHIP,9.932800000000001e-06,2.3743212108281146e-08,2.3745539943709875e-08,-2.3278354287288527e-12
single_12p5V-0p5ns,A,PCHIP,1.00352e-05,2.3818876900155082e-08,2.3821254674912918e-08,-2.3777747578361136e-12
single_12p5V-0p5ns,A,PCHIP,1.0137600000000001e-05,2.390695049147149e-08,2.3909379368247164e-08,-2.4288767756751347e-12
single_12p5V-0p5ns,A,PCHIP,1.024e-05,2.400810544913583e-08,2.4010586077173505e-08,-2.4806280376739424e-12
single_12p5V-0p5ns,A,PCHIP,1.0342400000000001e-05,2.412298815666489e-08,2.4125520830513098e-08,-2.5326738482068475e-12
single_12p5V-0p5ns,A,PCHIP,1.04448e-05,2.4252277432048365e-08,2.4254862526714826e-08,-2.5850946664603624e-12
single_12p5V-0p5ns,A,PCHIP,1.05472e-05,2.439677619602187e-08,2.439941437982838e-08,-2.6381838065073993e-12
single_12p5V-0p5ns,A,PCHIP,1.06496e-05,2.4557556019050824e-08,2.456024873997818e-08,-2.692720927354911e-12
single_12p5V-0p5ns,A,PCHIP,1.0752e-05,2.4736210555154676e-08,2.4738960943298408e-08,-2.7503881437323585e-12
single_12p5V-0p5ns,A,PCHIP,1.08544e-05,2.4935371835427415e-08,2.4938186663819196e-08,-2.8148283917806907e-12
single_12p5V-0p5ns,A,PCHIP,1.09568e-05,2.515999075700959e-08,2.5162887415686483e-08,-2.8966586768940775e-12
single_12p5V-0p5ns,A,PCHIP,1.10592e-05,2.5421600252102074e-08,2.5424648860126612e-08,-3.048608024537721e-12
single_12p5V-0p5ns,A,PCHIP,1.11616e-05,2.5765149050889826e-08,2.5768470061900143e-08,-3.3210110103164318e-12
single_12p5V-0p5ns,A,PCHIP,1.1264000000000001e-05,2.7441700780263006e-08,2.7450568027821988e-08,-8.867247558981889e-12
single_12p5V-0p5ns,A,PCHIP,1.13664e-05,2.895185459808668e-08,2.8957028017186174e-08,-5.173419099495852e-12
single_12p5V-0p5ns,A,PCHIP,1.1468800000000001e-05,2.9630109201113388e-08,2.963456849753642e-08,-4.459296423033204e-12
single_12p5V-0p5ns,A,PCHIP,1.15712e-05,2.9994359507056265e-08,2.9998514342490076e-08,-4.15483543381111e-12
single_12p5V-0p5ns,A,PCHIP,1.1673600000000001e-05,3.022854703752554e-08,3.023256658779677e-08,-4.0195502712292284e-12
single_12p5V-0p5ns,A,PCHIP,1.1776e-05,3.0403787571466336e-08,3.040780339347176e-08,-4.015822005425925e-12
single_12p5V-0p5ns,A,PCHIP,1.18784e-05,3.0548369096522215e-08,3.055245456476519e-08,-4.085468242971616e-12
single_12p5V-0p5ns,A,PCHIP,1.19808e-05,3.066869310628841e-08,3.067210935946e-08,-3.416253171593708e-12
single_12p5V-0p5ns,A,PCHIP,1.20832e-05,3.0757599363741846e-08,3.076102871336292e-08,-3.4293496210723428e-12
single_12p5V-0p5ns,A,PCHIP,1.21856e-05,3.0817568459321145e-08,3.082105090122596e-08,-3.482441904815989e-12
single_12p5V-0p5ns,A,PCHIP,1.2288e-05,3.0861460988673613e-08,3.0864990236999106e-08,-3.529248325492849e-12
single_12p5V-0p5ns,A,PCHIP,1.23904e-05,3.0900730076619834e-08,3.0904289844629305e-08,-3.5597680094712765e-12
single_12p5V-0p5ns,A,PCHIP,1.24928e-05,3.0941858624360844e-08,3.094545007092499e-08,-3.5914465641440587e-12
single_12p5V-0p5ns,A,PCHIP,1.2595200000000001e-05,3.098857923030098e-08,3.099220833423224e-08,-3.629103931255725e-12
single_12p5V-0p5ns,A,PCHIP,1.26976e-05,3.104362189306204e-08,3.104729564548635e-08,-3.673752424313145e-12
single_12p5V-0p5ns,A,PCHIP,1.2800000000000001e-05,3.1109424688183194e-08,3.1113148495910966e-08,-3.7238077277719545e-12
single_12p5V-0p5ns,A,PCHIP,1.29024e-05,3.118706011104277e-08,3.119083405705445e-08,-3.773946011680327e-12
single_12p5V-0p5ns,A,PCHIP,1.3004800000000001e-05,3.12772176883373e-08,3.128104282449736e-08,-3.825136160061579e-12
single_12p5V-0p5ns,A,PCHIP,1.31072e-05,3.138056283786123e-08,3.138443975869581e-08,-3.876920834581937e-12
single_12p5V-0p5ns,A,PCHIP,1.32096e-05,3.1497742452321926e-08,3.1501671532895986e-08,-3.929080574060494e-12
single_12p5V-0p5ns,A,PCHIP,1.3312e-05,3.162944839503807e-08,3.1633430034075845e-08,-3.981639037775211e-12
single_12p5V-0p5ns,A,PCHIP,1.34144e-05,3.1776515675281474e-08,3.178055052558557e-08,-4.034850304097991e-12
single_12p5V-0p5ns,A,PCHIP,1.35168e-05,3.1940079294294995e-08,3.194416899686027e-08,-4.0897025652740646e-12
single_12p5V-0p5ns,A,PCHIP,1.36192e-05,3.2121855924605e-08,3.2126004021102874e-08,-4.148096497876566e-12
single_12p5V-0p5ns,A,PCHIP,1.3721600000000001e-05,3.2324733399985214e-08,3.2328947792338e-08,-4.214392352788117e-12
single_12p5V-0p5ns,A,PCHIP,1.3824e-05,3.25542917219209e-08,3.2558593324901735e-08,-4.301602980836088e-12
single_12p5V-0p5ns,A,PCHIP,1.3926400000000001e-05,3.2824238680812723e-08,3.282869494660289e-08,-4.456265790168428e-12
single_12p5V-0p5ns,A,PCHIP,1.40288e-05,3.319786248735714e-08,3.320277111984478e-08,-4.908632487637367e-12
single_12p5V-0p5ns,A,PCHIP,1.4131200000000001e-05,3.51413167943385e-08,3.515144347527297e-08,-1.0126680934470014e-11
single_12p5V-0p5ns,A,PCHIP,1.42336e-05,3.6452092359815464e-08,3.645942759664987e-08,-7.33523683440791e-12
single_12p5V-0p5ns,A,PCHIP,1.4336000000000001e-05,3.705735703430177e-08,3.7064074191520625e-08,-6.717157218857809e-12
single_12p5V-0p5ns,A,PCHIP,1.44384e-05,3.7392315518739063e-08,3.739876611180983e-08,-6.450593070769115e-12
single_12p5V-0p5ns,A,PCHIP,1.45408e-05,3.7613643935072126e-08,3.7619978436169414e-08,-6.334501097287451e-12
single_12p5V-0p5ns,A,PCHIP,1.46432e-05,3.778265476921142e-08,3.7789019698168996e-08,-6.364928957573971e-12
single_12p5V-0p5ns,A,PCHIP,1.47456e-05,3.7923426052948173e-08,3.79296983247221e-08,-6.272271773923358e-12
single_12p5V-0p5ns,A,PCHIP,1.4848e-05,3.803901557413059e-08,3.804477072203975e-08,-5.7551479091627525e-12
single_12p5V-0p5ns,A,PCHIP,1.49504e-05,3.8122686470645535e-08,3.812844788416932e-08,-5.761413523787821e-12
single_12p5V-0p5ns,A,PCHIP,1.5052800000000001e-05,3.817905797322107e-08,3.818487714259066e-08,-5.819169369590053e-12
single_12p5V-0p5ns,A,PCHIP,1.51552e-05,3.8221563981458544e-08,3.8227425839666357e-08,-5.861858207812113e-12
single_12p5V-0p5ns,A,PCHIP,1.5257600000000001e-05,3.8260795889047064e-08,3.826668765664382e-08,-5.891767596756694e-12
single_12p5V-0p5ns,A,PCHIP,1.5360000000000002e-05,3.830262321906643e-08,3.830854756093963e-08,-5.9243418732003495e-12
single_12p5V-0p5ns,A,PCHIP,1.54624e-05,3.835052432888981e-08,3.835648733515259e-08,-5.963006262781259e-12
single_12p5V-0p5ns,A,PCHIP,1.55648e-05,3.8407168982530526e-08,3.8413178103455385e-08,-6.009120924858516e-12
single_12p5V-0p5ns,A,PCHIP,1.56672e-05,3.847486252743332e-08,3.8480921289744015e-08,-6.058762310692372e-12
single_12p5V-0p5ns,A,PCHIP,1.57696e-05,3.8554491119524856e-08,3.856060030536798e-08,-6.109185843123362e-12
single_12p5V-0p5ns,A,PCHIP,1.5872e-05,3.864675342692395e-08,3.8652913979616875e-08,-6.160552692927096e-12
single_12p5V-0p5ns,A,PCHIP,1.59744e-05,3.8752308738891014e-08,3.875852110238991e-08,-6.212363498896949e-12
single_12p5V-0p5ns,A,PCHIP,1.60768e-05,3.887180608565583e-08,3.887807062070964e-08,-6.264535053810141e-12
single_12p5V-0p5ns,A,PCHIP,1.61792e-05,3.9005952813276835e-08,3.901226995026294e-08,-6.317136986104276e-12
single_12p5V-0p5ns,A,PCHIP,1.62816e-05,3.9155619863717734e-08,3.916199045924358e-08,-6.3705955258487586e-12
single_12p5V-0p5ns,A,PCHIP,1.6384e-05,3.9322013025744693e-08,3.9328438945220445e-08,-6.425919475751094e-12
single_12p5V-0p5ns,A,PCHIP,1.6486400000000002e-05,3.950698675106018e-08,3.951347190427672e-08,-6.4851532165399436e-12
single_12p5V-0p5ns,A,PCHIP,1.65888e-05,3.9713720973050106e-08,3.9720274446076484e-08,-6.553473026377679e-12
single_12p5V-0p5ns,A,PCHIP,1.66912e-05,3.99485424210531e-08,3.995518969704661e-08,-6.647275993514363e-12
single_12p5V-0p5ns,A,PCHIP,1.67936e-05,4.0227968028327857e-08,4.0234774356995724e-08,-6.806328667867281e-12
single_12p5V-0p5ns,A,PCHIP,1.6896000000000002e-05,4.0650361066491785e-08,4.0658053349201144e-08,-7.692282709359604e-12
single_12p5V-0p5ns,A,PCHIP,1.69984e-05,4.279268743103691e-08,4.280442077433643e-08,-1.1733343299519972e-11
single_12p5V-0p5ns,A,PCHIP,1.71008e-05,4.393495811823413e-08,4.3944722543418975e-08,-9.764425184846267e-12
single_12p5V-0p5ns,A,PCHIP,1.72032e-05,4.447770234243237e-08,4.4486930825464065e-08,-9.228483031692042e-12
single_12p5V-0p5ns,A,PCHIP,1.73056e-05,4.4787194438009775e-08,4.479618848915639e-08,-8.994051146617122e-12
single_12p5V-0p5ns,A,PCHIP,1.7408e-05,4.49971835524943e-08,4.5006080163818056e-08,-8.896611323758884e-12
single_12p5V-0p5ns,A,PCHIP,1.75104e-05,4.5160559452620875e-08,4.516953136150447e-08,-8.971908883595117e-12
single_12p5V-0p5ns,A,PCHIP,1.7612800000000002e-05,4.529760423092962e-08,4.5306288964320145e-08,-8.68473339052254e-12
single_12p5V-0p5ns,A,PCHIP,1.77152e-05,4.540824304909311e-08,4.54165714393388e-08,-8.328390245688953e-12
single_12p5V-0p5ns,A,PCHIP,1.78176e-05,4.548678421731331e-08,4.5495123356191933e-08,-8.339138878623389e-12
single_12p5V-0p5ns,A,PCHIP,1.792e-05,4.5539950910772e-08,4.554834928791541e-08,-8.39837714341521e-12
single_12p5V-0p5ns,A,PCHIP,1.8022400000000002e-05,4.558135102617662e-08,4.558978847241129e-08,-8.437446234670995e-12
single_12p5V-0p5ns,A,PCHIP,1.81248e-05,4.562069561413653e-08,4.56291627656642e-08,-8.46715152767189e-12
single_12p5V-0p5ns,A,PCHIP,1.82272e-05,4.5663310847192053e-08,4.5671811475673384e-08,-8.500628481330554e-12
single_12p5V-0p5ns,A,PCHIP,1.83296e-05,4.5712461404885975e-08,4.572100176875632e-08,-8.540363870348312e-12
single_12p5V-0p5ns,A,PCHIP,1.8432e-05,4.577077976538436e-08,4.577936797030931e-08,-8.588204924955316e-12
single_12p5V-0p5ns,A,PCHIP,1.85344e-05,4.584037634304692e-08,4.584901382452613e-08,-8.637481479206585e-12
single_12p5V-0p5ns,A,PCHIP,1.86368e-05,4.592201684269931e-08,4.593070490545797e-08,-8.688062758659688e-12
single_12p5V-0p5ns,A,PCHIP,1.8739200000000002e-05,4.601640117713133e-08,4.602514067400903e-08,-8.73949687770251e-12
single_12p5V-0p5ns,A,PCHIP,1.88416e-05,4.612418340951512e-08,4.613297484046615e-08,-8.791430951033837e-12
single_12p5V-0p5ns,A,PCHIP,1.8944e-05,4.624601670193224e-08,4.625486041978233e-08,-8.84371785008952e-12
single_12p5V-0p5ns,A,PCHIP,1.90464e-05,4.6382626725565384e-08,4.639152309985464e-08,-8.896374289258214e-12
single_12p5V-0p5ns,A,PCHIP,1.9148800000000002e-05,4.653492475616091e-08,4.654387475797578e-08,-8.950001814868235e-12
single_12p5V-0p5ns,A,PCHIP,1.92512e-05,4.6704195197876106e-08,4.671320093784465e-08,-9.00573996854046e-12
single_12p5V-0p5ns,A,PCHIP,1.93536e-05,4.689244673401954e-08,4.6901512779210816e-08,-9.066045191277153e-12
single_12p5V-0p5ns,A,PCHIP,1.9456e-05,4.7103194455717044e-08,4.711233134184948e-08,-9.136886132438704e-12
single_12p5V-0p5ns,A,PCHIP,1.9558400000000002e-05,4.734365931894641e-08,4.735289876530402e-08,-9.239446357614078e-12
single_12p5V-0p5ns,A,PCHIP,1.96608e-05,4.763407348492375e-08,4.764347852066324e-08,-9.405035739486833e-12
single_12p5V-0p5ns,A,PCHIP,1.97632e-05,4.8168128536570185e-08,4.81801477022363e-08,-1.2019165666114928e-11
single_12p5V-0p5ns,A,PCHIP,1.9865600000000002e-05,5.040439199396169e-08,5.041702533558394e-08,-1.263334162224488e-11
single_12p5V-0p5ns,A,PCHIP,1.9968e-05,5.140445944349468e-08,5.141541173680007e-08,-1.0952293305391305e-11
single_12p5V-0p5ns,A,PCHIP,2e-05,5.159130704940069e-08,5.160213071875158e-08,-1.0823669350884677e-11
single_12p5V-0p5ns,A,CS,0.0,0.0,0.0,0.0
single_12p5V-0p5ns,A,CS,1.024e-07,3.2919388005990374e-13,3.361723603954054e-13,-6.978480335501667e-15
single_12p5V-0p5ns,A,CS,2.048e-07,2.528086243484675e-12,2.5524302349856835e-12,-2.434399150100856e-14
single_12p5V-0p5ns,A,CS,3.072e-07,8.14034787754904e-12,8.191074076875341e-12,-5.0726199326301735e-14
single_12p5V-0p5ns,A,CS,4.096e-07,1.8414680986925808e-11,1.849871395349108e-11,-8.403296656527211e-14
single_12p5V-0p5ns,A,CS,5.12e-07,3.4369967844670016e-11,3.449272949367058e-11,-1.227616490005638e-13
single_12p5V-0p5ns,A,CS,6.144e-07,5.684641119594023e-11,5.701194472996315e-11,-1.6553353402292209e-13
single_12p5V-0p5ns,A,CS,7.168000000000001e-07,8.654282533356915e-11,8.675418921321352e-11,-2.113638796443718e-13
single_12p5V-0p5ns,A,CS,8.192e-07,1.240448121869211e-10,1.243041791596813e-10,-2.593669727602031e-13
single_12p5V-0p5ns,A,CS,9.216e-07,1.6984590216048352e-10,1.7015471196268346e-10,-3.088098021999398e-13
single_12p5V-0p5ns,A,CS,1.024e-06,2.2436442079177196e-10,2.2472350795968594e-10,-3.590871679139765e-13
single_12p5V-0p5ns,A,CS,1.1264000000000001e-06,2.879578776787014e-10,2.883674855302266e-10,-4.0960785152519814e-13
single_12p5V-0p5ns,A,CS,1.2288e-06,3.6093582272319194e-10,3.6139589973738334e-10,-4.600770141913982e-13
single_12p5V-0p5ns,A,CS,1.3312e-06,4.4357342530457664e-10,4.4408361587030506e-10,-5.101905657284146e-13
single_12p5V-0p5ns,A,CS,1.4336000000000001e-06,5.361261011614824e-10,5.366858321819795e-10,-5.597310204970467e-13
single_12p5V-0p5ns,A,CS,1.536e-06,6.388472874486208e-10,6.394558566206669e-10,-6.085691720460771e-13
single_12p5V-0p5ns,A,CS,1.6384e-06,7.520116464509318e-10,7.526682148465837e-10,-6.565683956518708e-13
single_12p5V-0p5ns,A,CS,1.7408000000000001e-06,8.75946788622404e-10,8.766507422342881e-10,-7.039536118840676e-13
single_12p5V-0p5ns,A,CS,1.8432e-06,1.0110814184084982e-09,1.011832141010127e-09,-7.50722601628739e-13
single_12p5V-0p5ns,A,CS,1.9456e-06,1.1580191768047473e-09,1.1588176075796218e-09,-7.984307748745427e-13
single_12p5V-0p5ns,A,CS,2.048e-06,1.3176762059263082e-09,1.3185195003762414e-09,-8.432944499332317e-13
single_12p5V-0p5ns,A,CS,2.1504e-06,1.4915011513051444e-09,1.492407643794109e-09,-9.064924889645717e-13
single_12p5V-0p5ns,A,CS,2.2528000000000003e-06,1.6821467459163872e-09,1.6830586479737315e-09,-9.119020573443211e-13
single_12p5V-0p5ns,A,CS,2.3552e-06,1.8944317906674714e-09,1.8956211990263357e-09,-1.1894083588642877e-12
single_12p5V-0p5ns,A,CS,2.4576e-06,2.142696688131785e-09,2.143222399435627e-09,-5.257113038421115e-13
single_12p5V-0p5ns,A,CS,2.56e-06,2.486270118909633e-09,2.490445918645158e-09,-4.175799735524907e-12
single_12p5V-0p5ns,A,CS,2.6624e-06,4.983508707480636e-09,4.991663587355433e-09,-8.154879874797159e-12
single_12p5V-0p5ns,A,CS,2.7648e-06,6.694149853873969e-09,6.6996282955697044e-09,-5.4784416957355015e-12
single_12p5V-0p5ns,A,CS,2.8672000000000003e-06,7.445174723386417e-09,7.450257298904108e-09,-5.082575517691132e-12
single_12p5V-0p5ns,A,CS,2.9696e-06,7.838447409229244e-09,7.843131735307288e-09,-4.684326078044394e-12
single_12p5V-0p5ns,A,CS,3.072e-06,8.085120742050995e-09,8.089719499894705e-09,-4.598757843709738e-12
single_12p5V-0p5ns,A,CS,3.1744e-06,8.266468821299553e-09,8.271001745139002e-09,-4.532923839448525e-12
single_12p5V-0p5ns,A,CS,3.2768e-06,8.41574346483365e-09,8.420248316939015e-09,-4.5048521053641145e-12
single_12p5V-0p5ns,A,CS,3.3792e-06,8.543584401903229e-09,8.548069101697648e-09,-4.4846997944193734e-12
single_12p5V-0p5ns,A,CS,3.4816000000000003e-06,8.645348014850862e-09,8.649694820772337e-09,-4.346805921474266e-12
single_12p5V-0p5ns,A,CS,3.5840000000000003e-06,8.716153721477842e-09,8.720400158790573e-09,-4.2464373127314404e-12
single_12p5V-0p5ns,A,CS,3.6864e-06,8.764896563774543e-09,8.769113485255534e-09,-4.216921480991347e-12
single_12p5V-0p5ns,A,CS,3.7888e-06,8.804743110759202e-09,8.808957778776151e-09,-4.214668016949303e-12
single_12p5V-0p5ns,A,CS,3.8912e-06,8.844129448051856e-09,8.84836422563071e-09,-4.234777578854226e-12
single_12p5V-0p5ns,A,CS,3.9936e-06,8.887691112761867e-09,8.891958222971553e-09,-4.267110209685504e-12
single_12p5V-0p5ns,A,CS,4.096e-06,8.938425020680819e-09,8.942732547702118e-09,-4.307527021298954e-12
single_12p5V-0p5ns,A,CS,4.1984e-06,8.99890518301727e-09,9.00326119185814e-09,-4.35600884087055e-12
single_12p5V-0p5ns,A,CS,4.3008e-06,9.070858975461433e-09,9.075264169256694e-09,-4.4051937952616755e-12
single_12p5V-0p5ns,A,CS,4.4032000000000005e-06,9.154990043777617e-09,9.159446117194226e-09,-4.456073416608176e-12
single_12p5V-0p5ns,A,CS,4.5056000000000005e-06,9.251983243774617e-09,9.25649087226526e-09,-4.507628490643957e-12
single_12p5V-0p5ns,A,CS,4.608e-06,9.362484280546198e-09,9.367043933441262e-09,-4.559652895064444e-12
single_12p5V-0p5ns,A,CS,4.7104e-06,9.487150990917397e-09,9.491762914678716e-09,-4.611923761318375e-12
single_12p5V-0p5ns,A,CS,4.8128e-06,9.62673242448831e-09,9.63139712769074e-09,-4.6647032024310975e-12
single_12p5V-0p5ns,A,CS,4.9152e-06,9.782192779007115e-09,9.786911350618037e-09,-4.7185716109218346e-12
single_12p5V-0p5ns,A,CS,5.0176e-06,9.954919786673098e-09,9.959694643973295e-09,-4.774857300197369e-12
single_12p5V-0p5ns,A,CS,5.12e-06,1.014712896925384e-08,1.0151964447444478e-08,-4.835478190638241e-12
single_12p5V-0p5ns,A,CS,5.2224e-06,1.0362792811519638e-08,1.0367703221108943e-08,-4.910409589304932e-12
single_12p5V-0p5ns,A,CS,5.3248e-06,1.0610459282603495e-08,1.0615458580433233e-08,-4.999297829738291e-12
single_12p5V-0p5ns,A,CS,5.4272e-06,1.091636732002544e-08,1.0921641889286726e-08,-5.274569261285746e-12
single_12p5V-0p5ns,A,CS,5.5296e-06,1.187170637890599e-08,1.1883437964614294e-08,-1.1731585708303435e-11
single_12p5V-0p5ns,A,CS,5.6320000000000005e-06,1.3886779799445365e-08,1.3893505992611073e-08,-6.726193165708115e-12
single_12p5V-0p5ns,A,CS,5.7344000000000005e-06,1.4745189795974514e-08,1.4752988544080787e-08,-7.798748106272898e-12
single_12p5V-0p5ns,A,CS,5.836800000000001e-06,1.518154159548523e-08,1.5188319917239163e-08,-6.778321753932071e-12
single_12p5V-0p5ns,A,CS,5.9392e-06,1.5446187745854843e-08,1.545303631871233e-08,-6.848572857487021e-12
single_12p5V-0p5ns,A,CS,6.0416e-06,1.5635944099497973e-08,1.5642668148143677e-08,-6.724048645703714e-12
single_12p5V-0p5ns,A,CS,6.144e-06,1.578890184743216e-08,1.5795608937610024e-08,-6.707090177864442e-12
single_12p5V-0p5ns,A,CS,6.2464e-06,1.5917060506558544e-08,1.592373009011357e-08,-6.669583555025951e-12
single_12p5V-0p5ns,A,CS,6.3488e-06,1.601654797418213e-08,1.602307095292186e-08,-6.522978739729263e-12
single_12p5V-0p5ns,A,CS,6.4512e-06,1.608486038989948e-08,1.6091295698320706e-08,-6.435308421226358e-12
single_12p5V-0p5ns,A,CS,6.5536e-06,1.613250837369862e-08,1.613891640256286e-08,-6.408028864240378e-12
single_12p5V-0p5ns,A,CS,6.656e-06,1.6172387278189693e-08,1.6178796256966652e-08,-6.408978776959064e-12
single_12p5V-0p5ns,A,CS,6.7584e-06,1.6212427181425723e-08,1.621885779578847e-08,-6.430614362749049e-12
single_12p5V-0p5ns,A,CS,6.8608000000000004e-06,1.6257020368128613e-08,1.6263484396357434e-08,-6.464028228821391e-12
single_12p5V-0p5ns,A,CS,6.9632000000000005e-06,1.6309095086823836e-08,1.631560028139564e-08,-6.505194571805003e-12
single_12p5V-0p5ns,A,CS,7.065600000000001e-06,1.63712229769929e-08,1.6377777181760186e-08,-6.554204767284894e-12
single_12p5V-0p5ns,A,CS,7.168000000000001e-06,1.6444951532633948e-08,1.6451555263652956e-08,-6.603731019007341e-12
single_12p5V-0p5ns,A,CS,7.2704e-06,1.6530973780390885e-08,1.653762844955842e-08,-6.6546691675362806e-12
single_12p5V-0p5ns,A,CS,7.3728e-06,1.6629970316273484e-08,1.66366765826392e-08,-6.706266365716632e-12
single_12p5V-0p5ns,A,CS,7.4752e-06,1.67425881885529e-08,1.6749346483522125e-08,-6.7582949692252e-12
single_12p5V-0p5ns,A,CS,7.5776e-06,1.6869495709734375e-08,1.6876306425870497e-08,-6.810716136122108e-12
single_12p5V-0p5ns,A,CS,7.680000000000001e-06,1.7011467741883385e-08,1.7018331401418972e-08,-6.863659535587596e-12
single_12p5V-0p5ns,A,CS,7.7824e-06,1.716951908516196e-08,1.717643681455949e-08,-6.917729397529032e-12
single_12p5V-0p5ns,A,CS,7.8848e-06,1.7345132959722746e-08,1.7352108116583236e-08,-6.9751568604896055e-12
single_12p5V-0p5ns,A,CS,7.9872e-06,1.754072316745772e-08,1.754775625503679e-08,-7.0330875790694476e-12
single_12p5V-0p5ns,A,CS,8.0896e-06,1.7760678524294395e-08,1.7767808736173555e-08,-7.13021187916044e-12
single_12p5V-0p5ns,A,CS,8.192e-06,1.8015002104742933e-08,1.802214608490974e-08,-7.143980166807159e-12
single_12p5V-0p5ns,A,CS,8.2944e-06,1.8336661595778836e-08,1.834448935469624e-08,-7.827758917403708e-12
single_12p5V-0p5ns,A,CS,8.3968e-06,1.9680900160197287e-08,1.969430356337086e-08,-1.3403403173572123e-11
single_12p5V-0p5ns,A,CS,8.4992e-06,2.1426185340993732e-08,2.1435052288706978e-08,-8.866947713246015e-12
single_12p5V-0p5ns,A,CS,8.6016e-06,2.2187988059267255e-08,2.219751215788994e-08,-9.52409862268498e-12
single_12p5V-0p5ns,A,CS,8.704e-06,2.258627916668932e-08,2.2595035325254153e-08,-8.756158564834332e-12
single_12p5V-0p5ns,A,CS,8.806400000000001e-06,2.283484036860346e-08,2.2843618682955363e-08,-8.77831435190201e-12
single_12p5V-0p5ns,A,CS,8.9088e-06,2.3017056232598644e-08,2.3025735035532085e-08,-8.678802933440993e-12
single_12p5V-0p5ns,A,CS,9.011200000000001e-06,2.3165811347968606e-08,2.3174472962884474e-08,-8.661614915867984e-12
single_12p5V-0p5ns,A,CS,9.1136e-06,2.328987647274169e-08,2.329848781939238e-08,-8.611346650690744e-12
single_12p5V-0p5ns,A,CS,9.216e-06,2.3384212182338907e-08,2.339267012847382e-08,-8.457946134911277e-12
single_12p5V-0p5ns,A,CS,9.3184e-06,2.3448260678053854e-08,2.3456647976668232e-08,-8.387298614378358e-12
single_12p5V-0p5ns,A,CS,9.4208e-06,2.3493914198349504e-08,2.3502278198310573e-08,-8.363999961068944e-12
single_12p5V-0p5ns,A,CS,9.5232e-06,2.3533411420770146e-08,2.3541780786373638e-08,-8.369365603491957e-12
single_12p5V-0p5ns,A,CS,9.6256e-06,2.357394576645501e-08,2.358233895288066e-08,-8.393186425650574e-12
single_12p5V-0p5ns,A,CS,9.728e-06,2.36195621352354e-08,2.3627990293937253e-08,-8.42815870185316e-12
single_12p5V-0p5ns,A,CS,9.8304e-06,2.3673079546748033e-08,2.3681550013404282e-08,-8.470466656248827e-12
single_12p5V-0p5ns,A,CS,9.932800000000001e-06,2.373702021183413e-08,2.3745539943709875e-08,-8.519731875743423e-12
single_12p5V-0p5ns,A,CS,1.00352e-05,2.38126851014286e-08,2.3821254674912918e-08,-8.56957348431723e-12
single_12p5V-0p5ns,A,CS,1.0137600000000001e-05,2.3900758683139893e-08,2.3909379368247164e-08,-8.620685107271644e-12
single_12p5V-0p5ns,A,CS,1.024e-05,2.400191364428986e-08,2.4010586077173505e-08,-8.672432883643847e-12
single_12p5V-0p5ns,A,CS,1.0342400000000001e-05,2.4116796363296416e-08,2.4125520830513098e-08,-8.724467216681794e-12
single_12p5V-0p5ns,A,CS,1.04448e-05,2.4246085596582015e-08,2.4254862526714826e-08,-8.776930132810277e-12
single_12p5V-0p5ns,A,CS,1.05472e-05,2.4390584423480134e-08,2.439941437982838e-08,-8.829956348245426e-12
single_12p5V-0p5ns,A,CS,1.06496e-05,2.4551364422009754e-08,2.456024873997818e-08,-8.884317968425686e-12
single_12p5V-0p5ns,A,CS,1.0752e-05,2.4730017795767654e-08,2.4738960943298408e-08,-8.943147530754557e-12
single_12p5V-0p5ns,A,CS,1.08544e-05,2.4929188113261637e-08,2.4938186663819196e-08,-8.998550557558427e-12
single_12p5V-0p5ns,A,CS,1.09568e-05,2.5153769755319737e-08,2.5162887415686483e-08,-9.117660366745811e-12
single_12p5V-0p5ns,A,CS,1.10592e-05,2.5415583476277938e-08,2.5424648860126612e-08,-9.065383848674466e-12
single_12p5V-0p5ns,A,CS,1.11616e-05,2.575829601565213e-08,2.5768470061900143e-08,-1.0174046248012786e-11
single_12p5V-0p5ns,A,CS,1.1264000000000001e-05,2.743508200786485e-08,2.7450568027821988e-08,-1.5486019957138363e-11
single_12p5V-0p5ns,A,CS,1.13664e-05,2.8944996335530202e-08,2.8957028017186174e-08,-1.2031681655971794e-11
single_12p5V-0p5ns,A,CS,1.1468800000000001e-05,2.9622349143913235e-08,2.963456849753642e-08,-1.2219353623186725e-11
single_12p5V-0p5ns,A,CS,1.15712e-05,2.998681774191986e-08,2.9998514342490076e-08,-1.169660057021822e-11
single_12p5V-0p5ns,A,CS,1.1673600000000001e-05,3.022089595222951e-08,3.023256658779677e-08,-1.1670635567262119e-11
single_12p5V-0p5ns,A,CS,1.1776e-05,3.0396209035104864e-08,3.040780339347176e-08,-1.1594358366898084e-11
single_12p5V-0p5ns,A,CS,1.18784e-05,3.0540877666576594e-08,3.055245456476519e-08,-1.1576898188593076e-11
single_12p5V-0p5ns,A,CS,1.19808e-05,3.0660600241169984e-08,3.067210935946e-08,-1.1509118290016569e-11
single_12p5V-0p5ns,A,CS,1.20832e-05,3.074967149900472e-08,3.076102871336292e-08,-1.1357214358195062e-11
single_12p5V-0p5ns,A,CS,1.21856e-05,3.080975037157623e-08,3.082105090122596e-08,-1.1300529649730613e-11
single_12p5V-0p5ns,A,CS,1.2288e-05,3.085370882296254e-08,3.0864990236999106e-08,-1.1281414036566386e-11
single_12p5V-0p5ns,A,CS,1.23904e-05,3.089299900861262e-08,3.0904289844629305e-08,-1.1290836016687243e-11
single_12p5V-0p5ns,A,CS,1.24928e-05,3.093413337680446e-08,3.094545007092499e-08,-1.1316694120525214e-11
single_12p5V-0p5ns,A,CS,1.2595200000000001e-05,3.098085528908336e-08,3.099220833423224e-08,-1.1353045148876986e-11
single_12p5V-0p5ns,A,CS,1.26976e-05,3.103589894012983e-08,3.104729564548635e-08,-1.1396705356522171e-11
single_12p5V-0p5ns,A,CS,1.2800000000000001e-05,3.1101702547982156e-08,3.1113148495910966e-08,-1.144594792881083e-11
single_12p5V-0p5ns,A,CS,1.29024e-05,3.11793379695342e-08,3.119083405705445e-08,-1.1496087520246905e-11
single_12p5V-0p5ns,A,CS,1.3004800000000001e-05,3.1269495561917815e-08,3.128104282449736e-08,-1.154726257954353e-11
single_12p5V-0p5ns,A,CS,1.31072e-05,3.137284070583586e-08,3.138443975869581e-08,-1.1599052859952926e-11
single_12p5V-0p5ns,A,CS,1.32096e-05,3.14900203364668e-08,3.1501671532895986e-08,-1.1651196429188708e-11
single_12p5V-0p5ns,A,CS,1.3312e-05,3.162172623038559e-08,3.1633430034075845e-08,-1.1703803690253141e-11
single_12p5V-0p5ns,A,CS,1.34144e-05,3.1768793578434295e-08,3.178055052558557e-08,-1.1756947151277474e-11
single_12p5V-0p5ns,A,CS,1.35168e-05,3.1932357488068605e-08,3.194416899686027e-08,-1.1811508791664166e-11
single_12p5V-0p5ns,A,CS,1.36192e-05,3.2114132313752274e-08,3.2126004021102874e-08,-1.1871707350599071e-11
single_12p5V-0p5ns,A,CS,1.3721600000000001e-05,3.2317022553811904e-08,3.2328947792338e-08,-1.1925238526098846e-11
single_12p5V-0p5ns,A,CS,1.3824e-05,3.2546528500346414e-08,3.2558593324901735e-08,-1.2064824555320881e-11
single_12p5V-0p5ns,A,CS,1.3926400000000001e-05,3.281673212607807e-08,3.282869494660289e-08,-1.1962820524821053e-11
single_12p5V-0p5ns,A,CS,1.40288e-05,3.3189253832460994e-08,3.320277111984478e-08,-1.3517287383784365e-11
single_12p5V-0p5ns,A,CS,1.4131200000000001e-05,3.513290867174002e-08,3.515144347527297e-08,-1.8534803532953554e-11
single_12p5V-0p5ns,A,CS,1.42336e-05,3.644296346097004e-08,3.645942759664987e-08,-1.646413567982922e-11
single_12p5V-0p5ns,A,CS,1.4336000000000001e-05,3.704790265489312e-08,3.7064074191520625e-08,-1.617153662750295e-11
single_12p5V-0p5ns,A,CS,1.44384e-05,3.7382891540748924e-08,3.739876611180983e-08,-1.587457106090893e-11
single_12p5V-0p5ns,A,CS,1.45408e-05,3.760417397027993e-08,3.7619978436169414e-08,-1.5804465889484088e-11
single_12p5V-0p5ns,A,CS,1.46432e-05,3.777327058541616e-08,3.7789019698168996e-08,-1.5749112752838093e-11
single_12p5V-0p5ns,A,CS,1.47456e-05,3.791396791569334e-08,3.79296983247221e-08,-1.5730409028754172e-11
single_12p5V-0p5ns,A,CS,1.4848e-05,3.802912905351089e-08,3.804477072203975e-08,-1.5641668528859647e-11
single_12p5V-0p5ns,A,CS,1.49504e-05,3.8112948884274883e-08,3.812844788416932e-08,-1.5498999894439232e-11
single_12p5V-0p5ns,A,CS,1.5052800000000001e-05,3.8169423976168105e-08,3.818487714259066e-08,-1.5453166422557837e-11
single_12p5V-0p5ns,A,CS,1.51552e-05,3.8211987237441855e-08,3.8227425839666357e-08,-1.5438602224501737e-11
single_12p5V-0p5ns,A,CS,1.5257600000000001e-05,3.825123606333648e-08,3.826668765664382e-08,-1.5451593307343368e-11
single_12p5V-0p5ns,A,CS,1.5360000000000002e-05,3.8293068113577516e-08,3.830854756093963e-08,-1.5479447362113026e-11
single_12p5V-0p5ns,A,CS,1.54624e-05,3.83409702753075e-08,3.835648733515259e-08,-1.5517059845087784e-11
single_12p5V-0p5ns,A,CS,1.55648e-05,3.8397615948438994e-08,3.8413178103455385e-08,-1.5562155016390667e-11
single_12p5V-0p5ns,A,CS,1.56672e-05,3.846531019255741e-08,3.8480921289744015e-08,-1.5611097186604933e-11
single_12p5V-0p5ns,A,CS,1.57696e-05,3.854493871978464e-08,3.856060030536798e-08,-1.5661585583336716e-11
single_12p5V-0p5ns,A,CS,1.5872e-05,3.863720105937764e-08,3.8652913979616875e-08,-1.5712920239231305e-11
single_12p5V-0p5ns,A,CS,1.59744e-05,3.87427563593857e-08,3.875852110238991e-08,-1.5764743004207878e-11
single_12p5V-0p5ns,A,CS,1.60768e-05,3.8862253724230903e-08,3.887807062070964e-08,-1.581689647873959e-11
single_12p5V-0p5ns,A,CS,1.61792e-05,3.8996400403532567e-08,3.901226995026294e-08,-1.5869546730372307e-11
single_12p5V-0p5ns,A,CS,1.62816e-05,3.9146067515311105e-08,3.916199045924358e-08,-1.5922943932477377e-11
single_12p5V-0p5ns,A,CS,1.6384e-05,3.931246109096611e-08,3.9328438945220445e-08,-1.5977854254334148e-11
single_12p5V-0p5ns,A,CS,1.6486400000000002e-05,3.949743249924309e-08,3.951347190427672e-08,-1.6039405033626562e-11
single_12p5V-0p5ns,A,CS,1.65888e-05,3.9704182377659143e-08,3.9720274446076484e-08,-1.6092068417340457e-11
single_12p5V-0p5ns,A,CS,1.66912e-05,3.99389418019078e-08,3.995518969704661e-08,-1.624789513881461e-11
single_12p5V-0p5ns,A,CS,1.67936e-05,4.0218651810795285e-08,4.0234774356995724e-08,-1.6122546200438633e-11
single_12p5V-0p5ns,A,CS,1.6896000000000002e-05,4.063977880374211e-08,4.0658053349201144e-08,-1.8274545459031123e-11
single_12p5V-0p5ns,A,CS,1.69984e-05,4.278223683215021e-08,4.280442077433643e-08,-2.2183942186220362e-11
single_12p5V-0p5ns,A,CS,1.71008e-05,4.392308198182155e-08,4.3944722543418975e-08,-2.1640561597425094e-11
single_12p5V-0p5ns,A,CS,1.72032e-05,4.446603976740565e-08,4.4486930825464065e-08,-2.0891058058416524e-11
single_12p5V-0p5ns,A,CS,1.73056e-05,4.47753950689708e-08,4.479618848915639e-08,-2.0793420185590194e-11
single_12p5V-0p5ns,A,CS,1.7408e-05,4.498539582889269e-08,4.5006080163818056e-08,-2.0684334925366338e-11
single_12p5V-0p5ns,A,CS,1.75104e-05,4.514888374354207e-08,4.516953136150447e-08,-2.064761796239656e-11
single_12p5V-0p5ns,A,CS,1.7612800000000002e-05,4.5285663197685884e-08,4.5306288964320145e-08,-2.0625766634260958e-11
single_12p5V-0p5ns,A,CS,1.77152e-05,4.539605597970553e-08,4.54165714393388e-08,-2.0515459633268532e-11
single_12p5V-0p5ns,A,CS,1.78176e-05,4.5474735766269157e-08,4.5495123356191933e-08,-2.0387589922776885e-11
single_12p5V-0p5ns,A,CS,1.792e-05,4.5527999734264306e-08,4.554834928791541e-08,-2.034955365110667e-11
single_12p5V-0p5ns,A,CS,1.8022400000000002e-05,4.556944856572372e-08,4.558978847241129e-08,-2.033990668756699e-11
single_12p5V-0p5ns,A,CS,1.81248e-05,4.560880676034816e-08,4.56291627656642e-08,-2.0356005316042146e-11
single_12p5V-0p5ns,A,CS,1.82272e-05,4.5651425767204674e-08,4.5671811475673384e-08,-2.0385708468709898e-11
single_12p5V-0p5ns,A,CS,1.83296e-05,4.5700577245489194e-08,4.572100176875632e-08,-2.0424523267129008e-11
single_12p5V-0p5ns,A,CS,1.8432e-05,4.5758896633639036e-08,4.577936797030931e-08,-2.0471336670275647e-11
single_12p5V-0p5ns,A,CS,1.85344e-05,4.582849376891449e-08,4.584901382452613e-08,-2.0520055611640283e-11
single_12p5V-0p5ns,A,CS,1.86368e-05,4.5910134182973796e-08,4.593070490545797e-08,-2.057072248417637e-11
single_12p5V-0p5ns,A,CS,1.8739200000000002e-05,4.600451855394268e-08,4.602514067400903e-08,-2.062212006635375e-11
single_12p5V-0p5ns,A,CS,1.88416e-05,4.6112300772659536e-08,4.613297484046615e-08,-2.067406780661462e-11
single_12p5V-0p5ns,A,CS,1.8944e-05,4.6234134079649485e-08,4.625486041978233e-08,-2.0726340132845642e-11
single_12p5V-0p5ns,A,CS,1.90464e-05,4.637074406665716e-08,4.639152309985464e-08,-2.0779033197480746e-11
single_12p5V-0p5ns,A,CS,1.9148800000000002e-05,4.652304214412885e-08,4.654387475797578e-08,-2.083261384693089e-11
single_12p5V-0p5ns,A,CS,1.92512e-05,4.6692313059947046e-08,4.671320093784465e-08,-2.0887877897601342e-11
single_12p5V-0p5ns,A,CS,1.93536e-05,4.688056235577307e-08,4.6901512779210816e-08,-2.095042343774714e-11
single_12p5V-0p5ns,A,CS,1.9456e-05,4.709132553352982e-08,4.711233134184948e-08,-2.100580831965937e-11
single_12p5V-0p5ns,A,CS,1.9558400000000002e-05,4.733173509978921e-08,4.735289876530402e-08,-2.1163665514812033e-11
single_12p5V-0p5ns,A,CS,1.96608e-05,4.7622396398550834e-08,4.764347852066324e-08,-2.108212211240259e-11
single_12p5V-0p5ns,A,CS,1.97632e-05,4.815528019190797e-08,4.81801477022363e-08,-2.4867510328333638e-11
single_12p5V-0p5ns,A,CS,1.9865600000000002e-05,5.0391594816804864e-08,5.041702533558394e-08,-2.5430518779072962e-11
single_12p5V-0p5ns,A,CS,1.9968e-05,5.138920322854257e-08,5.141541173680007e-08,-2.6208508257497548e-11
single_12p5V-0p5ns,A,CS,2e-05,5.157620165360771e-08,5.160213071875158e-08,-2.592906514386491e-11
single_15p8V-1ns,A,PCHIP,0.0,0.0,0.0,0.0
single_15p8V-1ns,A,PCHIP,1.024e-07,5.046422165481838e-13,5.373520650448733e-13,-3.270984849668949e-14
single_15p8V-1ns,A,PCHIP,2.048e-07,3.9930206190470964e-12,4.081977405459715e-12,-8.89567864126184e-14
single_15p8V-1ns,A,PCHIP,3.072e-07,1.2942224684709558e-11,1.3115666780199154e-11,-1.7344209548959669e-13
single_15p8V-1ns,A,PCHIP,4.096e-07,2.940053871495889e-11,2.96808405517018e-11,-2.803018367429082e-13
single_15p8V-1ns,A,PCHIP,5.12e-07,5.509755539123416e-11,5.550277092650561e-11,-4.05215535271449e-13
single_15p8V-1ns,A,PCHIP,6.144e-07,9.153875802608772e-11,9.208205859092293e-11,-5.433005648352123e-13
single_15p8V-1ns,A,PCHIP,7.168000000000001e-07,1.4007156181208847e-10,1.407640119785456e-10,-6.924501664571271e-13
single_15p8V-1ns,A,PCHIP,8.192e-07,2.019444804888797e-10,2.027940384173626e-10,-8.495579284829133e-13
single_15p8V-1ns,A,PCHIP,9.216e-07,2.7835600297773055e-10,2.7936865187136055e-10,-1.012648893630004e-12
single_15p8V-1ns,A,PCHIP,1.024e-06,3.7051254663133434e-10,3.7169353744529134e-10,-1.1809908139569985e-12
single_15p8V-1ns,A,PCHIP,1.1264000000000001e-06,4.797135736968988e-10,4.810661759456948e-10,-1.3526022487959629e-12
single_15p8V-1ns,A,PCHIP,1.2288e-06,6.074874782788684e-10,6.090166979838949e-10,-1.5292197050264975e-12
single_15p8V-1ns,A,PCHIP,1.3312e-06,7.558718657736757e-10,7.575844051333422e-10,-1.7125393596664911e-12
single_15p8V-1ns,A,PCHIP,1.4336000000000001e-06,9.280330292486688e-10,9.299425642809303e-10,-1.909535032261536e-12
single_15p8V-1ns,A,PCHIP,1.536e-06,1.1299672290505783e-09,1.1321099158635305e-09,-2.1426868129522447e-12
single_15p8V-1ns,A,PCHIP,1.6384e-06,1.377004201864024e-09,1.3795255950023957e-09,-2.5213931383717335e-12
single_15p8V-1ns,A,PCHIP,1.7408000000000001e-06,1.756050864639885e-09,1.7602063838371114e-09,-4.155519197226399e-12
single_15p8V-1ns,A,PCHIP,1.8432e-06,5.051026082973124e-09,5.0724231053771735e-09,-2.1397022404049397e-11
single_15p8V-1ns,A,PCHIP,1.9456e-06,7.027529243857472e-09,7.0428356075002545e-09,-1.5306363642782173e-11
single_15p8V-1ns,A,PCHIP,2.048e-06,7.950144267806375e-09,7.963681621866656e-09,-1.3537354060280474e-11
single_15p8V-1ns,A,PCHIP,2.1504e-06,8.466910573502267e-09,8.479705972753415e-09,-1.279539925114758e-11
single_15p8V-1ns,A,PCHIP,2.2528000000000003e-06,8.8122482208244e-09,8.8247025841272e-09,-1.2454363302800124e-11
single_15p8V-1ns,A,PCHIP,2.3552e-06,9.078928347200193e-09,9.091217988106819e-09,-1.2289640906625742e-11
single_15p8V-1ns,A,PCHIP,2.4576e-06,9.307066170138896e-09,9.319290323564245e-09,-1.2224153425349814e-11
single_15p8V-1ns,A,PCHIP,2.56e-06,9.514773469304772e-09,9.527090506909315e-09,-1.2317037604542706e-11
single_15p8V-1ns,A,PCHIP,2.6624e-06,9.709388912336298e-09,9.721264724131133e-09,-1.1875811794835014e-11
single_15p8V-1ns,A,PCHIP,2.7648e-06,9.889760906676199e-09,9.901570031566609e-09,-1.1809124890409647e-11
single_15p8V-1ns,A,PCHIP,2.8672000000000003e-06,1.005487536053798e-08,1.0066567379360774e-08,-1.1692018822794076e-11
single_15p8V-1ns,A,PCHIP,2.9696e-06,1.0206348132991287e-08,1.0217931116061954e-08,-1.1582983070666605e-11
single_15p8V-1ns,A,PCHIP,3.072e-06,1.034999251465517e-08,1.0361504313522196e-08,-1.1511798867025862e-11
single_15p8V-1ns,A,PCHIP,3.1744e-06,1.0496509194229304e-08,1.05079914232013e-08,-1.148222897199674e-11
single_15p8V-1ns,A,PCHIP,3.2768e-06,1.0665910233068527e-08,1.067759126601608e-08,-1.1681032947553001e-11
single_15p8V-1ns,A,PCHIP,3.3792e-06,1.087803021534425e-08,1.0889871966387206e-08,-1.1841751042956023e-11
single_15p8V-1ns,A,PCHIP,3.4816000000000003e-06,1.113745547529959e-08,1.114945334240064e-08,-1.199786710104978e-11
single_15p8V-1ns,A,PCHIP,3.5840000000000003e-06,1.1451547178053798e-08,1.1463487806843303e-08,-1.1940628789504694e-11
single_15p8V-1ns,A,PCHIP,3.6864e-06,1.1841291885314079e-08,1.1854626049777512e-08,-1.3334164463432999e-11
single_15p8V-1ns,A,PCHIP,3.7888e-06,1.2406187493682235e-08,1.2421840194351886e-08,-1.565270066965076e-11
single_15p8V-1ns,A,PCHIP,3.8912e-06,1.3122792475145518e-08,1.3136963339178593e-08,-1.4170864033074451e-11
single_15p8V-1ns,A,PCHIP,3.9936e-06,1.3594080722804896e-08,1.3607345609120684e-08,-1.3264886315787267e-11
single_15p8V-1ns,A,PCHIP,4.096e-06,1.3921993190337311e-08,1.3934980307963804e-08,-1.2987117626493292e-11
single_15p8V-1ns,A,PCHIP,4.1984e-06,1.4181530743496236e-08,1.4194419054280349e-08,-1.2888310784113105e-11
single_15p8V-1ns,A,PCHIP,4.3008e-06,1.4405218721134932e-08,1.4418127118923116e-08,-1.2908397788183993e-11
single_15p8V-1ns,A,PCHIP,4.4032000000000005e-06,1.4607693820698e-08,1.462000398673328e-08,-1.2310166035279136e-11
single_15p8V-1ns,A,PCHIP,4.5056000000000005e-06,1.4791802274158602e-08,1.4804092649221956e-08,-1.229037506335364e-11
single_15p8V-1ns,A,PCHIP,4.608e-06,1.4961185300361827e-08,1.4973395647205902e-08,-1.2210346844074777e-11
single_15p8V-1ns,A,PCHIP,4.7104e-06,1.5123213367864292e-08,1.513535163708507e-08,-1.2138269220777942e-11
single_15p8V-1ns,A,PCHIP,4.8128e-06,1.5289751878705233e-08,1.53018493755821e-08,-1.209749687686712e-11
single_15p8V-1ns,A,PCHIP,4.9152e-06,1.5482666879065404e-08,1.5494987397390354e-08,-1.2320518324950631e-11
single_15p8V-1ns,A,PCHIP,5.0176e-06,1.5717322793614104e-08,1.5729778585451115e-08,-1.2455791837011223e-11
single_15p8V-1ns,A,PCHIP,5.12e-06,1.599379379544504e-08,1.600636611984079e-08,-1.2572324395752427e-11
single_15p8V-1ns,A,PCHIP,5.2224e-06,1.6312509977929052e-08,1.6325143028730095e-08,-1.263305080104287e-11
single_15p8V-1ns,A,PCHIP,5.3248e-06,1.667610670654862e-08,1.668946356918403e-08,-1.3356862635409131e-11
single_15p8V-1ns,A,PCHIP,5.4272e-06,1.709276528416878e-08,1.710636777807905e-08,-1.3602493910269866e-11
single_15p8V-1ns,A,PCHIP,5.5296e-06,1.755565477472889e-08,1.756965059198008e-08,-1.3995817251190466e-11
single_15p8V-1ns,A,PCHIP,5.6320000000000005e-06,1.799892014065436e-08,1.8012730678786856e-08,-1.3810538132496979e-11
single_15p8V-1ns,A,PCHIP,5.7344000000000005e-06,1.8361397755554476e-08,1.8374879124937166e-08,-1.3481369382689937e-11
single_15p8V-1ns,A,PCHIP,5.836800000000001e-06,1.866523712468903e-08,1.867859369901374e-08,-1.3356574324706899e-11
single_15p8V-1ns,A,PCHIP,5.9392e-06,1.8934820100597467e-08,1.89481704860106e-08,-1.3350385413133826e-11
single_15p8V-1ns,A,PCHIP,6.0416e-06,1.918459633645653e-08,1.9197557672272542e-08,-1.2961335816011375e-11
single_15p8V-1ns,A,PCHIP,6.144e-06,1.942261861316374e-08,1.94356196958105e-08,-1.3001082646760111e-11
single_15p8V-1ns,A,PCHIP,6.2464e-06,1.9656278354723138e-08,1.9669268741288843e-08,-1.2990386565705178e-11
single_15p8V-1ns,A,PCHIP,6.3488e-06,1.9891947819644018e-08,1.990493256743278e-08,-1.298474778876337e-11
single_15p8V-1ns,A,PCHIP,6.4512e-06,2.0135846668213565e-08,2.0148853428942037e-08,-1.300676072847251e-11
single_15p8V-1ns,A,PCHIP,6.5536e-06,2.03924810096715e-08,2.0405545773652774e-08,-1.3064763981272878e-11
single_15p8V-1ns,A,PCHIP,6.656e-06,2.0660130455032147e-08,2.0673225756645577e-08,-1.3095301613429472e-11
single_15p8V-1ns,A,PCHIP,6.7584e-06,2.0935652465755586e-08,2.0948769742017968e-08,-1.3117276262382266e-11
single_15p8V-1ns,A,PCHIP,6.8608000000000004e-06,2.1216308983251587e-08,2.1229435075619334e-08,-1.3126092367747107e-11
single_15p8V-1ns,A,PCHIP,6.9632000000000005e-06,2.149980050843416e-08,2.1512973798192343e-08,-1.3173289758182683e-11
single_15p8V-1ns,A,PCHIP,7.065600000000001e-06,2.1784549713808377e-08,2.1797714094563813e-08,-1.3164380755435572e-11
single_15p8V-1ns,A,PCHIP,7.168000000000001e-06,2.206937563185995e-08,2.2082539147329644e-08,-1.316351546969262e-11
single_15p8V-1ns,A,PCHIP,7.2704e-06,2.2353646848243942e-08,2.236680880210754e-08,-1.3161953863597878e-11
single_15p8V-1ns,A,PCHIP,7.3728e-06,2.2637090406628845e-08,2.26502501371257e-08,-1.3159730496853294e-11
single_15p8V-1ns,A,PCHIP,7.4752e-06,2.2919682065474145e-08,2.2932839435439507e-08,-1.3157369965361867e-11
single_15p8V-1ns,A,PCHIP,7.5776e-06,2.3201540227840915e-08,2.321469545659014e-08,-1.315522874922602e-11
single_15p8V-1ns,A,PCHIP,7.680000000000001e-06,2.3482845764036238e-08,2.3495999305069822e-08,-1.315354103358384e-11
single_15p8V-1ns,A,PCHIP,7.7824e-06,2.376379400164803e-08,2.377694662962034e-08,-1.315262797231069e-11
single_15p8V-1ns,A,PCHIP,7.8848e-06,2.404453380399143e-08,2.405768513105597e-08,-1.3151327064540765e-11
single_15p8V-1ns,A,PCHIP,7.9872e-06,2.4325170769632472e-08,2.4338321295432677e-08,-1.315052580020487e-11
single_15p8V-1ns,A,PCHIP,8.0896e-06,2.4605775491674697e-08,2.4618926145518626e-08,-1.3150653843928884e-11
single_15p8V-1ns,A,PCHIP,8.192e-06,2.4886390981618066e-08,2.4899541688138365e-08,-1.3150706520299069e-11
single_15p8V-1ns,A,PCHIP,8.2944e-06,2.516703772524717e-08,2.518018851532227e-08,-1.3150790075099836e-11
single_15p8V-1ns,A,PCHIP,8.3968e-06,2.544772203061671e-08,2.5460872920658376e-08,-1.3150890041666882e-11
single_15p8V-1ns,A,PCHIP,8.4992e-06,2.572844174762675e-08,2.5741592734817836e-08,-1.3150987191085063e-11
single_15p8V-1ns,A,PCHIP,8.6016e-06,2.600919057023458e-08,2.6022341639768464e-08,-1.3151069533884253e-11
single_15p8V-1ns,A,PCHIP,8.704e-06,2.6289960920236333e-08,2.6303112051855605e-08,-1.3151131619271778e-11
single_15p8V-1ns,A,PCHIP,8.806400000000001e-06,2.6570745659018396e-08,2.6583896828337837e-08,-1.315116931944102e-11
single_15p8V-1ns,A,PCHIP,8.9088e-06,2.6851538880597878e-08,2.6864690103294152e-08,-1.3151222696274365e-11
single_15p8V-1ns,A,PCHIP,9.011200000000001e-06,2.7132336286835256e-08,2.714548754177393e-08,-1.3151254938672838e-11
single_15p8V-1ns,A,PCHIP,9.1136e-06,2.7413135000101983e-08,2.7426286249869914e-08,-1.3151249767930433e-11
single_15p8V-1ns,A,PCHIP,9.216e-06,2.7693933268906784e-08,2.770708451651704e-08,-1.3151247610256275e-11
single_15p8V-1ns,A,PCHIP,9.3184e-06,2.797473026017349e-08,2.798788150436717e-08,-1.3151244193679399e-11
single_15p8V-1ns,A,PCHIP,9.4208e-06,2.8255525718943625e-08,2.8268676959057252e-08,-1.3151240113627571e-11
single_15p8V-1ns,A,PCHIP,9.5232e-06,2.853631973455336e-08,2.8549470970706865e-08,-1.3151236153507006e-11
single_15p8V-1ns,A,PCHIP,9.6256e-06,2.881711256503081e-08,2.8830263797830996e-08,-1.3151232800186286e-11
single_15p8V-1ns,A,PCHIP,9.728e-06,2.9097904519628398e-08,2.9111055749902726e-08,-1.315123027432742e-11
single_15p8V-1ns,A,PCHIP,9.8304e-06,2.9378695889257232e-08,2.9391847118002086e-08,-1.3151228744853923e-11
single_15p8V-1ns,A,PCHIP,9.932800000000001e-06,2.96594869144057e-08,2.967263814095105e-08,-1.3151226545350896e-11
single_15p8V-1ns,A,PCHIP,1.00352e-05,2.99402777698407e-08,2.995342899510454e-08,-1.3151225263839678e-11
single_15p8V-1ns,A,PCHIP,1.0137600000000001e-05,3.0221068572632486e-08,3.0234219798103326e-08,-1.3151225470839971e-11
single_15p8V-1ns,A,PCHIP,1.024e-05,3.0501859393878336e-08,3.051501061943744e-08,-1.3151225559103452e-11
single_15p8V-1ns,A,PCHIP,1.0342400000000001e-05,3.078265026735626e-08,3.079580149305498e-08,-1.3151225698718304e-11
single_15p8V-1ns,A,PCHIP,1.04448e-05,3.106344120334023e-08,3.107659242920539e-08,-1.3151225865160278e-11
single_15p8V-1ns,A,PCHIP,1.05472e-05,3.1344232198120994e-08,3.135738342414753e-08,-1.315122602653329e-11
single_15p8V-1ns,A,PCHIP,1.06496e-05,3.162502324114959e-08,3.163817446731266e-08,-1.315122616307103e-11
single_15p8V-1ns,A,PCHIP,1.0752e-05,3.1905814319812676e-08,3.191896554607851e-08,-1.3151226265833332e-11
single_15p8V-1ns,A,PCHIP,1.08544e-05,3.218660542225816e-08,3.219975664858605e-08,-1.315122632789173e-11
single_15p8V-1ns,A,PCHIP,1.09568e-05,3.246739653869412e-08,3.2480547765112615e-08,-1.3151226418497786e-11
single_15p8V-1ns,A,PCHIP,1.10592e-05,3.2748187662013926e-08,3.2761338888483365e-08,-1.3151226469438877e-11
single_15p8V-1ns,A,PCHIP,1.11616e-05,3.30289787874544e-08,3.304213001391555e-08,-1.3151226461147218e-11
single_15p8V-1ns,A,PCHIP,1.1264000000000001e-05,3.330976991212916e-08,3.332292113858669e-08,-1.3151226457534093e-11
single_15p8V-1ns,A,PCHIP,1.13664e-05,3.359056103466848e-08,3.360371226112031e-08,-1.3151226451829856e-11
single_15p8V-1ns,A,PCHIP,1.1468800000000001e-05,3.387135215465836e-08,3.38845033811034e-08,-1.3151226445040357e-11
single_15p8V-1ns,A,PCHIP,1.15712e-05,3.4152143272252744e-08,3.4165294498691206e-08,-1.3151226438462617e-11
single_15p8V-1ns,A,PCHIP,1.1673600000000001e-05,3.443293438788291e-08,3.4446085614315813e-08,-1.3151226432903963e-11
single_15p8V-1ns,A,PCHIP,1.1776e-05,3.471372550206331e-08,3.4726876728492034e-08,-1.3151226428721738e-11
single_15p8V-1ns,A,PCHIP,1.18784e-05,3.4994516615276826e-08,3.5007667841703033e-08,-1.315122642620711e-11
single_15p8V-1ns,A,PCHIP,1.19808e-05,3.5275307727922154e-08,3.528845895434463e-08,-1.315122642247487e-11
single_15p8V-1ns,A,PCHIP,1.20832e-05,3.5556098840288264e-08,3.5569250066708714e-08,-1.3151226420449932e-11
single_15p8V-1ns,A,PCHIP,1.21856e-05,3.5836889952568964e-08,3.5850041178989745e-08,-1.3151226420780804e-11
single_15p8V-1ns,A,PCHIP,1.2288e-05,3.6117681064881414e-08,3.613083229130235e-08,-1.3151226420933006e-11
single_15p8V-1ns,A,PCHIP,1.23904e-05,3.6398472177281175e-08,3.641162340370234e-08,-1.3151226421164616e-11
single_15p8V-1ns,A,PCHIP,1.24928e-05,3.667926328978491e-08,3.669241451620635e-08,-1.3151226421442549e-11
single_15p8V-1ns,A,PCHIP,1.2595200000000001e-05,3.696005440238625e-08,3.697320562880796e-08,-1.3151226421707247e-11
single_15p8V-1ns,A,PCHIP,1.26976e-05,3.724084551506755e-08,3.725399674148948e-08,-1.315122642193224e-11
single_15p8V-1ns,A,PCHIP,1.2800000000000001e-05,3.752163662780784e-08,3.753478785422994e-08,-1.3151226422104293e-11
single_15p8V-1ns,A,PCHIP,1.29024e-05,3.7802427740587426e-08,3.7815578967009636e-08,-1.3151226422210172e-11
single_15p8V-1ns,A,PCHIP,1.3004800000000001e-05,3.8083218853390096e-08,3.8096370079812465e-08,-1.3151226422368991e-11
single_15p8V-1ns,A,PCHIP,1.31072e-05,3.836400996620409e-08,3.837716119262654e-08,-1.31512264224484e-11
single_15p8V-1ns,A,PCHIP,1.32096e-05,3.864480107902152e-08,3.865795230544396e-08,-1.3151226422435166e-11
single_15p8V-1ns,A,PCHIP,1.3312e-05,3.892559219183764e-08,3.893874341826007e-08,-1.3151226422428548e-11
single_15p8V-1ns,A,PCHIP,1.34144e-05,3.920638330465018e-08,3.9219534531072605e-08,-1.315122642242193e-11
single_15p8V-1ns,A,PCHIP,1.35168e-05,3.948717441745849e-08,3.95003256438809e-08,-1.3151226422408696e-11
single_15p8V-1ns,A,PCHIP,1.36192e-05,3.976796553026282e-08,3.978111675668522e-08,-1.3151226422395461e-11
single_15p8V-1ns,A,PCHIP,1.3721600000000001e-05,4.00487566430639e-08,4.006190786948629e-08,-1.3151226422388843e-11
single_15p8V-1ns,A,PCHIP,1.3824e-05,4.032954775586257e-08,4.0342698982284954e-08,-1.3151226422382226e-11
single_15p8V-1ns,A,PCHIP,1.3926400000000001e-05,4.0610338868659643e-08,4.0623490095082026e-08,-1.3151226422382226e-11
single_15p8V-1ns,A,PCHIP,1.40288e-05,4.089112998145578e-08,4.090428120787816e-08,-1.3151226422375609e-11
single_15p8V-1ns,A,PCHIP,1.4131200000000001e-05,4.117192109425147e-08,4.118507232067384e-08,-1.3151226422368991e-11
single_15p8V-1ns,A,PCHIP,1.42336e-05,4.1452712207047015e-08,4.1465863433469384e-08,-1.3151226422368991e-11
single_15p8V-1ns,A,PCHIP,1.4336000000000001e-05,4.173350331984262e-08,4.1746654546264986e-08,-1.3151226422368991e-11
single_15p8V-1ns,A,PCHIP,1.44384e-05,4.201429443263836e-08,4.202744565906073e-08,-1.3151226422368991e-11
single_15p8V-1ns,A,PCHIP,1.45408e-05,4.229508554543427e-08,4.230823677185664e-08,-1.3151226422368991e-11
single_15p8V-1ns,A,PCHIP,1.46432e-05,4.257587665823036e-08,4.258902788465273e-08,-1.3151226422368991e-11
single_15p8V-1ns,A,PCHIP,1.47456e-05,4.2856667771026564e-08,4.286981899744893e-08,-1.3151226422368991e-11
single_15p8V-1ns,A,PCHIP,1.4848e-05,4.313745888382287e-08,4.3150610110245244e-08,-1.3151226422375609e-11
single_15p8V-1ns,A,PCHIP,1.49504e-05,4.341824999661924e-08,4.3431401223041615e-08,-1.3151226422375609e-11
single_15p8V-1ns,A,PCHIP,1.5052800000000001e-05,4.369904110941565e-08,4.371219233583802e-08,-1.3151226422368991e-11
single_15p8V-1ns,A,PCHIP,1.51552e-05,4.3979832222212066e-08,4.3992983448634435e-08,-1.3151226422368991e-11
single_15p8V-1ns,A,PCHIP,1.5257600000000001e-05,4.4260623335008496e-08,4.427377456143086e-08,-1.3151226422362374e-11
single_15p8V-1ns,A,PCHIP,1.5360000000000002e-05,4.4541414447804926e-08,4.455456567422728e-08,-1.3151226422355756e-11
single_15p8V-1ns,A,PCHIP,1.54624e-05,4.482220556060135e-08,4.483535678702369e-08,-1.3151226422342521e-11
single_15p8V-1ns,A,PCHIP,1.55648e-05,4.510299667339778e-08,4.5116147899820116e-08,-1.3151226422335904e-11
single_15p8V-1ns,A,PCHIP,1.56672e-05,4.538378778619421e-08,4.539693901261654e-08,-1.3151226422329286e-11
single_15p8V-1ns,A,PCHIP,1.57696e-05,4.566457889899063e-08,4.567773012541295e-08,-1.3151226422316052e-11
single_15p8V-1ns,A,PCHIP,1.5872e-05,4.5945370011787057e-08,4.595852123820937e-08,-1.3151226422316052e-11
single_15p8V-1ns,A,PCHIP,1.59744e-05,4.622616112458349e-08,4.6239312351005796e-08,-1.3151226422309434e-11
single_15p8V-1ns,A,PCHIP,1.60768e-05,4.650695223737992e-08,4.652010346380222e-08,-1.3151226422302817e-11
single_15p8V-1ns,A,PCHIP,1.61792e-05,4.678774335017634e-08,4.680089457659863e-08,-1.3151226422289582e-11
single_15p8V-1ns,A,PCHIP,1.62816e-05,4.7068534462972764e-08,4.708168568939505e-08,-1.3151226422289582e-11
single_15p8V-1ns,A,PCHIP,1.6384e-05,4.734932557576919e-08,4.736247680219148e-08,-1.3151226422289582e-11
single_15p8V-1ns,A,PCHIP,1.6486400000000002e-05,4.7630116688565624e-08,4.76432679149879e-08,-1.3151226422276347e-11
single_15p8V-1ns,A,PCHIP,1.65888e-05,4.791090780136204e-08,4.792405902778431e-08,-1.315122642226973e-11
single_15p8V-1ns,A,PCHIP,1.66912e-05,4.819169891415848e-08,4.8204850140580734e-08,-1.3151226422256495e-11
single_15p8V-1ns,A,PCHIP,1.67936e-05,4.84724900269549e-08,4.848564125337716e-08,-1.3151226422256495e-11
single_15p8V-1ns,A,PCHIP,1.6896000000000002e-05,4.875328113975134e-08,4.876643236617358e-08,-1.315122642224326e-11
single_15p8V-1ns,A,PCHIP,1.69984e-05,4.9034072252547754e-08,4.904722347896999e-08,-1.3151226422236642e-11
single_15p8V-1ns,A,PCHIP,1.71008e-05,4.931486336534419e-08,4.9328014591766414e-08,-1.3151226422223407e-11
single_15p8V-1ns,A,PCHIP,1.72032e-05,4.9595654478140614e-08,4.960880570456284e-08,-1.3151226422223407e-11
single_15p8V-1ns,A,PCHIP,1.73056e-05,4.987644559093703e-08,4.988959681735925e-08,-1.315122642221679e-11
single_15p8V-1ns,A,PCHIP,1.7408e-05,5.015723670373347e-08,5.017038793015567e-08,-1.3151226422203555e-11
single_15p8V-1ns,A,PCHIP,1.75104e-05,5.043802781652989e-08,5.0451179042952095e-08,-1.3151226422203555e-11
single_15p8V-1ns,A,PCHIP,1.7612800000000002e-05,5.071881892932633e-08,5.073197015574852e-08,-1.315122642219032e-11
single_15p8V-1ns,A,PCHIP,1.77152e-05,5.0999610042122745e-08,5.101276126854493e-08,-1.3151226422183703e-11
single_15p8V-1ns,A,PCHIP,1.78176e-05,5.128040115491918e-08,5.129355238134135e-08,-1.3151226422170468e-11
single_15p8V-1ns,A,PCHIP,1.792e-05,5.1561192267715605e-08,5.1574343494137775e-08,-1.3151226422170468e-11
single_15p8V-1ns,A,PCHIP,1.8022400000000002e-05,5.184198338051204e-08,5.18551346069342e-08,-1.3151226422157233e-11
single_15p8V-1ns,A,PCHIP,1.81248e-05,5.212277449330846e-08,5.213592571973061e-08,-1.3151226422150615e-11
single_15p8V-1ns,A,PCHIP,1.82272e-05,5.240356560610488e-08,5.241671683252703e-08,-1.3151226422150615e-11
single_15p8V-1ns,A,PCHIP,1.83296e-05,5.268435671890132e-08,5.2697507945323456e-08,-1.315122642213738e-11
single_15p8V-1ns,A,PCHIP,1.8432e-05,5.2965147831697735e-08,5.2978299058119866e-08,-1.3151226422130763e-11
single_15p8V-1ns,A,PCHIP,1.85344e-05,5.324593894449417e-08,5.325909017091629e-08,-1.3151226422117528e-11
single_15p8V-1ns,A,PCHIP,1.86368e-05,5.3526730057290595e-08,5.353988128371271e-08,-1.3151226422117528e-11
single_15p8V-1ns,A,PCHIP,1.8739200000000002e-05,5.380752117008703e-08,5.3820672396509136e-08,-1.3151226422104293e-11
single_15p8V-1ns,A,PCHIP,1.88416e-05,5.408831228288345e-08,5.4101463509305547e-08,-1.3151226422097676e-11
single_15p8V-1ns,A,PCHIP,1.8944e-05,5.4369103395679886e-08,5.438225462210197e-08,-1.3151226422084441e-11
single_15p8V-1ns,A,PCHIP,1.90464e-05,5.464989450847631e-08,5.4663045734898394e-08,-1.3151226422084441e-11
single_15p8V-1ns,A,PCHIP,1.9148800000000002e-05,5.493068562127273e-08,5.494383684769482e-08,-1.3151226422084441e-11
single_15p8V-1ns,A,PCHIP,1.92512e-05,5.5211476734069156e-08,5.522462796049123e-08,-1.3151226422071206e-11
single_15p8V-1ns,A,PCHIP,1.93536e-05,5.549226784686558e-08,5.550541907328765e-08,-1.3151226422071206e-11
single_15p8V-1ns,A,PCHIP,1.9456e-05,5.5773058959662016e-08,5.5786210186084074e-08,-1.3151226422057971e-11
single_15p8V-1ns,A,PCHIP,1.9558400000000002e-05,5.605385007245844e-08,5.60670012988805e-08,-1.3151226422057971e-11
single_15p8V-1ns,A,PCHIP,1.96608e-05,5.633464118525486e-08,5.634779241167691e-08,-1.3151226422044736e-11
single_15p8V-1ns,A,PCHIP,1.97632e-05,5.6615432298051286e-08,5.662858352447333e-08,-1.3151226422044736e-11
single_15p8V-1ns,A,PCHIP,1.9865600000000002e-05,5.689622341084772e-08,5.6909374637269755e-08,-1.3151226422031501e-11
single_15p8V-1ns,A,PCHIP,1.9968e-05,5.717701452364414e-08,5.7190165750066165e-08,-1.3151226422024884e-11
single_15p8V-1ns,A,PCHIP,2e-05,5.7264761746393036e-08,5.7277912972815054e-08,-1.3151226422018267e-11
single_15p8V-1ns,A,CS,0.0,0.0,0.0,0.0
single_15p8V-1ns,A,CS,1.024e-07,5.158358611187166e-13,5.373520650448733e-13,-2.1516203926156657e-14
single_15p8V-1ns,A,CS,2.048e-07,4.004589080744168e-12,4.081977405459715e-12,-7.738832471554699e-14
single_15p8V-1ns,A,CS,3.072e-07,1.2953807775506922e-11,1.3115666780199154e-11,-1.618590046922318e-13
single_15p8V-1ns,A,CS,4.096e-07,2.941218224645912e-11,2.96808405517018e-11,-2.686583052426776e-13
single_15p8V-1ns,A,CS,5.12e-07,5.510923795627396e-11,5.550277092650561e-11,-3.9353297023165227e-13
single_15p8V-1ns,A,CS,6.144e-07,9.155046914127494e-11,9.208205859092293e-11,-5.315894496479913e-13
single_15p8V-1ns,A,CS,7.168000000000001e-07,1.4008330328316362e-10,1.407640119785456e-10,-6.80708695381983e-13
single_15p8V-1ns,A,CS,8.192e-07,2.0195618538612466e-10,2.027940384173626e-10,-8.378530312379478e-13
single_15p8V-1ns,A,CS,9.216e-07,2.783678137000081e-10,2.7936865187136055e-10,-1.0008381713524564e-12
single_15p8V-1ns,A,CS,1.024e-06,3.705239705223634e-10,3.7169353744529134e-10,-1.169566922927934e-12
single_15p8V-1ns,A,CS,1.1264000000000001e-06,4.797258664316435e-10,4.810661759456948e-10,-1.3403095140512974e-12
single_15p8V-1ns,A,CS,1.2288e-06,6.074974814328865e-10,6.090166979838949e-10,-1.5192165510084496e-12
single_15p8V-1ns,A,CS,1.3312e-06,7.558856957092831e-10,7.575844051333422e-10,-1.6987094240591065e-12
single_15p8V-1ns,A,CS,1.4336000000000001e-06,9.280469601705516e-10,9.299425642809303e-10,-1.8956041103786546e-12
single_15p8V-1ns,A,CS,1.536e-06,1.129932737373436e-09,1.1321099158635305e-09,-2.1771784900944303e-12
single_15p8V-1ns,A,CS,1.6384e-06,1.3773252865625e-09,1.3795255950023957e-09,-2.2003084398957867e-12
single_15p8V-1ns,A,CS,1.7408000000000001e-06,1.7544361201555096e-09,1.7602063838371114e-09,-5.7702636816018135e-12
single_15p8V-1ns,A,CS,1.8432e-06,5.049760637620039e-09,5.0724231053771735e-09,-2.2662467757134556e-11
single_15p8V-1ns,A,CS,1.9456e-06,7.0244750298345996e-09,7.0428356075002545e-09,-1.836057766565498e-11
single_15p8V-1ns,A,CS,2.048e-06,7.94704210703813e-09,7.963681621866656e-09,-1.6639514828526355e-11
single_15p8V-1ns,A,CS,2.1504e-06,8.463706627362666e-09,8.479705972753415e-09,-1.599934539074836e-11
single_15p8V-1ns,A,CS,2.2528000000000003e-06,8.809002934997789e-09,8.8247025841272e-09,-1.5699649129411585e-11
single_15p8V-1ns,A,CS,2.3552e-06,9.075655498503353e-09,9.091217988106819e-09,-1.556248960346577e-11
single_15p8V-1ns,A,CS,2.4576e-06,9.303799152108956e-09,9.319290323564245e-09,-1.5491171455288998e-11
single_15p8V-1ns,A,CS,2.56e-06,9.511641039250263e-09,9.527090506909315e-09,-1.5449467659051053e-11
single_15p8V-1ns,A,CS,2.6624e-06,9.705868261309688e-09,9.721264724131133e-09,-1.5396462821445362e-11
single_15p8V-1ns,A,CS,2.7648e-06,9.886279768886734e-09,9.901570031566609e-09,-1.5290262679874288e-11
single_15p8V-1ns,A,CS,2.8672000000000003e-06,1.0051425600533533e-08,1.0066567379360774e-08,-1.5141778827241195e-11
single_15p8V-1ns,A,CS,2.9696e-06,1.0202932829210747e-08,1.0217931116061954e-08,-1.499828685120639e-11
single_15p8V-1ns,A,CS,3.072e-06,1.0346593094977905e-08,1.0361504313522196e-08,-1.491121854429112e-11
single_15p8V-1ns,A,CS,3.1744e-06,1.0493110640951926e-08,1.05079914232013e-08,-1.488078224937459e-11
single_15p8V-1ns,A,CS,3.2768e-06,1.0662532953600537e-08,1.067759126601608e-08,-1.505831241554344e-11
single_15p8V-1ns,A,CS,3.3792e-06,1.0874661675341638e-08,1.0889871966387206e-08,-1.521029104556771e-11
single_15p8V-1ns,A,CS,3.4816000000000003e-06,1.1134045264182952e-08,1.114945334240064e-08,-1.5408078217687355e-11
single_15p8V-1ns,A,CS,3.5840000000000003e-06,1.1447794746611925e-08,1.1463487806843303e-08,-1.5693060231377677e-11
single_15p8V-1ns,A,CS,3.6864e-06,1.1838520393733068e-08,1.1854626049777512e-08,-1.6105656044443364e-11
single_15p8V-1ns,A,CS,3.7888e-06,1.2403879223500728e-08,1.2421840194351886e-08,-1.7960970851157463e-11
single_15p8V-1ns,A,CS,3.8912e-06,1.312009041533828e-08,1.3136963339178593e-08,-1.6872923840313323e-11
single_15p8V-1ns,A,CS,3.9936e-06,1.3590497410890266e-08,1.3607345609120684e-08,-1.6848198230418144e-11
single_15p8V-1ns,A,CS,4.096e-06,1.3918533066629483e-08,1.3934980307963804e-08,-1.6447241334321313e-11
single_15p8V-1ns,A,CS,4.1984e-06,1.4178062847535555e-08,1.4194419054280349e-08,-1.635620674479366e-11
single_15p8V-1ns,A,CS,4.3008e-06,1.4401876928513193e-08,1.4418127118923116e-08,-1.6250190409923042e-11
single_15p8V-1ns,A,CS,4.4032000000000005e-06,1.4603828956348577e-08,1.462000398673328e-08,-1.61750303847025e-11
single_15p8V-1ns,A,CS,4.5056000000000005e-06,1.478806964734617e-08,1.4804092649221956e-08,-1.6023001875786554e-11
single_15p8V-1ns,A,CS,4.608e-06,1.495750144848974e-08,1.4973395647205902e-08,-1.58941987161604e-11
single_15p8V-1ns,A,CS,4.7104e-06,1.511954092942518e-08,1.513535163708507e-08,-1.5810707659890154e-11
single_15p8V-1ns,A,CS,4.8128e-06,1.5286081526719916e-08,1.53018493755821e-08,-1.5767848862184504e-11
single_15p8V-1ns,A,CS,4.9152e-06,1.5479022252530422e-08,1.5494987397390354e-08,-1.596514485993235e-11
single_15p8V-1ns,A,CS,5.0176e-06,1.571368548111839e-08,1.5729778585451115e-08,-1.609310433272557e-11
single_15p8V-1ns,A,CS,5.12e-06,1.5990105520427624e-08,1.600636611984079e-08,-1.626059941316694e-11
single_15p8V-1ns,A,CS,5.2224e-06,1.6308700409006923e-08,1.6325143028730095e-08,-1.6442619723172515e-11
single_15p8V-1ns,A,CS,5.3248e-06,1.6672774082067362e-08,1.668946356918403e-08,-1.668948711666663e-11
single_15p8V-1ns,A,CS,5.4272e-06,1.70893650697199e-08,1.710636777807905e-08,-1.700270835915172e-11
single_15p8V-1ns,A,CS,5.5296e-06,1.7552258404305545e-08,1.756965059198008e-08,-1.739218767453444e-11
single_15p8V-1ns,A,CS,5.6320000000000005e-06,1.7995485526177597e-08,1.8012730678786856e-08,-1.7245152609259168e-11
single_15p8V-1ns,A,CS,5.7344000000000005e-06,1.8357829876993187e-08,1.8374879124937166e-08,-1.704924794397913e-11
single_15p8V-1ns,A,CS,5.836800000000001e-06,1.866168765189673e-08,1.867859369901374e-08,-1.690604711700764e-11
single_15p8V-1ns,A,CS,5.9392e-06,1.893135680421465e-08,1.89481704860106e-08,-1.681368179594965e-11
single_15p8V-1ns,A,CS,6.0416e-06,1.9180816239393126e-08,1.9197557672272542e-08,-1.6741432879416588e-11
single_15p8V-1ns,A,CS,6.144e-06,1.9418932908285938e-08,1.94356196958105e-08,-1.668678752456342e-11
single_15p8V-1ns,A,CS,6.2464e-06,1.9652616882574378e-08,1.9669268741288843e-08,-1.6651858714465326e-11
single_15p8V-1ns,A,CS,6.3488e-06,1.9888287509859473e-08,1.990493256743278e-08,-1.6645057573307947e-11
single_15p8V-1ns,A,CS,6.4512e-06,2.0132188779289163e-08,2.0148853428942037e-08,-1.666464965287454e-11
single_15p8V-1ns,A,CS,6.5536e-06,2.038883448101674e-08,2.0405545773652774e-08,-1.6711292636032908e-11
single_15p8V-1ns,A,CS,6.656e-06,2.0656483996645483e-08,2.0673225756645577e-08,-1.674176000009313e-11
single_15p8V-1ns,A,CS,6.7584e-06,2.0932004416216634e-08,2.0948769742017968e-08,-1.6765325801334004e-11
single_15p8V-1ns,A,CS,6.8608000000000004e-06,2.1212653885939604e-08,2.1229435075619334e-08,-1.678118967972988e-11
single_15p8V-1ns,A,CS,6.9632000000000005e-06,2.1496183088617783e-08,2.1512973798192343e-08,-1.6790709574559876e-11
single_15p8V-1ns,A,CS,7.065600000000001e-06,2.1780918854834093e-08,2.1797714094563813e-08,-1.6795239729720055e-11
single_15p8V-1ns,A,CS,7.168000000000001e-06,2.206574284417191e-08,2.2082539147329644e-08,-1.679630315773453e-11
single_15p8V-1ns,A,CS,7.2704e-06,2.2350013550656164e-08,2.236680880210754e-08,-1.679525145137557e-11
single_15p8V-1ns,A,CS,7.3728e-06,2.2633456950380964e-08,2.26502501371257e-08,-1.6793186744734763e-11
single_15p8V-1ns,A,CS,7.4752e-06,2.291604855387234e-08,2.2932839435439507e-08,-1.6790881567167385e-11
single_15p8V-1ns,A,CS,7.5776e-06,2.319790662699594e-08,2.321469545659014e-08,-1.6788829594201177e-11
single_15p8V-1ns,A,CS,7.680000000000001e-06,2.3479212048602025e-08,2.3495999305069822e-08,-1.678725646779661e-11
single_15p8V-1ns,A,CS,7.7824e-06,2.376016042281427e-08,2.377694662962034e-08,-1.6786206806069304e-11
single_15p8V-1ns,A,CS,7.8848e-06,2.4040899560361278e-08,2.405768513105597e-08,-1.6785570694692144e-11
single_15p8V-1ns,A,CS,7.9872e-06,2.4321536062822778e-08,2.4338321295432677e-08,-1.678523260989871e-11
single_15p8V-1ns,A,CS,8.0896e-06,2.460214104092784e-08,2.4618926145518626e-08,-1.6785104590784974e-11
single_15p8V-1ns,A,CS,8.192e-06,2.4882756583219814e-08,2.4899541688138365e-08,-1.678510491855033e-11
single_15p8V-1ns,A,CS,8.2944e-06,2.5163403342230766e-08,2.518018851532227e-08,-1.678517309150409e-11
single_15p8V-1ns,A,CS,8.3968e-06,2.5444087653386744e-08,2.5460872920658376e-08,-1.678526727163173e-11
single_15p8V-1ns,A,CS,8.4992e-06,2.5724807373563938e-08,2.5741592734817836e-08,-1.678536125389777e-11
single_15p8V-1ns,A,CS,8.6016e-06,2.600555619837838e-08,2.6022341639768464e-08,-1.6785441390083487e-11
single_15p8V-1ns,A,CS,8.704e-06,2.628632654915187e-08,2.6303112051855605e-08,-1.6785502703734662e-11
single_15p8V-1ns,A,CS,8.806400000000001e-06,2.6567111283531618e-08,2.6583896828337837e-08,-1.678554480621868e-11
single_15p8V-1ns,A,CS,8.9088e-06,2.6847904532407038e-08,2.6864690103294152e-08,-1.6785570887114206e-11
single_15p8V-1ns,A,CS,9.011200000000001e-06,2.7128701957172342e-08,2.714548754177393e-08,-1.6785584601586783e-11
single_15p8V-1ns,A,CS,9.1136e-06,2.740950066006072e-08,2.7426286249869914e-08,-1.6785589809194973e-11
single_15p8V-1ns,A,CS,9.216e-06,2.7690298926744433e-08,2.770708451651704e-08,-1.678558977260712e-11
single_15p8V-1ns,A,CS,9.3184e-06,2.7971095917385476e-08,2.798788150436717e-08,-1.6785586981693116e-11
single_15p8V-1ns,A,CS,9.4208e-06,2.8251891375920454e-08,2.8268676959057252e-08,-1.678558313679881e-11
single_15p8V-1ns,A,CS,9.5232e-06,2.853268539140107e-08,2.8549470970706865e-08,-1.678557930579452e-11
single_15p8V-1ns,A,CS,9.6256e-06,2.8813478221788707e-08,2.8830263797830996e-08,-1.6785576042289072e-11
single_15p8V-1ns,A,CS,9.728e-06,2.909427017635543e-08,2.9111055749902726e-08,-1.6785573547297278e-11
single_15p8V-1ns,A,CS,9.8304e-06,2.937506154616676e-08,2.9391847118002086e-08,-1.6785571835324577e-11
single_15p8V-1ns,A,CS,9.932800000000001e-06,2.96558525701753e-08,2.967263814095105e-08,-1.6785570775752535e-11
single_15p8V-1ns,A,CS,1.00352e-05,2.993664342488519e-08,2.995342899510454e-08,-1.678557021935115e-11
single_15p8V-1ns,A,CS,1.0137600000000001e-05,3.021743422809449e-08,3.0234219798103326e-08,-1.6785570008836993e-11
single_15p8V-1ns,A,CS,1.024e-05,3.0498225049426055e-08,3.051501061943744e-08,-1.678557001138471e-11
single_15p8V-1ns,A,CS,1.0342400000000001e-05,3.0779015922929305e-08,3.079580149305498e-08,-1.67855701256746e-11
single_15p8V-1ns,A,CS,1.04448e-05,3.1059806858922814e-08,3.107659242920539e-08,-1.678557028257422e-11
single_15p8V-1ns,A,CS,1.05472e-05,3.134059785370883e-08,3.135738342414753e-08,-1.6785570438699596e-11
single_15p8V-1ns,A,CS,1.06496e-05,3.162138889674107e-08,3.163817446731266e-08,-1.6785570571591125e-11
single_15p8V-1ns,A,CS,1.0752e-05,3.1902179975405394e-08,3.191896554607851e-08,-1.6785570673115964e-11
single_15p8V-1ns,A,CS,1.08544e-05,3.218297107784332e-08,3.219975664858605e-08,-1.6785570742731485e-11
single_15p8V-1ns,A,CS,1.09568e-05,3.246376219432684e-08,3.2480547765112615e-08,-1.6785570785777964e-11
single_15p8V-1ns,A,CS,1.10592e-05,3.274455331767501e-08,3.2761338888483365e-08,-1.6785570808356686e-11
single_15p8V-1ns,A,CS,1.11616e-05,3.302534444309868e-08,3.304213001391555e-08,-1.678557081686672e-11
single_15p8V-1ns,A,CS,1.1264000000000001e-05,3.330613556776997e-08,3.332292113858669e-08,-1.6785570816721136e-11
single_15p8V-1ns,A,CS,1.13664e-05,3.3586926690308265e-08,3.360371226112031e-08,-1.6785570812042603e-11
single_15p8V-1ns,A,CS,1.1468800000000001e-05,3.386771781029776e-08,3.38845033811034e-08,-1.6785570805643533e-11
single_15p8V-1ns,A,CS,1.15712e-05,3.414850892789193e-08,3.4165294498691206e-08,-1.678557079927755e-11
single_15p8V-1ns,A,CS,1.1673600000000001e-05,3.442930004352195e-08,3.4446085614315813e-08,-1.678557079386448e-11
single_15p8V-1ns,A,CS,1.1776e-05,3.4710091157702305e-08,3.4726876728492034e-08,-1.678557078972858e-11
single_15p8V-1ns,A,CS,1.18784e-05,3.499088227091614e-08,3.5007667841703033e-08,-1.6785570786896312e-11
single_15p8V-1ns,A,CS,1.19808e-05,3.527167338355948e-08,3.528845895434463e-08,-1.6785570785149307e-11
single_15p8V-1ns,A,CS,1.20832e-05,3.5552464495924485e-08,3.5569250066708714e-08,-1.6785570784229482e-11
single_15p8V-1ns,A,CS,1.21856e-05,3.583325560820586e-08,3.5850041178989745e-08,-1.6785570783885375e-11
single_15p8V-1ns,A,CS,1.2288e-05,3.6114046720518455e-08,3.613083229130235e-08,-1.6785570783891992e-11
single_15p8V-1ns,A,CS,1.23904e-05,3.6394837832918255e-08,3.641162340370234e-08,-1.6785570784083898e-11
single_15p8V-1ns,A,CS,1.24928e-05,3.667562894542201e-08,3.669241451620635e-08,-1.6785570784341978e-11
single_15p8V-1ns,A,CS,1.2595200000000001e-05,3.695642005802336e-08,3.697320562880796e-08,-1.678557078460006e-11
single_15p8V-1ns,A,CS,1.26976e-05,3.723721117070466e-08,3.725399674148948e-08,-1.6785570784818434e-11
single_15p8V-1ns,A,CS,1.2800000000000001e-05,3.751800228344495e-08,3.753478785422994e-08,-1.6785570784990488e-11
single_15p8V-1ns,A,CS,1.29024e-05,3.7798793396224526e-08,3.7815578967009636e-08,-1.6785570785109602e-11
single_15p8V-1ns,A,CS,1.3004800000000001e-05,3.807958450902728e-08,3.8096370079812465e-08,-1.6785570785182394e-11
single_15p8V-1ns,A,CS,1.31072e-05,3.836037562184132e-08,3.837716119262654e-08,-1.678557078521548e-11
single_15p8V-1ns,A,CS,1.32096e-05,3.864116673465873e-08,3.865795230544396e-08,-1.6785570785228716e-11
single_15p8V-1ns,A,CS,1.3312e-05,3.892195784747484e-08,3.893874341826007e-08,-1.6785570785228716e-11
single_15p8V-1ns,A,CS,1.34144e-05,3.920274896028738e-08,3.9219534531072605e-08,-1.67855707852221e-11
single_15p8V-1ns,A,CS,1.35168e-05,3.948354007309569e-08,3.95003256438809e-08,-1.6785570785208864e-11
single_15p8V-1ns,A,CS,1.36192e-05,3.976433118590002e-08,3.978111675668522e-08,-1.678557078519563e-11
single_15p8V-1ns,A,CS,1.3721600000000001e-05,4.00451222987011e-08,4.006190786948629e-08,-1.678557078518901e-11
single_15p8V-1ns,A,CS,1.3824e-05,4.032591341149977e-08,4.0342698982284954e-08,-1.6785570785182394e-11
single_15p8V-1ns,A,CS,1.3926400000000001e-05,4.0606704524296843e-08,4.0623490095082026e-08,-1.6785570785182394e-11
single_15p8V-1ns,A,CS,1.40288e-05,4.088749563709298e-08,4.090428120787816e-08,-1.6785570785175776e-11
single_15p8V-1ns,A,CS,1.4131200000000001e-05,4.1168286749888665e-08,4.118507232067384e-08,-1.6785570785175776e-11
single_15p8V-1ns,A,CS,1.42336e-05,4.144907786268421e-08,4.1465863433469384e-08,-1.6785570785175776e-11
single_15p8V-1ns,A,CS,1.4336000000000001e-05,4.172986897547981e-08,4.1746654546264986e-08,-1.6785570785175776e-11
single_15p8V-1ns,A,CS,1.44384e-05,4.201066008827555e-08,4.202744565906073e-08,-1.6785570785175776e-11
single_15p8V-1ns,A,CS,1.45408e-05,4.2291451201071466e-08,4.230823677185664e-08,-1.6785570785175776e-11
single_15p8V-1ns,A,CS,1.46432e-05,4.257224231386755e-08,4.258902788465273e-08,-1.6785570785175776e-11
single_15p8V-1ns,A,CS,1.47456e-05,4.285303342666376e-08,4.286981899744893e-08,-1.6785570785175776e-11
single_15p8V-1ns,A,CS,1.4848e-05,4.313382453946006e-08,4.3150610110245244e-08,-1.6785570785182394e-11
single_15p8V-1ns,A,CS,1.49504e-05,4.341461565225643e-08,4.3431401223041615e-08,-1.6785570785182394e-11
single_15p8V-1ns,A,CS,1.5052800000000001e-05,4.369540676505284e-08,4.371219233583802e-08,-1.6785570785175776e-11
single_15p8V-1ns,A,CS,1.51552e-05,4.397619787784926e-08,4.3992983448634435e-08,-1.6785570785175776e-11
single_15p8V-1ns,A,CS,1.5257600000000001e-05,4.425698899064569e-08,4.427377456143086e-08,-1.678557078516916e-11
single_15p8V-1ns,A,CS,1.5360000000000002e-05,4.453778010344212e-08,4.455456567422728e-08,-1.678557078516254e-11
single_15p8V-1ns,A,CS,1.54624e-05,4.481857121623854e-08,4.483535678702369e-08,-1.6785570785149307e-11
single_15p8V-1ns,A,CS,1.55648e-05,4.509936232903497e-08,4.5116147899820116e-08,-1.678557078514269e-11
single_15p8V-1ns,A,CS,1.56672e-05,4.53801534418314e-08,4.539693901261654e-08,-1.6785570785136072e-11
single_15p8V-1ns,A,CS,1.57696e-05,4.5660944554627826e-08,4.567773012541295e-08,-1.6785570785122837e-11
single_15p8V-1ns,A,CS,1.5872e-05,4.594173566742425e-08,4.595852123820937e-08,-1.6785570785122837e-11
single_15p8V-1ns,A,CS,1.59744e-05,4.622252678022068e-08,4.6239312351005796e-08,-1.678557078511622e-11
single_15p8V-1ns,A,CS,1.60768e-05,4.650331789301711e-08,4.652010346380222e-08,-1.6785570785109602e-11
single_15p8V-1ns,A,CS,1.61792e-05,4.6784109005813533e-08,4.680089457659863e-08,-1.6785570785096367e-11
single_15p8V-1ns,A,CS,1.62816e-05,4.706490011860996e-08,4.708168568939505e-08,-1.6785570785096367e-11
single_15p8V-1ns,A,CS,1.6384e-05,4.734569123140638e-08,4.736247680219148e-08,-1.6785570785096367e-11
single_15p8V-1ns,A,CS,1.6486400000000002e-05,4.762648234420282e-08,4.76432679149879e-08,-1.6785570785083132e-11
single_15p8V-1ns,A,CS,1.65888e-05,4.7907273456999234e-08,4.792405902778431e-08,-1.6785570785076515e-11
single_15p8V-1ns,A,CS,1.66912e-05,4.818806456979567e-08,4.8204850140580734e-08,-1.678557078506328e-11
single_15p8V-1ns,A,CS,1.67936e-05,4.8468855682592094e-08,4.848564125337716e-08,-1.678557078506328e-11
single_15p8V-1ns,A,CS,1.6896000000000002e-05,4.874964679538853e-08,4.876643236617358e-08,-1.6785570785050045e-11
single_15p8V-1ns,A,CS,1.69984e-05,4.903043790818495e-08,4.904722347896999e-08,-1.6785570785043427e-11
single_15p8V-1ns,A,CS,1.71008e-05,4.9311229020981384e-08,4.9328014591766414e-08,-1.6785570785030193e-11
single_15p8V-1ns,A,CS,1.72032e-05,4.959202013377781e-08,4.960880570456284e-08,-1.6785570785030193e-11
single_15p8V-1ns,A,CS,1.73056e-05,4.9872811246574224e-08,4.988959681735925e-08,-1.6785570785023575e-11
single_15p8V-1ns,A,CS,1.7408e-05,5.015360235937066e-08,5.017038793015567e-08,-1.678557078501034e-11
single_15p8V-1ns,A,CS,1.75104e-05,5.0434393472167085e-08,5.0451179042952095e-08,-1.678557078501034e-11
single_15p8V-1ns,A,CS,1.7612800000000002e-05,5.071518458496352e-08,5.073197015574852e-08,-1.6785570784997105e-11
single_15p8V-1ns,A,CS,1.77152e-05,5.099597569775994e-08,5.101276126854493e-08,-1.6785570784990488e-11
single_15p8V-1ns,A,CS,1.78176e-05,5.1276766810556375e-08,5.129355238134135e-08,-1.6785570784977253e-11
single_15p8V-1ns,A,CS,1.792e-05,5.15575579233528e-08,5.1574343494137775e-08,-1.6785570784977253e-11
single_15p8V-1ns,A,CS,1.8022400000000002e-05,5.1838349036149235e-08,5.18551346069342e-08,-1.6785570784964018e-11
single_15p8V-1ns,A,CS,1.81248e-05,5.211914014894565e-08,5.213592571973061e-08,-1.67855707849574e-11
single_15p8V-1ns,A,CS,1.82272e-05,5.2399931261742075e-08,5.241671683252703e-08,-1.67855707849574e-11
single_15p8V-1ns,A,CS,1.83296e-05,5.268072237453851e-08,5.2697507945323456e-08,-1.6785570784944166e-11
single_15p8V-1ns,A,CS,1.8432e-05,5.296151348733493e-08,5.2978299058119866e-08,-1.6785570784937548e-11
single_15p8V-1ns,A,CS,1.85344e-05,5.3242304600131365e-08,5.325909017091629e-08,-1.6785570784924313e-11
single_15p8V-1ns,A,CS,1.86368e-05,5.352309571292779e-08,5.353988128371271e-08,-1.6785570784924313e-11
single_15p8V-1ns,A,CS,1.8739200000000002e-05,5.3803886825724225e-08,5.3820672396509136e-08,-1.678557078491108e-11
single_15p8V-1ns,A,CS,1.88416e-05,5.408467793852064e-08,5.4101463509305547e-08,-1.678557078490446e-11
single_15p8V-1ns,A,CS,1.8944e-05,5.436546905131708e-08,5.438225462210197e-08,-1.6785570784891226e-11
single_15p8V-1ns,A,CS,1.90464e-05,5.46462601641135e-08,5.4663045734898394e-08,-1.6785570784891226e-11
single_15p8V-1ns,A,CS,1.9148800000000002e-05,5.4927051276909926e-08,5.494383684769482e-08,-1.6785570784891226e-11
single_15p8V-1ns,A,CS,1.92512e-05,5.520784238970635e-08,5.522462796049123e-08,-1.678557078487799e-11
single_15p8V-1ns,A,CS,1.93536e-05,5.548863350250277e-08,5.550541907328765e-08,-1.678557078487799e-11
single_15p8V-1ns,A,CS,1.9456e-05,5.576942461529921e-08,5.5786210186084074e-08,-1.6785570784864756e-11
single_15p8V-1ns,A,CS,1.9558400000000002e-05,5.605021572809563e-08,5.60670012988805e-08,-1.6785570784864756e-11
single_15p8V-1ns,A,CS,1.96608e-05,5.6331006840892056e-08,5.634779241167691e-08,-1.678557078485152e-11
single_15p8V-1ns,A,CS,1.97632e-05,5.661179795368848e-08,5.662858352447333e-08,-1.678557078485152e-11
single_15p8V-1ns,A,CS,1.9865600000000002e-05,5.6892589066484916e-08,5.6909374637269755e-08,-1.6785570784838287e-11
single_15p8V-1ns,A,CS,1.9968e-05,5.717338017928133e-08,5.7190165750066165e-08,-1.678557078483167e-11
single_15p8V-1ns,A,CS,2e-05,5.726112740203023e-08,5.7277912972815054e-08,-1.6785570784825052e-11
single_15p8V-0p5ns,A,PCHIP,0.0,0.0,0.0,0.0
single_15p8V-0p5ns,A,PCHIP,1.024e-07,5.147226220002246e-13,5.371501277373364e-13,-2.242750573711178e-14
single_15p8V-0p5ns,A,PCHIP,2.048e-07,4.030068312196082e-12,4.080598687047654e-12,-5.0530374851571973e-14
single_15p8V-0p5ns,A,PCHIP,3.072e-07,1.3018685660359358e-11,1.3111447534851671e-11,-9.276187449231343e-14
single_15p8V-0p5ns,A,PCHIP,4.096e-07,2.952539723794732e-11,2.967163191470611e-11,-1.4623467675879212e-13
single_15p8V-0p5ns,A,PCHIP,5.12e-07,5.5277468539512865e-11,5.548604266885351e-11,-2.0857412934064495e-13
single_15p8V-0p5ns,A,PCHIP,6.144e-07,9.177723823898976e-11,9.205494138847064e-11,-2.7770314948087805e-13
single_15p8V-0p5ns,A,PCHIP,7.168000000000001e-07,1.403711411465584e-10,1.4072330563441878e-10,-3.5216448786038433e-13
single_15p8V-0p5ns,A,PCHIP,8.192e-07,2.0230550969174357e-10,2.0273619735241623e-10,-4.3068766067265253e-13
single_15p8V-0p5ns,A,PCHIP,9.216e-07,2.7877745681880357e-10,2.7928974573582407e-10,-5.122889170205011e-13
single_15p8V-0p5ns,A,PCHIP,1.024e-06,3.709928930423698e-10,3.715891716832845e-10,-5.962786409146993e-13
single_15p8V-0p5ns,A,PCHIP,1.1264000000000001e-06,4.802491780342342e-10,4.809313350263279e-10,-6.821569920937195e-13
single_15p8V-0p5ns,A,PCHIP,1.2288e-06,6.080751410355949e-10,6.088454304930063e-10,-7.702894574114333e-13
single_15p8V-0p5ns,A,PCHIP,1.3312e-06,7.565072847218418e-10,7.573691635802983e-10,-8.618788584564626e-13
single_15p8V-0p5ns,A,PCHIP,1.4336000000000001e-06,9.287122080950146e-10,9.296727242761514e-10,-9.605161811367631e-13
single_15p8V-0p5ns,A,PCHIP,1.536e-06,1.130690498144153e-09,1.1317681399398854e-09,-1.0776417957323814e-12
single_15p8V-0p5ns,A,PCHIP,1.6384e-06,1.3777961578499355e-09,1.3790791180642888e-09,-1.2829602143532805e-12
single_15p8V-0p5ns,A,PCHIP,1.7408000000000001e-06,1.7578488455058284e-09,1.7599175022162835e-09,-2.068656710455113e-12
single_15p8V-0p5ns,A,PCHIP,1.8432e-06,5.069594587229103e-09,5.080126120785327e-09,-1.0531533556223942e-11
single_15p8V-0p5ns,A,PCHIP,1.9456e-06,7.0318288354850024e-09,7.0385930087430165e-09,-6.764173258014057e-12
single_15p8V-0p5ns,A,PCHIP,2.048e-06,7.95007853900133e-09,7.955919385023221e-09,-5.840846021891477e-12
single_15p8V-0p5ns,A,PCHIP,2.1504e-06,8.465447830271712e-09,8.470887329929824e-09,-5.439499658111549e-12
single_15p8V-0p5ns,A,PCHIP,2.2528000000000003e-06,8.810330719472494e-09,8.815581397143019e-09,-5.250677670525275e-12
single_15p8V-0p5ns,A,PCHIP,2.3552e-06,9.076873388649851e-09,9.082031755642833e-09,-5.1583669929821535e-12
single_15p8V-0p5ns,A,PCHIP,2.4576e-06,9.304980381346965e-09,9.310110306643682e-09,-5.129925296717481e-12
single_15p8V-0p5ns,A,PCHIP,2.56e-06,9.512680929577331e-09,9.517928890143645e-09,-5.247960566313664e-12
single_15p8V-0p5ns,A,PCHIP,2.6624e-06,9.70728376934598e-09,9.712116321004047e-09,-4.832551658066435e-12
single_15p8V-0p5ns,A,PCHIP,2.7648e-06,9.88763014115495e-09,9.892450424295906e-09,-4.820283140955329e-12
single_15p8V-0p5ns,A,PCHIP,2.8672000000000003e-06,1.0052759932801024e-08,1.0057533189780532e-08,-4.773256979508862e-12
single_15p8V-0p5ns,A,PCHIP,2.9696e-06,1.0204342491335281e-08,1.0209075765994597e-08,-4.73327465931538e-12
single_15p8V-0p5ns,A,PCHIP,3.072e-06,1.0348253004531296e-08,1.0352961720429738e-08,-4.7087158984416444e-12
single_15p8V-0p5ns,A,PCHIP,3.1744e-06,1.0495300240743839e-08,1.049998496302575e-08,-4.684722281910858e-12
single_15p8V-0p5ns,A,PCHIP,3.2768e-06,1.066565779402942e-08,1.0670477585234014e-08,-4.819791204594676e-12
single_15p8V-0p5ns,A,PCHIP,3.3792e-06,1.087865336502511e-08,1.0883548821876947e-08,-4.8954568518377465e-12
single_15p8V-0p5ns,A,PCHIP,3.4816000000000003e-06,1.1138939775399029e-08,1.1143890690671155e-08,-4.950915272126406e-12
single_15p8V-0p5ns,A,PCHIP,3.5840000000000003e-06,1.1453852783832742e-08,1.1458600154261864e-08,-4.7473704291215304e-12
single_15p8V-0p5ns,A,PCHIP,3.6864e-06,1.1844267573436202e-08,1.1850191699010234e-08,-5.924125574031486e-12
single_15p8V-0p5ns,A,PCHIP,3.7888e-06,1.24083632921451e-08,1.2415762845360137e-08,-7.399553215036446e-12
single_15p8V-0p5ns,A,PCHIP,3.8912e-06,1.3118930812219295e-08,1.3124841710396295e-08,-5.910898176999717e-12
single_15p8V-0p5ns,A,PCHIP,3.9936e-06,1.3587957713552246e-08,1.3593244520091719e-08,-5.2868065394726874e-12
single_15p8V-0p5ns,A,PCHIP,4.096e-06,1.391516943526403e-08,1.3920311930687549e-08,-5.142495423518846e-12
single_15p8V-0p5ns,A,PCHIP,4.1984e-06,1.417454756587825e-08,1.4179661588672546e-08,-5.1140227942958445e-12
single_15p8V-0p5ns,A,PCHIP,4.3008e-06,1.4398277179177103e-08,1.4403448295061069e-08,-5.1711158839661454e-12
single_15p8V-0p5ns,A,PCHIP,4.4032000000000005e-06,1.460089889287652e-08,1.4605537106659163e-08,-4.638213782643365e-12
single_15p8V-0p5ns,A,PCHIP,4.5056000000000005e-06,1.4785460826150678e-08,1.4790138672440508e-08,-4.6778462898300125e-12
single_15p8V-0p5ns,A,PCHIP,4.608e-06,1.495544876675538e-08,1.49601098201836e-08,-4.661053428217981e-12
single_15p8V-0p5ns,A,PCHIP,4.7104e-06,1.5118332339246145e-08,1.5122966338168972e-08,-4.63399892282705e-12
single_15p8V-0p5ns,A,PCHIP,4.8128e-06,1.528621597488762e-08,1.5290813897852195e-08,-4.597922964576855e-12
single_15p8V-0p5ns,A,PCHIP,4.9152e-06,1.548121048836268e-08,1.5485968399050086e-08,-4.757910687404757e-12
single_15p8V-0p5ns,A,PCHIP,5.0176e-06,1.5717727000095633e-08,1.572254425918413e-08,-4.81725908849596e-12
single_15p8V-0p5ns,A,PCHIP,5.12e-06,1.599552299770147e-08,1.6000373701575467e-08,-4.8507038739972646e-12
single_15p8V-0p5ns,A,PCHIP,5.2224e-06,1.631463835160145e-08,1.6319477094349652e-08,-4.838742748203285e-12
single_15p8V-0p5ns,A,PCHIP,5.3248e-06,1.6677004200847383e-08,1.6682398344557913e-08,-5.39414371053035e-12
single_15p8V-0p5ns,A,PCHIP,5.4272e-06,1.708865450909986e-08,1.7094114592228613e-08,-5.460083128753224e-12
single_15p8V-0p5ns,A,PCHIP,5.5296e-06,1.754075486813249e-08,1.7546417708943533e-08,-5.6628408110419e-12
single_15p8V-0p5ns,A,PCHIP,5.6320000000000005e-06,1.797508581126027e-08,1.7980643526428594e-08,-5.557715168325035e-12
single_15p8V-0p5ns,A,PCHIP,5.7344000000000005e-06,1.8336378811844787e-08,1.8341729320237544e-08,-5.350508392756414e-12
single_15p8V-0p5ns,A,PCHIP,5.836800000000001e-06,1.8642831369124222e-08,1.8648127758467146e-08,-5.296389342923517e-12
single_15p8V-0p5ns,A,PCHIP,5.9392e-06,1.8916714882630918e-08,1.8922038905194347e-08,-5.324022563428849e-12
single_15p8V-0p5ns,A,PCHIP,6.0416e-06,1.9171592505519064e-08,1.9176615046510043e-08,-5.02254099097953e-12
single_15p8V-0p5ns,A,PCHIP,6.144e-06,1.9415294756261138e-08,1.942036390534289e-08,-5.069149081753835e-12
single_15p8V-0p5ns,A,PCHIP,6.2464e-06,1.9654829107839723e-08,1.9659905496695804e-08,-5.076388856080758e-12
single_15p8V-0p5ns,A,PCHIP,6.3488e-06,1.9896148843743722e-08,1.9901224819105364e-08,-5.075975361641406e-12
single_15p8V-0p5ns,A,PCHIP,6.4512e-06,2.0144760798372303e-08,2.0149845300979862e-08,-5.084502607559014e-12
single_15p8V-0p5ns,A,PCHIP,6.5536e-06,2.0404509220918023e-08,2.0409627715896308e-08,-5.118494978284539e-12
single_15p8V-0p5ns,A,PCHIP,6.656e-06,2.0674078835821962e-08,2.0679210632950485e-08,-5.131797128523274e-12
single_15p8V-0p5ns,A,PCHIP,6.7584e-06,2.0950687986590833e-08,2.09558292300409e-08,-5.141243450068165e-12
single_15p8V-0p5ns,A,PCHIP,6.8608000000000004e-06,2.1231910033506624e-08,2.1237050280187252e-08,-5.140246680628346e-12
single_15p8V-0p5ns,A,PCHIP,6.9632000000000005e-06,2.15156968011681e-08,2.1520876908629635e-08,-5.180107461534954e-12
single_15p8V-0p5ns,A,PCHIP,7.065600000000001e-06,2.1800655375901394e-08,2.1805824729071913e-08,-5.1693531705196915e-12
single_15p8V-0p5ns,A,PCHIP,7.168000000000001e-06,2.2085733667817357e-08,2.209090167562649e-08,-5.168007809133897e-12
single_15p8V-0p5ns,A,PCHIP,7.2704e-06,2.2370368418456156e-08,2.237553551426712e-08,-5.167095810963197e-12
single_15p8V-0p5ns,A,PCHIP,7.3728e-06,2.2654309487346572e-08,2.2659475557027822e-08,-5.166069681250461e-12
single_15p8V-0p5ns,A,PCHIP,7.4752e-06,2.2937524137743962e-08,2.294268916270755e-08,-5.165024963588295e-12
single_15p8V-0p5ns,A,PCHIP,7.5776e-06,2.322010534958088e-08,2.3225269449953753e-08,-5.164100372873245e-12
single_15p8V-0p5ns,A,PCHIP,7.680000000000001e-06,2.350220093034389e-08,2.350736416577998e-08,-5.163235436088014e-12
single_15p8V-0p5ns,A,PCHIP,7.7824e-06,2.3783973450852537e-08,2.378913632678441e-08,-5.162875931872827e-12
single_15p8V-0p5ns,A,PCHIP,7.8848e-06,2.4065556322896562e-08,2.407071857881958e-08,-5.162255923018819e-12
single_15p8V-0p5ns,A,PCHIP,7.9872e-06,2.4347043464776047e-08,2.4352204901484097e-08,-5.161436708049686e-12
single_15p8V-0p5ns,A,PCHIP,8.0896e-06,2.462849724363057e-08,2.463365889446802e-08,-5.161650837449356e-12
single_15p8V-0p5ns,A,PCHIP,8.192e-06,2.4909957173173645e-08,2.491511887290642e-08,-5.161699732773652e-12
single_15p8V-0p5ns,A,PCHIP,8.2944e-06,2.5191442477303644e-08,2.5196604220099867e-08,-5.161742796223167e-12
single_15p8V-0p5ns,A,PCHIP,8.3968e-06,2.5472959700859362e-08,2.5478121489526006e-08,-5.161788666643916e-12
single_15p8V-0p5ns,A,PCHIP,8.4992e-06,2.575450766257861e-08,2.5759669495145865e-08,-5.161832567256459e-12
single_15p8V-0p5ns,A,PCHIP,8.6016e-06,2.6036081260251622e-08,2.6041243130181793e-08,-5.16186993017093e-12
single_15p8V-0p5ns,A,PCHIP,8.704e-06,2.63176740605296e-08,2.632283595854447e-08,-5.161898014871785e-12
single_15p8V-0p5ns,A,PCHIP,8.806400000000001e-06,2.65992798654815e-08,2.6604441779484663e-08,-5.161914003164604e-12
single_15p8V-0p5ns,A,PCHIP,8.9088e-06,2.6880893480613618e-08,2.6886055420829703e-08,-5.161940216084773e-12
single_15p8V-0p5ns,A,PCHIP,9.011200000000001e-06,2.7162511035115477e-08,2.7167673008413307e-08,-5.1619732978300306e-12
single_15p8V-0p5ns,A,PCHIP,9.1136e-06,2.7444129954578546e-08,2.7449291919175898e-08,-5.161964597352442e-12
single_15p8V-0p5ns,A,PCHIP,9.216e-06,2.7725748611286726e-08,2.7730910573868464e-08,-5.161962581738282e-12
single_15p8V-0p5ns,A,PCHIP,9.3184e-06,2.8007366214428347e-08,2.8012528175226492e-08,-5.1619607981449756e-12
single_15p8V-0p5ns,A,PCHIP,9.4208e-06,2.8288982496630743e-08,2.8294144455530807e-08,-5.161958900063255e-12
single_15p8V-0p5ns,A,PCHIP,9.5232e-06,2.8570597508874765e-08,2.8575759465960692e-08,-5.161957085927131e-12
single_15p8V-0p5ns,A,PCHIP,9.6256e-06,2.8852211463217904e-08,2.8857373418761748e-08,-5.161955543844094e-12
single_15p8V-0p5ns,A,PCHIP,9.728e-06,2.9133824625959378e-08,2.9138986580345818e-08,-5.161954386439746e-12
single_15p8V-0p5ns,A,PCHIP,9.8304e-06,2.9415437253166206e-08,2.942059920689756e-08,-5.161953731352405e-12
single_15p8V-0p5ns,A,PCHIP,9.932800000000001e-06,2.969704955921976e-08,2.9702211511835528e-08,-5.1619526157670004e-12
single_15p8V-0p5ns,A,PCHIP,1.00352e-05,2.9978661703561045e-08,2.9983823654852705e-08,-5.161951291659289e-12
single_15p8V-0p5ns,A,PCHIP,1.0137600000000001e-05,3.026027379231652e-08,3.026543574395966e-08,-5.161951643144875e-12
single_15p8V-0p5ns,A,PCHIP,1.024e-05,3.0541885892375325e-08,3.054704784410138e-08,-5.161951726054842e-12
single_15p8V-0p5ns,A,PCHIP,1.0342400000000001e-05,3.082349803619182e-08,3.082865998799169e-08,-5.161951799865823e-12
single_15p8V-0p5ns,A,PCHIP,1.04448e-05,3.110511023466117e-08,3.111027218653954e-08,-5.1619518783685716e-12
single_15p8V-0p5ns,A,PCHIP,1.05472e-05,3.138672248558592e-08,3.1391884437539233e-08,-5.161951953311135e-12
single_15p8V-0p5ns,A,PCHIP,1.06496e-05,3.1668334780158766e-08,3.167349673217572e-08,-5.161952016951103e-12
single_15p8V-0p5ns,A,PCHIP,1.0752e-05,3.194994710736181e-08,3.195510905942645e-08,-5.161952064643028e-12
single_15p8V-0p5ns,A,PCHIP,1.08544e-05,3.223155945661829e-08,3.2236721408709775e-08,-5.1619520914833846e-12
single_15p8V-0p5ns,A,PCHIP,1.09568e-05,3.2513171819081277e-08,3.251833377122018e-08,-5.161952138903995e-12
single_15p8V-0p5ns,A,PCHIP,1.10592e-05,3.279478418818315e-08,3.2799946140375037e-08,-5.161952191889876e-12
single_15p8V-0p5ns,A,PCHIP,1.11616e-05,3.307639655954876e-08,3.308155851172644e-08,-5.161952177682222e-12
single_15p8V-0p5ns,A,PCHIP,1.1264000000000001e-05,3.3358008930429114e-08,3.336317088260338e-08,-5.16195217426762e-12
single_15p8V-0p5ns,A,PCHIP,1.13664e-05,3.363962129949222e-08,3.364478325166343e-08,-5.161952171210361e-12
single_15p8V-0p5ns,A,PCHIP,1.1468800000000001e-05,3.392123366629414e-08,3.3926395618462105e-08,-5.161952167967813e-12
single_15p8V-0p5ns,A,PCHIP,1.15712e-05,3.420284603092939e-08,3.420800798309427e-08,-5.161952164877466e-12
single_15p8V-0p5ns,A,PCHIP,1.1673600000000001e-05,3.448445839376377e-08,3.4489620345926023e-08,-5.16195216225034e-12
single_15p8V-0p5ns,A,PCHIP,1.1776e-05,3.4766070755253127e-08,3.477123270741341e-08,-5.161952160284959e-12
single_15p8V-0p5ns,A,PCHIP,1.18784e-05,3.504768311583432e-08,3.505284506799351e-08,-5.161952159186463e-12
single_15p8V-0p5ns,A,PCHIP,1.19808e-05,3.532929547587245e-08,3.533445742802963e-08,-5.1619521571813776e-12
single_15p8V-0p5ns,A,PCHIP,1.20832e-05,3.561090783563804e-08,3.56160697877931e-08,-5.161952155063795e-12
single_15p8V-0p5ns,A,PCHIP,1.21856e-05,3.589252019531145e-08,3.589768214746709e-08,-5.161952155639513e-12
single_15p8V-0p5ns,A,PCHIP,1.2288e-05,3.6174132555005666e-08,3.6179294507161444e-08,-5.161952155778479e-12
single_15p8V-0p5ns,A,PCHIP,1.23904e-05,3.645574491477535e-08,3.6460906866931255e-08,-5.161952155904211e-12
single_15p8V-0p5ns,A,PCHIP,1.24928e-05,3.673735727463858e-08,3.674251922679462e-08,-5.161952156043177e-12
single_15p8V-0p5ns,A,PCHIP,1.2595200000000001e-05,3.701896963459131e-08,3.702413158674748e-08,-5.1619521561689085e-12
single_15p8V-0p5ns,A,PCHIP,1.26976e-05,3.730058199461833e-08,3.730574394677461e-08,-5.161952156274788e-12
single_15p8V-0p5ns,A,PCHIP,1.2800000000000001e-05,3.7582194354700805e-08,3.758735630685716e-08,-5.161952156354197e-12
single_15p8V-0p5ns,A,PCHIP,1.29024e-05,3.7863806714820665e-08,3.7868968666977065e-08,-5.161952156400519e-12
single_15p8V-0p5ns,A,PCHIP,1.3004800000000001e-05,3.8145419074962865e-08,3.8150581027119345e-08,-5.1619521564799284e-12
single_15p8V-0p5ns,A,PCHIP,1.31072e-05,3.842703143511624e-08,3.843219338727281e-08,-5.161952156565955e-12
single_15p8V-0p5ns,A,PCHIP,1.32096e-05,3.870864379527338e-08,3.871380574742992e-08,-5.1619521565394854e-12
single_15p8V-0p5ns,A,PCHIP,1.3312e-05,3.899025615542963e-08,3.899541810758616e-08,-5.161952156532868e-12
single_15p8V-0p5ns,A,PCHIP,1.34144e-05,3.927186851558274e-08,3.927703046773927e-08,-5.1619521565262505e-12
single_15p8V-0p5ns,A,PCHIP,1.35168e-05,3.955348087573199e-08,3.955864282788851e-08,-5.161952156519633e-12
single_15p8V-0p5ns,A,PCHIP,1.36192e-05,3.983509323587753e-08,3.9840255188034045e-08,-5.161952156513016e-12
single_15p8V-0p5ns,A,PCHIP,1.3721600000000001e-05,4.011670559602002e-08,4.0121867548176524e-08,-5.161952156506398e-12
single_15p8V-0p5ns,A,PCHIP,1.3824e-05,4.0398317956160206e-08,4.040347990831671e-08,-5.161952156506398e-12
single_15p8V-0p5ns,A,PCHIP,1.3926400000000001e-05,4.0679930316298846e-08,4.068509226845535e-08,-5.161952156506398e-12
single_15p8V-0p5ns,A,PCHIP,1.40288e-05,4.096154267643658e-08,4.0966704628593087e-08,-5.161952156506398e-12
single_15p8V-0p5ns,A,PCHIP,1.4131200000000001e-05,4.124315503657387e-08,4.124831698873037e-08,-5.161952156499781e-12
single_15p8V-0p5ns,A,PCHIP,1.42336e-05,4.1524767396711e-08,4.15299293488675e-08,-5.161952156499781e-12
single_15p8V-0p5ns,A,PCHIP,1.4336000000000001e-05,4.180637975684818e-08,4.1811541709004674e-08,-5.161952156493163e-12
single_15p8V-0p5ns,A,PCHIP,1.44384e-05,4.2087992116985484e-08,4.209315406914197e-08,-5.161952156486546e-12
single_15p8V-0p5ns,A,PCHIP,1.45408e-05,4.236960447712294e-08,4.2374766429279427e-08,-5.161952156486546e-12
single_15p8V-0p5ns,A,PCHIP,1.46432e-05,4.265121683726056e-08,4.265637878941705e-08,-5.161952156486546e-12
single_15p8V-0p5ns,A,PCHIP,1.47456e-05,4.293282919739829e-08,4.2937991149554775e-08,-5.161952156486546e-12
single_15p8V-0p5ns,A,PCHIP,1.4848e-05,4.3214441557536095e-08,4.321960350969259e-08,-5.161952156493163e-12
single_15p8V-0p5ns,A,PCHIP,1.49504e-05,4.349605391767396e-08,4.350121586983045e-08,-5.161952156486546e-12
single_15p8V-0p5ns,A,PCHIP,1.5052800000000001e-05,4.377766627781187e-08,4.378282822996835e-08,-5.1619521564799284e-12
single_15p8V-0p5ns,A,PCHIP,1.51552e-05,4.4059278637949786e-08,4.4064440590106266e-08,-5.1619521564799284e-12
single_15p8V-0p5ns,A,PCHIP,1.5257600000000001e-05,4.434089099808772e-08,4.434605295024421e-08,-5.161952156493163e-12
single_15p8V-0p5ns,A,PCHIP,1.5360000000000002e-05,4.462250335822569e-08,4.4627665310382164e-08,-5.161952156473311e-12
single_15p8V-0p5ns,A,PCHIP,1.54624e-05,4.490411571836365e-08,4.490927767052011e-08,-5.161952156460076e-12
single_15p8V-0p5ns,A,PCHIP,1.55648e-05,4.518572807850162e-08,4.519089003065806e-08,-5.161952156440224e-12
single_15p8V-0p5ns,A,PCHIP,1.56672e-05,4.5467340438639594e-08,4.5472502390796014e-08,-5.161952156420371e-12
single_15p8V-0p5ns,A,PCHIP,1.57696e-05,4.574895279877755e-08,4.575411475093396e-08,-5.1619521564071365e-12
single_15p8V-0p5ns,A,PCHIP,1.5872e-05,4.603056515891552e-08,4.603572711107191e-08,-5.161952156393902e-12
single_15p8V-0p5ns,A,PCHIP,1.59744e-05,4.631217751905349e-08,4.6317339471209864e-08,-5.161952156374049e-12
single_15p8V-0p5ns,A,PCHIP,1.60768e-05,4.659378987919146e-08,4.6598951831347816e-08,-5.161952156354197e-12
single_15p8V-0p5ns,A,PCHIP,1.61792e-05,4.687540223932943e-08,4.688056419148576e-08,-5.161952156334345e-12
single_15p8V-0p5ns,A,PCHIP,1.62816e-05,4.715701459946739e-08,4.7162176551623714e-08,-5.16195215632111e-12
single_15p8V-0p5ns,A,PCHIP,1.6384e-05,4.743862695960536e-08,4.7443788911761666e-08,-5.161952156307875e-12
single_15p8V-0p5ns,A,PCHIP,1.6486400000000002e-05,4.772023931974334e-08,4.772540127189962e-08,-5.161952156281405e-12
single_15p8V-0p5ns,A,PCHIP,1.65888e-05,4.8001851679881296e-08,4.8007013632037564e-08,-5.16195215626817e-12
single_15p8V-0p5ns,A,PCHIP,1.66912e-05,4.8283464040019275e-08,4.8288625992175516e-08,-5.1619521562417e-12
single_15p8V-0p5ns,A,PCHIP,1.67936e-05,4.856507640015724e-08,4.857023835231347e-08,-5.1619521562284655e-12
single_15p8V-0p5ns,A,PCHIP,1.6896000000000002e-05,4.884668876029522e-08,4.885185071245142e-08,-5.161952156201996e-12
single_15p8V-0p5ns,A,PCHIP,1.69984e-05,4.912830112043318e-08,4.9133463072589366e-08,-5.161952156188761e-12
single_15p8V-0p5ns,A,PCHIP,1.71008e-05,4.9409913480571156e-08,4.941507543272732e-08,-5.161952156162291e-12
single_15p8V-0p5ns,A,PCHIP,1.72032e-05,4.969152584070912e-08,4.969668779286527e-08,-5.161952156149056e-12
single_15p8V-0p5ns,A,PCHIP,1.73056e-05,4.997313820084708e-08,4.9978300153003216e-08,-5.161952156135821e-12
single_15p8V-0p5ns,A,PCHIP,1.7408e-05,5.025475056098506e-08,5.025991251314117e-08,-5.1619521561093515e-12
single_15p8V-0p5ns,A,PCHIP,1.75104e-05,5.0536362921123025e-08,5.054152487327912e-08,-5.161952156096117e-12
single_15p8V-0p5ns,A,PCHIP,1.7612800000000002e-05,5.0817975281261003e-08,5.082313723341707e-08,-5.161952156069647e-12
single_15p8V-0p5ns,A,PCHIP,1.77152e-05,5.109958764139896e-08,5.110474959355502e-08,-5.161952156056412e-12
single_15p8V-0p5ns,A,PCHIP,1.78176e-05,5.138120000153694e-08,5.138636195369297e-08,-5.161952156029942e-12
single_15p8V-0p5ns,A,PCHIP,1.792e-05,5.1662812361674906e-08,5.166797431383092e-08,-5.161952156016707e-12
single_15p8V-0p5ns,A,PCHIP,1.8022400000000002e-05,5.1944424721812885e-08,5.1949586673968875e-08,-5.1619521559902375e-12
single_15p8V-0p5ns,A,PCHIP,1.81248e-05,5.2226037081950844e-08,5.223119903410682e-08,-5.1619521559770026e-12
single_15p8V-0p5ns,A,PCHIP,1.82272e-05,5.250764944208881e-08,5.251281139424477e-08,-5.161952155963768e-12
single_15p8V-0p5ns,A,PCHIP,1.83296e-05,5.278926180222679e-08,5.2794423754382725e-08,-5.161952155937298e-12
single_15p8V-0p5ns,A,PCHIP,1.8432e-05,5.307087416236475e-08,5.307603611452067e-08,-5.161952155924063e-12
single_15p8V-0p5ns,A,PCHIP,1.85344e-05,5.3352486522502725e-08,5.335764847465862e-08,-5.161952155897593e-12
single_15p8V-0p5ns,A,PCHIP,1.86368e-05,5.363409888264069e-08,5.3639260834796575e-08,-5.161952155884358e-12
single_15p8V-0p5ns,A,PCHIP,1.8739200000000002e-05,5.391571124277867e-08,5.392087319493453e-08,-5.1619521558578886e-12
single_15p8V-0p5ns,A,PCHIP,1.88416e-05,5.419732360291663e-08,5.420248555507247e-08,-5.161952155844654e-12
single_15p8V-0p5ns,A,PCHIP,1.8944e-05,5.447893596305461e-08,5.4484097915210425e-08,-5.161952155818184e-12
single_15p8V-0p5ns,A,PCHIP,1.90464e-05,5.476054832319257e-08,5.476571027534838e-08,-5.161952155804949e-12
single_15p8V-0p5ns,A,PCHIP,1.9148800000000002e-05,5.504216068333054e-08,5.504732263548633e-08,-5.161952155791714e-12
single_15p8V-0p5ns,A,PCHIP,1.92512e-05,5.5323773043468503e-08,5.5328934995624275e-08,-5.161952155771862e-12
single_15p8V-0p5ns,A,PCHIP,1.93536e-05,5.560538540360647e-08,5.561054735576223e-08,-5.161952155758627e-12
single_15p8V-0p5ns,A,PCHIP,1.9456e-05,5.588699776374445e-08,5.589215971590018e-08,-5.161952155732157e-12
single_15p8V-0p5ns,A,PCHIP,1.9558400000000002e-05,5.616861012388241e-08,5.617377207603813e-08,-5.161952155718922e-12
single_15p8V-0p5ns,A,PCHIP,1.96608e-05,5.645022248402038e-08,5.645538443617608e-08,-5.16195215569907e-12
single_15p8V-0p5ns,A,PCHIP,1.97632e-05,5.6731834844158344e-08,5.673699679631403e-08,-5.161952155685835e-12
single_15p8V-0p5ns,A,PCHIP,1.9865600000000002e-05,5.701344720429632e-08,5.701860915645198e-08,-5.161952155659365e-12
single_15p8V-0p5ns,A,PCHIP,1.9968e-05,5.729505956443428e-08,5.730022151658993e-08,-5.16195215564613e-12
single_15p8V-0p5ns,A,PCHIP,2e-05,5.7383063426977406e-08,5.7388225379133045e-08,-5.161952155639513e-12
single_15p8V-0p5ns,A,CS,0.0,0.0,0.0,0.0
single_15p8V-0p5ns,A,CS,1.024e-07,5.259157968652422e-13,5.371501277373364e-13,-1.1234330872094196e-14
single_15p8V-0p5ns,A,CS,2.048e-07,4.041635387526246e-12,4.080598687047654e-12,-3.8963299521408115e-14
single_15p8V-0p5ns,A,CS,3.072e-07,1.3030264694213478e-11,1.3111447534851671e-11,-8.118284063819348e-14
single_15p8V-0p5ns,A,CS,4.096e-07,2.9537038794177675e-11,2.967163191470611e-11,-1.345931205284344e-13
single_15p8V-0p5ns,A,CS,5.12e-07,5.5289148761702284e-11,5.548604266885351e-11,-1.968939071512254e-13
single_15p8V-0p5ns,A,CS,6.144e-07,9.17889459104844e-11,9.205494138847064e-11,-2.659954779862372e-13
single_15p8V-0p5ns,A,CS,7.168000000000001e-07,1.4038288080866399e-10,1.4072330563441878e-10,-3.4042482575479366e-13
single_15p8V-0p5ns,A,CS,8.192e-07,2.023172110622736e-10,2.0273619735241623e-10,-4.189862901426275e-13
single_15p8V-0p5ns,A,CS,9.216e-07,2.787892659268278e-10,2.7928974573582407e-10,-5.004798089962586e-13
single_15p8V-0p5ns,A,CS,1.024e-06,3.7100431143987487e-10,3.715891716832845e-10,-5.848602434096313e-13
single_15p8V-0p5ns,A,CS,1.1264000000000001e-06,4.802614749125433e-10,4.809313350263279e-10,-6.69860113784541e-13
single_15p8V-0p5ns,A,CS,1.2288e-06,6.080851235868213e-10,6.088454304930063e-10,-7.60306906185009e-13
single_15p8V-0p5ns,A,CS,1.3312e-06,7.565211426201655e-10,7.573691635802983e-10,-8.480209601327545e-13
single_15p8V-0p5ns,A,CS,1.4336000000000001e-06,9.287261265180362e-10,9.296727242761514e-10,-9.46597758115168e-13
single_15p8V-0p5ns,A,CS,1.536e-06,1.1306556292246415e-09,1.1317681399398854e-09,-1.1125107152438676e-12
single_15p8V-0p5ns,A,CS,1.6384e-06,1.3781198689536221e-09,1.3790791180642888e-09,-9.592491106666219e-13
single_15p8V-0p5ns,A,CS,1.7408000000000001e-06,1.7562156917861787e-09,1.7599175022162835e-09,-3.701810430104859e-12
single_15p8V-0p5ns,A,CS,1.8432e-06,5.068306883963541e-09,5.080126120785327e-09,-1.1819236821785963e-11
single_15p8V-0p5ns,A,CS,1.9456e-06,7.028689752918953e-09,7.0385930087430165e-09,-9.903255824063238e-12
single_15p8V-0p5ns,A,CS,2.048e-06,7.94694181285683e-09,7.955919385023221e-09,-8.97757216639123e-12
single_15p8V-0p5ns,A,CS,2.1504e-06,8.462194169398168e-09,8.470887329929824e-09,-8.693160531656186e-12
single_15p8V-0p5ns,A,CS,2.2528000000000003e-06,8.807040635823322e-09,8.815581397143019e-09,-8.540761319697316e-12
single_15p8V-0p5ns,A,CS,2.3552e-06,9.073554692778812e-09,9.082031755642833e-09,-8.47706286402156e-12
single_15p8V-0p5ns,A,CS,2.4576e-06,9.301668189458633e-09,9.310110306643682e-09,-8.44211718504891e-12
single_15p8V-0p5ns,A,CS,2.56e-06,9.509504704683617e-09,9.517928890143645e-09,-8.424185460028007e-12
single_15p8V-0p5ns,A,CS,2.6624e-06,9.703715250245848e-09,9.712116321004047e-09,-8.401070758198818e-12
single_15p8V-0p5ns,A,CS,2.7648e-06,9.884103986490783e-09,9.892450424295906e-09,-8.346437805122297e-12
single_15p8V-0p5ns,A,CS,2.8672000000000003e-06,1.0049265216525804e-08,1.0057533189780532e-08,-8.267973254728099e-12
single_15p8V-0p5ns,A,CS,2.9696e-06,1.0200882180594598e-08,1.0209075765994597e-08,-8.193585399998793e-12
single_15p8V-0p5ns,A,CS,3.072e-06,1.0344807795264534e-08,1.0352961720429738e-08,-8.153925165203507e-12
single_15p8V-0p5ns,A,CS,3.1744e-06,1.0491856727238071e-08,1.049998496302575e-08,-8.128235787678342e-12
single_15p8V-0p5ns,A,CS,3.2768e-06,1.0662235779637942e-08,1.0670477585234014e-08,-8.241805596072182e-12
single_15p8V-0p5ns,A,CS,3.3792e-06,1.087523862605646e-08,1.0883548821876947e-08,-8.310195820486742e-12
single_15p8V-0p5ns,A,CS,3.4816000000000003e-06,1.1135483390210346e-08,1.1143890690671155e-08,-8.407300460809025e-12
single_15p8V-0p5ns,A,CS,3.5840000000000003e-06,1.1450039688921282e-08,1.1458600154261864e-08,-8.560465340582232e-12
single_15p8V-0p5ns,A,CS,3.6864e-06,1.1841473243975974e-08,1.1850191699010234e-08,-8.71845503425995e-12
single_15p8V-0p5ns,A,CS,3.7888e-06,1.2405987107258637e-08,1.2415762845360137e-08,-9.775738101500127e-12
single_15p8V-0p5ns,A,CS,3.8912e-06,1.3116173065967332e-08,1.3124841710396295e-08,-8.668644428963096e-12
single_15p8V-0p5ns,A,CS,3.9936e-06,1.3584337657278162e-08,1.3593244520091719e-08,-8.906862813556621e-12
single_15p8V-0p5ns,A,CS,4.096e-06,1.3911668804757515e-08,1.3920311930687549e-08,-8.643125930033332e-12
single_15p8V-0p5ns,A,CS,4.1984e-06,1.417104170728724e-08,1.4179661588672546e-08,-8.619881385306049e-12
single_15p8V-0p5ns,A,CS,4.3008e-06,1.4394886337868485e-08,1.4403448295061069e-08,-8.561957192584015e-12
single_15p8V-0p5ns,A,CS,4.4032000000000005e-06,1.4597003264015634e-08,1.4605537106659163e-08,-8.533842643528528e-12
single_15p8V-0p5ns,A,CS,4.5056000000000005e-06,1.4781690951400987e-08,1.4790138672440508e-08,-8.447721039520444e-12
single_15p8V-0p5ns,A,CS,4.608e-06,1.4951726122156596e-08,1.49601098201836e-08,-8.383698027002875e-12
single_15p8V-0p5ns,A,CS,4.7104e-06,1.5114619782023196e-08,1.5122966338168972e-08,-8.34655614577619e-12
single_15p8V-0p5ns,A,CS,4.8128e-06,1.5282506439643342e-08,1.5290813897852195e-08,-8.307458208853089e-12
single_15p8V-0p5ns,A,CS,4.9152e-06,1.5477527633379226e-08,1.5485968399050086e-08,-8.440765670860454e-12
single_15p8V-0p5ns,A,CS,5.0176e-06,1.5714049516928352e-08,1.572254425918413e-08,-8.494742255776807e-12
single_15p8V-0p5ns,A,CS,5.12e-06,1.5991794550741592e-08,1.6000373701575467e-08,-8.579150833875113e-12
single_15p8V-0p5ns,A,CS,5.2224e-06,1.6310810678279177e-08,1.6319477094349652e-08,-8.666416070474683e-12
single_15p8V-0p5ns,A,CS,5.3248e-06,1.6673614564326784e-08,1.6682398344557913e-08,-8.783780231128666e-12
single_15p8V-0p5ns,A,CS,5.4272e-06,1.7085192710476352e-08,1.7094114592228613e-08,-8.921881752260228e-12
single_15p8V-0p5ns,A,CS,5.5296e-06,1.7537297353135542e-08,1.7546417708943533e-08,-9.120355807990534e-12
single_15p8V-0p5ns,A,CS,5.6320000000000005e-06,1.7971596111800233e-08,1.7980643526428594e-08,-9.047414628360415e-12
single_15p8V-0p5ns,A,CS,5.7344000000000005e-06,1.8332774822654965e-08,1.8341729320237544e-08,-8.954497582578559e-12
single_15p8V-0p5ns,A,CS,5.836800000000001e-06,1.863924028472999e-08,1.8648127758467146e-08,-8.887473737156985e-12
single_15p8V-0p5ns,A,CS,5.9392e-06,1.8913195120604606e-08,1.8922038905194347e-08,-8.843784589741111e-12
single_15p8V-0p5ns,A,CS,6.0416e-06,1.916780546321313e-08,1.9176615046510043e-08,-8.809583296913086e-12
single_15p8V-0p5ns,A,CS,6.144e-06,1.9411579713309378e-08,1.942036390534289e-08,-8.784192033513827e-12
single_15p8V-0p5ns,A,CS,6.2464e-06,1.9651137409222405e-08,1.9659905496695804e-08,-8.76808747339929e-12
single_15p8V-0p5ns,A,CS,6.3488e-06,1.989245920381075e-08,1.9901224819105364e-08,-8.7656152946142e-12
single_15p8V-0p5ns,A,CS,6.4512e-06,2.0141073129935408e-08,2.0149845300979862e-08,-8.772171044453777e-12
single_15p8V-0p5ns,A,CS,6.5536e-06,2.0400830452001352e-08,2.0409627715896308e-08,-8.79726389495611e-12
single_15p8V-0p5ns,A,CS,6.656e-06,2.067040087323738e-08,2.0679210632950485e-08,-8.80975971310384e-12
single_15p8V-0p5ns,A,CS,6.7584e-06,2.094700870178043e-08,2.09558292300409e-08,-8.82052826047108e-12
single_15p8V-0p5ns,A,CS,6.8608000000000004e-06,2.1228222794803018e-08,2.1237050280187252e-08,-8.827485384234622e-12
single_15p8V-0p5ns,A,CS,6.9632000000000005e-06,2.151204517820714e-08,2.1520876908629635e-08,-8.831730422493161e-12
single_15p8V-0p5ns,A,CS,7.065600000000001e-06,2.1796990983163503e-08,2.1805824729071913e-08,-8.833745908410053e-12
single_15p8V-0p5ns,A,CS,7.168000000000001e-06,2.208206743403553e-08,2.209090167562649e-08,-8.834241590959203e-12
single_15p8V-0p5ns,A,CS,7.2704e-06,2.236670170574894e-08,2.237553551426712e-08,-8.833808518180456e-12
single_15p8V-0p5ns,A,CS,7.3728e-06,2.2650642624062205e-08,2.2659475557027822e-08,-8.832932965617324e-12
single_15p8V-0p5ns,A,CS,7.4752e-06,2.293385722315867e-08,2.294268916270755e-08,-8.831939548879494e-12
single_15p8V-0p5ns,A,CS,7.5776e-06,2.3216438381348422e-08,2.3225269449953753e-08,-8.831068605330339e-12
single_15p8V-0p5ns,A,CS,7.680000000000001e-06,2.3498533878797494e-08,2.350736416577998e-08,-8.830286982484116e-12
single_15p8V-0p5ns,A,CS,7.7824e-06,2.3780306459508853e-08,2.378913632678441e-08,-8.829867275557712e-12
single_15p8V-0p5ns,A,CS,7.8848e-06,2.40618890088171e-08,2.407071857881958e-08,-8.829570002482583e-12
single_15p8V-0p5ns,A,CS,7.9872e-06,2.4343375482101973e-08,2.4352204901484097e-08,-8.829419382124373e-12
single_15p8V-0p5ns,A,CS,8.0896e-06,2.4624829536563214e-08,2.463365889446802e-08,-8.829357904807242e-12
single_15p8V-0p5ns,A,CS,8.192e-06,2.4906289517582663e-08,2.491511887290642e-08,-8.829355323755577e-12
single_15p8V-0p5ns,A,CS,8.2944e-06,2.518777483662939e-08,2.5196604220099867e-08,-8.829383470478434e-12
single_15p8V-0p5ns,A,CS,8.3968e-06,2.546929206555254e-08,2.5478121489526006e-08,-8.829423973466463e-12
single_15p8V-0p5ns,A,CS,8.4992e-06,2.5750840030073973e-08,2.5759669495145865e-08,-8.829465071892185e-12
single_15p8V-0p5ns,A,CS,8.6016e-06,2.6032413629671108e-08,2.6041243130181793e-08,-8.829500510685289e-12
single_15p8V-0p5ns,A,CS,8.704e-06,2.631400643076382e-08,2.632283595854447e-08,-8.829527780652946e-12
single_15p8V-0p5ns,A,CS,8.806400000000001e-06,2.6595612232760287e-08,2.6604441779484663e-08,-8.829546724376066e-12
single_15p8V-0p5ns,A,CS,8.9088e-06,2.687722586229134e-08,2.6886055420829703e-08,-8.82955853836148e-12
single_15p8V-0p5ns,A,CS,9.011200000000001e-06,2.7158843443556798e-08,2.7167673008413307e-08,-8.829564856509274e-12
single_15p8V-0p5ns,A,CS,9.1136e-06,2.7440462351830204e-08,2.7449291919175898e-08,-8.82956734569426e-12
single_15p8V-0p5ns,A,CS,9.216e-06,2.7722081006421884e-08,2.7730910573868464e-08,-8.829567446580517e-12
single_15p8V-0p5ns,A,CS,9.3184e-06,2.8003698608953827e-08,2.8012528175226492e-08,-8.829566272665644e-12
single_15p8V-0p5ns,A,CS,9.4208e-06,2.8285314890934915e-08,2.8294144455530807e-08,-8.829564595891133e-12
single_15p8V-0p5ns,A,CS,9.5232e-06,2.8566929903063522e-08,2.8575759465960692e-08,-8.829562897169866e-12
single_15p8V-0p5ns,A,CS,9.6256e-06,2.8848543857327265e-08,2.8857373418761748e-08,-8.829561434482932e-12
single_15p8V-0p5ns,A,CS,9.728e-06,2.9130157020035724e-08,2.9138986580345818e-08,-8.829560310093017e-12
single_15p8V-0p5ns,A,CS,9.8304e-06,2.9411769647367745e-08,2.942059920689756e-08,-8.829559529813545e-12
single_15p8V-0p5ns,A,CS,9.932800000000001e-06,2.9693381952791746e-08,2.9702211511835528e-08,-8.82955904378207e-12
single_15p8V-0p5ns,A,CS,1.00352e-05,2.997499409606836e-08,2.9983823654852705e-08,-8.829558784345142e-12
single_15p8V-0p5ns,A,CS,1.0137600000000001e-05,3.025660618527705e-08,3.026543574395966e-08,-8.829558682608544e-12
single_15p8V-0p5ns,A,CS,1.024e-05,3.053821828542226e-08,3.054704784410138e-08,-8.829558679121151e-12
single_15p8V-0p5ns,A,CS,1.0342400000000001e-05,3.08198304292637e-08,3.082865998799169e-08,-8.829558727990982e-12
single_15p8V-0p5ns,A,CS,1.04448e-05,3.110144262774212e-08,3.111027218653954e-08,-8.829558797414596e-12
single_15p8V-0p5ns,A,CS,1.05472e-05,3.138305487867163e-08,3.1391884437539233e-08,-8.829558867605834e-12
single_15p8V-0p5ns,A,CS,1.06496e-05,3.166466717324775e-08,3.167349673217572e-08,-8.829558927970166e-12
single_15p8V-0p5ns,A,CS,1.0752e-05,3.194627950045212e-08,3.195510905942645e-08,-8.829558974331985e-12
single_15p8V-0p5ns,A,CS,1.08544e-05,3.22278918497033e-08,3.2236721408709775e-08,-8.829559006472915e-12
single_15p8V-0p5ns,A,CS,1.09568e-05,3.250950421219371e-08,3.251833377122018e-08,-8.829559026470834e-12
single_15p8V-0p5ns,A,CS,1.10592e-05,3.2791116581337905e-08,3.2799946140375037e-08,-8.829559037131538e-12
single_15p8V-0p5ns,A,CS,1.11616e-05,3.307272895268515e-08,3.308155851172644e-08,-8.82955904129391e-12
single_15p8V-0p5ns,A,CS,1.1264000000000001e-05,3.3354341323561975e-08,3.336317088260338e-08,-8.829559041406407e-12
single_15p8V-0p5ns,A,CS,1.13664e-05,3.363595369262406e-08,3.364478325166343e-08,-8.829559039368234e-12
single_15p8V-0p5ns,A,CS,1.1468800000000001e-05,3.391756605942561e-08,3.3926395618462105e-08,-8.829559036496263e-12
single_15p8V-0p5ns,A,CS,1.15712e-05,3.419917842406067e-08,3.420800798309427e-08,-8.829559033597822e-12
single_15p8V-0p5ns,A,CS,1.1673600000000001e-05,3.448079078689492e-08,3.4489620345926023e-08,-8.829559031103045e-12
single_15p8V-0p5ns,A,CS,1.1776e-05,3.476240314838422e-08,3.477123270741341e-08,-8.829559029190604e-12
single_15p8V-0p5ns,A,CS,1.18784e-05,3.504401550896564e-08,3.505284506799351e-08,-8.829559027867115e-12
single_15p8V-0p5ns,A,CS,1.19808e-05,3.532562786900258e-08,3.533445742802963e-08,-8.829559027053169e-12
single_15p8V-0p5ns,A,CS,1.20832e-05,3.5607240228766486e-08,3.56160697877931e-08,-8.829559026616418e-12
single_15p8V-0p5ns,A,CS,1.21856e-05,3.588885258844065e-08,3.589768214746709e-08,-8.829559026444364e-12
single_15p8V-0p5ns,A,CS,1.2288e-05,3.6170464948135006e-08,3.6179294507161444e-08,-8.829559026437747e-12
single_15p8V-0p5ns,A,CS,1.23904e-05,3.645207730790473e-08,3.6460906866931255e-08,-8.829559026523773e-12
single_15p8V-0p5ns,A,CS,1.24928e-05,3.673368966776798e-08,3.674251922679462e-08,-8.829559026642887e-12
single_15p8V-0p5ns,A,CS,1.2595200000000001e-05,3.7015302027720716e-08,3.702413158674748e-08,-8.829559026762001e-12
single_15p8V-0p5ns,A,CS,1.26976e-05,3.729691438774775e-08,3.730574394677461e-08,-8.829559026861263e-12
single_15p8V-0p5ns,A,CS,1.2800000000000001e-05,3.757852674783022e-08,3.758735630685716e-08,-8.829559026940672e-12
single_15p8V-0p5ns,A,CS,1.29024e-05,3.7860139107950065e-08,3.7868968666977065e-08,-8.82955902700023e-12
single_15p8V-0p5ns,A,CS,1.3004800000000001e-05,3.814175146809231e-08,3.8150581027119345e-08,-8.829559027033317e-12
single_15p8V-0p5ns,A,CS,1.31072e-05,3.842336382824576e-08,3.843219338727281e-08,-8.829559027046551e-12
single_15p8V-0p5ns,A,CS,1.32096e-05,3.8704976188402865e-08,3.871380574742992e-08,-8.829559027053169e-12
single_15p8V-0p5ns,A,CS,1.3312e-05,3.898658854855911e-08,3.899541810758616e-08,-8.829559027053169e-12
single_15p8V-0p5ns,A,CS,1.34144e-05,3.9268200908712214e-08,3.927703046773927e-08,-8.829559027053169e-12
single_15p8V-0p5ns,A,CS,1.35168e-05,3.9549813268861456e-08,3.955864282788851e-08,-8.829559027053169e-12
single_15p8V-0p5ns,A,CS,1.36192e-05,3.9831425629007e-08,3.9840255188034045e-08,-8.829559027046551e-12
single_15p8V-0p5ns,A,CS,1.3721600000000001e-05,4.0113037989149484e-08,4.0121867548176524e-08,-8.829559027039934e-12
single_15p8V-0p5ns,A,CS,1.3824e-05,4.039465034928967e-08,4.040347990831671e-08,-8.829559027039934e-12
single_15p8V-0p5ns,A,CS,1.3926400000000001e-05,4.067626270942831e-08,4.068509226845535e-08,-8.829559027039934e-12
single_15p8V-0p5ns,A,CS,1.40288e-05,4.095787506956605e-08,4.0966704628593087e-08,-8.829559027039934e-12
single_15p8V-0p5ns,A,CS,1.4131200000000001e-05,4.123948742970333e-08,4.124831698873037e-08,-8.829559027039934e-12
single_15p8V-0p5ns,A,CS,1.42336e-05,4.152109978984046e-08,4.15299293488675e-08,-8.829559027039934e-12
single_15p8V-0p5ns,A,CS,1.4336000000000001e-05,4.180271214997764e-08,4.1811541709004674e-08,-8.829559027033317e-12
single_15p8V-0p5ns,A,CS,1.44384e-05,4.2084324510114944e-08,4.209315406914197e-08,-8.829559027026699e-12
single_15p8V-0p5ns,A,CS,1.45408e-05,4.23659368702524e-08,4.2374766429279427e-08,-8.829559027026699e-12
single_15p8V-0p5ns,A,CS,1.46432e-05,4.264754923039002e-08,4.265637878941705e-08,-8.829559027026699e-12
single_15p8V-0p5ns,A,CS,1.47456e-05,4.292916159052775e-08,4.2937991149554775e-08,-8.829559027026699e-12
single_15p8V-0p5ns,A,CS,1.4848e-05,4.3210773950665555e-08,4.321960350969259e-08,-8.829559027033317e-12
single_15p8V-0p5ns,A,CS,1.49504e-05,4.349238631080342e-08,4.350121586983045e-08,-8.829559027026699e-12
single_15p8V-0p5ns,A,CS,1.5052800000000001e-05,4.377399867094133e-08,4.378282822996835e-08,-8.829559027020082e-12
single_15p8V-0p5ns,A,CS,1.51552e-05,4.4055611031079246e-08,4.4064440590106266e-08,-8.829559027020082e-12
single_15p8V-0p5ns,A,CS,1.5257600000000001e-05,4.433722339121718e-08,4.434605295024421e-08,-8.829559027033317e-12
single_15p8V-0p5ns,A,CS,1.5360000000000002e-05,4.461883575135515e-08,4.4627665310382164e-08,-8.829559027013464e-12
single_15p8V-0p5ns,A,CS,1.54624e-05,4.490044811149311e-08,4.490927767052011e-08,-8.82955902700023e-12
single_15p8V-0p5ns,A,CS,1.55648e-05,4.518206047163108e-08,4.519089003065806e-08,-8.829559026980377e-12
single_15p8V-0p5ns,A,CS,1.56672e-05,4.5463672831769054e-08,4.5472502390796014e-08,-8.829559026960525e-12
single_15p8V-0p5ns,A,CS,1.57696e-05,4.574528519190701e-08,4.575411475093396e-08,-8.82955902694729e-12
single_15p8V-0p5ns,A,CS,1.5872e-05,4.602689755204498e-08,4.603572711107191e-08,-8.829559026934055e-12
single_15p8V-0p5ns,A,CS,1.59744e-05,4.630850991218295e-08,4.6317339471209864e-08,-8.829559026914203e-12
single_15p8V-0p5ns,A,CS,1.60768e-05,4.659012227232092e-08,4.6598951831347816e-08,-8.82955902689435e-12
single_15p8V-0p5ns,A,CS,1.61792e-05,4.687173463245889e-08,4.688056419148576e-08,-8.829559026874498e-12
single_15p8V-0p5ns,A,CS,1.62816e-05,4.715334699259685e-08,4.7162176551623714e-08,-8.829559026861263e-12
single_15p8V-0p5ns,A,CS,1.6384e-05,4.743495935273482e-08,4.7443788911761666e-08,-8.829559026848028e-12
single_15p8V-0p5ns,A,CS,1.6486400000000002e-05,4.77165717128728e-08,4.772540127189962e-08,-8.829559026821558e-12
single_15p8V-0p5ns,A,CS,1.65888e-05,4.7998184073010756e-08,4.8007013632037564e-08,-8.829559026808323e-12
single_15p8V-0p5ns,A,CS,1.66912e-05,4.8279796433148734e-08,4.8288625992175516e-08,-8.829559026781854e-12
single_15p8V-0p5ns,A,CS,1.67936e-05,4.85614087932867e-08,4.857023835231347e-08,-8.829559026768619e-12
single_15p8V-0p5ns,A,CS,1.6896000000000002e-05,4.884302115342468e-08,4.885185071245142e-08,-8.829559026742149e-12
single_15p8V-0p5ns,A,CS,1.69984e-05,4.912463351356264e-08,4.9133463072589366e-08,-8.829559026728914e-12
single_15p8V-0p5ns,A,CS,1.71008e-05,4.9406245873700616e-08,4.941507543272732e-08,-8.829559026702444e-12
single_15p8V-0p5ns,A,CS,1.72032e-05,4.968785823383858e-08,4.969668779286527e-08,-8.82955902668921e-12
single_15p8V-0p5ns,A,CS,1.73056e-05,4.996947059397654e-08,4.9978300153003216e-08,-8.829559026675975e-12
single_15p8V-0p5ns,A,CS,1.7408e-05,5.025108295411452e-08,5.025991251314117e-08,-8.829559026649505e-12
single_15p8V-0p5ns,A,CS,1.75104e-05,5.0532695314252484e-08,5.054152487327912e-08,-8.82955902663627e-12
single_15p8V-0p5ns,A,CS,1.7612800000000002e-05,5.081430767439046e-08,5.082313723341707e-08,-8.8295590266098e-12
single_15p8V-0p5ns,A,CS,1.77152e-05,5.109592003452842e-08,5.110474959355502e-08,-8.829559026596565e-12
single_15p8V-0p5ns,A,CS,1.78176e-05,5.13775323946664e-08,5.138636195369297e-08,-8.829559026570095e-12
single_15p8V-0p5ns,A,CS,1.792e-05,5.1659144754804366e-08,5.166797431383092e-08,-8.82955902655686e-12
single_15p8V-0p5ns,A,CS,1.8022400000000002e-05,5.1940757114942345e-08,5.1949586673968875e-08,-8.82955902653039e-12
single_15p8V-0p5ns,A,CS,1.81248e-05,5.2222369475080304e-08,5.223119903410682e-08,-8.829559026517156e-12
single_15p8V-0p5ns,A,CS,1.82272e-05,5.250398183521827e-08,5.251281139424477e-08,-8.829559026503921e-12
single_15p8V-0p5ns,A,CS,1.83296e-05,5.278559419535625e-08,5.2794423754382725e-08,-8.829559026477451e-12
single_15p8V-0p5ns,A,CS,1.8432e-05,5.3067206555494207e-08,5.307603611452067e-08,-8.829559026464216e-12
single_15p8V-0p5ns,A,CS,1.85344e-05,5.3348818915632185e-08,5.335764847465862e-08,-8.829559026437747e-12
single_15p8V-0p5ns,A,CS,1.86368e-05,5.363043127577015e-08,5.3639260834796575e-08,-8.829559026424512e-12
single_15p8V-0p5ns,A,CS,1.8739200000000002e-05,5.391204363590813e-08,5.392087319493453e-08,-8.829559026398042e-12
single_15p8V-0p5ns,A,CS,1.88416e-05,5.419365599604609e-08,5.420248555507247e-08,-8.829559026384807e-12
single_15p8V-0p5ns,A,CS,1.8944e-05,5.447526835618407e-08,5.4484097915210425e-08,-8.829559026358337e-12
single_15p8V-0p5ns,A,CS,1.90464e-05,5.475688071632203e-08,5.476571027534838e-08,-8.829559026345102e-12
single_15p8V-0p5ns,A,CS,1.9148800000000002e-05,5.503849307646e-08,5.504732263548633e-08,-8.829559026331867e-12
single_15p8V-0p5ns,A,CS,1.92512e-05,5.532010543659796e-08,5.5328934995624275e-08,-8.829559026312015e-12
single_15p8V-0p5ns,A,CS,1.93536e-05,5.560171779673593e-08,5.561054735576223e-08,-8.82955902629878e-12
single_15p8V-0p5ns,A,CS,1.9456e-05,5.588333015687391e-08,5.589215971590018e-08,-8.82955902627231e-12
single_15p8V-0p5ns,A,CS,1.9558400000000002e-05,5.616494251701187e-08,5.617377207603813e-08,-8.829559026259076e-12
single_15p8V-0p5ns,A,CS,1.96608e-05,5.644655487714984e-08,5.645538443617608e-08,-8.829559026239223e-12
single_15p8V-0p5ns,A,CS,1.97632e-05,5.6728167237287804e-08,5.673699679631403e-08,-8.829559026225988e-12
single_15p8V-0p5ns,A,CS,1.9865600000000002e-05,5.700977959742578e-08,5.701860915645198e-08,-8.829559026199519e-12
single_15p8V-0p5ns,A,CS,1.9968e-05,5.729139195756374e-08,5.730022151658993e-08,-8.829559026186284e-12
single_15p8V-0p5ns,A,CS,2e-05,5.7379395820106866e-08,5.7388225379133045e-08,-8.829559026179666e-12
pair_excitation-1ns,A,PCHIP,0.0,0.0,0.0,0.0
pair_excitation-1ns,A,PCHIP,1.024e-07,2.4449910762347414e-13,2.604212559151989e-13,-1.592214829172474e-14
pair_excitation-1ns,A,PCHIP,2.048e-07,1.933602828146425e-12,1.976824721948658e-12,-4.3221893802232714e-14
pair_excitation-1ns,A,PCHIP,3.072e-07,6.2569377445486674e-12,6.341073134293919e-12,-8.413538974525197e-14
pair_excitation-1ns,A,PCHIP,4.096e-07,1.4175050264012127e-11,1.4310769942158243e-11,-1.35719678146116e-13
pair_excitation-1ns,A,PCHIP,5.12e-07,2.6463184881709364e-11,2.6658946783220878e-11,-1.957619015115137e-13
pair_excitation-1ns,A,PCHIP,6.144e-07,4.375087014248552e-11,4.401264297759953e-11,-2.6177283511400765e-13
pair_excitation-1ns,A,PCHIP,7.168000000000001e-07,6.654942253904889e-11,6.688200804230093e-11,-3.3258550325204455e-13
pair_excitation-1ns,A,PCHIP,8.192e-07,9.527560305292311e-11,9.568214120221123e-11,-4.065381492881159e-13
pair_excitation-1ns,A,PCHIP,9.216e-07,1.3026718710221591e-10,1.3074965906308574e-10,-4.824719608698205e-13
pair_excitation-1ns,A,PCHIP,1.024e-06,1.7179583512733928e-10,1.7235555982750018e-10,-5.59724700160895e-13
pair_excitation-1ns,A,PCHIP,1.1264000000000001e-06,2.2007864824753868e-10,2.2071555386730296e-10,-6.369056197642733e-13
pair_excitation-1ns,A,PCHIP,1.2288e-06,2.7528474334107217e-10,2.75998717008723e-10,-7.139736676508465e-13
pair_excitation-1ns,A,PCHIP,1.3312e-06,3.375449934058241e-10,3.383350981877182e-10,-7.901047818940895e-13
pair_excitation-1ns,A,PCHIP,1.4336000000000001e-06,4.069578695962247e-10,4.078227610020741e-10,-8.648914058493919e-13
pair_excitation-1ns,A,PCHIP,1.536e-06,4.83596335380794e-10,4.845346435794658e-10,-9.383081986717528e-13
pair_excitation-1ns,A,PCHIP,1.6384e-06,5.675160093118418e-10,5.685255726071514e-10,-1.0095632953095966e-12
pair_excitation-1ns,A,PCHIP,1.7408000000000001e-06,6.587606845580088e-10,6.598397617412493e-10,-1.0790771832405274e-12
pair_excitation-1ns,A,PCHIP,1.8432e-06,7.573726573545239e-10,7.585191685480082e-10,-1.1465111934843173e-12
pair_excitation-1ns,A,PCHIP,1.9456e-06,8.634013094686878e-10,8.646131965696956e-10,-1.2118871010077988e-12
pair_excitation-1ns,A,PCHIP,2.048e-06,9.769148911071467e-10,9.781904505422008e-10,-1.2755594350541404e-12
pair_excitation-1ns,A,PCHIP,2.1504e-06,1.09801642552232e-09,1.0993536630318346e-09,-1.3372375095145063e-12
pair_excitation-1ns,A,PCHIP,2.2528000000000003e-06,1.2268619350280791e-09,1.2282596695335713e-09,-1.3977345054921534e-12
pair_excitation-1ns,A,PCHIP,2.3552e-06,1.3636904397022354e-09,1.3651477536288115e-09,-1.4573139265760378e-12
pair_excitation-1ns,A,PCHIP,2.4576e-06,1.5088658254618467e-09,1.5103825728946652e-09,-1.5167474328185084e-12
pair_excitation-1ns,A,PCHIP,2.56e-06,1.6629465511284994e-09,1.6645240608441197e-09,-1.577509715620249e-12
pair_excitation-1ns,A,PCHIP,2.6624e-06,1.8268099054370003e-09,1.8284511691307701e-09,-1.6412636937698916e-12
pair_excitation-1ns,A,PCHIP,2.7648e-06,2.0018915710966105e-09,2.0036043057654622e-09,-1.7127346688517563e-12
pair_excitation-1ns,A,PCHIP,2.8672000000000003e-06,2.1907251848982447e-09,2.1925279059026445e-09,-1.8027210043997704e-12
pair_excitation-1ns,A,PCHIP,2.9696e-06,2.3984147533519125e-09,2.400342577289409e-09,-1.9278239374963694e-12
pair_excitation-1ns,A,PCHIP,3.072e-06,2.6381742957890406e-09,2.6402675812947184e-09,-2.093285505677835e-12
pair_excitation-1ns,A,PCHIP,3.1744e-06,2.9758164261216754e-09,2.9790091476058e-09,-3.1927214841245443e-12
pair_excitation-1ns,A,PCHIP,3.2768e-06,5.096321171293082e-09,5.109247293237528e-09,-1.292612194444598e-11
pair_excitation-1ns,A,PCHIP,3.3792e-06,6.50568533057487e-09,6.514372993228178e-09,-8.687662653308184e-12
pair_excitation-1ns,A,PCHIP,3.4816000000000003e-06,7.1172444502368825e-09,7.124644966221712e-09,-7.400515984829361e-12
pair_excitation-1ns,A,PCHIP,3.5840000000000003e-06,7.433106798972626e-09,7.439984925211743e-09,-6.878126239116664e-12
pair_excitation-1ns,A,PCHIP,3.6864e-06,7.628941077844883e-09,7.635590242084577e-09,-6.649164239693709e-12
pair_excitation-1ns,A,PCHIP,3.7888e-06,7.771518527160486e-09,7.778069156258837e-09,-6.550629098351478e-12
pair_excitation-1ns,A,PCHIP,3.8912e-06,7.888218632822204e-09,7.894794225999788e-09,-6.5755931775847436e-12
pair_excitation-1ns,A,PCHIP,3.9936e-06,7.989931603883817e-09,7.99627052166182e-09,-6.338917778002983e-12
pair_excitation-1ns,A,PCHIP,4.096e-06,8.076813280306509e-09,8.08293021993598e-09,-6.1169396294714675e-12
pair_excitation-1ns,A,PCHIP,4.1984e-06,8.14507737030403e-09,8.151098926930466e-09,-6.021556626435965e-12
pair_excitation-1ns,A,PCHIP,4.3008e-06,8.195626877987026e-09,8.201607061818203e-09,-5.980183831177159e-12
pair_excitation-1ns,A,PCHIP,4.4032000000000005e-06,8.234945887972258e-09,8.240922369519775e-09,-5.976481547517251e-12
pair_excitation-1ns,A,PCHIP,4.5056000000000005e-06,8.269825646979049e-09,8.27581961404919e-09,-5.993967070141574e-12
pair_excitation-1ns,A,PCHIP,4.608e-06,8.304888926742245e-09,8.3109181627692e-09,-6.029236026956138e-12
pair_excitation-1ns,A,PCHIP,4.7104e-06,8.343036898128877e-09,8.349115235696557e-09,-6.078337567680053e-12
pair_excitation-1ns,A,PCHIP,4.8128e-06,8.386272133488652e-09,8.39241055295535e-09,-6.138419466697773e-12
pair_excitation-1ns,A,PCHIP,4.9152e-06,8.436255333654876e-09,8.442463153977855e-09,-6.2078203229792154e-12
pair_excitation-1ns,A,PCHIP,5.0176e-06,8.494484712392405e-09,8.500767715172466e-09,-6.283002780060803e-12
pair_excitation-1ns,A,PCHIP,5.12e-06,8.561640782634627e-09,8.568000018400812e-09,-6.359235766185111e-12
pair_excitation-1ns,A,PCHIP,5.2224e-06,8.638086779619602e-09,8.644522369703659e-09,-6.435590084056678e-12
pair_excitation-1ns,A,PCHIP,5.3248e-06,8.724129501018708e-09,8.730641541635744e-09,-6.5120406170359985e-12
pair_excitation-1ns,A,PCHIP,5.4272e-06,8.820031116994327e-09,8.826618943988522e-09,-6.587826994194529e-12
pair_excitation-1ns,A,PCHIP,5.5296e-06,8.926025950626282e-09,8.932688620222276e-09,-6.662669595993573e-12
pair_excitation-1ns,A,PCHIP,5.6320000000000005e-06,9.042345055175028e-09,9.0490818233833e-09,-6.736768208271169e-12
pair_excitation-1ns,A,PCHIP,5.7344000000000005e-06,9.169248646965127e-09,9.17605831975672e-09,-6.809672791592994e-12
pair_excitation-1ns,A,PCHIP,5.836800000000001e-06,9.307064480704738e-09,9.313946822019683e-09,-6.882341314945406e-12
pair_excitation-1ns,A,PCHIP,5.9392e-06,9.456245652652904e-09,9.463200882819083e-09,-6.955230166178718e-12
pair_excitation-1ns,A,PCHIP,6.0416e-06,9.617454502371173e-09,9.624484139255045e-09,-7.029636883871847e-12
pair_excitation-1ns,A,PCHIP,6.144e-06,9.791707448527759e-09,9.798815642225588e-09,-7.108193697829442e-12
pair_excitation-1ns,A,PCHIP,6.2464e-06,9.980654851397547e-09,9.987849707702878e-09,-7.194856305331197e-12
pair_excitation-1ns,A,PCHIP,6.3488e-06,1.018719775133469e-08,1.0194499446663764e-08,-7.301695329073094e-12
pair_excitation-1ns,A,PCHIP,6.4512e-06,1.0417195922180184e-08,1.0424638741060104e-08,-7.442818879919568e-12
pair_excitation-1ns,A,PCHIP,6.5536e-06,1.0685963048054519e-08,1.0693643460482763e-08,-7.68041242824461e-12
pair_excitation-1ns,A,PCHIP,6.656e-06,1.1080056043138214e-08,1.1089389612098242e-08,-9.333568960028404e-12
pair_excitation-1ns,A,PCHIP,6.7584e-06,1.284631085368508e-08,1.286265534823476e-08,-1.6344494549679393e-11
pair_excitation-1ns,A,PCHIP,6.8608000000000004e-06,1.3820492615355548e-08,1.383399629362308e-08,-1.3503678267531687e-11
pair_excitation-1ns,A,PCHIP,6.9632000000000005e-06,1.4273741806533201e-08,1.4286374127104301e-08,-1.2632320571100159e-11
pair_excitation-1ns,A,PCHIP,7.065600000000001e-06,1.452667425237638e-08,1.45389418334909e-08,-1.226758111451997e-11
pair_excitation-1ns,A,PCHIP,7.168000000000001e-06,1.4695056722610812e-08,1.470716778072163e-08,-1.2111058110818783e-11
pair_excitation-1ns,A,PCHIP,7.2704e-06,1.4824168196987044e-08,1.4836247142790656e-08,-1.2078945803611733e-11
pair_excitation-1ns,A,PCHIP,7.3728e-06,1.493242941113423e-08,1.4944433005158868e-08,-1.2003594024637372e-11
pair_excitation-1ns,A,PCHIP,7.4752e-06,1.5025841157906675e-08,1.503750370732009e-08,-1.1662549413414304e-11
pair_excitation-1ns,A,PCHIP,7.5776e-06,1.51034732465911e-08,1.511507431326566e-08,-1.1601066674561316e-11
pair_excitation-1ns,A,PCHIP,7.680000000000001e-06,1.516495914188845e-08,1.5176485328088176e-08,-1.1526186199727173e-11
pair_excitation-1ns,A,PCHIP,7.7824e-06,1.5213359175250697e-08,1.522485270271441e-08,-1.1493527463712596e-11
pair_excitation-1ns,A,PCHIP,7.8848e-06,1.525427862141952e-08,1.5265769485596026e-08,-1.1490864176506912e-11
pair_excitation-1ns,A,PCHIP,7.9872e-06,1.5292782509845645e-08,1.5304293258014557e-08,-1.1510748168912387e-11
pair_excitation-1ns,A,PCHIP,8.0896e-06,1.533246587875212e-08,1.53440141359989e-08,-1.1548257246779924e-11
pair_excitation-1ns,A,PCHIP,8.192e-06,1.5375824292500135e-08,1.538742370464979e-08,-1.159941214965371e-11
pair_excitation-1ns,A,PCHIP,8.2944e-06,1.5424778321006534e-08,1.543643927453298e-08,-1.1660953526446967e-11
pair_excitation-1ns,A,PCHIP,8.3968e-06,1.5481081603842682e-08,1.5492814341433583e-08,-1.1732737590901528e-11
pair_excitation-1ns,A,PCHIP,8.4992e-06,1.5546166700429096e-08,1.5557974631388988e-08,-1.1807930959891676e-11
pair_excitation-1ns,A,PCHIP,8.6016e-06,1.5620559211817086e-08,1.5632443034694247e-08,-1.1883822877161875e-11
pair_excitation-1ns,A,PCHIP,8.704e-06,1.5704608066051872e-08,1.5716568248485743e-08,-1.1960182433871009e-11
pair_excitation-1ns,A,PCHIP,8.806400000000001e-06,1.579861144203957e-08,1.5810647314239355e-08,-1.2035872199786645e-11
pair_excitation-1ns,A,PCHIP,8.9088e-06,1.5902828728831486e-08,1.5914939845459793e-08,-1.2111116628306666e-11
pair_excitation-1ns,A,PCHIP,9.011200000000001e-06,1.6017505436998885e-08,1.6029690883564266e-08,-1.2185446565381419e-11
pair_excitation-1ns,A,PCHIP,9.1136e-06,1.614290297607872e-08,1.6155161889435873e-08,-1.2258913357152242e-11
pair_excitation-1ns,A,PCHIP,9.216e-06,1.6279339004455948e-08,1.6291671119864515e-08,-1.2332115408566952e-11
pair_excitation-1ns,A,PCHIP,9.3184e-06,1.642724319385195e-08,1.643964833441933e-08,-1.2405140567377889e-11
pair_excitation-1ns,A,PCHIP,9.4208e-06,1.6587235986976558e-08,1.659971572956803e-08,-1.2479742591472923e-11
pair_excitation-1ns,A,PCHIP,9.5232e-06,1.6760264093811308e-08,1.6772821838955614e-08,-1.2557745144306198e-11
pair_excitation-1ns,A,PCHIP,9.6256e-06,1.694784905895846e-08,1.696049225122069e-08,-1.264319226222856e-11
pair_excitation-1ns,A,PCHIP,9.728e-06,1.7152625361487398e-08,1.7165371305163774e-08,-1.2745943676375375e-11
pair_excitation-1ns,A,PCHIP,9.8304e-06,1.737975243864417e-08,1.739263855909313e-08,-1.2886120448960164e-11
pair_excitation-1ns,A,PCHIP,9.932800000000001e-06,1.7641961059498523e-08,1.7655043890858093e-08,-1.3082831359569888e-11
pair_excitation-1ns,A,PCHIP,1.00352e-05,1.799505566515734e-08,1.8009086559491656e-08,-1.403089433431664e-11
pair_excitation-1ns,A,PCHIP,1.0137600000000001e-05,1.9543155218334367e-08,1.956525422555878e-08,-2.2099007224413747e-11
pair_excitation-1ns,A,PCHIP,1.024e-05,2.0649181192696475e-08,2.0667602907245557e-08,-1.8421714549082252e-11
pair_excitation-1ns,A,PCHIP,1.0342400000000001e-05,2.1150833691153e-08,2.116826078133232e-08,-1.7427090179319598e-11
pair_excitation-1ns,A,PCHIP,1.04448e-05,2.1423270945647583e-08,2.1440284900679944e-08,-1.701395503236144e-11
pair_excitation-1ns,A,PCHIP,1.05472e-05,2.1600248885587433e-08,2.1617090324939606e-08,-1.6841439352173154e-11
pair_excitation-1ns,A,PCHIP,1.06496e-05,2.1733343198146398e-08,2.1750138006770328e-08,-1.6794808623930482e-11
pair_excitation-1ns,A,PCHIP,1.0752e-05,2.1843464563806684e-08,2.18602074368278e-08,-1.6742873021115733e-11
pair_excitation-1ns,A,PCHIP,1.08544e-05,2.193872412557762e-08,2.1955114059381384e-08,-1.6389933803763247e-11
pair_excitation-1ns,A,PCHIP,1.09568e-05,2.2019856466966364e-08,2.2036207588875545e-08,-1.635112190918153e-11
pair_excitation-1ns,A,PCHIP,1.10592e-05,2.2086649386514033e-08,2.2102918052355603e-08,-1.626866584156956e-11
pair_excitation-1ns,A,PCHIP,1.11616e-05,2.21405355680522e-08,2.2156754739878378e-08,-1.6219171826177387e-11
pair_excitation-1ns,A,PCHIP,1.1264000000000001e-05,2.2185781982348688e-08,2.220198549648165e-08,-1.620351413296174e-11
pair_excitation-1ns,A,PCHIP,1.13664e-05,2.2227200959465138e-08,2.2243414456514908e-08,-1.621349704976953e-11
pair_excitation-1ns,A,PCHIP,1.1468800000000001e-05,2.226861554279864e-08,2.2284858864030836e-08,-1.6243321232195787e-11
pair_excitation-1ns,A,PCHIP,1.15712e-05,2.2312794068240246e-08,2.2329082454748574e-08,-1.6288386508327756e-11
pair_excitation-1ns,A,PCHIP,1.1673600000000001e-05,2.236184719971329e-08,2.2378192487021606e-08,-1.6345287308317227e-11
pair_excitation-1ns,A,PCHIP,1.1776e-05,2.2417623371887958e-08,2.24340361747114e-08,-1.6412802823442894e-11
pair_excitation-1ns,A,PCHIP,1.18784e-05,2.2481889891048257e-08,2.2498377352038187e-08,-1.6487460989930537e-11
pair_excitation-1ns,A,PCHIP,1.19808e-05,2.255548750978199e-08,2.2572050534274708e-08,-1.6563024492717764e-11
pair_excitation-1ns,A,PCHIP,1.20832e-05,2.2638791650913603e-08,2.2655430633923274e-08,-1.6638983009670667e-11
pair_excitation-1ns,A,PCHIP,1.21856e-05,2.2732122573257192e-08,2.2748837324317856e-08,-1.6714751060664233e-11
pair_excitation-1ns,A,PCHIP,1.2288e-05,2.2835757767314923e-08,2.28525479726668e-08,-1.6790205351877136e-11
pair_excitation-1ns,A,PCHIP,1.23904e-05,2.2949954648955675e-08,2.2966819191882094e-08,-1.6864542926419673e-11
pair_excitation-1ns,A,PCHIP,1.24928e-05,2.3074979380789766e-08,2.3091917738832177e-08,-1.6938358042411195e-11
pair_excitation-1ns,A,PCHIP,1.2595200000000001e-05,2.32111498280108e-08,2.3228161467584004e-08,-1.7011639573203747e-11
pair_excitation-1ns,A,PCHIP,1.26976e-05,2.335888960198478e-08,2.3375974618917054e-08,-1.7085016932274692e-11
pair_excitation-1ns,A,PCHIP,1.2800000000000001e-05,2.351880868562459e-08,2.3535968617819055e-08,-1.715993219446412e-11
pair_excitation-1ns,A,PCHIP,1.29024e-05,2.3691836184842685e-08,2.3709074033653484e-08,-1.72378488107988e-11
pair_excitation-1ns,A,PCHIP,1.3004800000000001e-05,2.3879461722115995e-08,2.389678501953973e-08,-1.7323297423734314e-11
pair_excitation-1ns,A,PCHIP,1.31072e-05,2.4084257274064344e-08,2.4101682261073326e-08,-1.742498700898214e-11
pair_excitation-1ns,A,PCHIP,1.32096e-05,2.4311219135163405e-08,2.4328783907714655e-08,-1.756477255124963e-11
pair_excitation-1ns,A,PCHIP,1.3312e-05,2.4572494288249714e-08,2.4590249112760133e-08,-1.7754824510418837e-11
pair_excitation-1ns,A,PCHIP,1.34144e-05,2.491847983418076e-08,2.4937078861629858e-08,-1.8599027449098178e-11
pair_excitation-1ns,A,PCHIP,1.35168e-05,2.6381758325658056e-08,2.640855147640174e-08,-2.6793150743685248e-11
pair_excitation-1ns,A,PCHIP,1.36192e-05,2.751892941105927e-08,2.7541819279969136e-08,-2.2889868909866685e-11
pair_excitation-1ns,A,PCHIP,1.3721600000000001e-05,2.803192742823674e-08,2.8053790506692737e-08,-2.1863078455997732e-11
pair_excitation-1ns,A,PCHIP,1.3824e-05,2.8308898464952365e-08,2.8330336977897527e-08,-2.143851294516133e-11
pair_excitation-1ns,A,PCHIP,1.3926400000000001e-05,2.8487852963179828e-08,2.8509118330310866e-08,-2.126536713103791e-11
pair_excitation-1ns,A,PCHIP,1.40288e-05,2.8621749923562317e-08,2.8642976096694352e-08,-2.122617313203547e-11
pair_excitation-1ns,A,PCHIP,1.4131200000000001e-05,2.8731780428480267e-08,2.8752901628413304e-08,-2.1121199933037657e-11
pair_excitation-1ns,A,PCHIP,1.42336e-05,2.8826847130995546e-08,2.8847671432272196e-08,-2.0824301276649942e-11
pair_excitation-1ns,A,PCHIP,1.4336000000000001e-05,2.8909059037922757e-08,2.892984886940037e-08,-2.0789831477613568e-11
pair_excitation-1ns,A,PCHIP,1.44384e-05,2.8978571874616724e-08,2.8999279794464468e-08,-2.070791984774403e-11
pair_excitation-1ns,A,PCHIP,1.45408e-05,2.9036074475370692e-08,2.905672440701516e-08,-2.0649931644469204e-11
pair_excitation-1ns,A,PCHIP,1.46432e-05,2.908476766404882e-08,2.9105393488561723e-08,-2.0625824512902364e-11
pair_excitation-1ns,A,PCHIP,1.47456e-05,2.912896175270746e-08,2.914959080389257e-08,-2.0629051185110625e-11
pair_excitation-1ns,A,PCHIP,1.4848e-05,2.917244288306747e-08,2.9193096413367427e-08,-2.065353029995775e-11
pair_excitation-1ns,A,PCHIP,1.49504e-05,2.9218095245323133e-08,2.923878952374401e-08,-2.069427842087695e-11
pair_excitation-1ns,A,PCHIP,1.5052800000000001e-05,2.92681549233769e-08,2.9288902870155637e-08,-2.0747946778735897e-11
pair_excitation-1ns,A,PCHIP,1.51552e-05,2.9324562502808563e-08,2.9345374947058227e-08,-2.0812444249663316e-11
pair_excitation-1ns,A,PCHIP,1.5257600000000001e-05,2.9389234951093047e-08,2.941012145877245e-08,-2.0886507679401744e-11
pair_excitation-1ns,A,PCHIP,1.5360000000000002e-05,2.9463295060239797e-08,2.9484256911387073e-08,-2.0961851147275592e-11
pair_excitation-1ns,A,PCHIP,1.54624e-05,2.954714911902396e-08,2.9568186530302136e-08,-2.1037411278176857e-11
pair_excitation-1ns,A,PCHIP,1.55648e-05,2.964113240950057e-08,2.966224559801347e-08,-2.111318851290016e-11
pair_excitation-1ns,A,PCHIP,1.56672e-05,2.9745536313819548e-08,2.976672476209191e-08,-2.1188448272362493e-11
pair_excitation-1ns,A,PCHIP,1.57696e-05,2.986062845981752e-08,2.988189141877288e-08,-2.126295895536264e-11
pair_excitation-1ns,A,PCHIP,1.5872e-05,2.9986684525180956e-08,3.0008021537834684e-08,-2.1337012653728135e-11
pair_excitation-1ns,A,PCHIP,1.59744e-05,3.0124032255179484e-08,3.014544257428906e-08,-2.1410319109573582e-11
pair_excitation-1ns,A,PCHIP,1.60768e-05,3.027310761640269e-08,3.029459172358522e-08,-2.1484107182529486e-11
pair_excitation-1ns,A,PCHIP,1.61792e-05,3.043454191690335e-08,3.045610121102309e-08,-2.1559294119743694e-11
pair_excitation-1ns,A,PCHIP,1.62816e-05,3.060929999244883e-08,3.0630938030051774e-08,-2.1638037602944628e-11
pair_excitation-1ns,A,PCHIP,1.6384e-05,3.0798939682782645e-08,3.082066453350771e-08,-2.172485072506775e-11
pair_excitation-1ns,A,PCHIP,1.6486400000000002e-05,3.1006173425641446e-08,3.102800224325969e-08,-2.182881761824244e-11
pair_excitation-1ns,A,PCHIP,1.65888e-05,3.12363457545656e-08,3.125831481152435e-08,-2.196905695874891e-11
pair_excitation-1ns,A,PCHIP,1.66912e-05,3.1502761408203184e-08,3.152494366461748e-08,-2.2182256414293802e-11
pair_excitation-1ns,A,PCHIP,1.67936e-05,3.186572244137788e-08,3.1888934378003554e-08,-2.32119366256775e-11
pair_excitation-1ns,A,PCHIP,1.6896000000000002e-05,3.340055940284483e-08,3.3431463164992524e-08,-3.090376214769357e-11
pair_excitation-1ns,A,PCHIP,1.69984e-05,3.4444766873945176e-08,3.447225216701152e-08,-2.7485293066342176e-11
pair_excitation-1ns,A,PCHIP,1.71008e-05,3.492375401171333e-08,3.4950299891867584e-08,-2.6545880154252978e-11
pair_excitation-1ns,A,PCHIP,1.72032e-05,3.5187087889463515e-08,3.5213244052328356e-08,-2.6156162864841304e-11
pair_excitation-1ns,A,PCHIP,1.73056e-05,3.536002802333192e-08,3.538603134377354e-08,-2.600332044161727e-11
pair_excitation-1ns,A,PCHIP,1.7408e-05,3.5490745348864156e-08,3.5516753500844736e-08,-2.6008151980579572e-11
pair_excitation-1ns,A,PCHIP,1.75104e-05,3.559813622622465e-08,3.5623863909539116e-08,-2.57276833144673e-11
pair_excitation-1ns,A,PCHIP,1.7612800000000002e-05,3.569074275185236e-08,3.5716331536959705e-08,-2.5588785107345272e-11
pair_excitation-1ns,A,PCHIP,1.77152e-05,3.577228712901924e-08,3.5797833547714457e-08,-2.5546418695218905e-11
pair_excitation-1ns,A,PCHIP,1.78176e-05,3.584313515090442e-08,3.586860293002949e-08,-2.5467779125073645e-11
pair_excitation-1ns,A,PCHIP,1.792e-05,3.590350192521288e-08,3.592890890949662e-08,-2.5406984283736376e-11
pair_excitation-1ns,A,PCHIP,1.8022400000000002e-05,3.595563925077336e-08,3.5981017011016304e-08,-2.537776024294679e-11
pair_excitation-1ns,A,PCHIP,1.81248e-05,3.600316946923321e-08,3.602854565117897e-08,-2.5376181945756804e-11
pair_excitation-1ns,A,PCHIP,1.82272e-05,3.6049624124219646e-08,3.607502064137894e-08,-2.53965171592969e-11
pair_excitation-1ns,A,PCHIP,1.83296e-05,3.609787287677526e-08,3.61233068396059e-08,-2.5433962830640434e-11
pair_excitation-1ns,A,PCHIP,1.8432e-05,3.615022967273176e-08,3.617571476842521e-08,-2.5485095693455544e-11
pair_excitation-1ns,A,PCHIP,1.85344e-05,3.620873876080847e-08,3.6234286226103174e-08,-2.5547465294707038e-11
pair_excitation-1ns,A,PCHIP,1.86368e-05,3.627545778148119e-08,3.630107872650197e-08,-2.5620945020783463e-11
pair_excitation-1ns,A,PCHIP,1.8739200000000002e-05,3.6351708856216075e-08,3.6377404674595964e-08,-2.569581837988903e-11
pair_excitation-1ns,A,PCHIP,1.88416e-05,3.643792866245469e-08,3.646369991147989e-08,-2.577124902519783e-11
pair_excitation-1ns,A,PCHIP,1.8944e-05,3.653446546755236e-08,3.656031242433944e-08,-2.5846956787076202e-11
pair_excitation-1ns,A,PCHIP,1.90464e-05,3.664162301633458e-08,3.6667544936265137e-08,-2.592191993055583e-11
pair_excitation-1ns,A,PCHIP,1.9148800000000002e-05,3.675968146227868e-08,3.678567797064682e-08,-2.5996508368139822e-11
pair_excitation-1ns,A,PCHIP,1.92512e-05,3.688893431656753e-08,3.691500478249203e-08,-2.6070465924500477e-11
pair_excitation-1ns,A,PCHIP,1.93536e-05,3.702973505016933e-08,3.705587919317666e-08,-2.6144143007327935e-11
pair_excitation-1ns,A,PCHIP,1.9456e-05,3.718256291892344e-08,3.720878151470718e-08,-2.62185957837379e-11
pair_excitation-1ns,A,PCHIP,1.9558400000000002e-05,3.7348122282813055e-08,3.7374416927188e-08,-2.6294644374945345e-11
pair_excitation-1ns,A,PCHIP,1.96608e-05,3.752750529656637e-08,3.7553880737905896e-08,-2.6375441339522656e-11
pair_excitation-1ns,A,PCHIP,1.97632e-05,3.772251086562238e-08,3.774897667210622e-08,-2.646580648384129e-11
pair_excitation-1ns,A,PCHIP,1.9865600000000002e-05,3.793635732823837e-08,3.7962936258042506e-08,-2.657892980413533e-11
pair_excitation-1ns,A,PCHIP,1.9968e-05,3.8175717516147e-08,3.820244090731844e-08,-2.6723391171440457e-11
pair_excitation-1ns,A,PCHIP,2e-05,3.8257913816540376e-08,3.828470631612913e-08,-2.679249958875148e-11
pair_excitation-1ns,B,PCHIP,0.0,0.0,0.0,0.0
pair_excitation-1ns,B,PCHIP,1.024e-07,1.7852656871196654e-13,1.9016613789657053e-13,-1.1639569184603988e-14
pair_excitation-1ns,B,PCHIP,2.048e-07,1.4116774132767953e-12,1.4432591849822696e-12,-3.158177170547429e-14
pair_excitation-1ns,B,PCHIP,3.072e-07,4.566164606022527e-12,4.627616276009204e-12,-6.145166998667688e-14
pair_excitation-1ns,B,PCHIP,4.096e-07,1.0337617214651315e-11,1.043669952728894e-11,-9.908231263762514e-14
pair_excitation-1ns,B,PCHIP,5.12e-07,1.928104596259941e-11,1.942388413146929e-11,-1.4283816886988078e-13
pair_excitation-1ns,B,PCHIP,6.144e-07,3.183910244816469e-11,3.2029986176359246e-11,-1.9088372819455882e-13
pair_excitation-1ns,B,PCHIP,7.168000000000001e-07,4.836215522489906e-11,4.8604504184758914e-11,-2.4234895985985504e-13
pair_excitation-1ns,B,PCHIP,8.192e-07,6.912590761847e-11,6.942191435173762e-11,-2.960067332676147e-13
pair_excitation-1ns,B,PCHIP,9.216e-07,9.434325557504331e-11,9.469425451004285e-11,-3.509989349995326e-13
pair_excitation-1ns,B,PCHIP,1.024e-06,1.2417415987608935e-10,1.2458098915134093e-10,-4.068292752515867e-13
pair_excitation-1ns,B,PCHIP,1.1264000000000001e-06,1.5873442564374795e-10,1.5919690283451136e-10,-4.624771907634035e-13
pair_excitation-1ns,B,PCHIP,1.2288e-06,1.9810066839796204e-10,1.9861856551700158e-10,-5.178971190395453e-13
pair_excitation-1ns,B,PCHIP,1.3312e-06,2.423172804645025e-10,2.4288975842816187e-10,-5.724779636593967e-13
pair_excitation-1ns,B,PCHIP,1.4336000000000001e-06,2.914002292779596e-10,2.920261359086569e-10,-6.259066306972777e-13
pair_excitation-1ns,B,PCHIP,1.536e-06,3.4534118024612087e-10,3.4601931800388164e-10,-6.781377577607673e-13
pair_excitation-1ns,B,PCHIP,1.6384e-06,4.0411197749424937e-10,4.0484055193386787e-10,-7.285744396184985e-13
pair_excitation-1ns,B,PCHIP,1.7408000000000001e-06,4.676665710354704e-10,4.684440412367392e-10,-7.774702012688333e-13
pair_excitation-1ns,B,PCHIP,1.8432e-06,5.359454884611172e-10,5.367700148777445e-10,-8.24526416627344e-13
pair_excitation-1ns,B,PCHIP,1.9456e-06,6.088779119869565e-10,6.097475919493559e-10,-8.696799623994087e-13
pair_excitation-1ns,B,PCHIP,2.048e-06,6.863844226015722e-10,6.872974893742497e-10,-9.130667726775778e-13
pair_excitation-1ns,B,PCHIP,2.1504e-06,7.6838027557395e-10,7.693346198140194e-10,-9.543442400693795e-13
pair_excitation-1ns,B,PCHIP,2.2528000000000003e-06,8.547767812045416e-10,8.557706364092304e-10,-9.938552046887606e-13
pair_excitation-1ns,B,PCHIP,2.3552e-06,9.454850255528677e-10,9.465165034343496e-10,-1.031477881481803e-12
pair_excitation-1ns,B,PCHIP,2.4576e-06,1.0404179423831524e-09,1.0414852159727418e-09,-1.0672735895894722e-12
pair_excitation-1ns,B,PCHIP,2.56e-06,1.1394934189125583e-09,1.14059487579496e-09,-1.1014568824017832e-12
pair_excitation-1ns,B,PCHIP,2.6624e-06,1.2426386298316585e-09,1.2437724975001007e-09,-1.1338676684421874e-12
pair_excitation-1ns,B,PCHIP,2.7648e-06,1.34979437875504e-09,1.3509592780945071e-09,-1.1648993394670553e-12
pair_excitation-1ns,B,PCHIP,2.8672000000000003e-06,1.460924307903425e-09,1.4621189268846768e-09,-1.1946189812517788e-12
pair_excitation-1ns,B,PCHIP,2.9696e-06,1.5760297530598185e-09,1.57725308871203e-09,-1.22333565221143e-12
pair_excitation-1ns,B,PCHIP,3.072e-06,1.695184858782506e-09,1.6964366691039314e-09,-1.2518103214253966e-12
pair_excitation-1ns,B,PCHIP,3.1744e-06,1.8186517422408716e-09,1.8199366993491524e-09,-1.2849571082807918e-12
pair_excitation-1ns,B,PCHIP,3.2768e-06,1.9491087067660985e-09,1.9505151342048366e-09,-1.406427438738132e-12
pair_excitation-1ns,B,PCHIP,3.3792e-06,2.1096501244766318e-09,2.111178310185119e-09,-1.528185708487406e-12
pair_excitation-1ns,B,PCHIP,3.4816000000000003e-06,2.3755523009434107e-09,2.3782016288071215e-09,-2.6493278637108385e-12
pair_excitation-1ns,B,PCHIP,3.5840000000000003e-06,4.034195843950856e-09,4.044010271146538e-09,-9.814427195682026e-12
pair_excitation-1ns,B,PCHIP,3.6864e-06,5.148693781626704e-09,5.155229765737942e-09,-6.53598411123751e-12
pair_excitation-1ns,B,PCHIP,3.7888e-06,5.625761319065453e-09,5.631274397374374e-09,-5.513078308921038e-12
pair_excitation-1ns,B,PCHIP,3.8912e-06,5.868266925867543e-09,5.8733703904465235e-09,-5.10346457898031e-12
pair_excitation-1ns,B,PCHIP,3.9936e-06,6.0162661412749365e-09,6.021205511413788e-09,-4.9393701388514385e-12
pair_excitation-1ns,B,PCHIP,4.096e-06,6.121882716644646e-09,6.126889283164695e-09,-5.006566520049497e-12
pair_excitation-1ns,B,PCHIP,4.1984e-06,6.203456823569585e-09,6.207977708907134e-09,-4.5208853375488475e-12
pair_excitation-1ns,B,PCHIP,4.3008e-06,6.260409519543566e-09,6.264738458576322e-09,-4.328939032756573e-12
pair_excitation-1ns,B,PCHIP,4.4032000000000005e-06,6.295520290218612e-09,6.299878125842329e-09,-4.35783562371708e-12
pair_excitation-1ns,B,PCHIP,4.5056000000000005e-06,6.319647334536023e-09,6.324029950106428e-09,-4.382615570405248e-12
pair_excitation-1ns,B,PCHIP,4.608e-06,6.340648122375758e-09,6.345053909804512e-09,-4.405787428753786e-12
pair_excitation-1ns,B,PCHIP,4.7104e-06,6.362323741273638e-09,6.36676112590678e-09,-4.437384633141543e-12
pair_excitation-1ns,B,PCHIP,4.8128e-06,6.386581034785067e-09,6.391058263983364e-09,-4.47722919829638e-12
pair_excitation-1ns,B,PCHIP,4.9152e-06,6.414571730201786e-09,6.419094961130561e-09,-4.523230928775366e-12
pair_excitation-1ns,B,PCHIP,5.0176e-06,6.4471523357459066e-09,6.451726274900563e-09,-4.573939154656042e-12
pair_excitation-1ns,B,PCHIP,5.12e-06,6.48506353173665e-09,6.489691883432013e-09,-4.628351695363436e-12
pair_excitation-1ns,B,PCHIP,5.2224e-06,6.528727303592484e-09,6.533410300855324e-09,-4.682997262840073e-12
pair_excitation-1ns,B,PCHIP,5.3248e-06,6.578313510076423e-09,6.583051331972583e-09,-4.7378218961596985e-12
pair_excitation-1ns,B,PCHIP,5.4272e-06,6.633941716072764e-09,6.638733846808145e-09,-4.792130735381057e-12
pair_excitation-1ns,B,PCHIP,5.5296e-06,6.69568799924197e-09,6.700533531275961e-09,-4.845532033991405e-12
pair_excitation-1ns,B,PCHIP,5.6320000000000005e-06,6.763590575086755e-09,6.768488495837734e-09,-4.897920750979176e-12
pair_excitation-1ns,B,PCHIP,5.7344000000000005e-06,6.83765712805841e-09,6.842605787819202e-09,-4.948659760791666e-12
pair_excitation-1ns,B,PCHIP,5.836800000000001e-06,6.9178703211489795e-09,6.922868308355023e-09,-4.997987206043857e-12
pair_excitation-1ns,B,PCHIP,5.9392e-06,7.004196280888263e-09,7.0092418875773936e-09,-5.04560668913038e-12
pair_excitation-1ns,B,PCHIP,6.0416e-06,7.0965910545852715e-09,7.1016825359167e-09,-5.09148133142868e-12
pair_excitation-1ns,B,PCHIP,6.144e-06,7.1950084031772754e-09,7.200144206079297e-09,-5.135802902021886e-12
pair_excitation-1ns,B,PCHIP,6.2464e-06,7.29940958734254e-09,7.304587897272906e-09,-5.178309930366587e-12
pair_excitation-1ns,B,PCHIP,6.3488e-06,7.409774471163416e-09,7.414993974741762e-09,-5.219503578346473e-12
pair_excitation-1ns,B,PCHIP,6.4512e-06,7.526122858490007e-09,7.531382390605962e-09,-5.2595321159546995e-12
pair_excitation-1ns,B,PCHIP,6.5536e-06,7.648556500018288e-09,7.65385559559387e-09,-5.299095575583055e-12
pair_excitation-1ns,B,PCHIP,6.656e-06,7.777397228148647e-09,7.782740097058292e-09,-5.342868909644916e-12
pair_excitation-1ns,B,PCHIP,6.7584e-06,7.915602442339662e-09,7.921037440485992e-09,-5.434998146330012e-12
pair_excitation-1ns,B,PCHIP,6.8608000000000004e-06,8.07762876318694e-09,8.083199578583675e-09,-5.570815396735285e-12
pair_excitation-1ns,B,PCHIP,6.9632000000000005e-06,8.281932122321226e-09,8.287755905899463e-09,-5.823783578236683e-12
pair_excitation-1ns,B,PCHIP,7.065600000000001e-06,8.584454125588725e-09,8.591301847957837e-09,-6.847722369111872e-12
pair_excitation-1ns,B,PCHIP,7.168000000000001e-06,9.904159424552802e-09,9.917036712499034e-09,-1.2877287946231913e-11
pair_excitation-1ns,B,PCHIP,7.2704e-06,1.0810676687499079e-08,1.0820701866537198e-08,-1.0025179038119487e-11
pair_excitation-1ns,B,PCHIP,7.3728e-06,1.1213064018256399e-08,1.1222265169812862e-08,-9.201151556463452e-12
pair_excitation-1ns,B,PCHIP,7.4752e-06,1.142633488574884e-08,1.1435204605435541e-08,-8.869719686701812e-12
pair_excitation-1ns,B,PCHIP,7.5776e-06,1.1561482708993452e-08,1.1570267956615333e-08,-8.785247621881033e-12
pair_excitation-1ns,B,PCHIP,7.680000000000001e-06,1.1658950469916437e-08,1.1667735486862419e-08,-8.785016945982252e-12
pair_excitation-1ns,B,PCHIP,7.7824e-06,1.1729096915989853e-08,1.1737183886502105e-08,-8.086970512252342e-12
pair_excitation-1ns,B,PCHIP,7.8848e-06,1.1772151665930394e-08,1.1780295243368922e-08,-8.143577438528277e-12
pair_excitation-1ns,B,PCHIP,7.9872e-06,1.179935225517142e-08,1.1807529356841624e-08,-8.177101670204394e-12
pair_excitation-1ns,B,PCHIP,8.0896e-06,1.1820980337811264e-08,1.1829179848440078e-08,-8.199510628814142e-12
pair_excitation-1ns,B,PCHIP,8.192e-06,1.1842226359225517e-08,1.1850454690904674e-08,-8.228331679157088e-12
pair_excitation-1ns,B,PCHIP,8.2944e-06,1.1865537360329237e-08,1.1873803092152595e-08,-8.265731823358171e-12
pair_excitation-1ns,B,PCHIP,8.3968e-06,1.1892276258495402e-08,1.1900586370619702e-08,-8.310112124299301e-12
pair_excitation-1ns,B,PCHIP,8.4992e-06,1.192338948130851e-08,1.1931749134459995e-08,-8.35965315148581e-12
pair_excitation-1ns,B,PCHIP,8.6016e-06,1.1959674160692987e-08,1.1968087554668024e-08,-8.413393975036679e-12
pair_excitation-1ns,B,PCHIP,8.704e-06,1.200167091012254e-08,1.2010139202015162e-08,-8.468291892622024e-12
pair_excitation-1ns,B,PCHIP,8.806400000000001e-06,1.2049584897209426e-08,1.2058107991914606e-08,-8.523094705180961e-12
pair_excitation-1ns,B,PCHIP,8.9088e-06,1.2103552363168008e-08,1.2112130102890379e-08,-8.577739722370733e-12
pair_excitation-1ns,B,PCHIP,9.011200000000001e-06,1.2163664846918109e-08,1.217229643583683e-08,-8.63158891872155e-12
pair_excitation-1ns,B,PCHIP,9.1136e-06,1.2229973952901306e-08,1.2238658263770234e-08,-8.68431086892716e-12
pair_excitation-1ns,B,PCHIP,9.216e-06,1.2302498146453035e-08,1.2311234001485714e-08,-8.735855032678964e-12
pair_excitation-1ns,B,PCHIP,9.3184e-06,1.2381230907864194e-08,1.2390016553703082e-08,-8.785645838888387e-12
pair_excitation-1ns,B,PCHIP,9.4208e-06,1.2466147028051353e-08,1.2474980995716835e-08,-8.833967665482034e-12
pair_excitation-1ns,B,PCHIP,9.5232e-06,1.255721209496327e-08,1.2566092678188661e-08,-8.880583225391214e-12
pair_excitation-1ns,B,PCHIP,9.6256e-06,1.2654390790919713e-08,1.2663316309960378e-08,-8.925519040665071e-12
pair_excitation-1ns,B,PCHIP,9.728e-06,1.2757658377986311e-08,1.276662742831652e-08,-8.969050330208358e-12
pair_excitation-1ns,B,PCHIP,9.8304e-06,1.2867018731883772e-08,1.2876029801226299e-08,-9.011069342526412e-12
pair_excitation-1ns,B,PCHIP,9.932800000000001e-06,1.2982537057568704e-08,1.2991589479346023e-08,-9.052421777318429e-12
pair_excitation-1ns,B,PCHIP,1.00352e-05,1.310443880268155e-08,1.3113534234295303e-08,-9.095431613753699e-12
pair_excitation-1ns,B,PCHIP,1.0137600000000001e-05,1.3234361730969865e-08,1.3243529208130886e-08,-9.167477161021243e-12
pair_excitation-1ns,B,PCHIP,1.024e-05,1.338302276149147e-08,1.339233873175207e-08,-9.31597026059887e-12
pair_excitation-1ns,B,PCHIP,1.0342400000000001e-05,1.3563499408303107e-08,1.357294002611299e-08,-9.440617809881948e-12
pair_excitation-1ns,B,PCHIP,1.04448e-05,1.3792676405779727e-08,1.380246173422862e-08,-9.785328448892737e-12
pair_excitation-1ns,B,PCHIP,1.05472e-05,1.4184807412140603e-08,1.4196959927106648e-08,-1.2152514966044174e-11
pair_excitation-1ns,B,PCHIP,1.06496e-05,1.563080623575124e-08,1.5647047392384393e-08,-1.624115663315295e-11
pair_excitation-1ns,B,PCHIP,1.0752e-05,1.6340212486322078e-08,1.6354539955668994e-08,-1.4327469346916082e-11
pair_excitation-1ns,B,PCHIP,1.08544e-05,1.6670520084223318e-08,1.668421551151526e-08,-1.3695427291942378e-11
pair_excitation-1ns,B,PCHIP,1.09568e-05,1.6854890656421718e-08,1.6868334201142823e-08,-1.3443544721105179e-11
pair_excitation-1ns,B,PCHIP,1.10592e-05,1.697687048981348e-08,1.699032646744915e-08,-1.3455977635671262e-11
pair_excitation-1ns,B,PCHIP,1.11616e-05,1.7066011697072e-08,1.707907852902545e-08,-1.3066831953450689e-11
pair_excitation-1ns,B,PCHIP,1.1264000000000001e-05,1.7126407648397806e-08,1.7139135767039207e-08,-1.2728118641401046e-11
pair_excitation-1ns,B,PCHIP,1.13664e-05,1.7162489396819082e-08,1.717526454482589e-08,-1.2775148006807539e-11
pair_excitation-1ns,B,PCHIP,1.1468800000000001e-05,1.7186834029913105e-08,1.7199636853429685e-08,-1.2802823516580889e-11
pair_excitation-1ns,B,PCHIP,1.15712e-05,1.7207927571715778e-08,1.7220754231258093e-08,-1.2826659542315856e-11
pair_excitation-1ns,B,PCHIP,1.1673600000000001e-05,1.722972522486081e-08,1.7242583985385635e-08,-1.2858760524826404e-11
pair_excitation-1ns,B,PCHIP,1.1776e-05,1.7254171845714784e-08,1.7267070971951885e-08,-1.2899126237101088e-11
pair_excitation-1ns,B,PCHIP,1.18784e-05,1.7282440019283542e-08,1.7295385518357364e-08,-1.2945499073821434e-11
pair_excitation-1ns,B,PCHIP,1.19808e-05,1.7315411110067493e-08,1.732840798262437e-08,-1.2996872556875835e-11
pair_excitation-1ns,B,PCHIP,1.20832e-05,1.735383565245607e-08,1.736688706935662e-08,-1.305141690054865e-11
pair_excitation-1ns,B,PCHIP,1.21856e-05,1.7398087402781384e-08,1.741119370447585e-08,-1.31063016944669e-11
pair_excitation-1ns,B,PCHIP,1.2288e-05,1.7448335526928552e-08,1.7461496870376592e-08,-1.3161343448040507e-11
pair_excitation-1ns,B,PCHIP,1.23904e-05,1.750470131888312e-08,1.7517916953004973e-08,-1.3215634121852836e-11
pair_excitation-1ns,B,PCHIP,1.24928e-05,1.756726164282752e-08,1.7580530854374347e-08,-1.3269211546827221e-11
pair_excitation-1ns,B,PCHIP,1.2595200000000001e-05,1.7636056799038328e-08,1.764937836063825e-08,-1.3321561599921607e-11
pair_excitation-1ns,B,PCHIP,1.26976e-05,1.7711096972583032e-08,1.7724469438931842e-08,-1.3372466348809854e-11
pair_excitation-1ns,B,PCHIP,1.2800000000000001e-05,1.779237009100847e-08,1.780579206406776e-08,-1.3421973059290302e-11
pair_excitation-1ns,B,PCHIP,1.29024e-05,1.7879850906738917e-08,1.7893320529093204e-08,-1.3469622354287048e-11
pair_excitation-1ns,B,PCHIP,1.3004800000000001e-05,1.7973508875551337e-08,1.7987024659425074e-08,-1.3515783873737256e-11
pair_excitation-1ns,B,PCHIP,1.31072e-05,1.8073320817117205e-08,1.808688116416567e-08,-1.3560347048464696e-11
pair_excitation-1ns,B,PCHIP,1.32096e-05,1.8179286802047754e-08,1.8192890310989587e-08,-1.3603508941832672e-11
pair_excitation-1ns,B,PCHIP,1.3312e-05,1.829146162142651e-08,1.830510751161992e-08,-1.3645890193410484e-11
pair_excitation-1ns,B,PCHIP,1.34144e-05,1.8410042999220757e-08,1.8423732192363072e-08,-1.3689193142314899e-11
pair_excitation-1ns,B,PCHIP,1.35168e-05,1.8536367073800508e-08,1.8550123595044176e-08,-1.37565212436685e-11
pair_excitation-1ns,B,PCHIP,1.36192e-05,1.8679844607862493e-08,1.869373501482506e-08,-1.3890406962565294e-11
pair_excitation-1ns,B,PCHIP,1.3721600000000001e-05,1.885172697222084e-08,1.8865735487094403e-08,-1.400851487356145e-11
pair_excitation-1ns,B,PCHIP,1.3824e-05,1.9062712516533444e-08,1.9076959540942176e-08,-1.4247024408732033e-11
pair_excitation-1ns,B,PCHIP,1.3926400000000001e-05,1.934689655216686e-08,1.936181593070547e-08,-1.4919378538611652e-11
pair_excitation-1ns,B,PCHIP,1.40288e-05,2.041294522953121e-08,2.043417282544346e-08,-2.1227595912249187e-11
pair_excitation-1ns,B,PCHIP,1.4131200000000001e-05,2.145155164146254e-08,2.146927361487604e-08,-1.7721973413499872e-11
pair_excitation-1ns,B,PCHIP,1.42336e-05,2.1901525848571123e-08,2.1918298583691778e-08,-1.6772735120654237e-11
pair_excitation-1ns,B,PCHIP,1.4336000000000001e-05,2.213348890779156e-08,2.214988234358755e-08,-1.6393435795990818e-11
pair_excitation-1ns,B,PCHIP,1.44384e-05,2.227670498323607e-08,2.2292989771037462e-08,-1.6284787801391885e-11
pair_excitation-1ns,B,PCHIP,1.45408e-05,2.2378023615156597e-08,2.2394369908798292e-08,-1.634629364169539e-11
pair_excitation-1ns,B,PCHIP,1.46432e-05,2.2450540161253165e-08,2.24660893249607e-08,-1.5549163707533514e-11
pair_excitation-1ns,B,PCHIP,1.47456e-05,2.2494747068201904e-08,2.2510372013059207e-08,-1.5624944857302657e-11
pair_excitation-1ns,B,PCHIP,1.4848e-05,2.2522347988272604e-08,2.2538009173386985e-08,-1.566118511438143e-11
pair_excitation-1ns,B,PCHIP,1.49504e-05,2.2544074702045302e-08,2.2559758747942206e-08,-1.5684045896903893e-11
pair_excitation-1ns,B,PCHIP,1.5052800000000001e-05,2.2565325799900965e-08,2.2581038521454117e-08,-1.5712721553151396e-11
pair_excitation-1ns,B,PCHIP,1.51552e-05,2.2588618912199436e-08,2.260436903346625e-08,-1.5750121266813242e-11
pair_excitation-1ns,B,PCHIP,1.5257600000000001e-05,2.2615347333057437e-08,2.2631141765991003e-08,-1.5794432933566357e-11
pair_excitation-1ns,B,PCHIP,1.5360000000000002e-05,2.264647766273474e-08,2.2662321841641686e-08,-1.5844178906945576e-11
pair_excitation-1ns,B,PCHIP,1.54624e-05,2.2682824640696766e-08,2.269872260124053e-08,-1.5897960543764886e-11
pair_excitation-1ns,B,PCHIP,1.55648e-05,2.2724923452227835e-08,2.274087629301847e-08,-1.5952840790634912e-11
pair_excitation-1ns,B,PCHIP,1.56672e-05,2.277297999447135e-08,2.2788987849907343e-08,-1.600785543599107e-11
pair_excitation-1ns,B,PCHIP,1.57696e-05,2.2827134368216134e-08,2.2843196875347827e-08,-1.6062507131693177e-11
pair_excitation-1ns,B,PCHIP,1.5872e-05,2.2887480762520886e-08,2.29035973452393e-08,-1.6116582718412666e-11
pair_excitation-1ns,B,PCHIP,1.59744e-05,2.2954074291894686e-08,2.2970243622798542e-08,-1.616933090385578e-11
pair_excitation-1ns,B,PCHIP,1.60768e-05,2.3026936759773487e-08,2.3043157678432032e-08,-1.622091865854521e-11
pair_excitation-1ns,B,PCHIP,1.61792e-05,2.310606605477256e-08,2.312233702424883e-08,-1.6270969476269733e-11
pair_excitation-1ns,B,PCHIP,1.62816e-05,2.3191443852548096e-08,2.3207763241931293e-08,-1.631938938319724e-11
pair_excitation-1ns,B,PCHIP,1.6384e-05,2.328304513689427e-08,2.329941147621408e-08,-1.636633931980964e-11
pair_excitation-1ns,B,PCHIP,1.6486400000000002e-05,2.3380850606983063e-08,2.3397262124737276e-08,-1.641151775421301e-11
pair_excitation-1ns,B,PCHIP,1.65888e-05,2.3484862555167073e-08,2.3501318022617294e-08,-1.6455467450220773e-11
pair_excitation-1ns,B,PCHIP,1.66912e-05,2.359513886198376e-08,2.3611637335610815e-08,-1.6498473627056812e-11
pair_excitation-1ns,B,PCHIP,1.67936e-05,2.3711886889878776e-08,2.3728429728410907e-08,-1.6542838532130224e-11
pair_excitation-1ns,B,PCHIP,1.6896000000000002e-05,2.3836690514708247e-08,2.3853303302637966e-08,-1.6612787929719363e-11
pair_excitation-1ns,B,PCHIP,1.69984e-05,2.397893205806971e-08,2.3995672480014713e-08,-1.674042194500178e-11
pair_excitation-1ns,B,PCHIP,1.71008e-05,2.4148182071722638e-08,2.416504250060409e-08,-1.6860428881452393e-11
pair_excitation-1ns,B,PCHIP,1.72032e-05,2.435212887592589e-08,2.4369182163248584e-08,-1.7053287322694323e-11
pair_excitation-1ns,B,PCHIP,1.73056e-05,2.4609479261240723e-08,2.4626948426155252e-08,-1.7469164914528922e-11
pair_excitation-1ns,B,PCHIP,1.7408e-05,2.5210187614091146e-08,2.5233925661153068e-08,-2.3738047061921426e-11
pair_excitation-1ns,B,PCHIP,1.75104e-05,2.655721250823072e-08,2.6578906730396377e-08,-2.169422216565804e-11
pair_excitation-1ns,B,PCHIP,1.7612800000000002e-05,2.7128961498887475e-08,2.7149344252253252e-08,-2.0382753365776337e-11
pair_excitation-1ns,B,PCHIP,1.77152e-05,2.7407736966511026e-08,2.7427619945671433e-08,-1.988297916040731e-11
pair_excitation-1ns,B,PCHIP,1.78176e-05,2.757084633263762e-08,2.759054721848769e-08,-1.9700885850068242e-11
pair_excitation-1ns,B,PCHIP,1.792e-05,2.7682274633283462e-08,2.7702159208702228e-08,-1.9884575418765508e-11
pair_excitation-1ns,B,PCHIP,1.8022400000000002e-05,2.776335112922333e-08,2.778230218660693e-08,-1.8951057383599586e-11
pair_excitation-1ns,B,PCHIP,1.81248e-05,2.7814459394756864e-08,2.7833473426134782e-08,-1.901403137791817e-11
pair_excitation-1ns,B,PCHIP,1.82272e-05,2.7845314774905918e-08,2.786437213559713e-08,-1.905736069121276e-11
pair_excitation-1ns,B,PCHIP,1.83296e-05,2.786794762276754e-08,2.788702895177954e-08,-1.9081329011999584e-11
pair_excitation-1ns,B,PCHIP,1.8432e-05,2.7889050807667622e-08,2.7908158548317737e-08,-1.9107740650114964e-11
pair_excitation-1ns,B,PCHIP,1.85344e-05,2.7911687651421175e-08,2.7930830542883658e-08,-1.9142891462482877e-11
pair_excitation-1ns,B,PCHIP,1.86368e-05,2.7937461432056397e-08,2.7956647076875006e-08,-1.918564481860896e-11
pair_excitation-1ns,B,PCHIP,1.8739200000000002e-05,2.7967422713837533e-08,2.798665676308585e-08,-1.9234049248315535e-11
pair_excitation-1ns,B,PCHIP,1.88416e-05,2.8002424161622417e-08,2.8021711282888472e-08,-1.9287121266054764e-11
pair_excitation-1ns,B,PCHIP,1.8944e-05,2.804311056966645e-08,2.8062452583140255e-08,-1.9342013473804247e-11
pair_excitation-1ns,B,PCHIP,1.90464e-05,2.808973418515252e-08,2.8109131122345954e-08,-1.9396937193432608e-11
pair_excitation-1ns,B,PCHIP,1.9148800000000002e-05,2.814244900944133e-08,2.816190085144211e-08,-1.9451842000780637e-11
pair_excitation-1ns,B,PCHIP,1.92512e-05,2.8201362637089715e-08,2.822086870090175e-08,-1.9506063812035273e-11
pair_excitation-1ns,B,PCHIP,1.93536e-05,2.8266541096847693e-08,2.8286100347102374e-08,-1.9559250254681106e-11
pair_excitation-1ns,B,PCHIP,1.9456e-05,2.8338016090512115e-08,2.8357627427932363e-08,-1.9611337420247702e-11
pair_excitation-1ns,B,PCHIP,1.9558400000000002e-05,2.8415793930995126e-08,2.8435455667721812e-08,-1.966173672668606e-11
pair_excitation-1ns,B,PCHIP,1.96608e-05,2.849986303385377e-08,2.8519573771187856e-08,-1.9710737334087168e-11
pair_excitation-1ns,B,PCHIP,1.97632e-05,2.8590205399279952e-08,2.8609963512592448e-08,-1.9758113312496047e-11
pair_excitation-1ns,B,PCHIP,1.9865600000000002e-05,2.8686808556931305e-08,2.8706612487925586e-08,-1.9803930994280408e-11
pair_excitation-1ns,B,PCHIP,1.9968e-05,2.878968664645642e-08,2.880953367191919e-08,-1.98470254627703e-11
pair_excitation-1ns,B,PCHIP,2e-05,2.8823131271108087e-08,2.8842992125450896e-08,-1.9860854342809713e-11
pair_excitation-1ns,A,CS,0.0,0.0,0.0,0.0
pair_excitation-1ns,A,CS,1.024e-07,2.5004796108861396e-13,2.604212559151989e-13,-1.0373294826584926e-14
pair_excitation-1ns,A,CS,2.048e-07,1.9393687757029486e-12,1.976824721948658e-12,-3.745594624570933e-14
pair_excitation-1ns,A,CS,3.072e-07,6.262764615285628e-12,6.341073134293919e-12,-7.830851900829124e-14
pair_excitation-1ns,A,CS,4.096e-07,1.4180951193761035e-11,1.4310769942158243e-11,-1.2981874839720754e-13
pair_excitation-1ns,A,CS,5.12e-07,2.6469144425420282e-11,2.6658946783220878e-11,-1.898023578005963e-13
pair_excitation-1ns,A,CS,6.144e-07,4.3756882488156395e-11,4.401264297759953e-11,-2.557604894431329e-13
pair_excitation-1ns,A,CS,7.168000000000001e-07,6.655547894204149e-11,6.688200804230093e-11,-3.265291002594408e-13
pair_excitation-1ns,A,CS,8.192e-07,9.52816985503599e-11,9.568214120221123e-11,-4.004426518513354e-13
pair_excitation-1ns,A,CS,9.216e-07,1.3027331470008922e-10,1.3074965906308574e-10,-4.763443629965189e-13
pair_excitation-1ns,A,CS,1.024e-06,1.7180198982948428e-10,1.7235555982750018e-10,-5.535699980158975e-13
pair_excitation-1ns,A,CS,1.1264000000000001e-06,2.200848253087106e-10,2.2071555386730296e-10,-6.307285585923621e-13
pair_excitation-1ns,A,CS,1.2288e-06,2.752909384443622e-10,2.75998717008723e-10,-7.077785643608139e-13
pair_excitation-1ns,A,CS,1.3312e-06,3.375512034934168e-10,3.383350981877182e-10,-7.838946943013965e-13
pair_excitation-1ns,A,CS,1.4336000000000001e-06,4.069640923037583e-10,4.078227610020741e-10,-8.586686983157646e-13
pair_excitation-1ns,A,CS,1.536e-06,4.836025694438355e-10,4.845346435794658e-10,-9.320741356302318e-13
pair_excitation-1ns,A,CS,1.6384e-06,5.675222547012395e-10,5.685255726071514e-10,-1.0033179059119396e-12
pair_excitation-1ns,A,CS,1.7408000000000001e-06,6.587669430476008e-10,6.598397617412493e-10,-1.0728186936485756e-12
pair_excitation-1ns,A,CS,1.8432e-06,7.573789323564317e-10,7.585191685480082e-10,-1.1402361915764929e-12
pair_excitation-1ns,A,CS,1.9456e-06,8.634076074699008e-10,8.646131965696956e-10,-1.2055890997947863e-12
pair_excitation-1ns,A,CS,2.048e-06,9.769212236771791e-10,9.781904505422008e-10,-1.2692268650216876e-12
pair_excitation-1ns,A,CS,2.1504e-06,1.0980228047679614e-09,1.0993536630318346e-09,-1.3308582638731498e-12
pair_excitation-1ns,A,CS,2.2528000000000003e-06,1.2268684087292542e-09,1.2282596695335713e-09,-1.3912608043170931e-12
pair_excitation-1ns,A,CS,2.3552e-06,1.3636969751475207e-09,1.3651477536288115e-09,-1.4507784812908022e-12
pair_excitation-1ns,A,CS,2.4576e-06,1.5088728233644928e-09,1.5103825728946652e-09,-1.5097495301724248e-12
pair_excitation-1ns,A,CS,2.56e-06,1.6629529399247532e-09,1.6645240608441197e-09,-1.571120919366429e-12
pair_excitation-1ns,A,CS,2.6624e-06,1.8268208990466268e-09,1.8284511691307701e-09,-1.6302700841433832e-12
pair_excitation-1ns,A,CS,2.7648e-06,2.0018895927839765e-09,2.0036043057654622e-09,-1.714712981485746e-12
pair_excitation-1ns,A,CS,2.8672000000000003e-06,2.1907863620391437e-09,2.1925279059026445e-09,-1.7415438635007731e-12
pair_excitation-1ns,A,CS,2.9696e-06,2.3982693857913243e-09,2.400342577289409e-09,-2.073191498084595e-12
pair_excitation-1ns,A,CS,3.072e-06,2.6387671680571008e-09,2.6402675812947184e-09,-1.500413237617603e-12
pair_excitation-1ns,A,CS,3.1744e-06,2.973395353324035e-09,2.9790091476058e-09,-5.6137942817648584e-12
pair_excitation-1ns,A,CS,3.2768e-06,5.094979347288374e-09,5.109247293237528e-09,-1.4267945949153812e-11
pair_excitation-1ns,A,CS,3.3792e-06,6.503948320649108e-09,6.514372993228178e-09,-1.042467257906971e-11
pair_excitation-1ns,A,CS,3.4816000000000003e-06,7.115211527736053e-09,7.124644966221712e-09,-9.433438485658592e-12
pair_excitation-1ns,A,CS,3.5840000000000003e-06,7.431108112307227e-09,7.439984925211743e-09,-8.87681290451623e-12
pair_excitation-1ns,A,CS,3.6864e-06,7.626889888455182e-09,7.635590242084577e-09,-8.700353629395443e-12
pair_excitation-1ns,A,CS,3.7888e-06,7.769469253387501e-09,7.778069156258837e-09,-8.599902871335937e-12
pair_excitation-1ns,A,CS,3.8912e-06,7.88624364218762e-09,7.894794225999788e-09,-8.55058381216901e-12
pair_excitation-1ns,A,CS,3.9936e-06,7.987765614087045e-09,7.99627052166182e-09,-8.504907574775385e-12
pair_excitation-1ns,A,CS,4.096e-06,8.074530280510689e-09,8.08293021993598e-09,-8.399939425291695e-12
pair_excitation-1ns,A,CS,4.1984e-06,8.14285332825675e-09,8.151098926930466e-09,-8.245598673716484e-12
pair_excitation-1ns,A,CS,4.3008e-06,8.193457994734932e-09,8.201607061818203e-09,-8.149067083271009e-12
pair_excitation-1ns,A,CS,4.4032000000000005e-06,8.232813686518508e-09,8.240922369519775e-09,-8.108683001267067e-12
pair_excitation-1ns,A,CS,4.5056000000000005e-06,8.267708134002438e-09,8.27581961404919e-09,-8.11148004675252e-12
pair_excitation-1ns,A,CS,4.608e-06,8.302776389308771e-09,8.3109181627692e-09,-8.141773460429195e-12
pair_excitation-1ns,A,CS,4.7104e-06,8.340925967280467e-09,8.349115235696557e-09,-8.189268416090166e-12
pair_excitation-1ns,A,CS,4.8128e-06,8.384161614340322e-09,8.39241055295535e-09,-8.248938615028423e-12
pair_excitation-1ns,A,CS,4.9152e-06,8.434145260464338e-09,8.442463153977855e-09,-8.31789351351721e-12
pair_excitation-1ns,A,CS,5.0176e-06,8.492375036956158e-09,8.500767715172466e-09,-8.392678216308006e-12
pair_excitation-1ns,A,CS,5.12e-06,8.559531146619383e-09,8.568000018400812e-09,-8.468871781429613e-12
pair_excitation-1ns,A,CS,5.2224e-06,8.635977162699668e-09,8.644522369703659e-09,-8.545207003990595e-12
pair_excitation-1ns,A,CS,5.3248e-06,8.722019901053398e-09,8.730641541635744e-09,-8.621640582346507e-12
pair_excitation-1ns,A,CS,5.4272e-06,8.81792153139776e-09,8.826618943988522e-09,-8.697412590760721e-12
pair_excitation-1ns,A,CS,5.5296e-06,8.923916380589356e-09,8.932688620222276e-09,-8.772239632920211e-12
pair_excitation-1ns,A,CS,5.6320000000000005e-06,9.040235507024328e-09,9.0490818233833e-09,-8.846316358971564e-12
pair_excitation-1ns,A,CS,5.7344000000000005e-06,9.167139138055374e-09,9.17605831975672e-09,-8.9191817013464e-12
pair_excitation-1ns,A,CS,5.836800000000001e-06,9.304955020402488e-09,9.313946822019683e-09,-8.99180161719532e-12
pair_excitation-1ns,A,CS,5.9392e-06,9.454136388399057e-09,9.463200882819083e-09,-9.064494420025864e-12
pair_excitation-1ns,A,CS,6.0416e-06,9.61534511710862e-09,9.624484139255045e-09,-9.139022146425752e-12
pair_excitation-1ns,A,CS,6.144e-06,9.789600057920135e-09,9.798815642225588e-09,-9.215584305453429e-12
pair_excitation-1ns,A,CS,6.2464e-06,9.97854253466296e-09,9.987849707702878e-09,-9.30717303991796e-12
pair_excitation-1ns,A,CS,6.3488e-06,1.0185114909170783e-08,1.0194499446663764e-08,-9.384537492980774e-12
pair_excitation-1ns,A,CS,6.4512e-06,1.0415016843523965e-08,1.0424638741060104e-08,-9.62189753613832e-12
pair_excitation-1ns,A,CS,6.5536e-06,1.0684106489534803e-08,1.0693643460482763e-08,-9.536970947960455e-12
pair_excitation-1ns,A,CS,6.656e-06,1.107686779503665e-08,1.1089389612098242e-08,-1.2521817061592367e-11
pair_excitation-1ns,A,CS,6.7584e-06,1.2843407542382905e-08,1.286265534823476e-08,-1.9247805851854122e-11
pair_excitation-1ns,A,CS,6.8608000000000004e-06,1.3816652338516452e-08,1.383399629362308e-08,-1.734395510662834e-11
pair_excitation-1ns,A,CS,6.9632000000000005e-06,1.426997506949815e-08,1.4286374127104301e-08,-1.6399057606151317e-11
pair_excitation-1ns,A,CS,7.065600000000001e-06,1.4522828483973619e-08,1.45389418334909e-08,-1.6113349517281064e-11
pair_excitation-1ns,A,CS,7.168000000000001e-06,1.4691212124258524e-08,1.470716778072163e-08,-1.5955656463106102e-11
pair_excitation-1ns,A,CS,7.2704e-06,1.4820362395801226e-08,1.4836247142790656e-08,-1.5884746989430268e-11
pair_excitation-1ns,A,CS,7.3728e-06,1.4928604949643095e-08,1.4944433005158868e-08,-1.5828055515773227e-11
pair_excitation-1ns,A,CS,7.4752e-06,1.5021754684427035e-08,1.503750370732009e-08,-1.574902289305494e-11
pair_excitation-1ns,A,CS,7.5776e-06,1.5099452273628644e-08,1.511507431326566e-08,-1.5622039637016172e-11
pair_excitation-1ns,A,CS,7.680000000000001e-06,1.5160979146223095e-08,1.5176485328088176e-08,-1.5506181865080547e-11
pair_excitation-1ns,A,CS,7.7824e-06,1.520941323590775e-08,1.522485270271441e-08,-1.5439466806661405e-11
pair_excitation-1ns,A,CS,7.8848e-06,1.525035194484685e-08,1.5265769485596026e-08,-1.541754074917638e-11
pair_excitation-1ns,A,CS,7.9872e-06,1.528886371128925e-08,1.5304293258014557e-08,-1.542954672530867e-11
pair_excitation-1ns,A,CS,8.0896e-06,1.5328549996380916e-08,1.53440141359989e-08,-1.5464139617985352e-11
pair_excitation-1ns,A,CS,8.192e-06,1.5371909360102936e-08,1.538742370464979e-08,-1.5514344546852987e-11
pair_excitation-1ns,A,CS,8.2944e-06,1.542086369137443e-08,1.543643927453298e-08,-1.557558315855176e-11
pair_excitation-1ns,A,CS,8.3968e-06,1.5477167466667195e-08,1.5492814341433583e-08,-1.5646874766388767e-11
pair_excitation-1ns,A,CS,8.4992e-06,1.554225287757512e-08,1.5557974631388988e-08,-1.5721753813866516e-11
pair_excitation-1ns,A,CS,8.6016e-06,1.5616645388359676e-08,1.5632443034694247e-08,-1.579764633457159e-11
pair_excitation-1ns,A,CS,8.704e-06,1.570069426541187e-08,1.5716568248485743e-08,-1.5873983073874103e-11
pair_excitation-1ns,A,CS,8.806400000000001e-06,1.5794697655014002e-08,1.5810647314239355e-08,-1.5949659225353077e-11
pair_excitation-1ns,A,CS,8.9088e-06,1.5898914955248548e-08,1.5914939845459793e-08,-1.6024890211245157e-11
pair_excitation-1ns,A,CS,9.011200000000001e-06,1.601359168088813e-08,1.6029690883564266e-08,-1.6099202676137865e-11
pair_excitation-1ns,A,CS,9.1136e-06,1.6138989249573304e-08,1.6155161889435873e-08,-1.6172639862568626e-11
pair_excitation-1ns,A,CS,9.216e-06,1.627542531932908e-08,1.6291671119864515e-08,-1.6245800535434554e-11
pair_excitation-1ns,A,CS,9.3184e-06,1.6423329654627236e-08,1.643964833441933e-08,-1.6318679792092407e-11
pair_excitation-1ns,A,CS,9.4208e-06,1.6583322393044206e-08,1.659971572956803e-08,-1.6393336523825352e-11
pair_excitation-1ns,A,CS,9.5232e-06,1.675635195855671e-08,1.6772821838955614e-08,-1.6469880398904055e-11
pair_excitation-1ns,A,CS,9.6256e-06,1.6943933451963368e-08,1.696049225122069e-08,-1.6558799257321908e-11
pair_excitation-1ns,A,CS,9.728e-06,1.714873124058553e-08,1.7165371305163774e-08,-1.6640064578242357e-11
pair_excitation-1ns,A,CS,9.8304e-06,1.7375795199875798e-08,1.739263855909313e-08,-1.6843359217331415e-11
pair_excitation-1ns,A,CS,9.932800000000001e-06,1.7638229608481535e-08,1.7655043890858093e-08,-1.681428237655784e-11
pair_excitation-1ns,A,CS,1.00352e-05,1.7990349614714352e-08,1.8009086559491656e-08,-1.8736944777303765e-11
pair_excitation-1ns,A,CS,1.0137600000000001e-05,1.9538702748250468e-08,1.956525422555878e-08,-2.6551477308313396e-11
pair_excitation-1ns,A,CS,1.024e-05,2.064432081593634e-08,2.0667602907245557e-08,-2.3282091309218823e-11
pair_excitation-1ns,A,CS,1.0342400000000001e-05,2.114559725929729e-08,2.116826078133232e-08,-2.2663522035029296e-11
pair_excitation-1ns,A,CS,1.04448e-05,2.1418098723440175e-08,2.1440284900679944e-08,-2.2186177239769687e-11
pair_excitation-1ns,A,CS,1.05472e-05,2.159503517692911e-08,2.1617090324939606e-08,-2.2055148010496964e-11
pair_excitation-1ns,A,CS,1.06496e-05,2.1728175904204128e-08,2.1750138006770328e-08,-2.1962102566200095e-11
pair_excitation-1ns,A,CS,1.0752e-05,2.1838303340975016e-08,2.18602074368278e-08,-2.1904095852783754e-11
pair_excitation-1ns,A,CS,1.08544e-05,2.1933282827550265e-08,2.1955114059381384e-08,-2.183123183111857e-11
pair_excitation-1ns,A,CS,1.09568e-05,2.2014484724371975e-08,2.2036207588875545e-08,-2.1722864503570085e-11
pair_excitation-1ns,A,CS,1.10592e-05,2.2081309084010475e-08,2.2102918052355603e-08,-2.1608968345127632e-11
pair_excitation-1ns,A,CS,1.11616e-05,2.213522359721493e-08,2.2156754739878378e-08,-2.1531142663447683e-11
pair_excitation-1ns,A,CS,1.1264000000000001e-05,2.218048935701148e-08,2.220198549648165e-08,-2.1496139470168637e-11
pair_excitation-1ns,A,CS,1.13664e-05,2.2221917613096005e-08,2.2243414456514908e-08,-2.1496843418902457e-11
pair_excitation-1ns,A,CS,1.1468800000000001e-05,2.2263335917983772e-08,2.2284858864030836e-08,-2.152294604706376e-11
pair_excitation-1ns,A,CS,1.15712e-05,2.230751582852308e-08,2.2329082454748574e-08,-2.1566626225492602e-11
pair_excitation-1ns,A,CS,1.1673600000000001e-05,2.2356569300234618e-08,2.2378192487021606e-08,-2.1623186786988258e-11
pair_excitation-1ns,A,CS,1.1776e-05,2.241234590227357e-08,2.24340361747114e-08,-2.1690272437829807e-11
pair_excitation-1ns,A,CS,1.18784e-05,2.2476612888124645e-08,2.2498377352038187e-08,-2.176446391354218e-11
pair_excitation-1ns,A,CS,1.19808e-05,2.255021057206721e-08,2.2572050534274708e-08,-2.1839962207497962e-11
pair_excitation-1ns,A,CS,1.20832e-05,2.2633514724404662e-08,2.2655430633923274e-08,-2.1915909518611946e-11
pair_excitation-1ns,A,CS,1.21856e-05,2.2726845662618988e-08,2.2748837324317856e-08,-2.1991661698868294e-11
pair_excitation-1ns,A,CS,1.2288e-05,2.2830480868865328e-08,2.28525479726668e-08,-2.20671038014723e-11
pair_excitation-1ns,A,CS,1.23904e-05,2.2944677765796778e-08,2.2966819191882094e-08,-2.2141426085316516e-11
pair_excitation-1ns,A,CS,1.24928e-05,2.3069702522526693e-08,2.3091917738832177e-08,-2.2215216305484398e-11
pair_excitation-1ns,A,CS,1.2595200000000001e-05,2.320587300724165e-08,2.3228161467584004e-08,-2.2288460342353613e-11
pair_excitation-1ns,A,CS,1.26976e-05,2.335361290525831e-08,2.3375974618917054e-08,-2.236171365874339e-11
pair_excitation-1ns,A,CS,1.2800000000000001e-05,2.3513531962182663e-08,2.3535968617819055e-08,-2.243665563639168e-11
pair_excitation-1ns,A,CS,1.29024e-05,2.3686560695845128e-08,2.3709074033653484e-08,-2.2513337808356168e-11
pair_excitation-1ns,A,CS,1.3004800000000001e-05,2.3874183406971642e-08,2.389678501953973e-08,-2.2601612568087926e-11
pair_excitation-1ns,A,CS,1.31072e-05,2.4078997213798345e-08,2.4101682261073326e-08,-2.2685047274981814e-11
pair_excitation-1ns,A,CS,1.32096e-05,2.4305908037369105e-08,2.4328783907714655e-08,-2.287587034554998e-11
pair_excitation-1ns,A,CS,1.3312e-05,2.4567369286345585e-08,2.4590249112760133e-08,-2.2879826414548097e-11
pair_excitation-1ns,A,CS,1.34144e-05,2.4912534242357232e-08,2.4937078861629858e-08,-2.454461927262566e-11
pair_excitation-1ns,A,CS,1.35168e-05,2.6376034610810184e-08,2.640855147640174e-08,-3.251686559155718e-11
pair_excitation-1ns,A,CS,1.36192e-05,2.7512911141928455e-08,2.7541819279969136e-08,-2.890813804068173e-11
pair_excitation-1ns,A,CS,1.3721600000000001e-05,2.802540203025288e-08,2.8053790506692737e-08,-2.838847643985641e-11
pair_excitation-1ns,A,CS,1.3824e-05,2.830248007286351e-08,2.8330336977897527e-08,-2.785690503401709e-11
pair_excitation-1ns,A,CS,1.3926400000000001e-05,2.848138386368704e-08,2.8509118330310866e-08,-2.7734466623826476e-11
pair_excitation-1ns,A,CS,1.40288e-05,2.861534103682216e-08,2.8642976096694352e-08,-2.763505987219112e-11
pair_excitation-1ns,A,CS,1.4131200000000001e-05,2.8725329793321873e-08,2.8752901628413304e-08,-2.7571835091431318e-11
pair_excitation-1ns,A,CS,1.42336e-05,2.882017146851729e-08,2.8847671432272196e-08,-2.7499963754905726e-11
pair_excitation-1ns,A,CS,1.4336000000000001e-05,2.8902446516275898e-08,2.892984886940037e-08,-2.740235312447216e-11
pair_excitation-1ns,A,CS,1.44384e-05,2.897198349803937e-08,2.8999279794464468e-08,-2.7296296425098437e-11
pair_excitation-1ns,A,CS,1.45408e-05,2.9029508282105714e-08,2.905672440701516e-08,-2.7216124909447546e-11
pair_excitation-1ns,A,CS,1.46432e-05,2.9078218535282065e-08,2.9105393488561723e-08,-2.7174953279658163e-11
pair_excitation-1ns,A,CS,1.47456e-05,2.9122421914729302e-08,2.914959080389257e-08,-2.7168889163269006e-11
pair_excitation-1ns,A,CS,1.4848e-05,2.9165907076820142e-08,2.9193096413367427e-08,-2.7189336547284578e-11
pair_excitation-1ns,A,CS,1.49504e-05,2.921156103718235e-08,2.923878952374401e-08,-2.7228486561659395e-11
pair_excitation-1ns,A,CS,1.5052800000000001e-05,2.926162113958435e-08,2.9288902870155637e-08,-2.728173057128814e-11
pair_excitation-1ns,A,CS,1.51552e-05,2.9318029084112632e-08,2.9345374947058227e-08,-2.7345862945594377e-11
pair_excitation-1ns,A,CS,1.5257600000000001e-05,2.9382702058402872e-08,2.941012145877245e-08,-2.7419400369576553e-11
pair_excitation-1ns,A,CS,1.5360000000000002e-05,2.9456762315291822e-08,2.9484256911387073e-08,-2.7494596095250588e-11
pair_excitation-1ns,A,CS,1.54624e-05,2.954061637198288e-08,2.9568186530302136e-08,-2.7570158319256292e-11
pair_excitation-1ns,A,CS,1.55648e-05,2.963459968059925e-08,2.966224559801347e-08,-2.7645917414219782e-11
pair_excitation-1ns,A,CS,1.56672e-05,2.9739003595876495e-08,2.976672476209191e-08,-2.7721166215415044e-11
pair_excitation-1ns,A,CS,1.57696e-05,2.985409575579995e-08,2.988189141877288e-08,-2.779566297292884e-11
pair_excitation-1ns,A,CS,1.5872e-05,2.998015184363465e-08,3.0008021537834684e-08,-2.7869694200033024e-11
pair_excitation-1ns,A,CS,1.59744e-05,3.011749960893257e-08,3.014544257428906e-08,-2.794296535648846e-11
pair_excitation-1ns,A,CS,1.60768e-05,3.026657509112183e-08,3.029459172358522e-08,-2.8016632463392e-11
pair_excitation-1ns,A,CS,1.61792e-05,3.0428009357534313e-08,3.045610121102309e-08,-2.8091853488778808e-11
pair_excitation-1ns,A,CS,1.62816e-05,3.060276870583141e-08,3.0630938030051774e-08,-2.816932422036584e-11
pair_excitation-1ns,A,CS,1.6384e-05,3.07924054221474e-08,3.082066453350771e-08,-2.8259111360313437e-11
pair_excitation-1ns,A,CS,1.6486400000000002e-05,3.099965849567483e-08,3.102800224325969e-08,-2.8343747584859138e-11
pair_excitation-1ns,A,CS,1.65888e-05,3.1229771823610566e-08,3.125831481152435e-08,-2.854298791378253e-11
pair_excitation-1ns,A,CS,1.66912e-05,3.14963908865277e-08,3.152494366461748e-08,-2.855277808977511e-11
pair_excitation-1ns,A,CS,1.67936e-05,3.1858491470573e-08,3.1888934378003554e-08,-3.044290743055501e-11
pair_excitation-1ns,A,CS,1.6896000000000002e-05,3.339351561518398e-08,3.3431463164992524e-08,-3.7947549808546465e-11
pair_excitation-1ns,A,CS,1.69984e-05,3.443722743219839e-08,3.447225216701152e-08,-3.502473481312651e-11
pair_excitation-1ns,A,CS,1.71008e-05,3.4915924172119406e-08,3.4950299891867584e-08,-3.437571974817727e-11
pair_excitation-1ns,A,CS,1.72032e-05,3.5179295026690595e-08,3.5213244052328356e-08,-3.394902563776077e-11
pair_excitation-1ns,A,CS,1.73056e-05,3.535221673102003e-08,3.538603134377354e-08,-3.3814612753506386e-11
pair_excitation-1ns,A,CS,1.7408e-05,3.54830237991546e-08,3.5516753500844736e-08,-3.37297016901355e-11
pair_excitation-1ns,A,CS,1.75104e-05,3.559021317648585e-08,3.5623863909539116e-08,-3.3650733053268736e-11
pair_excitation-1ns,A,CS,1.7612800000000002e-05,3.568275094690788e-08,3.5716331536959705e-08,-3.358059005182384e-11
pair_excitation-1ns,A,CS,1.77152e-05,3.57643417859707e-08,3.5797833547714457e-08,-3.3491761743755914e-11
pair_excitation-1ns,A,CS,1.78176e-05,3.583520585601381e-08,3.586860293002949e-08,-3.3397074015679687e-11
pair_excitation-1ns,A,CS,1.792e-05,3.589558774272917e-08,3.592890890949662e-08,-3.332116676745063e-11
pair_excitation-1ns,A,CS,1.8022400000000002e-05,3.5947738054196074e-08,3.5981017011016304e-08,-3.3278956820229664e-11
pair_excitation-1ns,A,CS,1.81248e-05,3.5995276277027003e-08,3.602854565117897e-08,-3.326937415196331e-11
pair_excitation-1ns,A,CS,1.82272e-05,3.604173473032174e-08,3.607502064137894e-08,-3.328591105720235e-11
pair_excitation-1ns,A,CS,1.83296e-05,3.608998507968446e-08,3.61233068396059e-08,-3.3321759921442685e-11
pair_excitation-1ns,A,CS,1.8432e-05,3.61423423219273e-08,3.617571476842521e-08,-3.3372446497910655e-11
pair_excitation-1ns,A,CS,1.85344e-05,3.620085173670112e-08,3.6234286226103174e-08,-3.343448940205502e-11
pair_excitation-1ns,A,CS,1.86368e-05,3.6267571321402036e-08,3.630107872650197e-08,-3.3507405099936385e-11
pair_excitation-1ns,A,CS,1.8739200000000002e-05,3.634382259852655e-08,3.6377404674595964e-08,-3.3582076069413053e-11
pair_excitation-1ns,A,CS,1.88416e-05,3.643004239450456e-08,3.646369991147989e-08,-3.365751697532825e-11
pair_excitation-1ns,A,CS,1.8944e-05,3.6526579218155144e-08,3.656031242433944e-08,-3.3733206184293254e-11
pair_excitation-1ns,A,CS,1.90464e-05,3.663373677642171e-08,3.6667544936265137e-08,-3.380815984342586e-11
pair_excitation-1ns,A,CS,1.9148800000000002e-05,3.675179523453423e-08,3.678567797064682e-08,-3.388273611258747e-11
pair_excitation-1ns,A,CS,1.92512e-05,3.6881048109826696e-08,3.691500478249203e-08,-3.395667266533683e-11
pair_excitation-1ns,A,CS,1.93536e-05,3.7021848885339447e-08,3.705587919317666e-08,-3.4030307837212285e-11
pair_excitation-1ns,A,CS,1.9456e-05,3.7174676840589895e-08,3.720878151470718e-08,-3.4104674117284505e-11
pair_excitation-1ns,A,CS,1.9558400000000002e-05,3.734023638447953e-08,3.7374416927188e-08,-3.418054270847171e-11
pair_excitation-1ns,A,CS,1.96608e-05,3.7519619828921386e-08,3.7553880737905896e-08,-3.42609089845092e-11
pair_excitation-1ns,A,CS,1.97632e-05,3.771462651824991e-08,3.774897667210622e-08,-3.435015385630654e-11
pair_excitation-1ns,A,CS,1.9865600000000002e-05,3.792847830712606e-08,3.7962936258042506e-08,-3.4457950916445054e-11
pair_excitation-1ns,A,CS,1.9968e-05,3.816782781403516e-08,3.820244090731844e-08,-3.461309328328092e-11
pair_excitation-1ns,A,CS,2e-05,3.8250024246918676e-08,3.828470631612913e-08,-3.468206921045119e-11
pair_excitation-1ns,B,CS,0.0,0.0,0.0,0.0
pair_excitation-1ns,B,CS,1.024e-07,1.8260122384849466e-13,1.9016613789657053e-13,-7.564914048075866e-15
pair_excitation-1ns,B,CS,2.048e-07,1.4159169431995415e-12,1.4432591849822696e-12,-2.7342241782728068e-14
pair_excitation-1ns,B,CS,3.072e-07,4.570457974686224e-12,4.627616276009204e-12,-5.715830132297962e-14
pair_excitation-1ns,B,CS,4.096e-07,1.0341971753085512e-11,1.043669952728894e-11,-9.472777420342777e-14
pair_excitation-1ns,B,CS,5.12e-07,1.928544896043677e-11,1.942388413146929e-11,-1.3843517103251988e-13
pair_excitation-1ns,B,CS,6.144e-07,3.184354828193109e-11,3.2029986176359246e-11,-1.8643789442815356e-13
pair_excitation-1ns,B,CS,7.168000000000001e-07,4.836663648107716e-11,4.8604504184758914e-11,-2.378677036817526e-13
pair_excitation-1ns,B,CS,8.192e-07,6.913041985638292e-11,6.942191435173762e-11,-2.914944953546956e-13
pair_excitation-1ns,B,CS,9.216e-07,9.434779304079802e-11,9.469425451004285e-11,-3.46461469244824e-13
pair_excitation-1ns,B,CS,1.024e-06,1.2417871835056442e-10,1.2458098915134093e-10,-4.022708007765147e-13
pair_excitation-1ns,B,CS,1.1264000000000001e-06,1.5873900111210748e-10,1.5919690283451136e-10,-4.579017224038812e-13
pair_excitation-1ns,B,CS,1.2288e-06,1.9810525711808186e-10,1.9861856551700158e-10,-5.133083989197185e-13
pair_excitation-1ns,B,CS,1.3312e-06,2.4232187948361027e-10,2.4288975842816187e-10,-5.678789445516032e-13
pair_excitation-1ns,B,CS,1.4336000000000001e-06,2.914048359432691e-10,2.920261359086569e-10,-6.212999653878109e-13
pair_excitation-1ns,B,CS,1.536e-06,3.4534579236828273e-10,3.4601931800388164e-10,-6.735256355989089e-13
pair_excitation-1ns,B,CS,1.6384e-06,4.0411659328404037e-10,4.0484055193386787e-10,-7.239586498275014e-13
pair_excitation-1ns,B,CS,1.7408000000000001e-06,4.676711892856239e-10,4.684440412367392e-10,-7.728519511153377e-13
pair_excitation-1ns,B,CS,1.8432e-06,5.35950108010928e-10,5.367700148777445e-10,-8.199068668165621e-13
pair_excitation-1ns,B,CS,1.9456e-06,6.088825324839156e-10,6.097475919493559e-10,-8.650594654402523e-13
pair_excitation-1ns,B,CS,2.048e-06,6.863890437404752e-10,6.872974893742497e-10,-9.084456337745673e-13
pair_excitation-1ns,B,CS,2.1504e-06,7.683848976239365e-10,7.693346198140194e-10,-9.497221900828623e-13
pair_excitation-1ns,B,CS,2.2528000000000003e-06,8.547814048471192e-10,8.557706364092304e-10,-9.892315621111442e-13
pair_excitation-1ns,B,CS,2.3552e-06,9.45489653026258e-10,9.465165034343496e-10,-1.0268504080915967e-12
pair_excitation-1ns,B,CS,2.4576e-06,1.0404225713413522e-09,1.0414852159727418e-09,-1.0626446313895936e-12
pair_excitation-1ns,B,CS,2.56e-06,1.139498071384281e-09,1.14059487579496e-09,-1.0968044106789583e-12
pair_excitation-1ns,B,CS,2.6624e-06,1.2426432373983082e-09,1.2437724975001007e-09,-1.1292601017924192e-12
pair_excitation-1ns,B,CS,2.7648e-06,1.349799237988228e-09,1.3509592780945071e-09,-1.1600401062790566e-12
pair_excitation-1ns,B,CS,2.8672000000000003e-06,1.46092832407227e-09,1.4621189268846768e-09,-1.1906028124069048e-12
pair_excitation-1ns,B,CS,2.9696e-06,1.5760372507085698e-09,1.57725308871203e-09,-1.215838003460211e-12
pair_excitation-1ns,B,CS,3.072e-06,1.6951795519325228e-09,1.6964366691039314e-09,-1.2571171714085867e-12
pair_excitation-1ns,B,CS,3.1744e-06,1.8186999612362737e-09,1.8199366993491524e-09,-1.2367381128786734e-12
pair_excitation-1ns,B,CS,3.2768e-06,1.9490205832719407e-09,1.9505151342048366e-09,-1.4945509328959128e-12
pair_excitation-1ns,B,CS,3.3792e-06,2.110114194015837e-09,2.111178310185119e-09,-1.064116169282065e-12
pair_excitation-1ns,B,CS,3.4816000000000003e-06,2.3734809974718307e-09,2.3782016288071215e-09,-4.7206313352908565e-12
pair_excitation-1ns,B,CS,3.5840000000000003e-06,4.033065774309191e-09,4.044010271146538e-09,-1.0944496837346637e-11
pair_excitation-1ns,B,CS,3.6864e-06,5.147335538691184e-09,5.155229765737942e-09,-7.894227046758092e-12
pair_excitation-1ns,B,CS,3.7888e-06,5.6241613323238e-09,5.631274397374374e-09,-7.113065050573713e-12
pair_excitation-1ns,B,CS,3.8912e-06,5.866701637882562e-09,5.8733703904465235e-09,-6.6687525639612385e-12
pair_excitation-1ns,B,CS,3.9936e-06,6.0146748709998685e-09,6.021205511413788e-09,-6.5306404139194564e-12
pair_excitation-1ns,B,CS,4.096e-06,6.120446353905419e-09,6.126889283164695e-09,-6.4429292592765675e-12
pair_excitation-1ns,B,CS,4.1984e-06,6.201604442024679e-09,6.207977708907134e-09,-6.373266882455262e-12
pair_excitation-1ns,B,CS,4.3008e-06,6.258564323784505e-09,6.264738458576322e-09,-6.17413479181736e-12
pair_excitation-1ns,B,CS,4.4032000000000005e-06,6.293785696404762e-09,6.299878125842329e-09,-6.092429437567017e-12
pair_excitation-1ns,B,CS,4.5056000000000005e-06,6.3179669253071145e-09,6.324029950106428e-09,-6.063024799313586e-12
pair_excitation-1ns,B,CS,4.608e-06,6.338981701776022e-09,6.345053909804512e-09,-6.0722080284901615e-12
pair_excitation-1ns,B,CS,4.7104e-06,6.360661046957905e-09,6.36676112590678e-09,-6.100078948874458e-12
pair_excitation-1ns,B,CS,4.8128e-06,6.384919357317123e-09,6.391058263983364e-09,-6.1389066662409076e-12
pair_excitation-1ns,B,CS,4.9152e-06,6.412910340068361e-09,6.419094961130561e-09,-6.184621062199972e-12
pair_excitation-1ns,B,CS,5.0176e-06,6.445491127402417e-09,6.451726274900563e-09,-6.235147498145787e-12
pair_excitation-1ns,B,CS,5.12e-06,6.483402511170621e-09,6.489691883432013e-09,-6.2893722613921345e-12
pair_excitation-1ns,B,CS,5.2224e-06,6.52706633935322e-09,6.533410300855324e-09,-6.3439615021042215e-12
pair_excitation-1ns,B,CS,5.3248e-06,6.576652559102155e-09,6.583051331972583e-09,-6.398772870427981e-12
pair_excitation-1ns,B,CS,5.4272e-06,6.632280780828202e-09,6.638733846808145e-09,-6.453065979943106e-12
pair_excitation-1ns,B,CS,5.5296e-06,6.6940270753261046e-09,6.700533531275961e-09,-6.506455949856707e-12
pair_excitation-1ns,B,CS,5.6320000000000005e-06,6.761929660383253e-09,6.768488495837734e-09,-6.5588354544810564e-12
pair_excitation-1ns,B,CS,5.7344000000000005e-06,6.835996221274572e-09,6.842605787819202e-09,-6.609566544629789e-12
pair_excitation-1ns,B,CS,5.836800000000001e-06,6.916209422019344e-09,6.922868308355023e-09,-6.658886335679505e-12
pair_excitation-1ns,B,CS,5.9392e-06,7.002535390407485e-09,7.0092418875773936e-09,-6.706497169908645e-12
pair_excitation-1ns,B,CS,6.0416e-06,7.094930173730126e-09,7.1016825359167e-09,-6.752362186574163e-12
pair_excitation-1ns,B,CS,6.144e-06,7.1933475424133826e-09,7.200144206079297e-09,-6.796663665914784e-12
pair_excitation-1ns,B,CS,6.2464e-06,7.297748727451726e-09,7.304587897272906e-09,-6.839169821180274e-12
pair_excitation-1ns,B,CS,6.3488e-06,7.408113739788711e-09,7.414993974741762e-09,-6.8802349530514964e-12
pair_excitation-1ns,B,CS,6.4512e-06,7.524461831208223e-09,7.531382390605962e-09,-6.920559397739542e-12
pair_excitation-1ns,B,CS,6.5536e-06,7.646897139301476e-09,7.65385559559387e-09,-6.958456292394835e-12
pair_excitation-1ns,B,CS,6.656e-06,7.775734873840456e-09,7.782740097058292e-09,-7.005223217836152e-12
pair_excitation-1ns,B,CS,6.7584e-06,7.913977165366232e-09,7.921037440485992e-09,-7.060275119759477e-12
pair_excitation-1ns,B,CS,6.8608000000000004e-06,8.075885339621217e-09,8.083199578583675e-09,-7.314238962457344e-12
pair_excitation-1ns,B,CS,6.9632000000000005e-06,8.280518228458603e-09,8.287755905899463e-09,-7.2376774408600105e-12
pair_excitation-1ns,B,CS,7.065600000000001e-06,8.581809079915986e-09,8.591301847957837e-09,-9.49276804185077e-12
pair_excitation-1ns,B,CS,7.168000000000001e-06,9.901891818437413e-09,9.917036712499034e-09,-1.5144894061621085e-11
pair_excitation-1ns,B,CS,7.2704e-06,1.080812201675325e-08,1.0820701866537198e-08,-1.2579849783947792e-11
pair_excitation-1ns,B,CS,7.3728e-06,1.12102567827492e-08,1.1222265169812862e-08,-1.2008387063662584e-11
pair_excitation-1ns,B,CS,7.4752e-06,1.1423571109243539e-08,1.1435204605435541e-08,-1.163349619200226e-11
pair_excitation-1ns,B,CS,7.5776e-06,1.155875456738648e-08,1.1570267956615333e-08,-1.1513389228853532e-11
pair_excitation-1ns,B,CS,7.680000000000001e-06,1.1656299722144214e-08,1.1667735486862419e-08,-1.1435764718204968e-11
pair_excitation-1ns,B,CS,7.7824e-06,1.1725929108203846e-08,1.1737183886502105e-08,-1.1254778298259246e-11
pair_excitation-1ns,B,CS,7.8848e-06,1.17691796770485e-08,1.1780295243368922e-08,-1.1115566320422882e-11
pair_excitation-1ns,B,CS,7.9872e-06,1.1796457136397602e-08,1.1807529356841624e-08,-1.1072220444022703e-11
pair_excitation-1ns,B,CS,8.0896e-06,1.1818110846889262e-08,1.1829179848440078e-08,-1.1069001550816137e-11
pair_excitation-1ns,B,CS,8.192e-06,1.1839362477382383e-08,1.1850454690904674e-08,-1.10922135222909e-11
pair_excitation-1ns,B,CS,8.2944e-06,1.1862675149961908e-08,1.1873803092152595e-08,-1.1127942190686592e-11
pair_excitation-1ns,B,CS,8.3968e-06,1.1889414469869492e-08,1.1900586370619702e-08,-1.1171900750209243e-11
pair_excitation-1ns,B,CS,8.4992e-06,1.192052788610224e-08,1.1931749134459995e-08,-1.1221248357754773e-11
pair_excitation-1ns,B,CS,8.6016e-06,1.1956812776183175e-08,1.1968087554668024e-08,-1.1274778484849443e-11
pair_excitation-1ns,B,CS,8.704e-06,1.199880962092075e-08,1.2010139202015162e-08,-1.132958109441164e-11
pair_excitation-1ns,B,CS,8.806400000000001e-06,1.2046723619515485e-08,1.2058107991914606e-08,-1.13843723991214e-11
pair_excitation-1ns,B,CS,8.9088e-06,1.2100691102997242e-08,1.2112130102890379e-08,-1.1438999893136749e-11
pair_excitation-1ns,B,CS,9.011200000000001e-06,1.2160803599000897e-08,1.217229643583683e-08,-1.149283683593341e-11
pair_excitation-1ns,B,CS,9.1136e-06,1.2227112714907613e-08,1.2238658263770234e-08,-1.1545548862620303e-11
pair_excitation-1ns,B,CS,9.216e-06,1.2299636916918664e-08,1.2311234001485714e-08,-1.1597084567050754e-11
pair_excitation-1ns,B,CS,9.3184e-06,1.2378369686302354e-08,1.2390016553703082e-08,-1.1646867400727997e-11
pair_excitation-1ns,B,CS,9.4208e-06,1.246328581589954e-08,1.2474980995716835e-08,-1.1695179817295143e-11
pair_excitation-1ns,B,CS,9.5232e-06,1.2554350892409839e-08,1.2566092678188661e-08,-1.174178577882218e-11
pair_excitation-1ns,B,CS,9.6256e-06,1.2651529613314035e-08,1.2663316309960378e-08,-1.1786696646343652e-11
pair_excitation-1ns,B,CS,9.728e-06,1.2754797191990032e-08,1.276662742831652e-08,-1.183023632648778e-11
pair_excitation-1ns,B,CS,9.8304e-06,1.2864157743742777e-08,1.2876029801226299e-08,-1.1872057483521317e-11
pair_excitation-1ns,B,CS,9.932800000000001e-06,1.2979675590193465e-08,1.2991589479346023e-08,-1.1913889152557983e-11
pair_excitation-1ns,B,CS,1.00352e-05,1.3101581081917684e-08,1.3113534234295303e-08,-1.1953152377619328e-11
pair_excitation-1ns,B,CS,1.0137600000000001e-05,1.3231503413697045e-08,1.3243529208130886e-08,-1.2025794433840771e-11
pair_excitation-1ns,B,CS,1.024e-05,1.3380209389252193e-08,1.339233873175207e-08,-1.2129342499876704e-11
pair_excitation-1ns,B,CS,1.0342400000000001e-05,1.356052735152639e-08,1.357294002611299e-08,-1.2412674586599104e-11
pair_excitation-1ns,B,CS,1.04448e-05,1.3790079634006006e-08,1.380246173422862e-08,-1.2382100222613907e-11
pair_excitation-1ns,B,CS,1.05472e-05,1.418091713793329e-08,1.4196959927106648e-08,-1.604278917335757e-11
pair_excitation-1ns,B,CS,1.06496e-05,1.5627215690351047e-08,1.5647047392384393e-08,-1.9831702033346065e-11
pair_excitation-1ns,B,CS,1.0752e-05,1.6335759972037567e-08,1.6354539955668994e-08,-1.877998363142683e-11
pair_excitation-1ns,B,CS,1.08544e-05,1.6666261157836952e-08,1.668421551151526e-08,-1.795435367830847e-11
pair_excitation-1ns,B,CS,1.09568e-05,1.6850544621936036e-08,1.6868334201142823e-08,-1.778957920678672e-11
pair_excitation-1ns,B,CS,1.10592e-05,1.697267517524766e-08,1.699032646744915e-08,-1.7651292201490322e-11
pair_excitation-1ns,B,CS,1.11616e-05,1.7061508109818278e-08,1.707907852902545e-08,-1.75704192071728e-11
pair_excitation-1ns,B,CS,1.1264000000000001e-05,1.7121782242316786e-08,1.7139135767039207e-08,-1.7353524722421382e-11
pair_excitation-1ns,B,CS,1.13664e-05,1.7157997277689398e-08,1.717526454482589e-08,-1.7267267136491717e-11
pair_excitation-1ns,B,CS,1.1468800000000001e-05,1.718240036950948e-08,1.7199636853429685e-08,-1.723648392020483e-11
pair_excitation-1ns,B,CS,1.15712e-05,1.7203508333427715e-08,1.7220754231258093e-08,-1.72458978303781e-11
pair_excitation-1ns,B,CS,1.1673600000000001e-05,1.7225309729258485e-08,1.7242583985385635e-08,-1.727425612715013e-11
pair_excitation-1ns,B,CS,1.1776e-05,1.7249757345475203e-08,1.7267070971951885e-08,-1.7313626476681726e-11
pair_excitation-1ns,B,CS,1.18784e-05,1.72780257955793e-08,1.7295385518357364e-08,-1.7359722778062537e-11
pair_excitation-1ns,B,CS,1.19808e-05,1.7310997096618396e-08,1.732840798262437e-08,-1.7410886005973177e-11
pair_excitation-1ns,B,CS,1.20832e-05,1.7349421827427272e-08,1.736688706935662e-08,-1.7465241929347323e-11
pair_excitation-1ns,B,CS,1.21856e-05,1.739367361704268e-08,1.741119370447585e-08,-1.7520087433172476e-11
pair_excitation-1ns,B,CS,1.2288e-05,1.744392175706791e-08,1.7461496870376592e-08,-1.7575113308683353e-11
pair_excitation-1ns,B,CS,1.23904e-05,1.7500287564165553e-08,1.7517916953004973e-08,-1.7629388839419322e-11
pair_excitation-1ns,B,CS,1.24928e-05,1.7562847899438105e-08,1.7580530854374347e-08,-1.7682954936241245e-11
pair_excitation-1ns,B,CS,1.2595200000000001e-05,1.7631643064982635e-08,1.764937836063825e-08,-1.7735295655614888e-11
pair_excitation-1ns,B,CS,1.26976e-05,1.7706683246889156e-08,1.7724469438931842e-08,-1.7786192042686523e-11
pair_excitation-1ns,B,CS,1.2800000000000001e-05,1.77879563741391e-08,1.780579206406776e-08,-1.7835689928658612e-11
pair_excitation-1ns,B,CS,1.29024e-05,1.7875437199151117e-08,1.7893320529093204e-08,-1.7883329942086698e-11
pair_excitation-1ns,B,CS,1.3004800000000001e-05,1.796909518787035e-08,1.7987024659425074e-08,-1.792947155472409e-11
pair_excitation-1ns,B,CS,1.31072e-05,1.8068907129493684e-08,1.808688116416567e-08,-1.7974034671985638e-11
pair_excitation-1ns,B,CS,1.32096e-05,1.8174873255529265e-08,1.8192890310989587e-08,-1.8017055460321997e-11
pair_excitation-1ns,B,CS,1.3312e-05,1.8287047772781747e-08,1.830510751161992e-08,-1.8059738838172632e-11
pair_excitation-1ns,B,CS,1.34144e-05,1.8405631799362434e-08,1.8423732192363072e-08,-1.810039300063867e-11
pair_excitation-1ns,B,CS,1.35168e-05,1.853195672815963e-08,1.8550123595044176e-08,-1.8166866884544645e-11
pair_excitation-1ns,B,CS,1.36192e-05,1.8675464087696963e-08,1.869373501482506e-08,-1.8270927128095488e-11
pair_excitation-1ns,B,CS,1.3721600000000001e-05,1.884724602913307e-08,1.8865735487094403e-08,-1.8489457961334052e-11
pair_excitation-1ns,B,CS,1.3824e-05,1.905844408615492e-08,1.9076959540942176e-08,-1.8515454787255116e-11
pair_excitation-1ns,B,CS,1.3926400000000001e-05,1.9341938788663135e-08,1.936181593070547e-08,-1.9877142042336453e-11
pair_excitation-1ns,B,CS,1.40288e-05,2.0408169681935672e-08,2.043417282544346e-08,-2.6003143507786816e-11
pair_excitation-1ns,B,CS,1.4131200000000001e-05,2.1446753130409845e-08,2.146927361487604e-08,-2.2520484466193912e-11
pair_excitation-1ns,B,CS,1.42336e-05,2.1896095982315266e-08,2.1918298583691778e-08,-2.220260137651145e-11
pair_excitation-1ns,B,CS,1.4336000000000001e-05,2.2128232080527696e-08,2.214988234358755e-08,-2.1650263059855384e-11
pair_excitation-1ns,B,CS,1.44384e-05,2.2271435940142502e-08,2.2292989771037462e-08,-2.1553830894959475e-11
pair_excitation-1ns,B,CS,1.45408e-05,2.2372911317945946e-08,2.2394369908798292e-08,-2.145859085234652e-11
pair_excitation-1ns,B,CS,1.46432e-05,2.2444808413829277e-08,2.24660893249607e-08,-2.1280911131421647e-11
pair_excitation-1ns,B,CS,1.47456e-05,2.248923968675977e-08,2.2510372013059207e-08,-2.113232629943811e-11
pair_excitation-1ns,B,CS,1.4848e-05,2.2516921589153535e-08,2.2538009173386985e-08,-2.108758423344994e-11
pair_excitation-1ns,B,CS,1.49504e-05,2.2538675707571937e-08,2.2559758747942206e-08,-2.1083040370269194e-11
pair_excitation-1ns,B,CS,1.5052800000000001e-05,2.255993262019525e-08,2.2581038521454117e-08,-2.110590125886599e-11
pair_excitation-1ns,B,CS,1.51552e-05,2.2583227477887982e-08,2.260436903346625e-08,-2.1141555578266447e-11
pair_excitation-1ns,B,CS,1.5257600000000001e-05,2.2609956325324617e-08,2.2631141765991003e-08,-2.1185440666386173e-11
pair_excitation-1ns,B,CS,1.5360000000000002e-05,2.264108686205623e-08,2.2662321841641686e-08,-2.1234979585456568e-11
pair_excitation-1ns,B,CS,1.54624e-05,2.267743405859018e-08,2.269872260124053e-08,-2.1288542650350526e-11
pair_excitation-1ns,B,CS,1.55648e-05,2.2719532961553553e-08,2.274087629301847e-08,-2.1343331464917423e-11
pair_excitation-1ns,B,CS,1.56672e-05,2.2767589515546197e-08,2.2788987849907343e-08,-2.1398334361145743e-11
pair_excitation-1ns,B,CS,1.57696e-05,2.2821743906933385e-08,2.2843196875347827e-08,-2.145296841444196e-11
pair_excitation-1ns,B,CS,1.5872e-05,2.2882090313534604e-08,2.29035973452393e-08,-2.150703170469482e-11
pair_excitation-1ns,B,CS,1.59744e-05,2.294868385298256e-08,2.2970243622798542e-08,-2.1559769815981353e-11
pair_excitation-1ns,B,CS,1.60768e-05,2.302154632960724e-08,2.3043157678432032e-08,-2.1611348824790907e-11
pair_excitation-1ns,B,CS,1.61792e-05,2.310067563324593e-08,2.312233702424883e-08,-2.166139100290179e-11
pair_excitation-1ns,B,CS,1.62816e-05,2.3186053440877215e-08,2.3207763241931293e-08,-2.1709801054078177e-11
pair_excitation-1ns,B,CS,1.6384e-05,2.3277654740534867e-08,2.329941147621408e-08,-2.1756735679213478e-11
pair_excitation-1ns,B,CS,1.6486400000000002e-05,2.337546022600888e-08,2.3397262124737276e-08,-2.1801898728394945e-11
pair_excitation-1ns,B,CS,1.65888e-05,2.3479472243832886e-08,2.3501318022617294e-08,-2.1845778784407736e-11
pair_excitation-1ns,B,CS,1.66912e-05,2.358974853724432e-08,2.3611637335610815e-08,-2.1888798366496386e-11
pair_excitation-1ns,B,CS,1.67936e-05,2.3706498225113522e-08,2.3728429728410907e-08,-2.1931503297384914e-11
pair_excitation-1ns,B,CS,1.6896000000000002e-05,2.3831306306960123e-08,2.3853303302637966e-08,-2.1996995677843162e-11
pair_excitation-1ns,B,CS,1.69984e-05,2.3973557418638316e-08,2.3995672480014713e-08,-2.2115061376396527e-11
pair_excitation-1ns,B,CS,1.71008e-05,2.414278166648326e-08,2.416504250060409e-08,-2.2260834120831894e-11
pair_excitation-1ns,B,CS,1.72032e-05,2.4346708629334117e-08,2.4369182163248584e-08,-2.2473533914466848e-11
pair_excitation-1ns,B,CS,1.73056e-05,2.460416049143473e-08,2.4626948426155252e-08,-2.2787934720522228e-11
pair_excitation-1ns,B,CS,1.7408e-05,2.520421773743936e-08,2.5233925661153068e-08,-2.970792371370856e-11
pair_excitation-1ns,B,CS,1.75104e-05,2.655137603930453e-08,2.6578906730396377e-08,-2.7530691091846748e-11
pair_excitation-1ns,B,CS,1.7612800000000002e-05,2.7121987585089632e-08,2.7149344252253252e-08,-2.7356667163620065e-11
pair_excitation-1ns,B,CS,1.77152e-05,2.740112257771095e-08,2.7427619945671433e-08,-2.6497367960481903e-11
pair_excitation-1ns,B,CS,1.78176e-05,2.7564123336806913e-08,2.759054721848769e-08,-2.6423881680775908e-11
pair_excitation-1ns,B,CS,1.792e-05,2.76758655117276e-08,2.7702159208702228e-08,-2.629369697462895e-11
pair_excitation-1ns,B,CS,1.8022400000000002e-05,2.775613584478263e-08,2.778230218660693e-08,-2.61663418243013e-11
pair_excitation-1ns,B,CS,1.81248e-05,2.780750239455116e-08,2.7833473426134782e-08,-2.5971031583622292e-11
pair_excitation-1ns,B,CS,1.82272e-05,2.7838457940014233e-08,2.786437213559713e-08,-2.5914195582897365e-11
pair_excitation-1ns,B,CS,1.83296e-05,2.7861131154642937e-08,2.788702895177954e-08,-2.5897797136602025e-11
pair_excitation-1ns,B,CS,1.8432e-05,2.7882242680896344e-08,2.7908158548317737e-08,-2.5915867421393332e-11
pair_excitation-1ns,B,CS,1.85344e-05,2.7904882024522536e-08,2.7930830542883658e-08,-2.5948518361121447e-11
pair_excitation-1ns,B,CS,1.86368e-05,2.7930656406676165e-08,2.7956647076875006e-08,-2.599067019884152e-11
pair_excitation-1ns,B,CS,1.8739200000000002e-05,2.796061791034738e-08,2.798665676308585e-08,-2.6038852738467125e-11
pair_excitation-1ns,B,CS,1.88416e-05,2.799561958705699e-08,2.8021711282888472e-08,-2.609169583148367e-11
pair_excitation-1ns,B,CS,1.8944e-05,2.8036306130349416e-08,2.8062452583140255e-08,-2.6146452790838796e-11
pair_excitation-1ns,B,CS,1.90464e-05,2.8082929759127085e-08,2.8109131122345954e-08,-2.6201363218869162e-11
pair_excitation-1ns,B,CS,1.9148800000000002e-05,2.8135644602134454e-08,2.816190085144211e-08,-2.6256249307655942e-11
pair_excitation-1ns,B,CS,1.92512e-05,2.819455824295329e-08,2.822086870090175e-08,-2.6310457948461456e-11
pair_excitation-1ns,B,CS,1.93536e-05,2.8259736713355675e-08,2.8286100347102374e-08,-2.6363633746699012e-11
pair_excitation-1ns,B,CS,1.9456e-05,2.8331211716107407e-08,2.8357627427932363e-08,-2.641571182495535e-11
pair_excitation-1ns,B,CS,1.9558400000000002e-05,2.8408989565382762e-08,2.8435455667721812e-08,-2.646610233904944e-11
pair_excitation-1ns,B,CS,1.96608e-05,2.8493058678550273e-08,2.8519573771187856e-08,-2.6515092637583126e-11
pair_excitation-1ns,B,CS,1.97632e-05,2.8583401057732168e-08,2.8609963512592448e-08,-2.6562454860279513e-11
pair_excitation-1ns,B,CS,1.9865600000000002e-05,2.8680004239305476e-08,2.8706612487925586e-08,-2.6608248620109746e-11
pair_excitation-1ns,B,CS,1.9968e-05,2.8782880820867066e-08,2.880953367191919e-08,-2.66528510521243e-11
pair_excitation-1ns,B,CS,2e-05,2.8816325582561136e-08,2.8842992125450896e-08,-2.666654288976019e-11
pair_excitation-0p5ns,A,PCHIP,0.0,0.0,0.0,0.0
pair_excitation-0p5ns,A,PCHIP,1.024e-07,2.4938408532990563e-13,2.603231652544318e-13,-1.0939079924526197e-14
pair_excitation-0p5ns,A,PCHIP,2.048e-07,1.9515462706623703e-12,1.9761524038378123e-12,-2.4606133175442026e-14
pair_excitation-0p5ns,A,PCHIP,3.072e-07,6.293926538455462e-12,6.339011131285862e-12,-4.50845928304002e-14
pair_excitation-0p5ns,A,PCHIP,4.096e-07,1.4235351999970224e-11,1.4306273353571736e-11,-7.092135360151191e-14
pair_excitation-0p5ns,A,PCHIP,5.12e-07,2.654990627030581e-11,2.6650813405245276e-11,-1.0090713493946462e-13
pair_excitation-0p5ns,A,PCHIP,6.144e-07,4.3865586698527995e-11,4.3999559992951466e-11,-1.339732944234714e-13
pair_excitation-0p5ns,A,PCHIP,7.168000000000001e-07,6.669323900589231e-11,6.686258363408077e-11,-1.6934462818845492e-13
pair_excitation-0p5ns,A,PCHIP,8.192e-07,9.54486013179916e-11,9.565492752506994e-11,-2.06326207078337e-13
pair_excitation-0p5ns,A,PCHIP,9.216e-07,1.304688297224587e-10,1.3071317006747172e-10,-2.443403450130157e-13
pair_excitation-0p5ns,A,PCHIP,1.024e-06,1.720253779079544e-10,1.723082857583557e-10,-2.829078504013066e-13
pair_excitation-0p5ns,A,PCHIP,1.1264000000000001e-06,2.2033441414791518e-10,2.2065597294823908e-10,-3.2155880032390604e-13
pair_excitation-0p5ns,A,PCHIP,1.2288e-06,2.7556525783198266e-10,2.759253043981039e-10,-3.60046566121248e-13
pair_excitation-0p5ns,A,PCHIP,1.3312e-06,3.3784822106845147e-10,3.3824633186463316e-10,-3.9811079618168407e-13
pair_excitation-0p5ns,A,PCHIP,1.4336000000000001e-06,4.072815780107897e-10,4.0771712400355164e-10,-4.3554599276191257e-13
pair_excitation-0p5ns,A,PCHIP,1.536e-06,4.839384263174067e-10,4.84410621858398e-10,-4.721955409912747e-13
pair_excitation-0p5ns,A,PCHIP,1.6384e-06,5.678737693576984e-10,5.683816474680607e-10,-5.078781103623433e-13
pair_excitation-0p5ns,A,PCHIP,1.7408000000000001e-06,6.59131800496021e-10,6.5967439551868e-10,-5.425950226590208e-13
pair_excitation-0p5ns,A,PCHIP,1.8432e-06,7.57754466274141e-10,7.58330781646856e-10,-5.763153727150067e-13
pair_excitation-0p5ns,A,PCHIP,1.9456e-06,8.637910845152509e-10,8.644001331382425e-10,-6.090486229915741e-13
pair_excitation-0p5ns,A,PCHIP,2.048e-06,9.77310080798556e-10,9.779509286607509e-10,-6.40847862194898e-13
pair_excitation-0p5ns,A,PCHIP,2.1504e-06,1.0984139460890997e-09,1.0990857028138507e-09,-6.71756724751007e-13
pair_excitation-0p5ns,A,PCHIP,2.2528000000000003e-06,1.2272589826988237e-09,1.2279609881581052e-09,-7.020054592814325e-13
pair_excitation-0p5ns,A,PCHIP,2.3552e-06,1.3640837540725661e-09,1.3648156080837355e-09,-7.318540111694241e-13
pair_excitation-0p5ns,A,PCHIP,2.4576e-06,1.5092518076218834e-09,1.5100135148474525e-09,-7.617072255690922e-13
pair_excitation-0p5ns,A,PCHIP,2.56e-06,1.6633213073881948e-09,1.6641135339728306e-09,-7.922265846357314e-13
pair_excitation-0p5ns,A,PCHIP,2.6624e-06,1.8271682705577314e-09,1.8279928006079272e-09,-8.245300501957182e-13
pair_excitation-0p5ns,A,PCHIP,2.7648e-06,2.0022273999145916e-09,2.0030885443441396e-09,-8.611444295480925e-13
pair_excitation-0p5ns,A,PCHIP,2.8672000000000003e-06,2.1910296863447295e-09,2.1919390755214483e-09,-9.093891767188429e-13
pair_excitation-0p5ns,A,PCHIP,2.9696e-06,2.3986748403339316e-09,2.3996513460190573e-09,-9.765056851257564e-13
pair_excitation-0p5ns,A,PCHIP,3.072e-06,2.6383766043234815e-09,2.6394063900289248e-09,-1.0297857054433244e-12
pair_excitation-0p5ns,A,PCHIP,3.1744e-06,2.976264649840162e-09,2.9778310494412124e-09,-1.5663996010504968e-12
pair_excitation-0p5ns,A,PCHIP,3.2768e-06,5.106914685888524e-09,5.112314000853766e-09,-5.399314965242233e-12
pair_excitation-0p5ns,A,PCHIP,3.3792e-06,6.508220327135435e-09,6.511134475975457e-09,-2.9141488400214894e-12
pair_excitation-0p5ns,A,PCHIP,3.4816000000000003e-06,7.117580600660459e-09,7.119829433648909e-09,-2.2488329884497252e-12
pair_excitation-0p5ns,A,PCHIP,3.5840000000000003e-06,7.43285035413234e-09,7.434820722398975e-09,-1.970368266634691e-12
pair_excitation-0p5ns,A,PCHIP,3.6864e-06,7.628546475093373e-09,7.630391273444149e-09,-1.8447983507763375e-12
pair_excitation-0p5ns,A,PCHIP,3.7888e-06,7.77111144955956e-09,7.772906465496642e-09,-1.7950159370818524e-12
pair_excitation-0p5ns,A,PCHIP,3.8912e-06,7.887823678603383e-09,7.889671498039408e-09,-1.847819436024698e-12
pair_excitation-0p5ns,A,PCHIP,3.9936e-06,7.989532752350129e-09,7.99116874884068e-09,-1.6359964905509796e-12
pair_excitation-0p5ns,A,PCHIP,4.096e-06,8.076361884581577e-09,8.077829406477112e-09,-1.467521895534947e-12
pair_excitation-0p5ns,A,PCHIP,4.1984e-06,8.144561249468078e-09,8.146000855639785e-09,-1.4396061717076919e-12
pair_excitation-0p5ns,A,PCHIP,4.3008e-06,8.195081175778298e-09,8.196530826770347e-09,-1.449650992049002e-12
pair_excitation-0p5ns,A,PCHIP,4.4032000000000005e-06,8.234417371881441e-09,8.235884948931793e-09,-1.4675770503516596e-12
pair_excitation-0p5ns,A,PCHIP,4.5056000000000005e-06,8.269345730309058e-09,8.270829901450793e-09,-1.4841711417346982e-12
pair_excitation-0p5ns,A,PCHIP,4.608e-06,8.304475794591877e-09,8.3059802388751e-09,-1.5044442832230756e-12
pair_excitation-0p5ns,A,PCHIP,4.7104e-06,8.342701757856845e-09,8.34423164903184e-09,-1.5298911749949847e-12
pair_excitation-0p5ns,A,PCHIP,4.8128e-06,8.38602393121596e-09,8.387584064654083e-09,-1.5601334381221421e-12
pair_excitation-0p5ns,A,PCHIP,4.9152e-06,8.436102788235819e-09,8.437697816668714e-09,-1.5950284328948135e-12
pair_excitation-0p5ns,A,PCHIP,5.0176e-06,8.494432906096332e-09,8.496065776919269e-09,-1.6328708229370606e-12
pair_excitation-0p5ns,A,PCHIP,5.12e-06,8.561693181303705e-09,8.563364111300519e-09,-1.6709299968131441e-12
pair_excitation-0p5ns,A,PCHIP,5.2224e-06,8.638246034328076e-09,8.639955199329888e-09,-1.7091650018118253e-12
pair_excitation-0p5ns,A,PCHIP,5.3248e-06,8.724398311977083e-09,8.7261456525169e-09,-1.747340539816888e-12
pair_excitation-0p5ns,A,PCHIP,5.4272e-06,8.820411574398635e-09,8.822196802497595e-09,-1.7852280989597648e-12
pair_excitation-0p5ns,A,PCHIP,5.5296e-06,8.92652003764383e-09,8.928342726321703e-09,-1.822688677873065e-12
pair_excitation-0p5ns,A,PCHIP,5.6320000000000005e-06,9.042955183195165e-09,9.044814863586143e-09,-1.859680390977725e-12
pair_excitation-0p5ns,A,PCHIP,5.7344000000000005e-06,9.169977181817916e-09,9.171873381325033e-09,-1.8961995071167724e-12
pair_excitation-0p5ns,A,PCHIP,5.836800000000001e-06,9.30791518675791e-09,9.309847705251169e-09,-1.93251849325936e-12
pair_excitation-0p5ns,A,PCHIP,5.9392e-06,9.457223562178837e-09,9.459192584629116e-09,-1.9690224502780525e-12
pair_excitation-0p5ns,A,PCHIP,6.0416e-06,9.618567269285814e-09,9.620573664327671e-09,-2.0063950418572466e-12
pair_excitation-0p5ns,A,PCHIP,6.144e-06,9.792967620467004e-09,9.795013507417508e-09,-2.045886950503237e-12
pair_excitation-0p5ns,A,PCHIP,6.2464e-06,9.982083121124254e-09,9.984173106349945e-09,-2.089985225691862e-12
pair_excitation-0p5ns,A,PCHIP,6.3488e-06,1.0188834180175653e-08,1.0190980129024923e-08,-2.145948849269334e-12
pair_excitation-0p5ns,A,PCHIP,6.4512e-06,1.0419132010240747e-08,1.0421348286088251e-08,-2.216275847504099e-12
pair_excitation-0p5ns,A,PCHIP,6.5536e-06,1.0688499214702765e-08,1.0690821241847748e-08,-2.3220271449830077e-12
pair_excitation-0p5ns,A,PCHIP,6.656e-06,1.108721063087157e-08,1.1090370966514627e-08,-3.160335643056992e-12
pair_excitation-0p5ns,A,PCHIP,6.7584e-06,1.2866198402776087e-08,1.2872732430071104e-08,-6.5340272950163505e-12
pair_excitation-0p5ns,A,PCHIP,6.8608000000000004e-06,1.3826479283626107e-08,1.3831352394239267e-08,-4.873110613160661e-12
pair_excitation-0p5ns,A,PCHIP,6.9632000000000005e-06,1.4275038792242625e-08,1.4279459840256072e-08,-4.421048013446965e-12
pair_excitation-0p5ns,A,PCHIP,7.065600000000001e-06,1.4526250634421213e-08,1.4530476860006656e-08,-4.226225585443004e-12
pair_excitation-0p5ns,A,PCHIP,7.168000000000001e-06,1.4693946844443437e-08,1.4698093087872225e-08,-4.146243428788576e-12
pair_excitation-0p5ns,A,PCHIP,7.2704e-06,1.4822750380337064e-08,1.4826905210103522e-08,-4.15482976645759e-12
pair_excitation-0p5ns,A,PCHIP,7.3728e-06,1.4930833342412063e-08,1.4934934319684525e-08,-4.100977272461926e-12
pair_excitation-0p5ns,A,PCHIP,7.4752e-06,1.5024044295301775e-08,1.5027854551982613e-08,-3.810256680837838e-12
pair_excitation-0p5ns,A,PCHIP,7.5776e-06,1.5101455151175294e-08,1.5105260209147118e-08,-3.80505797182358e-12
pair_excitation-0p5ns,A,PCHIP,7.680000000000001e-06,1.5162750165014063e-08,1.5166537125573714e-08,-3.786960559650702e-12
pair_excitation-0p5ns,A,PCHIP,7.7824e-06,1.5211056005576972e-08,1.521484544849945e-08,-3.789442922478354e-12
pair_excitation-0p5ns,A,PCHIP,7.8848e-06,1.5251977846783217e-08,1.5255776363391474e-08,-3.798516608256276e-12
pair_excitation-0p5ns,A,PCHIP,7.9872e-06,1.529055188810056e-08,1.5294364644612698e-08,-3.812756512138458e-12
pair_excitation-0p5ns,A,PCHIP,8.0896e-06,1.5330349423603315e-08,1.5334182579474898e-08,-3.833155871582912e-12
pair_excitation-0p5ns,A,PCHIP,8.192e-06,1.5373853498037786e-08,1.5377712771622532e-08,-3.859273584745879e-12
pair_excitation-0p5ns,A,PCHIP,8.2944e-06,1.542297982781597e-08,1.5426870082753595e-08,-3.890254937626521e-12
pair_excitation-0p5ns,A,PCHIP,8.3968e-06,1.5479483779126942e-08,1.5483410307335845e-08,-3.9265282089029825e-12
pair_excitation-0p5ns,A,PCHIP,8.4992e-06,1.5544786669458776e-08,1.554875087887901e-08,-3.964209420233651e-12
pair_excitation-0p5ns,A,PCHIP,8.6016e-06,1.5619406076849525e-08,1.5623408278462662e-08,-4.002201613136472e-12
pair_excitation-0p5ns,A,PCHIP,8.704e-06,1.5703690149723364e-08,1.570773046687061e-08,-4.040317147244833e-12
pair_excitation-0p5ns,A,PCHIP,8.806400000000001e-06,1.5797935714285996e-08,1.5802013926434215e-08,-4.0782121482190065e-12
pair_excitation-0p5ns,A,PCHIP,8.9088e-06,1.5902402237386745e-08,1.5906518017177613e-08,-4.115779790867649e-12
pair_excitation-0p5ns,A,PCHIP,9.011200000000001e-06,1.6017335039364766e-08,1.6021487976962737e-08,-4.152937597971413e-12
pair_excitation-0p5ns,A,PCHIP,9.1136e-06,1.6142996371089703e-08,1.6147186086702017e-08,-4.189715612313247e-12
pair_excitation-0p5ns,A,PCHIP,9.216e-06,1.6279706016663517e-08,1.6283932295569097e-08,-4.226278905579736e-12
pair_excitation-0p5ns,A,PCHIP,9.3184e-06,1.6427896442695354e-08,1.6432159344068597e-08,-4.262901373242899e-12
pair_excitation-0p5ns,A,PCHIP,9.4208e-06,1.658819420249027e-08,1.65924944790761e-08,-4.300276585831545e-12
pair_excitation-0p5ns,A,PCHIP,9.5232e-06,1.6761555433367535e-08,1.6765894968541933e-08,-4.3395351743983185e-12
pair_excitation-0p5ns,A,PCHIP,9.6256e-06,1.694951960805904e-08,1.6953902548669164e-08,-4.3829406101236695e-12
pair_excitation-0p5ns,A,PCHIP,9.728e-06,1.7154758821231876e-08,1.7159195157171034e-08,-4.436335939157652e-12
pair_excitation-0p5ns,A,PCHIP,9.8304e-06,1.7382527535665832e-08,1.7387037471284964e-08,-4.5099356191316996e-12
pair_excitation-0p5ns,A,PCHIP,9.932800000000001e-06,1.764589596367527e-08,1.765048932108341e-08,-4.593357408137867e-12
pair_excitation-0p5ns,A,PCHIP,1.00352e-05,1.8004031840263007e-08,1.8009127315944504e-08,-5.095475681496858e-12
pair_excitation-0p5ns,A,PCHIP,1.0137600000000001e-05,1.9585206241178076e-08,1.9594177019904887e-08,-8.97077872681144e-12
pair_excitation-0p5ns,A,PCHIP,1.024e-05,2.066250242630833e-08,2.0669222175302712e-08,-6.719748994383787e-12
pair_excitation-0p5ns,A,PCHIP,1.0342400000000001e-05,2.1154166671324895e-08,2.1160378328757968e-08,-6.211657433073761e-12
pair_excitation-0p5ns,A,PCHIP,1.04448e-05,2.1422804885030458e-08,2.1428799519653067e-08,-5.99463462260915e-12
pair_excitation-0p5ns,A,PCHIP,1.05472e-05,2.1598201046504763e-08,2.1604109988220304e-08,-5.908941715541433e-12
pair_excitation-0p5ns,A,PCHIP,1.06496e-05,2.1730548011001326e-08,2.1736456821027623e-08,-5.908810026296802e-12
pair_excitation-0p5ns,A,PCHIP,1.0752e-05,2.18402488768992e-08,2.1846121224285227e-08,-5.8723473860282274e-12
pair_excitation-0p5ns,A,PCHIP,1.08544e-05,2.1935132400591772e-08,2.194070772174875e-08,-5.575321156979314e-12
pair_excitation-0p5ns,A,PCHIP,1.09568e-05,2.2015907817393928e-08,2.202149177403794e-08,-5.583956644013025e-12
pair_excitation-0p5ns,A,PCHIP,1.10592e-05,2.2082378389779003e-08,2.2087934483956686e-08,-5.556094177683422e-12
pair_excitation-0p5ns,A,PCHIP,1.11616e-05,2.2136067091435395e-08,2.2141613831303072e-08,-5.546739867676539e-12
pair_excitation-0p5ns,A,PCHIP,1.1264000000000001e-05,2.2181267888497415e-08,2.2186817465033813e-08,-5.549576536398772e-12
pair_excitation-0p5ns,A,PCHIP,1.13664e-05,2.222276099853985e-08,2.2228320679133625e-08,-5.559680593774181e-12
pair_excitation-0p5ns,A,PCHIP,1.1468800000000001e-05,2.226433103237071e-08,2.2269907744992205e-08,-5.5767126214949254e-12
pair_excitation-0p5ns,A,PCHIP,1.15712e-05,2.2308722381552865e-08,2.2314322470152222e-08,-5.600088599356833e-12
pair_excitation-0p5ns,A,PCHIP,1.1673600000000001e-05,2.2358035427849506e-08,2.2363664302532283e-08,-5.6288746827768176e-12
pair_excitation-0p5ns,A,PCHIP,1.1776e-05,2.2414119432904738e-08,2.24197822707985e-08,-5.662837893761168e-12
pair_excitation-0p5ns,A,PCHIP,1.18784e-05,2.2478735079166056e-08,2.2484435612584668e-08,-5.7005334186119205e-12
pair_excitation-0p5ns,A,PCHIP,1.19808e-05,2.2552699126016632e-08,2.2558437403235745e-08,-5.738277219112885e-12
pair_excitation-0p5ns,A,PCHIP,1.20832e-05,2.263638462195133e-08,2.26421608745953e-08,-5.776252643969503e-12
pair_excitation-0p5ns,A,PCHIP,1.21856e-05,2.2730110488686055e-08,2.273592465782991e-08,-5.814169143854179e-12
pair_excitation-0p5ns,A,PCHIP,1.2288e-05,2.2834153725840357e-08,2.284000554792395e-08,-5.851822083594113e-12
pair_excitation-0p5ns,A,PCHIP,1.23904e-05,2.294877130577632e-08,2.2954660341459757e-08,-5.889035683437932e-12
pair_excitation-0p5ns,A,PCHIP,1.24928e-05,2.3074231167465835e-08,2.308015706328333e-08,-5.925895817494962e-12
pair_excitation-0p5ns,A,PCHIP,1.2595200000000001e-05,2.321085380998109e-08,2.32168163623661e-08,-5.962552385010516e-12
pair_excitation-0p5ns,A,PCHIP,1.26976e-05,2.3359068177662004e-08,2.3365067515579693e-08,-5.9993379176895815e-12
pair_excitation-0p5ns,A,PCHIP,1.2800000000000001e-05,2.351949368117548e-08,2.352553054460332e-08,-6.036863427840784e-12
pair_excitation-0p5ns,A,PCHIP,1.29024e-05,2.3693074718813685e-08,2.3699150880608533e-08,-6.076161794848236e-12
pair_excitation-0p5ns,A,PCHIP,1.3004800000000001e-05,2.3881330490865952e-08,2.388744999560956e-08,-6.119504743606418e-12
pair_excitation-0p5ns,A,PCHIP,1.31072e-05,2.408689233271302e-08,2.4093064798654435e-08,-6.172465941414576e-12
pair_excitation-0p5ns,A,PCHIP,1.32096e-05,2.4314907127579967e-08,2.4321153265623122e-08,-6.2461380431556e-12
pair_excitation-0p5ns,A,PCHIP,1.3312e-05,2.4578038054617444e-08,2.458436641061763e-08,-6.328356000184332e-12
pair_excitation-0p5ns,A,PCHIP,1.34144e-05,2.493125183462466e-08,2.4938044354779027e-08,-6.7925201543678165e-12
pair_excitation-0p5ns,A,PCHIP,1.35168e-05,2.6447017077251774e-08,2.645773380191597e-08,-1.0716724664196446e-11
pair_excitation-0p5ns,A,PCHIP,1.36192e-05,2.753982569428511e-08,2.7548167263555506e-08,-8.341569270394603e-12
pair_excitation-0p5ns,A,PCHIP,1.3721600000000001e-05,2.803715445931856e-08,2.804497955595986e-08,-7.825096641300592e-12
pair_excitation-0p5ns,A,PCHIP,1.3824e-05,2.8308066642003132e-08,2.8315671799914395e-08,-7.605157911262749e-12
pair_excitation-0p5ns,A,PCHIP,1.3926400000000001e-05,2.8484451522606057e-08,2.8491974318740787e-08,-7.52279613472981e-12
pair_excitation-0p5ns,A,PCHIP,1.40288e-05,2.861709655191125e-08,2.8624630613810427e-08,-7.534061899175425e-12
pair_excitation-0p5ns,A,PCHIP,1.4131200000000001e-05,2.8726400199957334e-08,2.8733834669854554e-08,-7.434469897219192e-12
pair_excitation-0p5ns,A,PCHIP,1.42336e-05,2.8820874909293863e-08,2.882807955730048e-08,-7.204648006618356e-12
pair_excitation-0p5ns,A,PCHIP,1.4336000000000001e-05,2.8902600697015282e-08,2.8909812602689166e-08,-7.211905673884323e-12
pair_excitation-0p5ns,A,PCHIP,1.44384e-05,2.8971702462326346e-08,2.8978883166081165e-08,-7.180703754818665e-12
pair_excitation-0p5ns,A,PCHIP,1.45408e-05,2.9028954668232895e-08,2.9036118267166865e-08,-7.163598933969863e-12
pair_excitation-0p5ns,A,PCHIP,1.46432e-05,2.9077597464546794e-08,2.9084758511231445e-08,-7.1610466846507245e-12
pair_excitation-0p5ns,A,PCHIP,1.47456e-05,2.9121907634483077e-08,2.9129075485752533e-08,-7.167851269456947e-12
pair_excitation-0p5ns,A,PCHIP,1.4848e-05,2.9165621134210064e-08,2.9172803565059007e-08,-7.182430848943155e-12
pair_excitation-0p5ns,A,PCHIP,1.49504e-05,2.9211588241925806e-08,2.9218792080765536e-08,-7.2038388397297605e-12
pair_excitation-0p5ns,A,PCHIP,1.5052800000000001e-05,2.9262030395801106e-08,2.926926143974999e-08,-7.23104394888235e-12
pair_excitation-0p5ns,A,PCHIP,1.51552e-05,2.9318888791791507e-08,2.9326152311111532e-08,-7.2635193200250686e-12
pair_excitation-0p5ns,A,PCHIP,1.5257600000000001e-05,2.9384082355768115e-08,2.9391383452624944e-08,-7.301096856829172e-12
pair_excitation-0p5ns,A,PCHIP,1.5360000000000002e-05,2.9458695073321483e-08,2.9466033796897614e-08,-7.33872357613152e-12
pair_excitation-0p5ns,A,PCHIP,1.54624e-05,2.9543126670645995e-08,2.9550503228935805e-08,-7.376558289810297e-12
pair_excitation-0p5ns,A,PCHIP,1.55648e-05,2.9637711236947883e-08,2.9645125624211866e-08,-7.414387263983896e-12
pair_excitation-0p5ns,A,PCHIP,1.56672e-05,2.9742738877730887e-08,2.9750190874652018e-08,-7.45199692113101e-12
pair_excitation-0p5ns,A,PCHIP,1.57696e-05,2.98584774809332e-08,2.9865966758180654e-08,-7.489277247451088e-12
pair_excitation-0p5ns,A,PCHIP,1.5872e-05,2.998520510092187e-08,2.999273134018153e-08,-7.52623925965978e-12
pair_excitation-0p5ns,A,PCHIP,1.59744e-05,3.0123253683141696e-08,3.013081665147109e-08,-7.562968329397206e-12
pair_excitation-0p5ns,A,PCHIP,1.60768e-05,3.027306827381706e-08,3.028066815976473e-08,-7.599885947669456e-12
pair_excitation-0p5ns,A,PCHIP,1.61792e-05,3.043529465266591e-08,3.0442932289976245e-08,-7.637637310338299e-12
pair_excitation-0p5ns,A,PCHIP,1.62816e-05,3.061092333886915e-08,3.061860074422614e-08,-7.677405356989272e-12
pair_excitation-0p5ns,A,PCHIP,1.6384e-05,3.080156008829994e-08,3.080928166391136e-08,-7.721575611419789e-12
pair_excitation-0p5ns,A,PCHIP,1.6486400000000002e-05,3.101001556910817e-08,3.101779188563836e-08,-7.776316530194355e-12
pair_excitation-0p5ns,A,PCHIP,1.65888e-05,3.124188924825984e-08,3.124973659300064e-08,-7.847344740798189e-12
pair_excitation-0p5ns,A,PCHIP,1.66912e-05,3.151139204942065e-08,3.1519340686600396e-08,-7.948637179746209e-12
pair_excitation-0p5ns,A,PCHIP,1.67936e-05,3.188833474110097e-08,3.189688755351843e-08,-8.552812417456684e-12
pair_excitation-0p5ns,A,PCHIP,1.6896000000000002e-05,3.348507153891672e-08,3.3497257506202114e-08,-1.218596728539731e-11
pair_excitation-0p5ns,A,PCHIP,1.69984e-05,3.447165885365946e-08,3.4481892082609247e-08,-1.0233228949785842e-11
pair_excitation-0p5ns,A,PCHIP,1.71008e-05,3.492989422373153e-08,3.4939662946300046e-08,-9.76872256851341e-12
pair_excitation-0p5ns,A,PCHIP,1.72032e-05,3.518503433237904e-08,3.519460413137885e-08,-9.569798999809534e-12
pair_excitation-0p5ns,A,PCHIP,1.73056e-05,3.535441654674971e-08,3.5363921751328583e-08,-9.50520457887402e-12
pair_excitation-0p5ns,A,PCHIP,1.7408e-05,3.548330991504763e-08,3.549287832228851e-08,-9.568407240880491e-12
pair_excitation-0p5ns,A,PCHIP,1.75104e-05,3.558954195554405e-08,3.559881018255623e-08,-9.268227012184837e-12
pair_excitation-0p5ns,A,PCHIP,1.7612800000000002e-05,3.5681245622950734e-08,3.5690461108852954e-08,-9.21548590221969e-12
pair_excitation-0p5ns,A,PCHIP,1.77152e-05,3.576218548612498e-08,3.577139679366997e-08,-9.211307544985489e-12
pair_excitation-0p5ns,A,PCHIP,1.78176e-05,3.5832633616994985e-08,3.58418120155246e-08,-9.178398529617878e-12
pair_excitation-0p5ns,A,PCHIP,1.792e-05,3.5892847239629356e-08,3.590200320925763e-08,-9.155969628270859e-12
pair_excitation-0p5ns,A,PCHIP,1.8022400000000002e-05,3.594508930847431e-08,3.595423791381263e-08,-9.148605338320597e-12
pair_excitation-0p5ns,A,PCHIP,1.81248e-05,3.599292906589771e-08,3.6002081410118864e-08,-9.1523442211525e-12
pair_excitation-0p5ns,A,PCHIP,1.82272e-05,3.603983276416352e-08,3.6048997497259383e-08,-9.164733095861763e-12
pair_excitation-0p5ns,A,PCHIP,1.83296e-05,3.6088628532982783e-08,3.609781301391301e-08,-9.184480930228979e-12
pair_excitation-0p5ns,A,PCHIP,1.8432e-05,3.6141615542243785e-08,3.615082597152034e-08,-9.210429276553487e-12
pair_excitation-0p5ns,A,PCHIP,1.85344e-05,3.620084492108326e-08,3.621008681372925e-08,-9.241892645993412e-12
pair_excitation-0p5ns,A,PCHIP,1.86368e-05,3.626838922626745e-08,3.6277668426861264e-08,-9.279200593816363e-12
pair_excitation-0p5ns,A,PCHIP,1.8739200000000002e-05,3.6345520688725447e-08,3.6354837342453046e-08,-9.31665372759957e-12
pair_excitation-0p5ns,A,PCHIP,1.88416e-05,3.643266608109014e-08,3.644202048389242e-08,-9.354402802280221e-12
pair_excitation-0p5ns,A,PCHIP,1.8944e-05,3.653017236558806e-08,3.6539564540509486e-08,-9.392174921425262e-12
pair_excitation-0p5ns,A,PCHIP,1.90464e-05,3.663834216717295e-08,3.664777185444824e-08,-9.429687275291983e-12
pair_excitation-0p5ns,A,PCHIP,1.9148800000000002e-05,3.6757457452104424e-08,3.676692436683856e-08,-9.466914734133375e-12
pair_excitation-0p5ns,A,PCHIP,1.92512e-05,3.68878157695185e-08,3.689731965931851e-08,-9.50388980001314e-12
pair_excitation-0p5ns,A,PCHIP,1.93536e-05,3.702977950102245e-08,3.703932030909976e-08,-9.54080807731011e-12
pair_excitation-0p5ns,A,PCHIP,1.9456e-05,3.718384416143009e-08,3.719342224956649e-08,-9.578088136401219e-12
pair_excitation-0p5ns,A,PCHIP,1.9558400000000002e-05,3.7350741233888456e-08,3.736035765996054e-08,-9.616426072085953e-12
pair_excitation-0p5ns,A,PCHIP,1.96608e-05,3.753161234634767e-08,3.7541269677144556e-08,-9.657330796883512e-12
pair_excitation-0p5ns,A,PCHIP,1.97632e-05,3.7728349387359404e-08,3.77380532338966e-08,-9.703846537194134e-12
pair_excitation-0p5ns,A,PCHIP,1.9865600000000002e-05,3.7944372904970085e-08,3.795413838061567e-08,-9.76547564558703e-12
pair_excitation-0p5ns,A,PCHIP,1.9968e-05,3.818691853593448e-08,3.819674949818695e-08,-9.830962252473494e-12
pair_excitation-0p5ns,A,PCHIP,2e-05,3.827055233172978e-08,3.828042075496464e-08,-9.868423234857373e-12
pair_excitation-0p5ns,B,PCHIP,0.0,0.0,0.0,0.0
pair_excitation-0p5ns,B,PCHIP,1.024e-07,1.8209363497911555e-13,1.9009446845900944e-13,-8.000833479893888e-15
pair_excitation-0p5ns,B,PCHIP,2.048e-07,1.4247781080163515e-12,1.4427674905614048e-12,-1.7989382545053287e-14
pair_excitation-0p5ns,B,PCHIP,3.072e-07,4.593162622297426e-12,4.626107495629673e-12,-3.294487333224722e-14
pair_excitation-0p5ns,B,PCHIP,4.096e-07,1.0381613730475878e-11,1.0433410290300549e-11,-5.179655982467038e-14
pair_excitation-0p5ns,B,PCHIP,5.12e-07,1.934428976457439e-11,1.941794147051235e-11,-7.36517059379588e-14
pair_excitation-0p5ns,B,PCHIP,6.144e-07,3.1922725173612e-11,3.202044610303828e-11,-9.772092942627601e-14
pair_excitation-0p5ns,B,PCHIP,7.168000000000001e-07,4.8466948980911914e-11,4.8590378843194023e-11,-1.2342986228210973e-13
pair_excitation-0p5ns,B,PCHIP,8.192e-07,6.925192821463904e-11,6.940219217697275e-11,-1.5026396233370204e-13
pair_excitation-0p5ns,B,PCHIP,9.216e-07,9.449012067204896e-11,9.466791602339336e-11,-1.777953513444028e-13
pair_excitation-0p5ns,B,PCHIP,1.024e-06,1.243413511087621e-10,1.2454701993858976e-10,-2.0566882982766678e-13
pair_excitation-0p5ns,B,PCHIP,1.1264000000000001e-06,1.5892076736590227e-10,1.5915430438467767e-10,-2.33537018775399e-13
pair_excitation-0p5ns,B,PCHIP,1.2288e-06,1.9830515024263432e-10,1.9856636431307885e-10,-2.612140704445336e-13
pair_excitation-0p5ns,B,PCHIP,1.3312e-06,2.4253850979948346e-10,2.4282701342741335e-10,-2.88503627929891e-13
pair_excitation-0p5ns,B,PCHIP,1.4336000000000001e-06,2.916366969596476e-10,2.9195194447046357e-10,-3.1524751081598596e-13
pair_excitation-0p5ns,B,PCHIP,1.536e-06,3.4559150001619465e-10,3.4593282030019673e-10,-3.4132028400207995e-13
pair_excitation-0p5ns,B,PCHIP,1.6384e-06,4.04374358007077e-10,4.0474093385814067e-10,-3.665758510636576e-13
pair_excitation-0p5ns,B,PCHIP,1.7408000000000001e-06,4.679395431411235e-10,4.683305358341982e-10,-3.909926930746687e-13
pair_excitation-0p5ns,B,PCHIP,1.8432e-06,5.362273835685971e-10,5.366419023135858e-10,-4.145187449887276e-13
pair_excitation-0p5ns,B,PCHIP,1.9456e-06,6.091670780912607e-10,6.096041980481771e-10,-4.371199569164453e-13
pair_excitation-0p5ns,B,PCHIP,2.048e-06,6.866794047578856e-10,6.871381827111028e-10,-4.587779532172203e-13
pair_excitation-0p5ns,B,PCHIP,2.1504e-06,7.68679359341571e-10,7.691588073526782e-10,-4.794480111071995e-13
pair_excitation-0p5ns,B,PCHIP,2.2528000000000003e-06,8.550785775144798e-10,8.555777575841988e-10,-4.99180069718934e-13
pair_excitation-0p5ns,B,PCHIP,2.3552e-06,9.457880301808616e-10,9.463060224862033e-10,-5.179923053416703e-13
pair_excitation-0p5ns,B,PCHIP,2.4576e-06,1.0407206989208284e-09,1.0412566121965835e-09,-5.359132757550214e-13
pair_excitation-0p5ns,B,PCHIP,2.56e-06,1.139794648660565e-09,1.1403476310295147e-09,-5.529823689497369e-13
pair_excitation-0p5ns,B,PCHIP,2.6624e-06,1.242936859596259e-09,1.2435060797613949e-09,-5.692201651358235e-13
pair_excitation-0p5ns,B,PCHIP,2.7648e-06,1.3500883897276724e-09,1.350673119389582e-09,-5.847296619095601e-13
pair_excitation-0p5ns,B,PCHIP,2.8672000000000003e-06,1.461212781594756e-09,1.4618123919568862e-09,-5.996103621302607e-13
pair_excitation-0p5ns,B,PCHIP,2.9696e-06,1.5763114029923136e-09,1.5769254304071937e-09,-6.140274148800778e-13
pair_excitation-0p5ns,B,PCHIP,3.072e-06,1.6954586187017716e-09,1.6960869777912858e-09,-6.283590895141947e-13
pair_excitation-0p5ns,B,PCHIP,3.1744e-06,1.818917151711732e-09,1.8195641559491015e-09,-6.470042373694496e-13
pair_excitation-0p5ns,B,PCHIP,3.2768e-06,1.949444434477226e-09,1.9501765952398425e-09,-7.321607626166454e-13
pair_excitation-0p5ns,B,PCHIP,3.3792e-06,2.110303916730043e-09,2.1110354543543523e-09,-7.31537624309251e-13
pair_excitation-0p5ns,B,PCHIP,3.4816000000000003e-06,2.3774645380442916e-09,2.378751839157755e-09,-1.2873011134633457e-12
pair_excitation-0p5ns,B,PCHIP,3.5840000000000003e-06,4.047238028108774e-09,4.05115772259157e-09,-3.919694482795922e-12
pair_excitation-0p5ns,B,PCHIP,3.6864e-06,5.152337793511251e-09,5.154380543199037e-09,-2.0427496877858198e-12
pair_excitation-0p5ns,B,PCHIP,3.7888e-06,5.626601942771963e-09,5.628120151764724e-09,-1.5182089927610889e-12
pair_excitation-0p5ns,B,PCHIP,3.8912e-06,5.868232361286454e-09,5.869533296657756e-09,-1.300935371302056e-12
pair_excitation-0p5ns,B,PCHIP,3.9936e-06,6.015947703833123e-09,6.017166791399709e-09,-1.2190875665860133e-12
pair_excitation-0p5ns,B,PCHIP,4.096e-06,6.121454197185522e-09,6.122786381489284e-09,-1.332184303761818e-12
pair_excitation-0p5ns,B,PCHIP,4.1984e-06,6.2029313421836724e-09,6.203817765998591e-09,-8.864238149182734e-13
pair_excitation-0p5ns,B,PCHIP,4.3008e-06,6.259740708295594e-09,6.260516449792259e-09,-7.757414966651536e-13
pair_excitation-0p5ns,B,PCHIP,4.4032000000000005e-06,6.294787048871209e-09,6.29564221982844e-09,-8.55170957230906e-13
pair_excitation-0p5ns,B,PCHIP,4.5056000000000005e-06,6.318923434818048e-09,6.319818598401815e-09,-8.951635837672571e-13
pair_excitation-0p5ns,B,PCHIP,4.608e-06,6.33996700223703e-09,6.340881155987411e-09,-9.141537503808862e-13
pair_excitation-0p5ns,B,PCHIP,4.7104e-06,6.361699597059955e-09,6.362631494440898e-09,-9.318973809436265e-13
pair_excitation-0p5ns,B,PCHIP,4.8128e-06,6.386021351000112e-09,6.386973694062708e-09,-9.52343062595855e-13
pair_excitation-0p5ns,B,PCHIP,4.9152e-06,6.414081367252573e-09,6.4150568714701625e-09,-9.755042175895713e-13
pair_excitation-0p5ns,B,PCHIP,5.0176e-06,6.446735280697318e-09,6.447736229262443e-09,-1.0009485651243154e-12
pair_excitation-0p5ns,B,PCHIP,5.12e-06,6.4847233107151026e-09,6.485751564548908e-09,-1.0282538338053356e-12
pair_excitation-0p5ns,B,PCHIP,5.2224e-06,6.528465193989737e-09,6.529520817923125e-09,-1.0556239333880772e-12
pair_excitation-0p5ns,B,PCHIP,5.3248e-06,6.578130549220601e-09,6.579213552109026e-09,-1.0830028884248313e-12
pair_excitation-0p5ns,B,PCHIP,5.4272e-06,6.633838249141787e-09,6.634948402752336e-09,-1.110153610549753e-12
pair_excitation-0p5ns,B,PCHIP,5.5296e-06,6.6956639884896615e-09,6.6968008679443654e-09,-1.1368794547039455e-12
pair_excitation-0p5ns,B,PCHIP,5.6320000000000005e-06,6.763645887498926e-09,6.7648089132181005e-09,-1.1630257191745612e-12
pair_excitation-0p5ns,B,PCHIP,5.7344000000000005e-06,6.837791054600643e-09,6.838979481801282e-09,-1.1884272006391469e-12
pair_excitation-0p5ns,B,PCHIP,5.836800000000001e-06,6.918082357109394e-09,6.919295411474645e-09,-1.2130543652508603e-12
pair_excitation-0p5ns,B,PCHIP,5.9392e-06,7.0044856543884086e-09,7.005722512052973e-09,-1.2368576645642731e-12
pair_excitation-0p5ns,B,PCHIP,6.0416e-06,7.096957005441307e-09,7.098216822433419e-09,-1.2598169921124662e-12
pair_excitation-0p5ns,B,PCHIP,6.144e-06,7.195450442865352e-09,7.196732384347067e-09,-1.281941481714753e-12
pair_excitation-0p5ns,B,PCHIP,6.2464e-06,7.299927139019898e-09,7.3012303707624e-09,-1.3032317425019738e-12
pair_excitation-0p5ns,B,PCHIP,6.3488e-06,7.410367641688033e-09,7.411691459032551e-09,-1.3238173445175988e-12
pair_excitation-0p5ns,B,PCHIP,6.4512e-06,7.52679232463345e-09,7.528136189923924e-09,-1.3438652904740561e-12
pair_excitation-0p5ns,B,PCHIP,6.5536e-06,7.64930457279123e-09,7.650668347722642e-09,-1.363774931412714e-12
pair_excitation-0p5ns,B,PCHIP,6.656e-06,7.778232414047778e-09,7.779619647478373e-09,-1.387233430594277e-12
pair_excitation-0p5ns,B,PCHIP,6.7584e-06,7.91668169404619e-09,7.918122504861752e-09,-1.4408108155612447e-12
pair_excitation-0p5ns,B,PCHIP,6.8608000000000004e-06,8.079221055830344e-09,8.080716495563607e-09,-1.4954397332636165e-12
pair_excitation-0p5ns,B,PCHIP,6.9632000000000005e-06,8.284221781295279e-09,8.285837803565754e-09,-1.6160222704754274e-12
pair_excitation-0p5ns,B,PCHIP,7.065600000000001e-06,8.58890572460122e-09,8.591047136917507e-09,-2.1414123162868983e-12
pair_excitation-0p5ns,B,PCHIP,7.168000000000001e-06,9.920403888290003e-09,9.925235162440736e-09,-4.831274150733113e-12
pair_excitation-0p5ns,B,PCHIP,7.2704e-06,1.0815718243723259e-08,1.0818818335207958e-08,-3.100091484698941e-12
pair_excitation-0p5ns,B,PCHIP,7.3728e-06,1.1214480276775306e-08,1.1217156565750847e-08,-2.676288975541414e-12
pair_excitation-0p5ns,B,PCHIP,7.4752e-06,1.1426486987891517e-08,1.1428989947974382e-08,-2.5029600828647764e-12
pair_excitation-0p5ns,B,PCHIP,7.5776e-06,1.1561145043259546e-08,1.15636363677057e-08,-2.491324446153432e-12
pair_excitation-0p5ns,B,PCHIP,7.680000000000001e-06,1.1658343719833394e-08,1.1660874124994793e-08,-2.5304051613995177e-12
pair_excitation-0p5ns,B,PCHIP,7.7824e-06,1.1728163742914244e-08,1.1730083966725047e-08,-1.9202238108025505e-12
pair_excitation-0p5ns,B,PCHIP,7.8848e-06,1.1770982168161047e-08,1.1773025227084708e-08,-2.0430589236611187e-12
pair_excitation-0p5ns,B,PCHIP,7.9872e-06,1.1798111221194485e-08,1.1800214535323746e-08,-2.1033141292610955e-12
pair_excitation-0p5ns,B,PCHIP,8.0896e-06,1.1819760621629331e-08,1.1821887509019546e-08,-2.1268873902152577e-12
pair_excitation-0p5ns,B,PCHIP,8.192e-06,1.1841068346031756e-08,1.1843212742512422e-08,-2.1443964806661072e-12
pair_excitation-0p5ns,B,PCHIP,8.2944e-06,1.186446097641335e-08,1.1866624958475183e-08,-2.1639820618339805e-12
pair_excitation-0p5ns,B,PCHIP,8.3968e-06,1.1891294210923922e-08,1.1893480618231789e-08,-2.1864073078665634e-12
pair_excitation-0p5ns,B,PCHIP,8.4992e-06,1.1922511694982787e-08,1.1924722957307583e-08,-2.2112623247952103e-12
pair_excitation-0p5ns,B,PCHIP,8.6016e-06,1.1958909414947364e-08,1.1961147753734535e-08,-2.2383387871710693e-12
pair_excitation-0p5ns,B,PCHIP,8.704e-06,1.2001023317410167e-08,1.2003289078914635e-08,-2.2657615044677914e-12
pair_excitation-0p5ns,B,PCHIP,8.806400000000001e-06,1.2049056586912748e-08,1.2051349792674163e-08,-2.2932057614153155e-12
pair_excitation-0p5ns,B,PCHIP,8.9088e-06,1.2103145045047608e-08,1.2105465536514685e-08,-2.3204914670763254e-12
pair_excitation-0p5ns,B,PCHIP,9.011200000000001e-06,1.2163379343253998e-08,1.2165726751398603e-08,-2.3474081446044577e-12
pair_excitation-0p5ns,B,PCHIP,9.1136e-06,1.2229810546731412e-08,1.223218433608147e-08,-2.3737893500585414e-12
pair_excitation-0p5ns,B,PCHIP,9.216e-06,1.2302456913755496e-08,1.2304856423106705e-08,-2.399509351209573e-12
pair_excitation-0p5ns,B,PCHIP,9.3184e-06,1.238131130202723e-08,1.2383735733611485e-08,-2.4244315842557695e-12
pair_excitation-0p5ns,B,PCHIP,9.4208e-06,1.2466348715639195e-08,1.2468797268381037e-08,-2.4485527418411833e-12
pair_excitation-0p5ns,B,PCHIP,9.5232e-06,1.2557534580902459e-08,1.2560006432357473e-08,-2.471851455013658e-12
pair_excitation-0p5ns,B,PCHIP,9.6256e-06,1.2654833817383219e-08,1.2657328157864823e-08,-2.4943404816047738e-12
pair_excitation-0p5ns,B,PCHIP,9.728e-06,1.2758222389175384e-08,1.2760738463856507e-08,-2.516074681122802e-12
pair_excitation-0p5ns,B,PCHIP,9.8304e-06,1.2867704943777785e-08,1.2870242079744034e-08,-2.537135966249557e-12
pair_excitation-0p5ns,B,PCHIP,9.932800000000001e-06,1.2983349334706828e-08,1.2985907191370263e-08,-2.5578566634350843e-12
pair_excitation-0p5ns,B,PCHIP,1.00352e-05,1.3105388347547791e-08,1.3107968548283598e-08,-2.5802007358072095e-12
pair_excitation-0p5ns,B,PCHIP,1.0137600000000001e-05,1.3235609931031648e-08,1.3238230975558749e-08,-2.621044527100988e-12
pair_excitation-0p5ns,B,PCHIP,1.024e-05,1.3384972940939708e-08,1.3387676161209052e-08,-2.7032202693443525e-12
pair_excitation-0p5ns,B,PCHIP,1.0342400000000001e-05,1.3566343277867103e-08,1.3569081486970412e-08,-2.7382091033089407e-12
pair_excitation-0p5ns,B,PCHIP,1.04448e-05,1.3796721399313617e-08,1.379964644308317e-08,-2.925043769553393e-12
pair_excitation-0p5ns,B,PCHIP,1.05472e-05,1.419757403168184e-08,1.4201667854107833e-08,-4.093822425992721e-12
pair_excitation-0p5ns,B,PCHIP,1.06496e-05,1.564780217030501e-08,1.5653828172802874e-08,-6.026002497865622e-12
pair_excitation-0p5ns,B,PCHIP,1.0752e-05,1.63458887636729e-08,1.635085862217679e-08,-4.969858503890039e-12
pair_excitation-0p5ns,B,PCHIP,1.08544e-05,1.667233485755146e-08,1.667697736559748e-08,-4.642508046018148e-12
pair_excitation-0p5ns,B,PCHIP,1.09568e-05,1.6855264948748574e-08,1.6859781362686786e-08,-4.5164139382121015e-12
pair_excitation-0p5ns,B,PCHIP,1.10592e-05,1.6976617831068438e-08,1.698121334826667e-08,-4.595517198230557e-12
pair_excitation-0p5ns,B,PCHIP,1.11616e-05,1.7065329051253024e-08,1.706956846018579e-08,-4.23940893276458e-12
pair_excitation-0p5ns,B,PCHIP,1.1264000000000001e-05,1.7125218090795417e-08,1.7129221815550124e-08,-4.00372475470738e-12
pair_excitation-0p5ns,B,PCHIP,1.13664e-05,1.716101561795826e-08,1.716511911408199e-08,-4.103496123731866e-12
pair_excitation-0p5ns,B,PCHIP,1.1468800000000001e-05,1.7185291932797814e-08,1.7189438437142074e-08,-4.146504344259883e-12
pair_excitation-0p5ns,B,PCHIP,1.15712e-05,1.720642136405581e-08,1.7210587316232447e-08,-4.165952176636807e-12
pair_excitation-0p5ns,B,PCHIP,1.1673600000000001e-05,1.7228301880968754e-08,1.723248585242411e-08,-4.1839714553572696e-12
pair_excitation-0p5ns,B,PCHIP,1.1776e-05,1.7252857095689563e-08,1.7257061791478978e-08,-4.2046957894144134e-12
pair_excitation-0p5ns,B,PCHIP,1.18784e-05,1.728125147182991e-08,1.7285479575552756e-08,-4.228103722844953e-12
pair_excitation-0p5ns,B,PCHIP,1.19808e-05,1.7314364194547228e-08,1.7318618068242482e-08,-4.253873695253956e-12
pair_excitation-0p5ns,B,PCHIP,1.20832e-05,1.7352941606270934e-08,1.7357222871681493e-08,-4.281265410559165e-12
pair_excitation-0p5ns,B,PCHIP,1.21856e-05,1.7397350583647085e-08,1.7401659328288275e-08,-4.30874464118937e-12
pair_excitation-0p5ns,B,PCHIP,1.2288e-05,1.744775941483461e-08,1.7452095635020928e-08,-4.336220186319664e-12
pair_excitation-0p5ns,B,PCHIP,1.23904e-05,1.7504288000405677e-08,1.750865140046803e-08,-4.363400062354138e-12
pair_excitation-0p5ns,B,PCHIP,1.24928e-05,1.7567012722427666e-08,1.757140286761861e-08,-4.390145190943009e-12
pair_excitation-0p5ns,B,PCHIP,1.2595200000000001e-05,1.7635972995726995e-08,1.7640389301373012e-08,-4.416305646017152e-12
pair_excitation-0p5ns,B,PCHIP,1.26976e-05,1.771117852982751e-08,1.7715620301404974e-08,-4.441771577465133e-12
pair_excitation-0p5ns,B,PCHIP,1.2800000000000001e-05,1.7792617177447248e-08,1.779708364759902e-08,-4.466470151772627e-12
pair_excitation-0p5ns,B,PCHIP,1.29024e-05,1.7880263323817046e-08,1.788475364137355e-08,-4.4903175565051935e-12
pair_excitation-0p5ns,B,PCHIP,1.3004800000000001e-05,1.7974087019827014e-08,1.7978600380224762e-08,-4.51336039774824e-12
pair_excitation-0p5ns,B,PCHIP,1.31072e-05,1.807406560178617e-08,1.807860124055088e-08,-4.5356387647108926e-12
pair_excitation-0p5ns,B,PCHIP,1.32096e-05,1.818020061909873e-08,1.818475787687413e-08,-4.557257775399515e-12
pair_excitation-0p5ns,B,PCHIP,1.3312e-05,1.8292550328193814e-08,1.8297128803963707e-08,-4.578475769893318e-12
pair_excitation-0p5ns,B,PCHIP,1.34144e-05,1.8411322399066532e-08,1.841592327206735e-08,-4.600873000817405e-12
pair_excitation-0p5ns,B,PCHIP,1.35168e-05,1.8538036873106026e-08,1.8542675691304075e-08,-4.638818198049294e-12
pair_excitation-0p5ns,B,PCHIP,1.36192e-05,1.8682444581867153e-08,1.868715925744328e-08,-4.714675576128317e-12
pair_excitation-0p5ns,B,PCHIP,1.3721600000000001e-05,1.885549764725673e-08,1.8860246297748648e-08,-4.748650491916858e-12
pair_excitation-0p5ns,B,PCHIP,1.3824e-05,1.906781404153848e-08,1.90726890289183e-08,-4.87498737982011e-12
pair_excitation-0p5ns,B,PCHIP,1.3926400000000001e-05,1.93547192369951e-08,1.9359959362656848e-08,-5.240125661747709e-12
pair_excitation-0p5ns,B,PCHIP,1.40288e-05,2.044684685346182e-08,2.0454681319934258e-08,-7.834466472438462e-12
pair_excitation-0p5ns,B,PCHIP,1.4131200000000001e-05,2.1463224795320832e-08,2.1468875025921784e-08,-5.650230600952368e-12
pair_excitation-0p5ns,B,PCHIP,1.42336e-05,2.1905710037681784e-08,2.1910877573140298e-08,-5.1675354585142514e-12
pair_excitation-0p5ns,B,PCHIP,1.4336000000000001e-05,2.2134940304797692e-08,2.2139911836658828e-08,-4.9715318611359325e-12
pair_excitation-0p5ns,B,PCHIP,1.44384e-05,2.227704563470749e-08,2.2281991726029785e-08,-4.946091322296416e-12
pair_excitation-0p5ns,B,PCHIP,1.45408e-05,2.2377765466184546e-08,2.2382805213569657e-08,-5.039747385111e-12
pair_excitation-0p5ns,B,PCHIP,1.46432e-05,2.244961903318175e-08,2.2453964254200218e-08,-4.345221018466229e-12
pair_excitation-0p5ns,B,PCHIP,1.47456e-05,2.249332718639873e-08,2.2497814100538616e-08,-4.486914139887529e-12
pair_excitation-0p5ns,B,PCHIP,1.4848e-05,2.2520739728745756e-08,2.252529054289521e-08,-4.550814149455217e-12
pair_excitation-0p5ns,B,PCHIP,1.49504e-05,2.2542461281868774e-08,2.254703640913809e-08,-4.575127269316756e-12
pair_excitation-0p5ns,B,PCHIP,1.5052800000000001e-05,2.2563788406688088e-08,2.2568381119845107e-08,-4.592713157018929e-12
pair_excitation-0p5ns,B,PCHIP,1.51552e-05,2.258719847806455e-08,2.259181081014041e-08,-4.612332075860087e-12
pair_excitation-0p5ns,B,PCHIP,1.5257600000000001e-05,2.2614069992442715e-08,2.261870480433627e-08,-4.634811893555323e-12
pair_excitation-0p5ns,B,PCHIP,1.5360000000000002e-05,2.2645364696673845e-08,2.265002445964554e-08,-4.6597629716964244e-12
pair_excitation-0p5ns,B,PCHIP,1.54624e-05,2.268189511869473e-08,2.2686582017558817e-08,-4.686898864085965e-12
pair_excitation-0p5ns,B,PCHIP,1.55648e-05,2.2724186703841113e-08,2.2728901027197006e-08,-4.714323355893551e-12
pair_excitation-0p5ns,B,PCHIP,1.56672e-05,2.2772441537698105e-08,2.277718336908599e-08,-4.7418313878839675e-12
pair_excitation-0p5ns,B,PCHIP,1.57696e-05,2.282679843648108e-08,2.2831567618714088e-08,-4.769182233009056e-12
pair_excitation-0p5ns,B,PCHIP,1.5872e-05,2.288735069444072e-08,2.289214685977533e-08,-4.796165334611103e-12
pair_excitation-0p5ns,B,PCHIP,1.59744e-05,2.295415217206798e-08,2.2958974736369597e-08,-4.822564301616517e-12
pair_excitation-0p5ns,B,PCHIP,1.60768e-05,2.302722439515494e-08,2.3032072704318305e-08,-4.8483091633665305e-12
pair_excitation-0p5ns,B,PCHIP,1.61792e-05,2.310656468470565e-08,2.3111438000227122e-08,-4.8733155214718084e-12
pair_excitation-0p5ns,B,PCHIP,1.62816e-05,2.3192154685575004e-08,2.319705222144153e-08,-4.89753586652601e-12
pair_excitation-0p5ns,B,PCHIP,1.6384e-05,2.3283969956571564e-08,2.3288890916831462e-08,-4.920960259897828e-12
pair_excitation-0p5ns,B,PCHIP,1.6486400000000002e-05,2.338199190578195e-08,2.3386935485094183e-08,-4.943579312233658e-12
pair_excitation-0p5ns,B,PCHIP,1.65888e-05,2.3486225334104577e-08,2.3491190875631773e-08,-4.965541527196081e-12
pair_excitation-0p5ns,B,PCHIP,1.66912e-05,2.3596732988645236e-08,2.3601720104109053e-08,-4.9871154638172e-12
pair_excitation-0p5ns,B,PCHIP,1.67936e-05,2.3713738909901846e-08,2.3718749173190502e-08,-5.010263288656379e-12
pair_excitation-0p5ns,B,PCHIP,1.6896000000000002e-05,2.383912970401417e-08,2.3844179030760563e-08,-5.0493267463919856e-12
pair_excitation-0p5ns,B,PCHIP,1.69984e-05,2.398264246334035e-08,2.3987762611510443e-08,-5.120148170094635e-12
pair_excitation-0p5ns,B,PCHIP,1.71008e-05,2.4153398756145467e-08,2.4158559786306085e-08,-5.161030160617225e-12
pair_excitation-0p5ns,B,PCHIP,1.72032e-05,2.4358864756099662e-08,2.4364125109870747e-08,-5.260353771085133e-12
pair_excitation-0p5ns,B,PCHIP,1.73056e-05,2.4618128808119394e-08,2.462361948032247e-08,-5.4906722030768975e-12
pair_excitation-0p5ns,B,PCHIP,1.7408e-05,2.524790708170359e-08,2.525625396383892e-08,-8.346882135329565e-12
pair_excitation-0p5ns,B,PCHIP,1.75104e-05,2.657406310784213e-08,2.6580762829828545e-08,-6.699721986414251e-12
pair_excitation-0p5ns,B,PCHIP,1.7612800000000002e-05,2.7135657811890724e-08,2.714169131517469e-08,-6.033503283965873e-12
pair_excitation-0p5ns,B,PCHIP,1.77152e-05,2.741083622498336e-08,2.74166107574982e-08,-5.774532514841429e-12
pair_excitation-0p5ns,B,PCHIP,1.78176e-05,2.7572541824046575e-08,2.7578237468256684e-08,-5.695644210109546e-12
pair_excitation-0p5ns,B,PCHIP,1.792e-05,2.7683261887899717e-08,2.7689218342527343e-08,-5.956454627625907e-12
pair_excitation-0p5ns,B,PCHIP,1.8022400000000002e-05,2.776375240108447e-08,2.7768794436692322e-08,-5.042035607851484e-12
pair_excitation-0p5ns,B,PCHIP,1.81248e-05,2.7814232810693055e-08,2.781944764712654e-08,-5.214836433485758e-12
pair_excitation-0p5ns,B,PCHIP,1.82272e-05,2.7844814710653273e-08,2.785011106152094e-08,-5.296350867666189e-12
pair_excitation-0p5ns,B,PCHIP,1.83296e-05,2.786740749548023e-08,2.787273447642719e-08,-5.3269809469607184e-12
pair_excitation-0p5ns,B,PCHIP,1.8432e-05,2.7888575824441665e-08,2.7893920682294776e-08,-5.34485785311108e-12
pair_excitation-0p5ns,B,PCHIP,1.85344e-05,2.7911328507467083e-08,2.7916692240745635e-08,-5.363733278552216e-12
pair_excitation-0p5ns,B,PCHIP,1.86368e-05,2.793724927872979e-08,2.7942634765591163e-08,-5.3854868613720315e-12
pair_excitation-0p5ns,B,PCHIP,1.8739200000000002e-05,2.796738195900239e-08,2.7972791791526555e-08,-5.409832524166612e-12
pair_excitation-0p5ns,B,PCHIP,1.88416e-05,2.8002577923882768e-08,2.8008014528793434e-08,-5.436604910666156e-12
pair_excitation-0p5ns,B,PCHIP,1.8944e-05,2.804347267241123e-08,2.80489367198198e-08,-5.464047408571094e-12
pair_excitation-0p5ns,B,PCHIP,1.90464e-05,2.8090312284326907e-08,2.8095803840394028e-08,-5.491556067121046e-12
pair_excitation-0p5ns,B,PCHIP,1.9148800000000002e-05,2.81432498623416e-08,2.8148768834322217e-08,-5.518971980615693e-12
pair_excitation-0p5ns,B,PCHIP,1.92512e-05,2.8202391684096497e-08,2.8207937756832405e-08,-5.54607273590806e-12
pair_excitation-0p5ns,B,PCHIP,1.93536e-05,2.826780291548592e-08,2.8273375597759255e-08,-5.572682273335472e-12
pair_excitation-0p5ns,B,PCHIP,1.9456e-05,2.8339514884084264e-08,2.834511355212669e-08,-5.598668042425931e-12
pair_excitation-0p5ns,B,PCHIP,1.9558400000000002e-05,2.8417533321653294e-08,2.842315721119904e-08,-5.623889545745067e-12
pair_excitation-0p5ns,B,PCHIP,1.96608e-05,2.85018472123843e-08,2.8507495557757952e-08,-5.6483453736513854e-12
pair_excitation-0p5ns,B,PCHIP,1.97632e-05,2.859243921974064e-08,2.8598111242924875e-08,-5.6720231842362605e-12
pair_excitation-0p5ns,B,PCHIP,1.9865600000000002e-05,2.868929878344263e-08,2.8694993743550678e-08,-5.694960108049203e-12
pair_excitation-0p5ns,B,PCHIP,1.9968e-05,2.8792444244626904e-08,2.879815996503283e-08,-5.71572040592753e-12
pair_excitation-0p5ns,B,PCHIP,2e-05,2.8825975847699074e-08,2.8831698556684806e-08,-5.722708985731949e-12
pair_excitation-0p5ns,A,CS,0.0,0.0,0.0,0.0
pair_excitation-0p5ns,A,CS,1.024e-07,2.5493314109005817e-13,2.603231652544318e-13,-5.390024164373658e-15
pair_excitation-0p5ns,A,CS,2.048e-07,1.957311967063408e-12,1.9761524038378123e-12,-1.8840436774404476e-14
pair_excitation-0p5ns,A,CS,3.072e-07,6.299751834087372e-12,6.339011131285862e-12,-3.9259297198489895e-14
pair_excitation-0p5ns,A,CS,4.096e-07,1.4241252324751667e-11,1.4306273353571736e-11,-6.502102882006895e-14
pair_excitation-0p5ns,A,CS,5.12e-07,2.6555865007143678e-11,2.6650813405245276e-11,-9.494839810159788e-14
pair_excitation-0p5ns,A,CS,6.144e-07,4.387159772424841e-11,4.3999559992951466e-11,-1.2796226870305315e-13
pair_excitation-0p5ns,A,CS,7.168000000000001e-07,6.669929479724906e-11,6.686258363408077e-11,-1.6328883683170424e-13
pair_excitation-0p5ns,A,CS,8.192e-07,9.545469560531903e-11,9.565492752506994e-11,-2.0023191975090626e-13
pair_excitation-0p5ns,A,CS,9.216e-07,1.3047495642307753e-10,1.3071317006747172e-10,-2.382136443941826e-13
pair_excitation-0p5ns,A,CS,1.024e-06,1.720315316488349e-10,1.723082857583557e-10,-2.767541095208052e-13
pair_excitation-0p5ns,A,CS,1.1264000000000001e-06,2.2034059013637298e-10,2.2065597294823908e-10,-3.15382811866102e-13
pair_excitation-0p5ns,A,CS,1.2288e-06,2.7557145197303923e-10,2.759253043981039e-10,-3.5385242506467593e-13
pair_excitation-0p5ns,A,CS,1.3312e-06,3.3785443013863786e-10,3.3824633186463316e-10,-3.9190172599529514e-13
pair_excitation-0p5ns,A,CS,1.4336000000000001e-06,4.072877996926978e-10,4.0771712400355164e-10,-4.293243108538178e-13
pair_excitation-0p5ns,A,CS,1.536e-06,4.83944659356801e-10,4.84410621858398e-10,-4.659625015970321e-13
pair_excitation-0p5ns,A,CS,1.6384e-06,5.678800137671825e-10,5.683816474680607e-10,-5.016337008782019e-13
pair_excitation-0p5ns,A,CS,1.7408000000000001e-06,6.591380578750405e-10,6.5967439551868e-10,-5.363376436394492e-13
pair_excitation-0p5ns,A,CS,1.8432e-06,7.577607402960773e-10,7.58330781646856e-10,-5.700413507787039e-13
pair_excitation-0p5ns,A,CS,1.9456e-06,8.637973813866901e-10,8.644001331382425e-10,-6.027517515523888e-13
pair_excitation-0p5ns,A,CS,2.048e-06,9.773164122267386e-10,9.779509286607509e-10,-6.345164340122822e-13
pair_excitation-0p5ns,A,CS,2.1504e-06,1.0984203241943876e-09,1.0990857028138507e-09,-6.653786194631177e-13
pair_excitation-0p5ns,A,CS,2.2528000000000003e-06,1.2272654551055236e-09,1.2279609881581052e-09,-6.955330525815787e-13
pair_excitation-0p5ns,A,CS,2.3552e-06,1.3640902876115642e-09,1.3648156080837355e-09,-7.253204721713342e-13
pair_excitation-0p5ns,A,CS,2.4576e-06,1.509258805684247e-09,1.5100135148474525e-09,-7.547091632053924e-13
pair_excitation-0p5ns,A,CS,2.56e-06,1.6633276856847054e-09,1.6641135339728306e-09,-7.858482881251912e-13
pair_excitation-0p5ns,A,CS,2.6624e-06,1.827179291607976e-09,1.8279928006079272e-09,-8.13508999951091e-13
pair_excitation-0p5ns,A,CS,2.7648e-06,2.0022252935916285e-09,2.0030885443441396e-09,-8.632507525111604e-13
pair_excitation-0p5ns,A,CS,2.8672000000000003e-06,2.191091297133981e-09,2.1919390755214483e-09,-8.477783874673212e-13
pair_excitation-0p5ns,A,CS,2.9696e-06,2.3985278668234174e-09,2.3996513460190573e-09,-1.123479195639941e-12
pair_excitation-0p5ns,A,CS,3.072e-06,2.638975761776597e-09,2.6394063900289248e-09,-4.306282523277165e-13
pair_excitation-0p5ns,A,CS,3.1744e-06,2.973817103319472e-09,2.9778310494412124e-09,-4.0139461217404205e-12
pair_excitation-0p5ns,A,CS,3.2768e-06,5.105556582907473e-09,5.112314000853766e-09,-6.757417946293108e-12
pair_excitation-0p5ns,A,CS,3.3792e-06,6.5064486840435565e-09,6.511134475975457e-09,-4.6857919319001455e-12
pair_excitation-0p5ns,A,CS,3.4816000000000003e-06,7.115534009429084e-09,7.119829433648909e-09,-4.2954242198246135e-12
pair_excitation-0p5ns,A,CS,3.5840000000000003e-06,7.4308311016456514e-09,7.434820722398975e-09,-3.989620753323379e-12
pair_excitation-0p5ns,A,CS,3.6864e-06,7.626477107147246e-09,7.630391273444149e-09,-3.914166296903482e-12
pair_excitation-0p5ns,A,CS,3.7888e-06,7.769043615202742e-09,7.772906465496642e-09,-3.862850293900274e-12
pair_excitation-0p5ns,A,CS,3.8912e-06,7.885831244077533e-09,7.889671498039408e-09,-3.840253961874949e-12
pair_excitation-0p5ns,A,CS,3.9936e-06,7.987345785737115e-09,7.99116874884068e-09,-3.822963103565162e-12
pair_excitation-0p5ns,A,CS,4.096e-06,8.074060610823611e-09,8.077829406477112e-09,-3.768795653500381e-12
pair_excitation-0p5ns,A,CS,4.1984e-06,8.142319071645442e-09,8.146000855639785e-09,-3.681783994343716e-12
pair_excitation-0p5ns,A,CS,4.3008e-06,8.1928940662242e-09,8.196530826770347e-09,-3.636760546147903e-12
pair_excitation-0p5ns,A,CS,4.4032000000000005e-06,8.232266769441334e-09,8.235884948931793e-09,-3.61817949045901e-12
pair_excitation-0p5ns,A,CS,4.5056000000000005e-06,8.267209726434363e-09,8.270829901450793e-09,-3.6201750164299658e-12
pair_excitation-0p5ns,A,CS,4.608e-06,8.302344738999195e-09,8.3059802388751e-09,-3.6354998759055503e-12
pair_excitation-0p5ns,A,CS,4.7104e-06,8.340572298994409e-09,8.34423164903184e-09,-3.659350037430921e-12
pair_excitation-0p5ns,A,CS,4.8128e-06,8.383894884167823e-09,8.387584064654083e-09,-3.689180486259862e-12
pair_excitation-0p5ns,A,CS,4.9152e-06,8.433974187400083e-09,8.437697816668714e-09,-3.7236292686303764e-12
pair_excitation-0p5ns,A,CS,5.0176e-06,8.492304701289294e-09,8.496065776919269e-09,-3.761075629974889e-12
pair_excitation-0p5ns,A,CS,5.12e-06,8.55956501569738e-09,8.563364111300519e-09,-3.799095603138049e-12
pair_excitation-0p5ns,A,CS,5.2224e-06,8.6361178877501e-09,8.639955199329888e-09,-3.83731157978807e-12
pair_excitation-0p5ns,A,CS,5.3248e-06,8.722270182420189e-09,8.7261456525169e-09,-3.8754700967107255e-12
pair_excitation-0p5ns,A,CS,5.4272e-06,8.818283459107818e-09,8.822196802497595e-09,-3.913343389777289e-12
pair_excitation-0p5ns,A,CS,5.5296e-06,8.924391937913236e-09,8.928342726321703e-09,-3.950788408467046e-12
pair_excitation-0p5ns,A,CS,5.6320000000000005e-06,9.040827105362566e-09,9.044814863586143e-09,-3.987758223576336e-12
pair_excitation-0p5ns,A,CS,5.7344000000000005e-06,9.167849143350208e-09,9.171873381325033e-09,-4.024237974825307e-12
pair_excitation-0p5ns,A,CS,5.836800000000001e-06,9.305787196850444e-09,9.309847705251169e-09,-4.060508400724539e-12
pair_excitation-0p5ns,A,CS,5.9392e-06,9.45509576955931e-09,9.459192584629116e-09,-4.0968150698053525e-12
pair_excitation-0p5ns,A,CS,6.0416e-06,9.61643935352924e-09,9.620573664327671e-09,-4.134310798430331e-12
pair_excitation-0p5ns,A,CS,6.144e-06,9.79084171582777e-09,9.795013507417508e-09,-4.171791589736818e-12
pair_excitation-0p5ns,A,CS,6.2464e-06,9.979952247661378e-09,9.984173106349945e-09,-4.220858688567505e-12
pair_excitation-0p5ns,A,CS,6.3488e-06,1.0186733072003175e-08,1.0190980129024923e-08,-4.247057021747366e-12
pair_excitation-0p5ns,A,CS,6.4512e-06,1.041693324257879e-08,1.0421348286088251e-08,-4.415043509461506e-12
pair_excitation-0p5ns,A,CS,6.5536e-06,1.0686626425313024e-08,1.0690821241847748e-08,-4.194816534723826e-12
pair_excitation-0p5ns,A,CS,6.656e-06,1.1083993355024499e-08,1.1090370966514627e-08,-6.377611490127447e-12
pair_excitation-0p5ns,A,CS,6.7584e-06,1.2863261863111806e-08,1.2872732430071104e-08,-9.470566959297536e-12
pair_excitation-0p5ns,A,CS,6.8608000000000004e-06,1.3822547105754064e-08,1.3831352394239267e-08,-8.805288485203585e-12
pair_excitation-0p5ns,A,CS,6.9632000000000005e-06,1.4271222464346354e-08,1.4279459840256072e-08,-8.237375909718302e-12
pair_excitation-0p5ns,A,CS,7.065600000000001e-06,1.4522342505325108e-08,1.4530476860006656e-08,-8.134354681547577e-12
pair_excitation-0p5ns,A,CS,7.168000000000001e-06,1.4690044377192058e-08,1.4698093087872225e-08,-8.048710680167075e-12
pair_excitation-0p5ns,A,CS,7.2704e-06,1.4818887248203031e-08,1.4826905210103522e-08,-8.01796190049104e-12
pair_excitation-0p5ns,A,CS,7.3728e-06,1.4926942614347957e-08,1.4934934319684525e-08,-7.99170533656711e-12
pair_excitation-0p5ns,A,CS,7.4752e-06,1.5019900855652122e-08,1.5027854551982613e-08,-7.95369633049042e-12
pair_excitation-0p5ns,A,CS,7.5776e-06,1.509737618272236e-08,1.5105260209147118e-08,-7.884026424756379e-12
pair_excitation-0p5ns,A,CS,7.680000000000001e-06,1.51587120951479e-08,1.5166537125573714e-08,-7.825030425813503e-12
pair_excitation-0p5ns,A,CS,7.7824e-06,1.5207051728281295e-08,1.521484544849945e-08,-7.793720218154884e-12
pair_excitation-0p5ns,A,CS,7.8848e-06,1.5247992556616494e-08,1.5255776363391474e-08,-7.783806774979504e-12
pair_excitation-0p5ns,A,CS,7.9872e-06,1.528657435049275e-08,1.5294364644612698e-08,-7.790294119947039e-12
pair_excitation-0p5ns,A,CS,8.0896e-06,1.532637475620921e-08,1.5334182579474898e-08,-7.807823265689625e-12
pair_excitation-0p5ns,A,CS,8.192e-06,1.536987976111844e-08,1.5377712771622532e-08,-7.833010504090825e-12
pair_excitation-0p5ns,A,CS,8.2944e-06,1.541900639346328e-08,1.5426870082753595e-08,-7.863689290314303e-12
pair_excitation-0p5ns,A,CS,8.3968e-06,1.5475510839999796e-08,1.5483410307335845e-08,-7.899467336048976e-12
pair_excitation-0p5ns,A,CS,8.4992e-06,1.5540814038900673e-08,1.554875087887901e-08,-7.936839978335996e-12
pair_excitation-0p5ns,A,CS,8.6016e-06,1.5615433444737402e-08,1.5623408278462662e-08,-7.974833725259725e-12
pair_excitation-0p5ns,A,CS,8.704e-06,1.5699717540481894e-08,1.570773046687061e-08,-8.012926388714196e-12
pair_excitation-0p5ns,A,CS,8.806400000000001e-06,1.5793963118490003e-08,1.5802013926434215e-08,-8.05080794421162e-12
pair_excitation-0p5ns,A,CS,8.9088e-06,1.589842965505707e-08,1.5906518017177613e-08,-8.08836212054187e-12
pair_excitation-0p5ns,A,CS,9.011200000000001e-06,1.6013362474554476e-08,1.6021487976962737e-08,-8.125502408261354e-12
pair_excitation-0p5ns,A,CS,9.1136e-06,1.6139023836127455e-08,1.6147186086702017e-08,-8.162250574561716e-12
pair_excitation-0p5ns,A,CS,9.216e-06,1.627573352309423e-08,1.6283932295569097e-08,-8.198772474866628e-12
pair_excitation-0p5ns,A,CS,9.3184e-06,1.642392409846111e-08,1.6432159344068597e-08,-8.23524560748783e-12
pair_excitation-0p5ns,A,CS,9.4208e-06,1.6584221794917e-08,1.65924944790761e-08,-8.272684159099233e-12
pair_excitation-0p5ns,A,CS,9.5232e-06,1.6757584538376083e-08,1.6765894968541933e-08,-8.31043016584971e-12
pair_excitation-0p5ns,A,CS,9.6256e-06,1.6945545065680168e-08,1.6953902548669164e-08,-8.35748298899657e-12
pair_excitation-0p5ns,A,CS,9.728e-06,1.7150806670484663e-08,1.7159195157171034e-08,-8.388486686371442e-12
pair_excitation-0p5ns,A,CS,9.8304e-06,1.7378508039172665e-08,1.7387037471284964e-08,-8.529432112298664e-12
pair_excitation-0p5ns,A,CS,9.932800000000001e-06,1.764211450834148e-08,1.765048932108341e-08,-8.374812741929367e-12
pair_excitation-0p5ns,A,CS,1.00352e-05,1.7999232918038428e-08,1.8009127315944504e-08,-9.894397906075835e-12
pair_excitation-0p5ns,A,CS,1.0137600000000001e-05,1.958065910182024e-08,1.9594177019904887e-08,-1.351791808464593e-11
pair_excitation-0p5ns,A,CS,1.024e-05,2.0657468962454776e-08,2.0669222175302712e-08,-1.1753212847935819e-11
pair_excitation-0p5ns,A,CS,1.0342400000000001e-05,2.1148838239524785e-08,2.1160378328757968e-08,-1.1540089233183235e-11
pair_excitation-0p5ns,A,CS,1.04448e-05,2.1417514853729928e-08,2.1428799519653067e-08,-1.1284665923138924e-11
pair_excitation-0p5ns,A,CS,1.05472e-05,2.1592878669842834e-08,2.1604109988220304e-08,-1.1231318377470193e-11
pair_excitation-0p5ns,A,CS,1.06496e-05,2.172527230258232e-08,2.1736456821027623e-08,-1.1184518445303937e-11
pair_excitation-0p5ns,A,CS,1.0752e-05,2.1834962982582655e-08,2.1846121224285227e-08,-1.1158241702572008e-11
pair_excitation-0p5ns,A,CS,1.08544e-05,2.1929585001265357e-08,2.194070772174875e-08,-1.11227204833944e-11
pair_excitation-0p5ns,A,CS,1.09568e-05,2.2010426748345056e-08,2.202149177403794e-08,-1.1065025692885059e-11
pair_excitation-0p5ns,A,CS,1.10592e-05,2.2076928530112437e-08,2.2087934483956686e-08,-1.1005953844249413e-11
pair_excitation-0p5ns,A,CS,1.11616e-05,2.2130645247929956e-08,2.2141613831303072e-08,-1.0968583373116286e-11
pair_excitation-0p5ns,A,CS,1.1264000000000001e-05,2.2175864986489245e-08,2.2186817465033813e-08,-1.0952478544568405e-11
pair_excitation-0p5ns,A,CS,1.13664e-05,2.221736713608756e-08,2.2228320679133625e-08,-1.0953543046064792e-11
pair_excitation-0p5ns,A,CS,1.1468800000000001e-05,2.2258940792951656e-08,2.2269907744992205e-08,-1.0966952040549803e-11
pair_excitation-0p5ns,A,CS,1.15712e-05,2.2303333487188885e-08,2.2314322470152222e-08,-1.0988982963337513e-11
pair_excitation-0p5ns,A,CS,1.1673600000000001e-05,2.235264686211938e-08,2.2363664302532283e-08,-1.1017440412902919e-11
pair_excitation-0p5ns,A,CS,1.1776e-05,2.2408731304611867e-08,2.24197822707985e-08,-1.1050966186632295e-11
pair_excitation-0p5ns,A,CS,1.18784e-05,2.2473347412470757e-08,2.2484435612584668e-08,-1.1088200113910272e-11
pair_excitation-0p5ns,A,CS,1.19808e-05,2.254731151733164e-08,2.2558437403235745e-08,-1.1125885904105838e-11
pair_excitation-0p5ns,A,CS,1.20832e-05,2.2630997025426756e-08,2.26421608745953e-08,-1.1163849168543875e-11
pair_excitation-0p5ns,A,CS,1.21856e-05,2.2724722907729135e-08,2.273592465782991e-08,-1.1201750100773617e-11
pair_excitation-0p5ns,A,CS,1.2288e-05,2.282876615702474e-08,2.284000554792395e-08,-1.123939089920946e-11
pair_excitation-0p5ns,A,CS,1.23904e-05,2.2943383752313457e-08,2.2954660341459757e-08,-1.1276589146299868e-11
pair_excitation-0p5ns,A,CS,1.24928e-05,2.306884363925446e-08,2.308015706328333e-08,-1.1313424028868755e-11
pair_excitation-0p5ns,A,CS,1.2595200000000001e-05,2.3205466319439293e-08,2.32168163623661e-08,-1.1350042926807515e-11
pair_excitation-0p5ns,A,CS,1.26976e-05,2.335368081604435e-08,2.3365067515579693e-08,-1.138669953534461e-11
pair_excitation-0p5ns,A,CS,1.2800000000000001e-05,2.3514106280728883e-08,2.352553054460332e-08,-1.1424263874439027e-11
pair_excitation-0p5ns,A,CS,1.29024e-05,2.3687688632845248e-08,2.3699150880608533e-08,-1.1462247763285605e-11
pair_excitation-0p5ns,A,CS,1.3004800000000001e-05,2.38759413168404e-08,2.388744999560956e-08,-1.1508678769159806e-11
pair_excitation-0p5ns,A,CS,1.31072e-05,2.408152277296948e-08,2.4093064798654435e-08,-1.1542025684953904e-11
pair_excitation-0p5ns,A,CS,1.32096e-05,2.430948011054492e-08,2.4321153265623122e-08,-1.167315507820198e-11
pair_excitation-0p5ns,A,CS,1.3312e-05,2.4572815795494988e-08,2.458436641061763e-08,-1.1550615122641082e-11
pair_excitation-0p5ns,A,CS,1.34144e-05,2.4925144859946186e-08,2.4938044354779027e-08,-1.2899494832841844e-11
pair_excitation-0p5ns,A,CS,1.35168e-05,2.6441130725851974e-08,2.645773380191597e-08,-1.6603076063997327e-11
pair_excitation-0p5ns,A,CS,1.36192e-05,2.7533540489712478e-08,2.7548167263555506e-08,-1.4626773843027633e-11
pair_excitation-0p5ns,A,CS,1.3721600000000001e-05,2.8030483742103444e-08,2.804497955595986e-08,-1.4495813856415329e-11
pair_excitation-0p5ns,A,CS,1.3824e-05,2.8301463748432355e-08,2.8315671799914395e-08,-1.4208051482039956e-11
pair_excitation-0p5ns,A,CS,1.3926400000000001e-05,2.8477812222491886e-08,2.8491974318740787e-08,-1.4162096248901077e-11
pair_excitation-0p5ns,A,CS,1.40288e-05,2.8610518617897584e-08,2.8624630613810427e-08,-1.4111995912842983e-11
pair_excitation-0p5ns,A,CS,1.4131200000000001e-05,2.8719752250470153e-08,2.8733834669854554e-08,-1.4082419384401066e-11
pair_excitation-0p5ns,A,CS,1.42336e-05,2.8814032436000716e-08,2.882807955730048e-08,-1.4047121299764572e-11
pair_excitation-0p5ns,A,CS,1.4336000000000001e-05,2.889581650566431e-08,2.8909812602689166e-08,-1.3996097024856072e-11
pair_excitation-0p5ns,A,CS,1.44384e-05,2.8964941881150858e-08,2.8978883166081165e-08,-1.3941284930306613e-11
pair_excitation-0p5ns,A,CS,1.45408e-05,2.902221584461539e-08,2.9036118267166865e-08,-1.3902422551475977e-11
pair_excitation-0p5ns,A,CS,1.46432e-05,2.9070875196149503e-08,2.9084758511231445e-08,-1.3883315081941276e-11
pair_excitation-0p5ns,A,CS,1.47456e-05,2.9115194318109462e-08,2.9129075485752533e-08,-1.3881167643071266e-11
pair_excitation-0p5ns,A,CS,1.4848e-05,2.9158911696859685e-08,2.9172803565059007e-08,-1.3891868199322205e-11
pair_excitation-0p5ns,A,CS,1.49504e-05,2.920488034135635e-08,2.9218792080765536e-08,-1.391173940918656e-11
pair_excitation-0p5ns,A,CS,1.5052800000000001e-05,2.925532289314223e-08,2.926926143974999e-08,-1.3938546607757546e-11
pair_excitation-0p5ns,A,CS,1.51552e-05,2.9312181666054335e-08,2.9326152311111532e-08,-1.3970645057196213e-11
pair_excitation-0p5ns,A,CS,1.5257600000000001e-05,2.9377375754441505e-08,2.9391383452624944e-08,-1.4007698183438714e-11
pair_excitation-0p5ns,A,CS,1.5360000000000002e-05,2.9451988605162273e-08,2.9466033796897614e-08,-1.404519173534122e-11
pair_excitation-0p5ns,A,CS,1.54624e-05,2.953642020189104e-08,2.9550503228935805e-08,-1.40830270447654e-11
pair_excitation-0p5ns,A,CS,1.55648e-05,2.963100478585494e-08,2.9645125624211866e-08,-1.4120838356925621e-11
pair_excitation-0p5ns,A,CS,1.56672e-05,2.9736032437429985e-08,2.9750190874652018e-08,-1.4158437222032572e-11
pair_excitation-0p5ns,A,CS,1.57696e-05,2.98517710546474e-08,2.9865966758180654e-08,-1.4195703533252859e-11
pair_excitation-0p5ns,A,CS,1.5872e-05,2.9978498697576795e-08,2.999273134018153e-08,-1.4232642604732229e-11
pair_excitation-0p5ns,A,CS,1.59744e-05,3.0116547315588676e-08,3.013081665147109e-08,-1.4269335882417488e-11
pair_excitation-0p5ns,A,CS,1.60768e-05,3.02663620329212e-08,3.028066815976473e-08,-1.4306126843535498e-11
pair_excitation-0p5ns,A,CS,1.61792e-05,3.042858836754926e-08,3.0442932289976245e-08,-1.4343922426982103e-11
pair_excitation-0p5ns,A,CS,1.62816e-05,3.060421841311136e-08,3.061860074422614e-08,-1.4382331114779673e-11
pair_excitation-0p5ns,A,CS,1.6384e-05,3.079485194491882e-08,3.080928166391136e-08,-1.4429718992539007e-11
pair_excitation-0p5ns,A,CS,1.6486400000000002e-05,3.100332826638351e-08,3.101779188563836e-08,-1.446361925485044e-11
pair_excitation-0p5ns,A,CS,1.65888e-05,3.123513553530986e-08,3.124973659300064e-08,-1.460105769077777e-11
pair_excitation-0p5ns,A,CS,1.66912e-05,3.150486074158017e-08,3.1519340686600396e-08,-1.4479945020226426e-11
pair_excitation-0p5ns,A,CS,1.67936e-05,3.188088169702642e-08,3.189688755351843e-08,-1.6005856492005597e-11
pair_excitation-0p5ns,A,CS,1.6896000000000002e-05,3.347778916116244e-08,3.3497257506202114e-08,-1.9468345039677068e-11
pair_excitation-0p5ns,A,CS,1.69984e-05,3.446369326992617e-08,3.4481892082609247e-08,-1.819881268307868e-11
pair_excitation-0p5ns,A,CS,1.71008e-05,3.4921805613836135e-08,3.4939662946300046e-08,-1.785733246391056e-11
pair_excitation-0p5ns,A,CS,1.72032e-05,3.5176930588969254e-08,3.519460413137885e-08,-1.7673542409597032e-11
pair_excitation-0p5ns,A,CS,1.73056e-05,3.534631472037669e-08,3.5363921751328583e-08,-1.760703095189185e-11
pair_excitation-0p5ns,A,CS,1.7408e-05,3.547530664718445e-08,3.549287832228851e-08,-1.7571675104065203e-11
pair_excitation-0p5ns,A,CS,1.75104e-05,3.5581280735151915e-08,3.559881018255623e-08,-1.7529447404317444e-11
pair_excitation-0p5ns,A,CS,1.7612800000000002e-05,3.567296471091442e-08,3.5690461108852954e-08,-1.7496397938532408e-11
pair_excitation-0p5ns,A,CS,1.77152e-05,3.5753946228389953e-08,3.577139679366997e-08,-1.74505652800144e-11
pair_excitation-0p5ns,A,CS,1.78176e-05,3.5824409434979223e-08,3.58418120155246e-08,-1.7402580545379076e-11
pair_excitation-0p5ns,A,CS,1.792e-05,3.588463747850903e-08,3.590200320925763e-08,-1.736573074859816e-11
pair_excitation-0p5ns,A,CS,1.8022400000000002e-05,3.593689187458354e-08,3.595423791381263e-08,-1.7346039229090712e-11
pair_excitation-0p5ns,A,CS,1.81248e-05,3.598473920794296e-08,3.6002081410118864e-08,-1.734220217590123e-11
pair_excitation-0p5ns,A,CS,1.82272e-05,3.603164650320978e-08,3.6048997497259383e-08,-1.7350994049602288e-11
pair_excitation-0p5ns,A,CS,1.83296e-05,3.6080443787330136e-08,3.609781301391301e-08,-1.7369226582876353e-11
pair_excitation-0p5ns,A,CS,1.8432e-05,3.613343120250813e-08,3.615082597152034e-08,-1.739476901220576e-11
pair_excitation-0p5ns,A,CS,1.85344e-05,3.6192660924982884e-08,3.621008681372925e-08,-1.742588874636777e-11
pair_excitation-0p5ns,A,CS,1.86368e-05,3.6260205796485255e-08,3.6277668426861264e-08,-1.7462630376009e-11
pair_excitation-0p5ns,A,CS,1.8739200000000002e-05,3.633733744037005e-08,3.6354837342453046e-08,-1.7499902082997906e-11
pair_excitation-0p5ns,A,CS,1.88416e-05,3.6424482824275856e-08,3.644202048389242e-08,-1.7537659616566468e-11
pair_excitation-0p5ns,A,CS,1.8944e-05,3.652198912644911e-08,3.6539564540509486e-08,-1.7575414060377213e-11
pair_excitation-0p5ns,A,CS,1.90464e-05,3.6630158937241515e-08,3.664777185444824e-08,-1.7612917206724482e-11
pair_excitation-0p5ns,A,CS,1.9148800000000002e-05,3.674927423434368e-08,3.676692436683856e-08,-1.7650132494880328e-11
pair_excitation-0p5ns,A,CS,1.92512e-05,3.68796325732673e-08,3.689731965931851e-08,-1.7687086051212048e-11
pair_excitation-0p5ns,A,CS,1.93536e-05,3.7021596348220614e-08,3.703932030909976e-08,-1.772396087914666e-11
pair_excitation-0p5ns,A,CS,1.9456e-05,3.717566109921652e-08,3.719342224956649e-08,-1.7761150349969884e-11
pair_excitation-0p5ns,A,CS,1.9558400000000002e-05,3.7342558361697717e-08,3.736035765996054e-08,-1.779929826282586e-11
pair_excitation-0p5ns,A,CS,1.96608e-05,3.752342993725878e-08,3.7541269677144556e-08,-1.783973988577307e-11
pair_excitation-0p5ns,A,CS,1.97632e-05,3.772016821223649e-08,3.77380532338966e-08,-1.7885021660108447e-11
pair_excitation-0p5ns,A,CS,1.9865600000000002e-05,3.7936198128634883e-08,3.795413838061567e-08,-1.7940251980788738e-11
pair_excitation-0p5ns,A,CS,1.9968e-05,3.817872757517466e-08,3.819674949818695e-08,-1.802192301228964e-11
pair_excitation-0p5ns,A,CS,2e-05,3.8262361905432773e-08,3.828042075496464e-08,-1.8058849531865697e-11
pair_excitation-0p5ns,B,CS,0.0,0.0,0.0,0.0
pair_excitation-0p5ns,B,CS,1.024e-07,1.8616851518484505e-13,1.9009446845900944e-13,-3.925953274164384e-15
pair_excitation-0p5ns,B,CS,2.048e-07,1.429017529345263e-12,1.4427674905614048e-12,-1.3749961216141772e-14
pair_excitation-0p5ns,B,CS,3.072e-07,4.597454908628625e-12,4.626107495629673e-12,-2.86525870010487e-14
pair_excitation-0p5ns,B,CS,4.096e-07,1.0385967886002806e-11,1.0433410290300549e-11,-4.74424042977423e-14
pair_excitation-0p5ns,B,CS,5.12e-07,1.9348692227330417e-11,1.941794147051235e-11,-6.92492431819322e-14
pair_excitation-0p5ns,B,CS,6.144e-07,3.1927170095765357e-11,3.202044610303828e-11,-9.327600727292161e-14
pair_excitation-0p5ns,B,CS,7.168000000000001e-07,4.8471429838237387e-11,4.8590378843194023e-11,-1.1894900495663692e-13
pair_excitation-0p5ns,B,CS,8.192e-07,6.9256439618752e-11,6.940219217697275e-11,-1.4575255822074036e-13
pair_excitation-0p5ns,B,CS,9.216e-07,9.449465753005379e-11,9.466791602339336e-11,-1.7325849333956913e-13
pair_excitation-0p5ns,B,CS,1.024e-06,1.243459089292168e-10,1.2454701993858976e-10,-2.0111100937294984e-13
pair_excitation-0p5ns,B,CS,1.1264000000000001e-06,1.5892534210129773e-10,1.5915430438467767e-10,-2.289622833799454e-13
pair_excitation-0p5ns,B,CS,1.2288e-06,1.9830973830961234e-10,1.9856636431307885e-10,-2.5662600346651846e-13
pair_excitation-0p5ns,B,CS,1.3312e-06,2.425431081291966e-10,2.4282701342741335e-10,-2.8390529821675396e-13
pair_excitation-0p5ns,B,CS,1.4336000000000001e-06,2.916413029318492e-10,2.9195194447046357e-10,-3.1064153861438925e-13
pair_excitation-0p5ns,B,CS,1.536e-06,3.455961114517487e-10,3.4593282030019673e-10,-3.367088484480547e-13
pair_excitation-0p5ns,B,CS,1.6384e-06,4.043789731484691e-10,4.0474093385814067e-10,-3.6196070967157364e-13
pair_excitation-0p5ns,B,CS,1.7408000000000001e-06,4.679441606590587e-10,4.683305358341982e-10,-3.863751751394868e-13
pair_excitation-0p5ns,B,CS,1.8432e-06,5.362320024932732e-10,5.366419023135858e-10,-4.098998203126627e-13
pair_excitation-0p5ns,B,CS,1.9456e-06,6.091716978791752e-10,6.096041980481771e-10,-4.3250016900193094e-13
pair_excitation-0p5ns,B,CS,2.048e-06,6.866840252058923e-10,6.871381827111028e-10,-4.5415750521050915e-13
pair_excitation-0p5ns,B,CS,2.1504e-06,7.686839807727426e-10,7.691588073526782e-10,-4.748265799355326e-13
pair_excitation-0p5ns,B,CS,2.2528000000000003e-06,8.550832004006767e-10,8.555777575841988e-10,-4.945571835220939e-13
pair_excitation-0p5ns,B,CS,2.3552e-06,9.45792657042983e-10,9.463060224862033e-10,-5.133654432203591e-13
pair_excitation-0p5ns,B,CS,2.4576e-06,1.0407253271150662e-09,1.0412566121965835e-09,-5.312850815172363e-13
pair_excitation-0p5ns,B,CS,2.56e-06,1.1397993005558841e-09,1.1403476310295147e-09,-5.483304736305579e-13
pair_excitation-0p5ns,B,CS,2.6624e-06,1.2429414659305338e-09,1.2435060797613949e-09,-5.64613830861091e-13
pair_excitation-0p5ns,B,CS,2.7648e-06,1.350093250367018e-09,1.350673119389582e-09,-5.798690225639441e-13
pair_excitation-0p5ns,B,CS,2.8672000000000003e-06,1.461216788461062e-09,1.4618123919568862e-09,-5.956034958243163e-13
pair_excitation-0p5ns,B,CS,2.9696e-06,1.57631893298559e-09,1.5769254304071937e-09,-6.064974216037725e-13
pair_excitation-0p5ns,B,CS,3.072e-06,1.6954531851142229e-09,1.6960869777912858e-09,-6.337926770628865e-13
pair_excitation-0p5ns,B,CS,3.1744e-06,1.818965985124453e-09,1.8195641559491015e-09,-5.981708246485029e-13
pair_excitation-0p5ns,B,CS,3.2768e-06,1.9493538613346228e-09,1.9501765952398425e-09,-8.227339052197244e-13
pair_excitation-0p5ns,B,CS,3.3792e-06,2.1107755889699666e-09,2.1110354543543523e-09,-2.5986538438573885e-13
pair_excitation-0p5ns,B,CS,3.4816000000000003e-06,2.3753645432179612e-09,2.378751839157755e-09,-3.387295939793779e-12
pair_excitation-0p5ns,B,CS,3.5840000000000003e-06,4.0460906989486595e-09,4.05115772259157e-09,-5.067023642910268e-12
pair_excitation-0p5ns,B,CS,3.6864e-06,5.150944244165706e-09,5.154380543199037e-09,-3.436299033330473e-12
pair_excitation-0p5ns,B,CS,3.7888e-06,5.624987644885356e-09,5.628120151764724e-09,-3.1325068793676495e-12
pair_excitation-0p5ns,B,CS,3.8912e-06,5.866645643607633e-09,5.869533296657756e-09,-2.8876530501233047e-12
pair_excitation-0p5ns,B,CS,3.9936e-06,6.014337887423676e-09,6.017166791399709e-09,-2.8289039760331838e-12
pair_excitation-0p5ns,B,CS,4.096e-06,6.120001180792495e-09,6.122786381489284e-09,-2.785200696789101e-12
pair_excitation-0p5ns,B,CS,4.1984e-06,6.201053591362484e-09,6.203817765998591e-09,-2.7641746361064836e-12
pair_excitation-0p5ns,B,CS,4.3008e-06,6.257877456835757e-09,6.260516449792259e-09,-2.6389929565016577e-12
pair_excitation-0p5ns,B,CS,4.4032000000000005e-06,6.2930336842378555e-09,6.29564221982844e-09,-2.608535590584254e-12
pair_excitation-0p5ns,B,CS,4.5056000000000005e-06,6.317223804697457e-09,6.319818598401815e-09,-2.5947937043581035e-12
pair_excitation-0p5ns,B,CS,4.608e-06,6.338281204728948e-09,6.340881155987411e-09,-2.599951258462612e-12
pair_excitation-0p5ns,B,CS,4.7104e-06,6.36001749905414e-09,6.362631494440898e-09,-2.6139953867586e-12
pair_excitation-0p5ns,B,CS,4.8128e-06,6.384340262252363e-09,6.386973694062708e-09,-2.633431810344532e-12
pair_excitation-0p5ns,B,CS,4.9152e-06,6.412400563835947e-09,6.4150568714701625e-09,-2.6563076342158557e-12
pair_excitation-0p5ns,B,CS,5.0176e-06,6.445054659453624e-09,6.447736229262443e-09,-2.681569808818707e-12
pair_excitation-0p5ns,B,CS,5.12e-06,6.483042876927714e-09,6.485751564548908e-09,-2.708687621194036e-12
pair_excitation-0p5ns,B,CS,5.2224e-06,6.526784815925679e-09,6.529520817923125e-09,-2.7360019974462745e-12
pair_excitation-0p5ns,B,CS,5.3248e-06,6.57645018458951e-09,6.579213552109026e-09,-2.763367519515731e-12
pair_excitation-0p5ns,B,CS,5.4272e-06,6.6321579001199066e-09,6.634948402752336e-09,-2.7905026324298196e-12
pair_excitation-0p5ns,B,CS,5.5296e-06,6.693983650805118e-09,6.6968008679443654e-09,-2.8172171392473637e-12
pair_excitation-0p5ns,B,CS,5.6320000000000005e-06,6.761965559014067e-09,6.7648089132181005e-09,-2.8433542040335823e-12
pair_excitation-0p5ns,B,CS,5.7344000000000005e-06,6.836110734049242e-09,6.838979481801282e-09,-2.8687477520403458e-12
pair_excitation-0p5ns,B,CS,5.836800000000001e-06,6.916402044161675e-09,6.919295411474645e-09,-2.8933673129696406e-12
pair_excitation-0p5ns,B,CS,5.9392e-06,7.002805350184871e-09,7.005722512052973e-09,-2.9171618681022042e-12
pair_excitation-0p5ns,B,CS,6.0416e-06,7.095276710788531e-09,7.098216822433419e-09,-2.9401116448882143e-12
pair_excitation-0p5ns,B,CS,6.144e-06,7.193770168553254e-09,7.196732384347067e-09,-2.9622157938123545e-12
pair_excitation-0p5ns,B,CS,6.2464e-06,7.2982468649521394e-09,7.3012303707624e-09,-2.9835058102603484e-12
pair_excitation-0p5ns,B,CS,6.3488e-06,7.408687499530852e-09,7.411691459032551e-09,-3.00395950169849e-12
pair_excitation-0p5ns,B,CS,6.4512e-06,7.52511187403173e-09,7.528136189923924e-09,-3.024315892193851e-12
pair_excitation-0p5ns,B,CS,6.5536e-06,7.64762584572501e-09,7.650668347722642e-09,-3.042501997631659e-12
pair_excitation-0p5ns,B,CS,6.656e-06,7.776550645422893e-09,7.779619647478373e-09,-3.0690020554798837e-12
pair_excitation-0p5ns,B,CS,6.7584e-06,7.915037741777987e-09,7.918122504861752e-09,-3.0847630837653692e-12
pair_excitation-0p5ns,B,CS,6.8608000000000004e-06,8.077455700987705e-09,8.080716495563607e-09,-3.26079457590261e-12
pair_excitation-0p5ns,B,CS,6.9632000000000005e-06,8.282793619945105e-09,8.285837803565754e-09,-3.0441836206485685e-12
pair_excitation-0p5ns,B,CS,7.065600000000001e-06,8.586222933541431e-09,8.591047136917507e-09,-4.824203376075719e-12
pair_excitation-0p5ns,B,CS,7.168000000000001e-06,9.918102497026581e-09,9.925235162440736e-09,-7.132665414154792e-12
pair_excitation-0p5ns,B,CS,7.2704e-06,1.0813103514653108e-08,1.0818818335207958e-08,-5.714820554849532e-12
pair_excitation-0p5ns,B,CS,7.3728e-06,1.1211641193438356e-08,1.1217156565750847e-08,-5.515372312490988e-12
pair_excitation-0p5ns,B,CS,7.4752e-06,1.1423682520779942e-08,1.1428989947974382e-08,-5.307427194440539e-12
pair_excitation-0p5ns,B,CS,7.5776e-06,1.1558381281424127e-08,1.15636363677057e-08,-5.255086281572807e-12
pair_excitation-0p5ns,B,CS,7.680000000000001e-06,1.165564413668239e-08,1.1660874124994793e-08,-5.229988312402398e-12
pair_excitation-0p5ns,B,CS,7.7824e-06,1.1724962618546963e-08,1.1730083966725047e-08,-5.1213481780839276e-12
pair_excitation-0p5ns,B,CS,7.8848e-06,1.1767973425872067e-08,1.1773025227084708e-08,-5.051801212640836e-12
pair_excitation-0p5ns,B,CS,7.9872e-06,1.1795178519664968e-08,1.1800214535323746e-08,-5.0360156587777516e-12
pair_excitation-0p5ns,B,CS,8.0896e-06,1.1816853005834342e-08,1.1821887509019546e-08,-5.034503185204656e-12
pair_excitation-0p5ns,B,CS,8.192e-06,1.1838166257187641e-08,1.1843212742512422e-08,-5.046485324780943e-12
pair_excitation-0p5ns,B,CS,8.2944e-06,1.1861560529994374e-08,1.1866624958475183e-08,-5.064428480809255e-12
pair_excitation-0p5ns,B,CS,8.3968e-06,1.1888394180895334e-08,1.1893480618231789e-08,-5.086437336454742e-12
pair_excitation-0p5ns,B,CS,8.4992e-06,1.1919611858071765e-08,1.1924722957307583e-08,-5.111099235817189e-12
pair_excitation-0p5ns,B,CS,8.6016e-06,1.1956009788558945e-08,1.1961147753734535e-08,-5.137965175590362e-12
pair_excitation-0p5ns,B,CS,8.704e-06,1.1998123784519847e-08,1.2003289078914635e-08,-5.1652943947880555e-12
pair_excitation-0p5ns,B,CS,8.806400000000001e-06,1.2046157065530081e-08,1.2051349792674163e-08,-5.192727144081616e-12
pair_excitation-0p5ns,B,CS,8.9088e-06,1.2100245541193688e-08,1.2105465536514685e-08,-5.2199953209963155e-12
pair_excitation-0p5ns,B,CS,9.011200000000001e-06,1.2160479851569039e-08,1.2165726751398603e-08,-5.2468998295644e-12
pair_excitation-0p5ns,B,CS,9.1136e-06,1.2226911064951035e-08,1.223218433608147e-08,-5.2732711304355836e-12
pair_excitation-0p5ns,B,CS,9.216e-06,1.2299557440426054e-08,1.2304856423106705e-08,-5.298982680651219e-12
pair_excitation-0p5ns,B,CS,9.3184e-06,1.2378411836706567e-08,1.2383735733611485e-08,-5.3238969049181815e-12
pair_excitation-0p5ns,B,CS,9.4208e-06,1.2463449259684173e-08,1.2468797268381037e-08,-5.348008696863606e-12
pair_excitation-0p5ns,B,CS,9.5232e-06,1.255463513474948e-08,1.2560006432357473e-08,-5.371297607992144e-12
pair_excitation-0p5ns,B,CS,9.6256e-06,1.2651934396007247e-08,1.2657328157864823e-08,-5.393761857575842e-12
pair_excitation-0p5ns,B,CS,9.728e-06,1.2755322960782647e-08,1.2760738463856507e-08,-5.415503073860212e-12
pair_excitation-0p5ns,B,CS,9.8304e-06,1.2864805709662335e-08,1.2870242079744034e-08,-5.436370081698659e-12
pair_excitation-0p5ns,B,CS,9.932800000000001e-06,1.2980449643567655e-08,1.2985907191370263e-08,-5.457547802608087e-12
pair_excitation-0p5ns,B,CS,1.00352e-05,1.3102492470544401e-08,1.3107968548283598e-08,-5.476077739196869e-12
pair_excitation-0p5ns,B,CS,1.0137600000000001e-05,1.3232713688383553e-08,1.3238230975558749e-08,-5.517287175195085e-12
pair_excitation-0p5ns,B,CS,1.024e-05,1.3382119440914458e-08,1.3387676161209052e-08,-5.556720294594583e-12
pair_excitation-0p5ns,B,CS,1.0342400000000001e-05,1.3563335398948407e-08,1.3569081486970412e-08,-5.746088022004836e-12
pair_excitation-0p5ns,B,CS,1.04448e-05,1.3794082968671051e-08,1.379964644308317e-08,-5.563474412119017e-12
pair_excitation-0p5ns,B,CS,1.05472e-05,1.419365266989589e-08,1.4201667854107833e-08,-8.015184211943474e-12
pair_excitation-0p5ns,B,CS,1.06496e-05,1.5644172973954948e-08,1.5653828172802874e-08,-9.655198847926692e-12
pair_excitation-0p5ns,B,CS,1.0752e-05,1.63413547402617e-08,1.635085862217679e-08,-9.503881915092622e-12
pair_excitation-0p5ns,B,CS,1.08544e-05,1.6668022120650527e-08,1.667697736559748e-08,-8.955244946952237e-12
pair_excitation-0p5ns,B,CS,1.09568e-05,1.6850857921315335e-08,1.6859781362686786e-08,-8.923441371450594e-12
pair_excitation-0p5ns,B,CS,1.10592e-05,1.6972369539266494e-08,1.698121334826667e-08,-8.843809000175169e-12
pair_excitation-0p5ns,B,CS,1.11616e-05,1.7060747750397862e-08,1.706956846018579e-08,-8.820709787926644e-12
pair_excitation-0p5ns,B,CS,1.1264000000000001e-05,1.7120537318937074e-08,1.7129221815550124e-08,-8.684496613050048e-12
pair_excitation-0p5ns,B,CS,1.13664e-05,1.7156465457505498e-08,1.716511911408199e-08,-8.65365657649273e-12
pair_excitation-0p5ns,B,CS,1.1468800000000001e-05,1.7180799082617617e-08,1.7189438437142074e-08,-8.639354524456559e-12
pair_excitation-0p5ns,B,CS,1.15712e-05,1.7201942479905908e-08,1.7210587316232447e-08,-8.64483632653943e-12
pair_excitation-0p5ns,B,CS,1.1673600000000001e-05,1.7223826662493535e-08,1.723248585242411e-08,-8.659189930575723e-12
pair_excitation-0p5ns,B,CS,1.1776e-05,1.7248382846616365e-08,1.7257061791478978e-08,-8.678944862612507e-12
pair_excitation-0p5ns,B,CS,1.18784e-05,1.727677749469892e-08,1.7285479575552756e-08,-8.702080853835621e-12
pair_excitation-0p5ns,B,CS,1.19808e-05,1.73098904287458e-08,1.7318618068242482e-08,-8.727639496682582e-12
pair_excitation-0p5ns,B,CS,1.20832e-05,1.7348468026534844e-08,1.7357222871681493e-08,-8.754845146649165e-12
pair_excitation-0p5ns,B,CS,1.21856e-05,1.739287704158219e-08,1.7401659328288275e-08,-8.78228670608461e-12
pair_excitation-0p5ns,B,CS,1.2288e-05,1.744328588886253e-08,1.7452095635020928e-08,-8.809746158399544e-12
pair_excitation-0p5ns,B,CS,1.23904e-05,1.7499814489405044e-08,1.750865140046803e-08,-8.836911062987709e-12
pair_excitation-0p5ns,B,CS,1.24928e-05,1.7562539222743535e-08,1.757140286761861e-08,-8.86364487507413e-12
pair_excitation-0p5ns,B,CS,1.2595200000000001e-05,1.763149950535091e-08,1.7640389301373012e-08,-8.889796022103216e-12
pair_excitation-0p5ns,B,CS,1.26976e-05,1.7706705047789026e-08,1.7715620301404974e-08,-8.915253615947816e-12
pair_excitation-0p5ns,B,CS,1.2800000000000001e-05,1.7788143704275923e-08,1.779708364759902e-08,-8.93994332309752e-12
pair_excitation-0p5ns,B,CS,1.29024e-05,1.7875789860035313e-08,1.788475364137355e-08,-8.963781338238255e-12
pair_excitation-0p5ns,B,CS,1.3004800000000001e-05,1.7969613576118975e-08,1.7978600380224762e-08,-8.986804105786451e-12
pair_excitation-0p5ns,B,CS,1.31072e-05,1.806959215832405e-08,1.807860124055088e-08,-9.009082226828307e-12
pair_excitation-0p5ns,B,CS,1.32096e-05,1.817572731900978e-08,1.818475787687413e-08,-9.030557864349455e-12
pair_excitation-0p5ns,B,CS,1.3312e-05,1.8288076725861988e-08,1.8297128803963707e-08,-9.05207810171877e-12
pair_excitation-0p5ns,B,CS,1.34144e-05,1.840685162773223e-08,1.841592327206735e-08,-9.071644335120535e-12
pair_excitation-0p5ns,B,CS,1.35168e-05,1.8533566813557844e-08,1.8542675691304075e-08,-9.108877746231192e-12
pair_excitation-0p5ns,B,CS,1.36192e-05,1.8678006293064237e-08,1.868715925744328e-08,-9.152964379044601e-12
pair_excitation-0p5ns,B,CS,1.3721600000000001e-05,1.8850951789494273e-08,1.8860246297748648e-08,-9.294508254375634e-12
pair_excitation-0p5ns,B,CS,1.3824e-05,1.9063496769641667e-08,1.90726890289183e-08,-9.19225927663157e-12
pair_excitation-0p5ns,B,CS,1.3926400000000001e-05,1.9349664635564657e-08,1.9359959362656848e-08,-1.0294727092191056e-11
pair_excitation-0p5ns,B,CS,1.40288e-05,2.0441998553719104e-08,2.0454681319934258e-08,-1.2682766215154184e-11
pair_excitation-0p5ns,B,CS,1.4131200000000001e-05,2.145833092705959e-08,2.1468875025921784e-08,-1.0544098862194364e-11
pair_excitation-0p5ns,B,CS,1.42336e-05,2.1900232033255098e-08,2.1910877573140298e-08,-1.0645539885200302e-11
pair_excitation-0p5ns,B,CS,1.4336000000000001e-05,2.2129619267578447e-08,2.2139911836658828e-08,-1.0292569080381173e-11
pair_excitation-0p5ns,B,CS,1.44384e-05,2.2271721444051993e-08,2.2281991726029785e-08,-1.0270281977792374e-11
pair_excitation-0p5ns,B,CS,1.45408e-05,2.2372573763181577e-08,2.2382805213569657e-08,-1.0231450388079975e-11
pair_excitation-0p5ns,B,CS,1.46432e-05,2.2443838288406182e-08,2.2453964254200218e-08,-1.0125965794035445e-11
pair_excitation-0p5ns,B,CS,1.47456e-05,2.2487763027244037e-08,2.2497814100538616e-08,-1.0051073294579307e-11
pair_excitation-0p5ns,B,CS,1.4848e-05,2.251525502644793e-08,2.252529054289521e-08,-1.0035516447279946e-11
pair_excitation-0p5ns,B,CS,1.49504e-05,2.2537002945226528e-08,2.254703640913809e-08,-1.0033463911562915e-11
pair_excitation-0p5ns,B,CS,1.5052800000000001e-05,2.255833571963335e-08,2.2568381119845107e-08,-1.0045400211757578e-11
pair_excitation-0p5ns,B,CS,1.51552e-05,2.258174747889529e-08,2.259181081014041e-08,-1.0063331245119832e-11
pair_excitation-0p5ns,B,CS,1.5257600000000001e-05,2.2608619408114038e-08,2.261870480433627e-08,-1.0085396222231913e-11
pair_excitation-0p5ns,B,CS,1.5360000000000002e-05,2.2639914319502702e-08,2.265002445964554e-08,-1.0110140142838667e-11
pair_excitation-0p5ns,B,CS,1.54624e-05,2.2676444959467158e-08,2.2686582017558817e-08,-1.0137058091659029e-11
pair_excitation-0p5ns,B,CS,1.55648e-05,2.271873663248444e-08,2.2728901027197006e-08,-1.0164394712566451e-11
pair_excitation-0p5ns,B,CS,1.56672e-05,2.2766991477975512e-08,2.277718336908599e-08,-1.019189111047662e-11
pair_excitation-0p5ns,B,CS,1.57696e-05,2.2821348394334347e-08,2.2831567618714088e-08,-1.0219224379740844e-11
pair_excitation-0p5ns,B,CS,1.5872e-05,2.2881900664512833e-08,2.289214685977533e-08,-1.0246195262498889e-11
pair_excitation-0p5ns,B,CS,1.59744e-05,2.294870215216428e-08,2.2958974736369597e-08,-1.027258420531605e-11
pair_excitation-0p5ns,B,CS,1.60768e-05,2.3021774383969134e-08,2.3032072704318305e-08,-1.029832034917136e-11
pair_excitation-0p5ns,B,CS,1.61792e-05,2.3101114682236705e-08,2.3111438000227122e-08,-1.0323317990417564e-11
pair_excitation-0p5ns,B,CS,1.62816e-05,2.3186704693058523e-08,2.319705222144153e-08,-1.0347528383006689e-11
pair_excitation-0p5ns,B,CS,1.6384e-05,2.327851997944699e-08,2.3288890916831462e-08,-1.0370937384472983e-11
pair_excitation-0p5ns,B,CS,1.6486400000000002e-05,2.3376541945439297e-08,2.3386935485094183e-08,-1.0393539654885828e-11
pair_excitation-0p5ns,B,CS,1.65888e-05,2.348077544150871e-08,2.3491190875631773e-08,-1.041543412306456e-11
pair_excitation-0p5ns,B,CS,1.66912e-05,2.359128310498101e-08,2.3601720104109053e-08,-1.0436999128044196e-11
pair_excitation-0p5ns,B,CS,1.67936e-05,2.370829088681064e-08,2.3718749173190502e-08,-1.0458286379862677e-11
pair_excitation-0p5ns,B,CS,1.6896000000000002e-05,2.3833685999243864e-08,2.3844179030760563e-08,-1.0493031516699435e-11
pair_excitation-0p5ns,B,CS,1.69984e-05,2.3977210024711443e-08,2.3987762611510443e-08,-1.0552586799000338e-11
pair_excitation-0p5ns,B,CS,1.71008e-05,2.4147933225132203e-08,2.4158559786306085e-08,-1.0626561173881758e-11
pair_excitation-0p5ns,B,CS,1.72032e-05,2.4353396143996015e-08,2.4364125109870747e-08,-1.072896587473219e-11
pair_excitation-0p5ns,B,CS,1.73056e-05,2.461271656990566e-08,2.462361948032247e-08,-1.0902910416810904e-11
pair_excitation-0p5ns,B,CS,1.7408e-05,2.5241926852869995e-08,2.525625396383892e-08,-1.4327110968923842e-11
pair_excitation-0p5ns,B,CS,1.75104e-05,2.6568204644192097e-08,2.6580762829828545e-08,-1.2558185636448362e-11
pair_excitation-0p5ns,B,CS,1.7612800000000002e-05,2.7128676601139978e-08,2.714169131517469e-08,-1.3014714034711816e-11
pair_excitation-0p5ns,B,CS,1.77152e-05,2.7404210321206543e-08,2.74166107574982e-08,-1.2400436291658297e-11
pair_excitation-0p5ns,B,CS,1.78176e-05,2.756581195937119e-08,2.7578237468256684e-08,-1.2425508885493428e-11
pair_excitation-0p5ns,B,CS,1.792e-05,2.7676864541737994e-08,2.7689218342527343e-08,-1.2353800789349337e-11
pair_excitation-0p5ns,B,CS,1.8022400000000002e-05,2.7756502753167554e-08,2.7768794436692322e-08,-1.2291683524768175e-11
pair_excitation-0p5ns,B,CS,1.81248e-05,2.7807269454534293e-08,2.781944764712654e-08,-1.2178192592247819e-11
pair_excitation-0p5ns,B,CS,1.82272e-05,2.7837949480488864e-08,2.785011106152094e-08,-1.216158103207583e-11
pair_excitation-0p5ns,B,CS,1.83296e-05,2.7860581266837132e-08,2.787273447642719e-08,-1.2153209590056975e-11
pair_excitation-0p5ns,B,CS,1.8432e-05,2.788175763939907e-08,2.7893920682294776e-08,-1.2163042895706605e-11
pair_excitation-0p5ns,B,CS,1.85344e-05,2.7904512744503226e-08,2.7916692240745635e-08,-1.2179496242409334e-11
pair_excitation-0p5ns,B,CS,1.86368e-05,2.7930434097971687e-08,2.7942634765591163e-08,-1.220066761947543e-11
pair_excitation-0p5ns,B,CS,1.8739200000000002e-05,2.796056699851898e-08,2.7972791791526555e-08,-1.2224793007576824e-11
pair_excitation-0p5ns,B,CS,1.88416e-05,2.7995763193111358e-08,2.8008014528793434e-08,-1.2251335682076264e-11
pair_excitation-0p5ns,B,CS,1.8944e-05,2.8036658072616874e-08,2.80489367198198e-08,-1.2278647202925844e-11
pair_excitation-0p5ns,B,CS,1.90464e-05,2.8083497697127085e-08,2.8095803840394028e-08,-1.2306143266942904e-11
pair_excitation-0p5ns,B,CS,1.9148800000000002e-05,2.813643529393291e-08,2.8148768834322217e-08,-1.2333540389306092e-11
pair_excitation-0p5ns,B,CS,1.92512e-05,2.8195577128697207e-08,2.8207937756832405e-08,-1.2360628135198093e-11
pair_excitation-0p5ns,B,CS,1.93536e-05,2.826098837069619e-08,2.8273375597759255e-08,-1.2387227063064693e-11
pair_excitation-0p5ns,B,CS,1.9456e-05,2.833270034837567e-08,2.834511355212669e-08,-1.2413203751018972e-11
pair_excitation-0p5ns,B,CS,1.9558400000000002e-05,2.841071879481347e-08,2.842315721119904e-08,-1.243841638556897e-11
pair_excitation-0p5ns,B,CS,1.96608e-05,2.8495032695959117e-08,2.8507495557757952e-08,-1.2462861798834624e-11
pair_excitation-0p5ns,B,CS,1.97632e-05,2.858562471750372e-08,2.8598111242924875e-08,-1.2486525421154412e-11
pair_excitation-0p5ns,B,CS,1.9865600000000002e-05,2.868248430611924e-08,2.8694993743550678e-08,-1.250943743143874e-11
pair_excitation-0p5ns,B,CS,1.9968e-05,2.878562825548144e-08,2.879815996503283e-08,-1.2531709551391131e-11
pair_excitation-0p5ns,B,CS,2e-05,2.881915999557981e-08,2.8831698556684806e-08,-1.2538561104994842e-11
pair_inhibition-1ns,A,PCHIP,0.0,0.0,0.0,0.0
pair_inhibition-1ns,A,PCHIP,1.024e-07,2.445001495547948e-13,2.604214464451779e-13,-1.5921296890383104e-14
pair_inhibition-1ns,A,PCHIP,2.048e-07,1.9336244226450307e-12,1.976844209710782e-12,-4.321978706575135e-14
pair_inhibition-1ns,A,PCHIP,3.072e-07,6.257204715795839e-12,6.3413375961852215e-12,-8.41328803893822e-14
pair_inhibition-1ns,A,PCHIP,4.096e-07,1.4176631347317995e-11,1.4312353053142323e-11,-1.3572170582432846e-13
pair_inhibition-1ns,A,PCHIP,5.12e-07,2.6469251038657104e-11,2.6665030655432013e-11,-1.9577961677490937e-13
pair_inhibition-1ns,A,PCHIP,6.144e-07,4.3768552272826156e-11,4.403037722350427e-11,-2.6182495067811626e-13
pair_inhibition-1ns,A,PCHIP,7.168000000000001e-07,6.659215955403651e-11,6.692485943152018e-11,-3.326998774836638e-13
pair_inhibition-1ns,A,PCHIP,8.192e-07,9.536587652297496e-11,9.577262880151744e-11,-4.0675227854247384e-13
pair_inhibition-1ns,A,PCHIP,9.216e-07,1.304395875901195e-10,1.3092242157086636e-10,-4.828339807468564e-13
pair_inhibition-1ns,A,PCHIP,1.024e-06,1.7210048061609296e-10,1.7266077618622742e-10,-5.602955701344617e-13
pair_inhibition-1ns,A,PCHIP,1.1264000000000001e-06,2.2058507006066338e-10,2.2122282870591197e-10,-6.377586452485913e-13
pair_inhibition-1ns,A,PCHIP,1.2288e-06,2.7608645662449654e-10,2.7680165847116955e-10,-7.15201846673008e-13
pair_inhibition-1ns,A,PCHIP,1.3312e-06,3.3876515884563534e-10,3.39556982220994e-10,-7.918233753586681e-13
pair_inhibition-1ns,A,PCHIP,1.4336000000000001e-06,4.0875669359296154e-10,4.0962394198752807e-10,-8.672483945665291e-13
pair_inhibition-1ns,A,PCHIP,1.536e-06,4.861813316029723e-10,4.871228356731543e-10,-9.415040701819721e-13
pair_inhibition-1ns,A,PCHIP,1.6384e-06,5.711571460431506e-10,5.721710156437893e-10,-1.0138696006387024e-12
pair_inhibition-1ns,A,PCHIP,1.7408000000000001e-06,6.638142860868768e-10,6.648991933139336e-10,-1.0849072270568194e-12
pair_inhibition-1ns,A,PCHIP,1.8432e-06,7.643228068847725e-10,7.654773375926593e-10,-1.1545307078868557e-12
pair_inhibition-1ns,A,PCHIP,1.9456e-06,8.729431678629348e-10,8.741665698341128e-10,-1.2234019711779863e-12
pair_inhibition-1ns,A,PCHIP,2.048e-06,9.902008182127633e-10,9.91500156346224e-10,-1.2993381334606841e-12
pair_inhibition-1ns,A,PCHIP,2.1504e-06,1.1224752652810478e-09,1.1239416527102216e-09,-1.4663874291737792e-12
pair_inhibition-1ns,A,PCHIP,2.2528000000000003e-06,1.3011047279037866e-09,1.3029681307962307e-09,-1.8634028924440965e-12
pair_inhibition-1ns,A,PCHIP,2.3552e-06,1.7698901009539328e-09,1.7781537984753619e-09,-8.263697521429055e-12
pair_inhibition-1ns,A,PCHIP,2.4576e-06,3.962202589166208e-09,3.973941064393117e-09,-1.1738475226909014e-11
pair_inhibition-1ns,A,PCHIP,2.56e-06,4.894645759933637e-09,4.904126854959776e-09,-9.481095026138773e-12
pair_inhibition-1ns,A,PCHIP,2.6624e-06,5.332555802946999e-09,5.3412075508469896e-09,-8.651747899990366e-12
pair_inhibition-1ns,A,PCHIP,2.7648e-06,5.579256308788328e-09,5.58755677059892e-09,-8.300461810592114e-12
pair_inhibition-1ns,A,PCHIP,2.8672000000000003e-06,5.7449231922274965e-09,5.753074724085078e-09,-8.151531857581934e-12
pair_inhibition-1ns,A,PCHIP,2.9696e-06,5.872766536938192e-09,5.880952044143422e-09,-8.185507205229892e-12
pair_inhibition-1ns,A,PCHIP,3.072e-06,5.979118642442397e-09,5.986982646708147e-09,-7.864004265749372e-12
pair_inhibition-1ns,A,PCHIP,3.1744e-06,6.063744073565044e-09,6.071292457248861e-09,-7.548383683816867e-12
pair_inhibition-1ns,A,PCHIP,3.2768e-06,6.123691944969995e-09,6.13119080951612e-09,-7.498864546124793e-12
pair_inhibition-1ns,A,PCHIP,3.3792e-06,6.165610499185583e-09,6.173113272335302e-09,-7.502773149719269e-12
pair_inhibition-1ns,A,PCHIP,3.4816000000000003e-06,6.1994349305248e-09,6.206955423409056e-09,-7.520492884255858e-12
pair_inhibition-1ns,A,PCHIP,3.5840000000000003e-06,6.23189202549092e-09,6.239444487222488e-09,-7.552461731568028e-12
pair_inhibition-1ns,A,PCHIP,3.6864e-06,6.266782049308222e-09,6.274380818204838e-09,-7.598768896615463e-12
pair_inhibition-1ns,A,PCHIP,3.7888e-06,6.3064919030892325e-09,6.314149065870727e-09,-7.657162781494606e-12
pair_inhibition-1ns,A,PCHIP,3.8912e-06,6.3529256939815896e-09,6.360652135331952e-09,-7.726441350362213e-12
pair_inhibition-1ns,A,PCHIP,3.9936e-06,6.407787748536508e-09,6.415589917569094e-09,-7.802169032586076e-12
pair_inhibition-1ns,A,PCHIP,4.096e-06,6.471872212434335e-09,6.479751839405459e-09,-7.879626971124315e-12
pair_inhibition-1ns,A,PCHIP,4.1984e-06,6.545685647587694e-09,6.553643620661374e-09,-7.957973073679385e-12
pair_inhibition-1ns,A,PCHIP,4.3008e-06,6.629711631931374e-09,6.63774897177249e-09,-8.037339841116435e-12
pair_inhibition-1ns,A,PCHIP,4.4032000000000005e-06,6.724462992732959e-09,6.732580393724792e-09,-8.117400991832741e-12
pair_inhibition-1ns,A,PCHIP,4.5056000000000005e-06,6.830666551214027e-09,6.838866636304152e-09,-8.200085090124945e-12
pair_inhibition-1ns,A,PCHIP,4.608e-06,6.9513233431115635e-09,6.959630762050151e-09,-8.307418938587511e-12
pair_inhibition-1ns,A,PCHIP,4.7104e-06,7.092407020506631e-09,7.1008408621774965e-09,-8.433841670865427e-12
pair_inhibition-1ns,A,PCHIP,4.8128e-06,7.2577286718611386e-09,7.266299984538454e-09,-8.57131267731558e-12
pair_inhibition-1ns,A,PCHIP,4.9152e-06,7.450662124355701e-09,7.459389370311041e-09,-8.72724595534011e-12
pair_inhibition-1ns,A,PCHIP,5.0176e-06,7.678331270044753e-09,7.687264104148504e-09,-8.93283410375043e-12
pair_inhibition-1ns,A,PCHIP,5.12e-06,7.967896659733666e-09,7.977300292169161e-09,-9.40363243549541e-12
pair_inhibition-1ns,A,PCHIP,5.2224e-06,8.884179208498038e-09,8.902495698546637e-09,-1.831649004859921e-11
pair_inhibition-1ns,A,PCHIP,5.3248e-06,1.0211388304286671e-08,1.022450345524109e-08,-1.3115150954418524e-11
pair_inhibition-1ns,A,PCHIP,5.4272e-06,1.079364588617944e-08,1.080554878715123e-08,-1.190290097178918e-11
pair_inhibition-1ns,A,PCHIP,5.5296e-06,1.1098030028701712e-08,1.1109441682329848e-08,-1.1411653628135528e-11
pair_inhibition-1ns,A,PCHIP,5.6320000000000005e-06,1.1288856278071136e-08,1.1300069033846339e-08,-1.1212755775203038e-11
pair_inhibition-1ns,A,PCHIP,5.7344000000000005e-06,1.1428088304627806e-08,1.1439353185543077e-08,-1.1264880915271672e-11
pair_inhibition-1ns,A,PCHIP,5.836800000000001e-06,1.1538425287944496e-08,1.1549201879015582e-08,-1.0776591071085721e-11
pair_inhibition-1ns,A,PCHIP,5.9392e-06,1.1621700682001033e-08,1.1632206258413605e-08,-1.0505576412571404e-11
pair_inhibition-1ns,A,PCHIP,6.0416e-06,1.167927943067553e-08,1.1689770413564052e-08,-1.0490982888522406e-11
pair_inhibition-1ns,A,PCHIP,6.144e-06,1.1720926314328617e-08,1.1731427377529142e-08,-1.0501063200525243e-11
pair_inhibition-1ns,A,PCHIP,6.2464e-06,1.1756650643589935e-08,1.1767172085089415e-08,-1.0521441499479808e-11
pair_inhibition-1ns,A,PCHIP,6.3488e-06,1.1792666395880852e-08,1.1803223619490743e-08,-1.0557223609890676e-11
pair_inhibition-1ns,A,PCHIP,6.4512e-06,1.1832675685777466e-08,1.1843283951708585e-08,-1.0608265931119013e-11
pair_inhibition-1ns,A,PCHIP,6.5536e-06,1.1879365189555808e-08,1.1890038392957025e-08,-1.0673203401217075e-11
pair_inhibition-1ns,A,PCHIP,6.656e-06,1.1935116240848236e-08,1.194586571009975e-08,-1.0749469251513324e-11
pair_inhibition-1ns,A,PCHIP,6.7584e-06,1.2001131076002466e-08,1.2011957728240952e-08,-1.0826652238485796e-11
pair_inhibition-1ns,A,PCHIP,6.8608000000000004e-06,1.2077949152718119e-08,1.2088854625336064e-08,-1.0905472617944955e-11
pair_inhibition-1ns,A,PCHIP,6.9632000000000005e-06,1.2166021298059207e-08,1.2177006108258866e-08,-1.0984810199659087e-11
pair_inhibition-1ns,A,PCHIP,7.065600000000001e-06,1.2265733213020187e-08,1.227679733107473e-08,-1.1064118054543486e-11
pair_inhibition-1ns,A,PCHIP,7.168000000000001e-06,1.2377444240725149e-08,1.2388587704827762e-08,-1.1143464102613315e-11
pair_inhibition-1ns,A,PCHIP,7.2704e-06,1.2501540910687772e-08,1.251276325418944e-08,-1.1222343501668914e-11
pair_inhibition-1ns,A,PCHIP,7.3728e-06,1.2638503598908754e-08,1.2649805520445336e-08,-1.1301921536581484e-11
pair_inhibition-1ns,A,PCHIP,7.4752e-06,1.278900583188722e-08,1.2800388881379276e-08,-1.1383049492056258e-11
pair_inhibition-1ns,A,PCHIP,7.5776e-06,1.295406820474921e-08,1.296553611821489e-08,-1.1467913465680962e-11
pair_inhibition-1ns,A,PCHIP,7.680000000000001e-06,1.3135345027825963e-08,1.3146906179214587e-08,-1.1561151388624763e-11
pair_inhibition-1ns,A,PCHIP,7.7824e-06,1.3335749313696725e-08,1.3347420930984615e-08,-1.1671617287889426e-11
pair_inhibition-1ns,A,PCHIP,7.8848e-06,1.3561120849877037e-08,1.357294736777586e-08,-1.1826517898823267e-11
pair_inhibition-1ns,A,PCHIP,7.9872e-06,1.3826531131932985e-08,1.383860664104254e-08,-1.2075509109556076e-11
pair_inhibition-1ns,A,PCHIP,8.0896e-06,1.4209099024707424e-08,1.42225675933385e-08,-1.3468568631076465e-11
pair_inhibition-1ns,A,PCHIP,8.192e-06,1.566733480206993e-08,1.5686848696054507e-08,-1.9513893984575568e-11
pair_inhibition-1ns,A,PCHIP,8.2944e-06,1.653337679337703e-08,1.6550223287377772e-08,-1.6846494000742037e-11
pair_inhibition-1ns,A,PCHIP,8.3968e-06,1.6946249528660286e-08,1.696232808800032e-08,-1.6078559340033128e-11
pair_inhibition-1ns,A,PCHIP,8.4992e-06,1.7182684396719092e-08,1.7198441751239567e-08,-1.5757354520475396e-11
pair_inhibition-1ns,A,PCHIP,8.6016e-06,1.7343496302117645e-08,1.73591534743438e-08,-1.565717222615513e-11
pair_inhibition-1ns,A,PCHIP,8.704e-06,1.7467211236841147e-08,1.7482989332795815e-08,-1.5778095954668598e-11
pair_inhibition-1ns,A,PCHIP,8.806400000000001e-06,1.7566352651769588e-08,1.7581324862018854e-08,-1.4972210249265627e-11
pair_inhibition-1ns,A,PCHIP,8.9088e-06,1.7639518113028943e-08,1.7654511270956712e-08,-1.4993157927769237e-11
pair_inhibition-1ns,A,PCHIP,9.011200000000001e-06,1.7691799283567714e-08,1.7706777909016743e-08,-1.497862544902906e-11
pair_inhibition-1ns,A,PCHIP,9.1136e-06,1.7732543771542807e-08,1.7747528056759442e-08,-1.4984285216635133e-11
pair_inhibition-1ns,A,PCHIP,9.216e-06,1.776972335785669e-08,1.7784728696624026e-08,-1.5005338767335302e-11
pair_inhibition-1ns,A,PCHIP,9.3184e-06,1.7808314063091954e-08,1.7823357360655162e-08,-1.5043297563208012e-11
pair_inhibition-1ns,A,PCHIP,9.4208e-06,1.785153522420444e-08,1.7866631586160916e-08,-1.509636195647612e-11
pair_inhibition-1ns,A,PCHIP,9.5232e-06,1.79019563654522e-08,1.791711999631899e-08,-1.5163630866790173e-11
pair_inhibition-1ns,A,PCHIP,9.6256e-06,1.796190881348236e-08,1.797714882416716e-08,-1.524001068480203e-11
pair_inhibition-1ns,A,PCHIP,9.728e-06,1.803238471211824e-08,1.8047702466802287e-08,-1.5317754684047542e-11
pair_inhibition-1ns,A,PCHIP,9.8304e-06,1.8113905158698212e-08,1.8129301518103786e-08,-1.5396359405573212e-11
pair_inhibition-1ns,A,PCHIP,9.932800000000001e-06,1.8206916079678704e-08,1.8222391784394518e-08,-1.5475704715814478e-11
pair_inhibition-1ns,A,PCHIP,1.00352e-05,1.8311812424745454e-08,1.8327367451989037e-08,-1.5555027243582616e-11
pair_inhibition-1ns,A,PCHIP,1.0137600000000001e-05,1.8428979606085964e-08,1.8444613808831056e-08,-1.5634202745092305e-11
pair_inhibition-1ns,A,PCHIP,1.024e-05,1.855885247317403e-08,1.8574566278107816e-08,-1.571380493378795e-11
pair_inhibition-1ns,A,PCHIP,1.0342400000000001e-05,1.8701997242343617e-08,1.8717791227056332e-08,-1.579398471271508e-11
pair_inhibition-1ns,A,PCHIP,1.04448e-05,1.8859229306036968e-08,1.8875106219560538e-08,-1.5876913523569626e-11
pair_inhibition-1ns,A,PCHIP,1.05472e-05,1.9031819098136013e-08,1.904778431747567e-08,-1.5965219339658516e-11
pair_inhibition-1ns,A,PCHIP,1.06496e-05,1.922189397174525e-08,1.923795888582113e-08,-1.6064914075878493e-11
pair_inhibition-1ns,A,PCHIP,1.0752e-05,1.9433392074593022e-08,1.94495839957923e-08,-1.6191921199277466e-11
pair_inhibition-1ns,A,PCHIP,1.08544e-05,1.9674994815578862e-08,1.969136500752819e-08,-1.6370191949326216e-11
pair_inhibition-1ns,A,PCHIP,1.09568e-05,1.9974134779888057e-08,1.9990954294295882e-08,-1.681951440782508e-11
pair_inhibition-1ns,A,PCHIP,1.10592e-05,2.076659819619341e-08,2.0792002560113883e-08,-2.5404363920474542e-11
pair_inhibition-1ns,A,PCHIP,1.11616e-05,2.212729150337549e-08,2.2147597169737526e-08,-2.0305666362034696e-11
pair_inhibition-1ns,A,PCHIP,1.1264000000000001e-05,2.27233327020609e-08,2.2742380748063988e-08,-1.9048046003087734e-11
pair_inhibition-1ns,A,PCHIP,1.13664e-05,2.3033118997437133e-08,2.3051663463883075e-08,-1.854446644594165e-11
pair_inhibition-1ns,A,PCHIP,1.1468800000000001e-05,2.3226272738676585e-08,2.324461049422124e-08,-1.833775554465603e-11
pair_inhibition-1ns,A,PCHIP,1.15712e-05,2.3366714714509195e-08,2.3385072573240774e-08,-1.8357858731579232e-11
pair_inhibition-1ns,A,PCHIP,1.1673600000000001e-05,2.3478301954493172e-08,2.3496292816717788e-08,-1.799086222461619e-11
pair_inhibition-1ns,A,PCHIP,1.1776e-05,2.3564713939330406e-08,2.358237683642993e-08,-1.7662897099524903e-11
pair_inhibition-1ns,A,PCHIP,1.18784e-05,2.3626755603779943e-08,2.3644392496758502e-08,-1.7636892978559052e-11
pair_inhibition-1ns,A,PCHIP,1.19808e-05,2.3672328173649778e-08,2.3689962518659086e-08,-1.7634345009307322e-11
pair_inhibition-1ns,A,PCHIP,1.20832e-05,2.371070537553806e-08,2.372835229258046e-08,-1.7646917042397694e-11
pair_inhibition-1ns,A,PCHIP,1.21856e-05,2.3748285157522092e-08,2.3765961445134055e-08,-1.7676287611962763e-11
pair_inhibition-1ns,A,PCHIP,1.2288e-05,2.378902045384687e-08,2.3806742497721443e-08,-1.7722043874574173e-11
pair_inhibition-1ns,A,PCHIP,1.23904e-05,2.383571665217713e-08,2.3853498294505913e-08,-1.7781642328784512e-11
pair_inhibition-1ns,A,PCHIP,1.24928e-05,2.3890912184201383e-08,2.3908768593376207e-08,-1.785640917482376e-11
pair_inhibition-1ns,A,PCHIP,1.2595200000000001e-05,2.3956369781812557e-08,2.3974302864995112e-08,-1.793308318255531e-11
pair_inhibition-1ns,A,PCHIP,1.26976e-05,2.4032676193569336e-08,2.4050687523863637e-08,-1.80113302943013e-11
pair_inhibition-1ns,A,PCHIP,1.2800000000000001e-05,2.412031566171527e-08,2.4138406313823763e-08,-1.809065210849381e-11
pair_inhibition-1ns,A,PCHIP,1.29024e-05,2.421970664867347e-08,2.423787648847962e-08,-1.8169839806149666e-11
pair_inhibition-1ns,A,PCHIP,1.3004800000000001e-05,2.433123501460271e-08,2.4349484243116575e-08,-1.8249228513865905e-11
pair_inhibition-1ns,A,PCHIP,1.31072e-05,2.4455307981745214e-08,2.4473636563475994e-08,-1.832858173077923e-11
pair_inhibition-1ns,A,PCHIP,1.32096e-05,2.4592423238338487e-08,2.4610831662005823e-08,-1.8408423667336404e-11
pair_inhibition-1ns,A,PCHIP,1.3312e-05,2.4743268886567255e-08,2.4761759115967327e-08,-1.849022940007154e-11
pair_inhibition-1ns,A,PCHIP,1.34144e-05,2.4908883976995963e-08,2.4927459541729642e-08,-1.8575564733679425e-11
pair_inhibition-1ns,A,PCHIP,1.35168e-05,2.509094991634935e-08,2.5109619341308348e-08,-1.8669424958999264e-11
pair_inhibition-1ns,A,PCHIP,1.36192e-05,2.5292432009213705e-08,2.5311213228772627e-08,-1.878121955892193e-11
pair_inhibition-1ns,A,PCHIP,1.3721600000000001e-05,2.5519299015106318e-08,2.5538235437418702e-08,-1.893642231238435e-11
pair_inhibition-1ns,A,PCHIP,1.3824e-05,2.57870485018199e-08,2.580624643681826e-08,-1.91979349983627e-11
pair_inhibition-1ns,A,PCHIP,1.3926400000000001e-05,2.617709044402046e-08,2.6197778987308065e-08,-2.0688543287604496e-11
pair_inhibition-1ns,A,PCHIP,1.40288e-05,2.761942632289836e-08,2.7645745919233744e-08,-2.6319596335383758e-11
pair_inhibition-1ns,A,PCHIP,1.4131200000000001e-05,2.8455920485750007e-08,2.8479700640797168e-08,-2.378015504716094e-11
pair_inhibition-1ns,A,PCHIP,1.42336e-05,2.8857699743471873e-08,2.8880741710087664e-08,-2.3041966615790952e-11
pair_inhibition-1ns,A,PCHIP,1.4336000000000001e-05,2.908956364749118e-08,2.9112295859070994e-08,-2.2732211579814162e-11
pair_inhibition-1ns,A,PCHIP,1.44384e-05,2.9248265637197307e-08,2.927090913299091e-08,-2.2643495793604725e-11
pair_inhibition-1ns,A,PCHIP,1.45408e-05,2.9370731408327078e-08,2.939344709656995e-08,-2.2715688242871646e-11
pair_inhibition-1ns,A,PCHIP,1.46432e-05,2.9468463014300912e-08,2.9490430113257572e-08,-2.196709895666012e-11
pair_inhibition-1ns,A,PCHIP,1.47456e-05,2.9540308910926132e-08,2.9562284638541854e-08,-2.1975727615721537e-11
pair_inhibition-1ns,A,PCHIP,1.4848e-05,2.959182254216004e-08,2.961378513504268e-08,-2.1962592882640014e-11
pair_inhibition-1ns,A,PCHIP,1.49504e-05,2.963241444217487e-08,2.9654383270555428e-08,-2.1968828380558656e-11
pair_inhibition-1ns,A,PCHIP,1.5052800000000001e-05,2.9669839274953888e-08,2.9691829928532096e-08,-2.19906535782076e-11
pair_inhibition-1ns,A,PCHIP,1.51552e-05,2.9708929880163025e-08,2.9730959402307364e-08,-2.202952214433929e-11
pair_inhibition-1ns,A,PCHIP,1.5257600000000001e-05,2.9752857789771465e-08,2.977494109367847e-08,-2.2083303907005858e-11
pair_inhibition-1ns,A,PCHIP,1.5360000000000002e-05,2.980420705104729e-08,2.9826358972718416e-08,-2.215192167112512e-11
pair_inhibition-1ns,A,PCHIP,1.54624e-05,2.986527066472004e-08,2.9887498796272666e-08,-2.2228131552625845e-11
pair_inhibition-1ns,A,PCHIP,1.55648e-05,2.993696717360916e-08,2.995927307465781e-08,-2.230590104864833e-11
pair_inhibition-1ns,A,PCHIP,1.56672e-05,3.001981662848203e-08,3.0042201408928204e-08,-2.2384780446173646e-11
pair_inhibition-1ns,A,PCHIP,1.57696e-05,3.0114263689357276e-08,3.013672775215123e-08,-2.246406279395455e-11
pair_inhibition-1ns,A,PCHIP,1.5872e-05,3.022070450497745e-08,3.024324814059547e-08,-2.2543635618026307e-11
pair_inhibition-1ns,A,PCHIP,1.59744e-05,3.0339533168680264e-08,3.03621559666592e-08,-2.2622797978938167e-11
pair_inhibition-1ns,A,PCHIP,1.60768e-05,3.047120188124038e-08,3.049390437798373e-08,-2.2702496743349298e-11
pair_inhibition-1ns,A,PCHIP,1.61792e-05,3.0616309210702215e-08,3.063909249983742e-08,-2.278328913520601e-11
pair_inhibition-1ns,A,PCHIP,1.62816e-05,3.077572907620811e-08,3.0798595957696025e-08,-2.2866881487914808e-11
pair_inhibition-1ns,A,PCHIP,1.6384e-05,3.095083654362656e-08,3.097379344480729e-08,-2.2956901180731602e-11
pair_inhibition-1ns,A,PCHIP,1.6486400000000002e-05,3.114396769852691e-08,3.1167027176699076e-08,-2.305947817216316e-11
pair_inhibition-1ns,A,PCHIP,1.65888e-05,3.135953822767977e-08,3.138273238901524e-08,-2.3194161335465854e-11
pair_inhibition-1ns,A,PCHIP,1.66912e-05,3.1607686815989415e-08,3.16310736252103e-08,-2.338680922088387e-11
pair_inhibition-1ns,A,PCHIP,1.67936e-05,3.1923889900988975e-08,3.19478577366306e-08,-2.3967835641624814e-11
pair_inhibition-1ns,A,PCHIP,1.6896000000000002e-05,3.29566383393706e-08,3.298895083422804e-08,-3.231249485744319e-11
pair_inhibition-1ns,A,PCHIP,1.69984e-05,3.4130868778768266e-08,3.4158520814995125e-08,-2.7652036226858227e-11
pair_inhibition-1ns,A,PCHIP,1.71008e-05,3.465737756539727e-08,3.468396471874073e-08,-2.6587153343458173e-11
pair_inhibition-1ns,A,PCHIP,1.72032e-05,3.493972851175319e-08,3.4965879510757705e-08,-2.615099900451281e-11
pair_inhibition-1ns,A,PCHIP,1.73056e-05,3.5120979787087146e-08,3.514696000252256e-08,-2.5980215435415233e-11
pair_inhibition-1ns,A,PCHIP,1.7408e-05,3.525544529076954e-08,3.528151170008428e-08,-2.606640931473962e-11
pair_inhibition-1ns,A,PCHIP,1.75104e-05,3.536297627149545e-08,3.5388441046315607e-08,-2.5464774820156775e-11
pair_inhibition-1ns,A,PCHIP,1.7612800000000002e-05,3.544489438859043e-08,3.5470210885340773e-08,-2.5316496750343408e-11
pair_inhibition-1ns,A,PCHIP,1.77152e-05,3.550354975196806e-08,3.5528841778126624e-08,-2.5292026158563483e-11
pair_inhibition-1ns,A,PCHIP,1.78176e-05,3.5547456415152546e-08,3.557274852912901e-08,-2.529211397646453e-11
pair_inhibition-1ns,A,PCHIP,1.792e-05,3.558549380721038e-08,3.561080091974038e-08,-2.5307112529998427e-11
pair_inhibition-1ns,A,PCHIP,1.8022400000000002e-05,3.5623540612612206e-08,3.564887983387428e-08,-2.5339221262072967e-11
pair_inhibition-1ns,A,PCHIP,1.81248e-05,3.566528023797865e-08,3.569066757820998e-08,-2.538734023133325e-11
pair_inhibition-1ns,A,PCHIP,1.82272e-05,3.571343658422193e-08,3.5738886120678025e-08,-2.5449536456097454e-11
pair_inhibition-1ns,A,PCHIP,1.83296e-05,3.577052363850837e-08,3.5796048777057816e-08,-2.552513854944437e-11
pair_inhibition-1ns,A,PCHIP,1.8432e-05,3.583801726933035e-08,3.5863619614223464e-08,-2.5602344893117095e-11
pair_inhibition-1ns,A,PCHIP,1.85344e-05,3.5916484868311716e-08,3.5942165554878646e-08,-2.5680686566929795e-11
pair_inhibition-1ns,A,PCHIP,1.86368e-05,3.6006399811691004e-08,3.603215980654158e-08,-2.5759994850574993e-11
pair_inhibition-1ns,A,PCHIP,1.8739200000000002e-05,3.61081750355033e-08,3.613401445616096e-08,-2.5839420657659342e-11
pair_inhibition-1ns,A,PCHIP,1.88416e-05,3.6222200734467506e-08,3.624811948020165e-08,-2.5918745734143e-11
pair_inhibition-1ns,A,PCHIP,1.8944e-05,3.6348900080565524e-08,3.637489851939505e-08,-2.599843882952805e-11
pair_inhibition-1ns,A,PCHIP,1.90464e-05,3.648880644505252e-08,3.6514884963090155e-08,-2.6078518037636006e-11
pair_inhibition-1ns,A,PCHIP,1.9148800000000002e-05,3.66426714615323e-08,3.666883241351205e-08,-2.616095197974816e-11
pair_inhibition-1ns,A,PCHIP,1.92512e-05,3.6811648231674396e-08,3.683789621772846e-08,-2.6247986054061785e-11
pair_inhibition-1ns,A,PCHIP,1.93536e-05,3.6997635701589804e-08,3.702398042413053e-08,-2.6344722540723373e-11
pair_inhibition-1ns,A,PCHIP,1.9456e-05,3.7204062766922576e-08,3.72305265276403e-08,-2.646376071772407e-11
pair_inhibition-1ns,A,PCHIP,1.9558400000000002e-05,3.7438141961419866e-08,3.746477182004706e-08,-2.662985862719548e-11
pair_inhibition-1ns,A,PCHIP,1.96608e-05,3.772036727784701e-08,3.7747336594025604e-08,-2.6969316178596622e-11
pair_inhibition-1ns,A,PCHIP,1.97632e-05,3.822691497370856e-08,3.825822095144504e-08,-3.130597773648048e-11
pair_inhibition-1ns,A,PCHIP,1.9865600000000002e-05,3.973178866801829e-08,3.976349024004736e-08,-3.170157202906698e-11
pair_inhibition-1ns,A,PCHIP,1.9968e-05,4.0426814901845676e-08,4.045656842266585e-08,-2.975352082017583e-11
pair_inhibition-1ns,A,PCHIP,2e-05,4.0558802535761715e-08,4.058835490507592e-08,-2.955236931420376e-11
pair_inhibition-1ns,B,PCHIP,0.0,0.0,0.0,0.0
pair_inhibition-1ns,B,PCHIP,1.024e-07,3.96143971886616e-13,4.2187006132113306e-13,-2.5726089434517055e-14
pair_inhibition-1ns,B,PCHIP,2.048e-07,3.1338524137860706e-12,3.2037630312632486e-12,-6.991061747717806e-14
pair_inhibition-1ns,B,PCHIP,3.072e-07,1.0150801001413357e-11,1.028701893190007e-11,-1.3621793048671406e-13
pair_inhibition-1ns,B,PCHIP,4.096e-07,2.30344527527921e-11,2.3254434102581923e-11,-2.1998134978982262e-13
pair_inhibition-1ns,B,PCHIP,5.12e-07,4.31026033737329e-11,4.342033821836156e-11,-3.1773484462865874e-13
pair_inhibition-1ns,B,PCHIP,6.144e-07,7.147355981558666e-11,7.189912623048558e-11,-4.2556641489892366e-13
pair_inhibition-1ns,B,PCHIP,7.168000000000001e-07,1.0911431668845084e-10,1.0965603953246244e-10,-5.417228440115967e-13
pair_inhibition-1ns,B,PCHIP,8.192e-07,1.5688182892740195e-10,1.5754547654224263e-10,-6.636476148406797e-13
pair_inhibition-1ns,B,PCHIP,9.216e-07,2.155522152779515e-10,2.163418358025368e-10,-7.896205245852961e-13
pair_inhibition-1ns,B,PCHIP,1.024e-06,2.85848716685739e-10,2.867674988922668e-10,-9.18782206527783e-13
pair_inhibition-1ns,B,PCHIP,1.1264000000000001e-06,3.68473657583755e-10,3.6952277726293856e-10,-1.049119679183552e-12
pair_inhibition-1ns,B,PCHIP,1.2288e-06,4.6414302917011483e-10,4.653240497364694e-10,-1.1810205663545745e-12
pair_inhibition-1ns,B,PCHIP,1.3312e-06,5.736461437154008e-10,5.749599479305758e-10,-1.3138042151750277e-12
pair_inhibition-1ns,B,PCHIP,1.4336000000000001e-06,6.979359206895765e-10,6.993838976927219e-10,-1.4479770031453486e-12
pair_inhibition-1ns,B,PCHIP,1.536e-06,8.382961754553969e-10,8.398819286334301e-10,-1.585753178033271e-12
pair_inhibition-1ns,B,PCHIP,1.6384e-06,9.966809086458466e-10,9.984110573755845e-10,-1.730148729737817e-12
pair_inhibition-1ns,B,PCHIP,1.7408000000000001e-06,1.1764945651805213e-09,1.178387272183812e-09,-1.892707003290652e-12
pair_inhibition-1ns,B,PCHIP,1.8432e-06,1.3848737589199461e-09,1.3869809493227579e-09,-2.107190402811729e-12
pair_inhibition-1ns,B,PCHIP,1.9456e-06,1.6426211718244013e-09,1.6452468416919897e-09,-2.625669867588407e-12
pair_inhibition-1ns,B,PCHIP,2.048e-06,2.203223160040524e-09,2.2144432670442748e-09,-1.1220107003750571e-11
pair_inhibition-1ns,B,PCHIP,2.1504e-06,5.432671672744251e-09,5.448918697316997e-09,-1.6247024572746018e-11
pair_inhibition-1ns,B,PCHIP,2.2528000000000003e-06,6.815255105471625e-09,6.828216785104252e-09,-1.2961679632627131e-11
pair_inhibition-1ns,B,PCHIP,2.3552e-06,7.476786260522755e-09,7.488523808008255e-09,-1.1737547485500234e-11
pair_inhibition-1ns,B,PCHIP,2.4576e-06,7.85681880022197e-09,7.868034327155702e-09,-1.1215526933732077e-11
pair_inhibition-1ns,B,PCHIP,2.56e-06,8.116486375013245e-09,8.127460055969376e-09,-1.0973680956130903e-11
pair_inhibition-1ns,B,PCHIP,2.6624e-06,8.32036364519347e-09,8.331221469497945e-09,-1.0857824304474106e-11
pair_inhibition-1ns,B,PCHIP,2.7648e-06,8.496651503976219e-09,8.507469272584346e-09,-1.0817768608127546e-11
pair_inhibition-1ns,B,PCHIP,2.8672000000000003e-06,8.657992465778482e-09,8.66890049988918e-09,-1.0908034110698073e-11
pair_inhibition-1ns,B,PCHIP,2.9696e-06,8.809278134217974e-09,8.819768910339574e-09,-1.0490776121599288e-11
pair_inhibition-1ns,B,PCHIP,3.072e-06,8.948438113218251e-09,8.958895662649031e-09,-1.0457549430779826e-11
pair_inhibition-1ns,B,PCHIP,3.1744e-06,9.073133906993255e-09,9.083466463742329e-09,-1.0332556749073211e-11
pair_inhibition-1ns,B,PCHIP,3.2768e-06,9.182266227800623e-09,9.192486359308271e-09,-1.0220131507647459e-11
pair_inhibition-1ns,B,PCHIP,3.3792e-06,9.27784786471691e-09,9.287993705886167e-09,-1.014584116925711e-11
pair_inhibition-1ns,B,PCHIP,3.4816000000000003e-06,9.364707013122308e-09,9.374822098392033e-09,-1.011508526972487e-11
pair_inhibition-1ns,B,PCHIP,3.5840000000000003e-06,9.449329335509562e-09,9.459456306688424e-09,-1.0126971178862438e-11
pair_inhibition-1ns,B,PCHIP,3.6864e-06,9.53890229550334e-09,9.549081465928488e-09,-1.0179170425148795e-11
pair_inhibition-1ns,B,PCHIP,3.7888e-06,9.64201515062202e-09,9.652308898296016e-09,-1.0293747673996168e-11
pair_inhibition-1ns,B,PCHIP,3.8912e-06,9.76695302549533e-09,9.777377525845951e-09,-1.0424500350621429e-11
pair_inhibition-1ns,B,PCHIP,3.9936e-06,9.916952255362964e-09,9.927516345614214e-09,-1.0564090251250562e-11
pair_inhibition-1ns,B,PCHIP,4.096e-06,1.0095050009509386e-08,1.0105766518627515e-08,-1.0716509118129208e-11
pair_inhibition-1ns,B,PCHIP,4.1984e-06,1.0305699921653067e-08,1.0316587999405317e-08,-1.088807775224947e-11
pair_inhibition-1ns,B,PCHIP,4.3008e-06,1.0557922526114801e-08,1.0569016830086876e-08,-1.10943039720745e-11
pair_inhibition-1ns,B,PCHIP,4.4032000000000005e-06,1.0878532046506313e-08,1.0890096209893123e-08,-1.1564163386809367e-11
pair_inhibition-1ns,B,PCHIP,4.5056000000000005e-06,1.1559353978910673e-08,1.1579690672604656e-08,-2.033669369398295e-11
pair_inhibition-1ns,B,PCHIP,4.608e-06,1.303152085190783e-08,1.3045177361680417e-08,-1.3656509772587056e-11
pair_inhibition-1ns,B,PCHIP,4.7104e-06,1.3736383640365292e-08,1.3748651031456404e-08,-1.2267391091112186e-11
pair_inhibition-1ns,B,PCHIP,4.8128e-06,1.4134151298141376e-08,1.4145853632369807e-08,-1.1702334228430772e-11
pair_inhibition-1ns,B,PCHIP,4.9152e-06,1.4401716503548336e-08,1.4413166662680618e-08,-1.1450159132282043e-11
pair_inhibition-1ns,B,PCHIP,5.0176e-06,1.4609046253800749e-08,1.4620412884002192e-08,-1.1366630201443102e-11
pair_inhibition-1ns,B,PCHIP,5.12e-06,1.4785113292195205e-08,1.4796613851346761e-08,-1.1500559151556528e-11
pair_inhibition-1ns,B,PCHIP,5.2224e-06,1.4941816248409624e-08,1.495263144601483e-08,-1.0815197605206134e-11
pair_inhibition-1ns,B,PCHIP,5.3248e-06,1.5086497276715496e-08,1.5097515161110105e-08,-1.1017884394609068e-11
pair_inhibition-1ns,B,PCHIP,5.4272e-06,1.5232152717122153e-08,1.524320078076859e-08,-1.1048063646437464e-11
pair_inhibition-1ns,B,PCHIP,5.5296e-06,1.538234023865792e-08,1.5393374542396354e-08,-1.1034303738434753e-11
pair_inhibition-1ns,B,PCHIP,5.6320000000000005e-06,1.5537148792389455e-08,1.554815342452536e-08,-1.1004632135904637e-11
pair_inhibition-1ns,B,PCHIP,5.7344000000000005e-06,1.5697029062721732e-08,1.5708005834733757e-08,-1.0976772012024797e-11
pair_inhibition-1ns,B,PCHIP,5.836800000000001e-06,1.5864545752226648e-08,1.5875508116255558e-08,-1.0962364028910041e-11
pair_inhibition-1ns,B,PCHIP,5.9392e-06,1.604550262754106e-08,1.6056520413024024e-08,-1.101778548296531e-11
pair_inhibition-1ns,B,PCHIP,6.0416e-06,1.6245761828653575e-08,1.6256849101497946e-08,-1.1087272844370808e-11
pair_inhibition-1ns,B,PCHIP,6.144e-06,1.646328473705078e-08,1.6474424394226808e-08,-1.1139657176028302e-11
pair_inhibition-1ns,B,PCHIP,6.2464e-06,1.6694474948086214e-08,1.6705656429264744e-08,-1.1181481178530058e-11
pair_inhibition-1ns,B,PCHIP,6.3488e-06,1.693581650147738e-08,1.6947028497256702e-08,-1.1211995779321494e-11
pair_inhibition-1ns,B,PCHIP,6.4512e-06,1.718414472651355e-08,1.7195369070620086e-08,-1.1224344106537103e-11
pair_inhibition-1ns,B,PCHIP,6.5536e-06,1.7436714369662536e-08,1.7447998789305238e-08,-1.1284419642701226e-11
pair_inhibition-1ns,B,PCHIP,6.656e-06,1.769151999925773e-08,1.7702797575682172e-08,-1.1277576424441037e-11
pair_inhibition-1ns,B,PCHIP,6.7584e-06,1.794694113434081e-08,1.7958219228928337e-08,-1.1278094587525849e-11
pair_inhibition-1ns,B,PCHIP,6.8608000000000004e-06,1.8201976342103222e-08,1.821325362037748e-08,-1.1277278274256674e-11
pair_inhibition-1ns,B,PCHIP,6.9632000000000005e-06,1.84560707522745e-08,1.846734578540581e-08,-1.1275033131310794e-11
pair_inhibition-1ns,B,PCHIP,7.065600000000001e-06,1.870901652474194e-08,1.8720288649853958e-08,-1.127212511201717e-11
pair_inhibition-1ns,B,PCHIP,7.168000000000001e-06,1.8960839185237485e-08,1.8972108406115393e-08,-1.1269220877908645e-11
pair_inhibition-1ns,B,PCHIP,7.2704e-06,1.921169440437479e-08,1.922296119168724e-08,-1.1266787312447253e-11
pair_inhibition-1ns,B,PCHIP,7.3728e-06,1.9461787839624394e-08,1.9473052883821522e-08,-1.1265044197128009e-11
pair_inhibition-1ns,B,PCHIP,7.4752e-06,1.971132142743566e-08,1.9722585500592165e-08,-1.1264073156505868e-11
pair_inhibition-1ns,B,PCHIP,7.5776e-06,1.9960463849924817e-08,1.9971727658656348e-08,-1.1263808731530561e-11
pair_inhibition-1ns,B,PCHIP,7.680000000000001e-06,2.0209339672872694e-08,2.022060377010827e-08,-1.1264097235574681e-11
pair_inhibition-1ns,B,PCHIP,7.7824e-06,2.0458031812337446e-08,2.046929659125275e-08,-1.1264778915302774e-11
pair_inhibition-1ns,B,PCHIP,7.8848e-06,2.0706594115258305e-08,2.0717859886901652e-08,-1.126577164334657e-11
pair_inhibition-1ns,B,PCHIP,7.9872e-06,2.0955077709541563e-08,2.0966344733517904e-08,-1.126702397634123e-11
pair_inhibition-1ns,B,PCHIP,8.0896e-06,2.1203617586525552e-08,2.1214882084991766e-08,-1.126449846621442e-11
pair_inhibition-1ns,B,PCHIP,8.192e-06,2.1453723829989664e-08,2.146504486042882e-08,-1.1321030439156966e-11
pair_inhibition-1ns,B,PCHIP,8.2944e-06,2.1710356396332845e-08,2.1721732350687004e-08,-1.137595435415877e-11
pair_inhibition-1ns,B,PCHIP,8.3968e-06,2.1969297382453817e-08,2.198067774009022e-08,-1.1380357636402917e-11
pair_inhibition-1ns,B,PCHIP,8.4992e-06,2.222190693898814e-08,2.2233247499444987e-08,-1.1340560456847816e-11
pair_inhibition-1ns,B,PCHIP,8.6016e-06,2.2465190556553563e-08,2.2476506505071884e-08,-1.1315948518320865e-11
pair_inhibition-1ns,B,PCHIP,8.704e-06,2.2700952464045383e-08,2.2712245553203055e-08,-1.1293089157672244e-11
pair_inhibition-1ns,B,PCHIP,8.806400000000001e-06,2.2931444510984154e-08,2.2942659790343957e-08,-1.1215279359802276e-11
pair_inhibition-1ns,B,PCHIP,8.9088e-06,2.3158422367334492e-08,2.3169638122515e-08,-1.1215755180507456e-11
pair_inhibition-1ns,B,PCHIP,9.011200000000001e-06,2.3383592381128693e-08,2.3394797898422923e-08,-1.1205517294229252e-11
pair_inhibition-1ns,B,PCHIP,9.1136e-06,2.360848229661936e-08,2.3619679727453805e-08,-1.1197430834443724e-11
pair_inhibition-1ns,B,PCHIP,9.216e-06,2.383467915320166e-08,2.38458740044198e-08,-1.1194851218141878e-11
pair_inhibition-1ns,B,PCHIP,9.3184e-06,2.4063777524376268e-08,2.4074976823216708e-08,-1.1199298840439923e-11
pair_inhibition-1ns,B,PCHIP,9.4208e-06,2.4297144232537456e-08,2.4308357398712086e-08,-1.1213166174630324e-11
pair_inhibition-1ns,B,PCHIP,9.5232e-06,2.4535353519703746e-08,2.4546582360518647e-08,-1.1228840814900676e-11
pair_inhibition-1ns,B,PCHIP,9.6256e-06,2.4777696104470212e-08,2.4788937235922265e-08,-1.1241131452052206e-11
pair_inhibition-1ns,B,PCHIP,9.728e-06,2.502319791306309e-08,2.5034448288700898e-08,-1.1250375637806765e-11
pair_inhibition-1ns,B,PCHIP,9.8304e-06,2.5270934678853434e-08,2.5282188331867828e-08,-1.1253653014393248e-11
pair_inhibition-1ns,B,PCHIP,9.932800000000001e-06,2.5520078254008496e-08,2.553135323572223e-08,-1.1274981713734139e-11
pair_inhibition-1ns,B,PCHIP,1.00352e-05,2.5770025148227364e-08,2.5781297932195827e-08,-1.1272783968462351e-11
pair_inhibition-1ns,B,PCHIP,1.0137600000000001e-05,2.6020268044878304e-08,2.603154155099458e-08,-1.127350611627476e-11
pair_inhibition-1ns,B,PCHIP,1.024e-05,2.6270478756914084e-08,2.6281752706194738e-08,-1.1273949280653672e-11
pair_inhibition-1ns,B,PCHIP,1.0342400000000001e-05,2.652045034652113e-08,2.6531724300424743e-08,-1.1273953903613915e-11
pair_inhibition-1ns,B,PCHIP,1.04448e-05,2.6770071162130878e-08,2.6781344851042782e-08,-1.1273688911904083e-11
pair_inhibition-1ns,B,PCHIP,1.05472e-05,2.701929783543708e-08,2.703057116808539e-08,-1.127333264831122e-11
pair_inhibition-1ns,B,PCHIP,1.06496e-05,2.7268132442226395e-08,2.7279405473403927e-08,-1.127303117753271e-11
pair_inhibition-1ns,B,PCHIP,1.0752e-05,2.751660612506282e-08,2.7527879023362387e-08,-1.1272898299566673e-11
pair_inhibition-1ns,B,PCHIP,1.08544e-05,2.7764771968303274e-08,2.777604499134918e-08,-1.1273023045907229e-11
pair_inhibition-1ns,B,PCHIP,1.09568e-05,2.8012718632530886e-08,2.8023991661925428e-08,-1.1273029394541591e-11
pair_inhibition-1ns,B,PCHIP,1.10592e-05,2.8260732057865454e-08,2.8272004625516965e-08,-1.1272567651510759e-11
pair_inhibition-1ns,B,PCHIP,1.11616e-05,2.8511597187551042e-08,2.852293397954094e-08,-1.1336791989897998e-11
pair_inhibition-1ns,B,PCHIP,1.1264000000000001e-05,2.876675681270379e-08,2.87781138453042e-08,-1.1357032600409402e-11
pair_inhibition-1ns,B,PCHIP,1.13664e-05,2.902069340583877e-08,2.903203949152395e-08,-1.134608568517831e-11
pair_inhibition-1ns,B,PCHIP,1.1468800000000001e-05,2.9268267620960628e-08,2.9279588926233938e-08,-1.1321305273310236e-11
pair_inhibition-1ns,B,PCHIP,1.15712e-05,2.950910613290275e-08,2.95204219791704e-08,-1.1315846267650067e-11
pair_inhibition-1ns,B,PCHIP,1.1673600000000001e-05,2.9744819163006214e-08,2.975605041378234e-08,-1.1231250776124706e-11
pair_inhibition-1ns,B,PCHIP,1.1776e-05,2.997690726696148e-08,2.9988139300899526e-08,-1.1232033938043029e-11
pair_inhibition-1ns,B,PCHIP,1.18784e-05,3.0206942962994486e-08,3.021816692204322e-08,-1.1223959048734178e-11
pair_inhibition-1ns,B,PCHIP,1.19808e-05,3.0436254215915035e-08,3.044747008293443e-08,-1.1215867019396002e-11
pair_inhibition-1ns,B,PCHIP,1.20832e-05,3.0666151370538675e-08,3.0677362868464714e-08,-1.1211497926038658e-11
pair_inhibition-1ns,B,PCHIP,1.21856e-05,3.089795376361121e-08,3.090916627372991e-08,-1.121251011869775e-11
pair_inhibition-1ns,B,PCHIP,1.2288e-05,3.1132871141449665e-08,3.114409051028824e-08,-1.1219368838577389e-11
pair_inhibition-1ns,B,PCHIP,1.23904e-05,3.1371762759640616e-08,3.138299633162237e-08,-1.1233571981752438e-11
pair_inhibition-1ns,B,PCHIP,1.24928e-05,3.161462275925838e-08,3.1625868248383127e-08,-1.1245489124748517e-11
pair_inhibition-1ns,B,PCHIP,1.2595200000000001e-05,3.186070460495252e-08,3.187195970481045e-08,-1.1255099857929569e-11
pair_inhibition-1ns,B,PCHIP,1.26976e-05,3.21092009004802e-08,3.212046254216794e-08,-1.1261641687742188e-11
pair_inhibition-1ns,B,PCHIP,1.2800000000000001e-05,3.235935682384041e-08,3.237062715654947e-08,-1.1270332709061717e-11
pair_inhibition-1ns,B,PCHIP,1.29024e-05,3.261053584601545e-08,3.262181567339523e-08,-1.127982737978325e-11
pair_inhibition-1ns,B,PCHIP,1.3004800000000001e-05,3.2862244336687806e-08,3.287352419850456e-08,-1.1279861816754753e-11
pair_inhibition-1ns,B,PCHIP,1.31072e-05,3.3114101734540166e-08,3.312538234188996e-08,-1.1280607349796877e-11
pair_inhibition-1ns,B,PCHIP,1.32096e-05,3.336585768128464e-08,3.337713863566701e-08,-1.1280954382371741e-11
pair_inhibition-1ns,B,PCHIP,1.3312e-05,3.36173580307401e-08,3.362863898254477e-08,-1.1280951804671812e-11
pair_inhibition-1ns,B,PCHIP,1.34144e-05,3.3868522648338364e-08,3.387980340837694e-08,-1.1280760038576458e-11
pair_inhibition-1ns,B,PCHIP,1.35168e-05,3.411932420691276e-08,3.413060473822182e-08,-1.1280531309061782e-11
pair_inhibition-1ns,B,PCHIP,1.36192e-05,3.436977125568517e-08,3.438105164719493e-08,-1.1280391509754613e-11
pair_inhibition-1ns,B,PCHIP,1.3721600000000001e-05,3.4619897962809724e-08,3.4631178409213937e-08,-1.128044640421292e-11
pair_inhibition-1ns,B,PCHIP,1.3824e-05,3.486976640163044e-08,3.488104713809758e-08,-1.1280736467145078e-11
pair_inhibition-1ns,B,PCHIP,1.3926400000000001e-05,3.511952012291346e-08,3.5130797927619315e-08,-1.1277804705855432e-11
pair_inhibition-1ns,B,PCHIP,1.40288e-05,3.537037833767679e-08,3.538169861256137e-08,-1.1320274884580183e-11
pair_inhibition-1ns,B,PCHIP,1.4131200000000001e-05,3.562600048104321e-08,3.563736080262413e-08,-1.1360321580917129e-11
pair_inhibition-1ns,B,PCHIP,1.42336e-05,3.5883349426001496e-08,3.589471406212897e-08,-1.136463612747687e-11
pair_inhibition-1ns,B,PCHIP,1.4336000000000001e-05,3.613610514603015e-08,3.614744262888936e-08,-1.1337482859208959e-11
pair_inhibition-1ns,B,PCHIP,1.44384e-05,3.6381719109373944e-08,3.639303912044032e-08,-1.1320011066374943e-11
pair_inhibition-1ns,B,PCHIP,1.45408e-05,3.6621300313096243e-08,3.6632581413703574e-08,-1.1281100607330404e-11
pair_inhibition-1ns,B,PCHIP,1.46432e-05,3.685653346686127e-08,3.686777131453398e-08,-1.1237847672707279e-11
pair_inhibition-1ns,B,PCHIP,1.47456e-05,3.708898111055637e-08,3.7100214630939606e-08,-1.1233520383238296e-11
pair_inhibition-1ns,B,PCHIP,1.4848e-05,3.7320103296143414e-08,3.7331328074806155e-08,-1.1224778662741856e-11
pair_inhibition-1ns,B,PCHIP,1.49504e-05,3.755122519670071e-08,3.7562443853634584e-08,-1.1218656933874854e-11
pair_inhibition-1ns,B,PCHIP,1.5052800000000001e-05,3.778367079641302e-08,3.779488811342092e-08,-1.121731700790279e-11
pair_inhibition-1ns,B,PCHIP,1.51552e-05,3.8018707675015075e-08,3.8029929333201954e-08,-1.1221658186879076e-11
pair_inhibition-1ns,B,PCHIP,1.5257600000000001e-05,3.8257364232402746e-08,3.826859661329339e-08,-1.1232380890646071e-11
pair_inhibition-1ns,B,PCHIP,1.5360000000000002e-05,3.8500089366875294e-08,3.851133515318241e-08,-1.1245786307118329e-11
pair_inhibition-1ns,B,PCHIP,1.54624e-05,3.8746368746497905e-08,3.875762510545342e-08,-1.1256358955517943e-11
pair_inhibition-1ns,B,PCHIP,1.55648e-05,3.899541311475387e-08,3.900667758646645e-08,-1.1264471712579519e-11
pair_inhibition-1ns,B,PCHIP,1.56672e-05,3.924645207642284e-08,3.925771955751853e-08,-1.1267481095690518e-11
pair_inhibition-1ns,B,PCHIP,1.57696e-05,3.949877729337017e-08,3.95100638393398e-08,-1.128654596962906e-11
pair_inhibition-1ns,B,PCHIP,1.5872e-05,3.975186112504115e-08,3.976314608717572e-08,-1.128496213457075e-11
pair_inhibition-1ns,B,PCHIP,1.59744e-05,4.0005249358499975e-08,4.0016535137935644e-08,-1.128577943566894e-11
pair_inhibition-1ns,B,PCHIP,1.60768e-05,4.0258638929199663e-08,4.0269925276732965e-08,-1.1286347533301447e-11
pair_inhibition-1ns,B,PCHIP,1.61792e-05,4.0511831699679286e-08,4.052311819711054e-08,-1.128649743125305e-11
pair_inhibition-1ns,B,PCHIP,1.62816e-05,4.07647143456757e-08,4.077600071990345e-08,-1.128637422774992e-11
pair_inhibition-1ns,B,PCHIP,1.6384e-05,4.101723648900454e-08,4.1028522632223045e-08,-1.1286143218505624e-11
pair_inhibition-1ns,B,PCHIP,1.6486400000000002e-05,4.1269391705738315e-08,4.128067765335603e-08,-1.1285947617713447e-11
pair_inhibition-1ns,B,PCHIP,1.65888e-05,4.1521203986877664e-08,4.153248989256628e-08,-1.128590568861641e-11
pair_inhibition-1ns,B,PCHIP,1.66912e-05,4.177272346301344e-08,4.178400957650445e-08,-1.1286113491010837e-11
pair_inhibition-1ns,B,PCHIP,1.67936e-05,4.2024048329266424e-08,4.203533396691729e-08,-1.1285637650863603e-11
pair_inhibition-1ns,B,PCHIP,1.6896000000000002e-05,4.227561466311814e-08,4.2286907662158676e-08,-1.1292999040533349e-11
pair_inhibition-1ns,B,PCHIP,1.69984e-05,4.253087512612694e-08,4.25422297433641e-08,-1.135461723715665e-11
pair_inhibition-1ns,B,PCHIP,1.71008e-05,4.27901550943448e-08,4.280152723045201e-08,-1.1372136107208372e-11
pair_inhibition-1ns,B,PCHIP,1.72032e-05,4.304729183887829e-08,4.305864706718719e-08,-1.1355228308899858e-11
pair_inhibition-1ns,B,PCHIP,1.73056e-05,4.3297446981904234e-08,4.3308778158116735e-08,-1.1331176212501363e-11
pair_inhibition-1ns,B,PCHIP,1.7408e-05,4.3540724061867555e-08,4.355205521249318e-08,-1.1331150625627878e-11
pair_inhibition-1ns,B,PCHIP,1.75104e-05,4.3778890520453534e-08,4.3790120159029174e-08,-1.1229638575640295e-11
pair_inhibition-1ns,B,PCHIP,1.7612800000000002e-05,4.4013461932764014e-08,4.402470237583421e-08,-1.1240443070199079e-11
pair_inhibition-1ns,B,PCHIP,1.77152e-05,4.4246100372500364e-08,4.425733228530272e-08,-1.1231912802359082e-11
pair_inhibition-1ns,B,PCHIP,1.78176e-05,4.447817265827812e-08,4.44893970087051e-08,-1.1224350426984459e-11
pair_inhibition-1ns,B,PCHIP,1.792e-05,4.471102568430187e-08,4.472224661361148e-08,-1.1220929309608276e-11
pair_inhibition-1ns,B,PCHIP,1.8022400000000002e-05,4.494597762072499e-08,4.495720064989958e-08,-1.1223029174594871e-11
pair_inhibition-1ns,B,PCHIP,1.81248e-05,4.518418452889135e-08,4.5195415426071415e-08,-1.1230897180063587e-11
pair_inhibition-1ns,B,PCHIP,1.82272e-05,4.542639591241233e-08,4.5437641098719587e-08,-1.1245186307253796e-11
pair_inhibition-1ns,B,PCHIP,1.83296e-05,4.5672463609940033e-08,4.568372032413638e-08,-1.1256714196344991e-11
pair_inhibition-1ns,B,PCHIP,1.8432e-05,4.5921640991103944e-08,4.5932907042746343e-08,-1.1266051642399041e-11
pair_inhibition-1ns,B,PCHIP,1.85344e-05,4.617314156091899e-08,4.618441354329722e-08,-1.1271982378227221e-11
pair_inhibition-1ns,B,PCHIP,1.86368e-05,4.642622557278305e-08,4.6437509300161895e-08,-1.1283727378843161e-11
pair_inhibition-1ns,B,PCHIP,1.8739200000000002e-05,4.668028286413958e-08,4.669157264222435e-08,-1.1289778084771778e-11
pair_inhibition-1ns,B,PCHIP,1.88416e-05,4.693482215612418e-08,4.6946112457605836e-08,-1.1290301481656627e-11
pair_inhibition-1ns,B,PCHIP,1.8944e-05,4.718947690979212e-08,4.7200767977660776e-08,-1.129106786865653e-11
pair_inhibition-1ns,B,PCHIP,1.90464e-05,4.7444003514208254e-08,4.745529489889593e-08,-1.1291384687678662e-11
pair_inhibition-1ns,B,PCHIP,1.9148800000000002e-05,4.7698253295238574e-08,4.7709544646148935e-08,-1.1291350910360536e-11
pair_inhibition-1ns,B,PCHIP,1.92512e-05,4.7952150722330765e-08,4.796344185895635e-08,-1.129113662558326e-11
pair_inhibition-1ns,B,PCHIP,1.93536e-05,4.8205672799544194e-08,4.8216963700251394e-08,-1.1290900707200698e-11
pair_inhibition-1ns,B,PCHIP,1.9456e-05,4.8458832848608875e-08,4.8470123624235144e-08,-1.1290775626268893e-11
pair_inhibition-1ns,B,PCHIP,1.9558400000000002e-05,4.871167170738638e-08,4.872296258212781e-08,-1.1290874741425552e-11
pair_inhibition-1ns,B,PCHIP,1.96608e-05,4.896426526244951e-08,4.89755564093373e-08,-1.129114688779108e-11
pair_inhibition-1ns,B,PCHIP,1.97632e-05,4.921681868892706e-08,4.9228106274984386e-08,-1.1287586057326418e-11
pair_inhibition-1ns,B,PCHIP,1.9865600000000002e-05,4.947140972303535e-08,4.948275880660377e-08,-1.1349083568417461e-11
pair_inhibition-1ns,B,PCHIP,1.9968e-05,4.97311524037327e-08,4.974253034111234e-08,-1.1377937379635688e-11
pair_inhibition-1ns,B,PCHIP,2e-05,4.981276993481204e-08,4.982414958280652e-08,-1.1379647994482725e-11
pair_inhibition-1ns,A,CS,0.0,0.0,0.0,0.0
pair_inhibition-1ns,A,CS,1.024e-07,2.500470375594383e-13,2.604214464451779e-13,-1.0374408885739587e-14
pair_inhibition-1ns,A,CS,2.048e-07,1.939387301545849e-12,1.976844209710782e-12,-3.745690816493297e-14
pair_inhibition-1ns,A,CS,3.072e-07,6.263026317096125e-12,6.3413375961852215e-12,-7.83112790890961e-14
pair_inhibition-1ns,A,CS,4.096e-07,1.4182524572315276e-11,1.4312353053142323e-11,-1.2982848082704716e-13
pair_inhibition-1ns,A,CS,5.12e-07,2.6475200436974192e-11,2.6665030655432013e-11,-1.898302184578216e-13
pair_inhibition-1ns,A,CS,6.144e-07,4.377455220213665e-11,4.403037722350427e-11,-2.55825021367621e-13
pair_inhibition-1ns,A,CS,7.168000000000001e-07,6.659820148847704e-11,6.692485943152018e-11,-3.266579430431317e-13
pair_inhibition-1ns,A,CS,8.192e-07,9.537195571750565e-11,9.577262880151744e-11,-4.0067308401178533e-13
pair_inhibition-1ns,A,CS,9.216e-07,1.3044569730053244e-10,1.3092242157086636e-10,-4.767242703339239e-13
pair_inhibition-1ns,A,CS,1.024e-06,1.7210661601127036e-10,1.7266077618622742e-10,-5.541601749570599e-13
pair_inhibition-1ns,A,CS,1.1264000000000001e-06,2.2059122689847586e-10,2.2122282870591197e-10,-6.316018074361106e-13
pair_inhibition-1ns,A,CS,1.2288e-06,2.760926305018558e-10,2.7680165847116955e-10,-7.090279693137427e-13
pair_inhibition-1ns,A,CS,1.3312e-06,3.3877134825895167e-10,3.39556982220994e-10,-7.856339620423405e-13
pair_inhibition-1ns,A,CS,1.4336000000000001e-06,4.087628972006006e-10,4.0962394198752807e-10,-8.610447869274635e-13
pair_inhibition-1ns,A,CS,1.536e-06,4.861875391080794e-10,4.871228356731543e-10,-9.35296565074862e-13
pair_inhibition-1ns,A,CS,1.6384e-06,5.711634413199091e-10,5.721710156437893e-10,-1.007574323880178e-12
pair_inhibition-1ns,A,CS,1.7408000000000001e-06,6.638202476154322e-10,6.648991933139336e-10,-1.0789456985014136e-12
pair_inhibition-1ns,A,CS,1.8432e-06,7.643305253369728e-10,7.654773375926593e-10,-1.1468122556865797e-12
pair_inhibition-1ns,A,CS,1.9456e-06,8.729435034796567e-10,8.741665698341128e-10,-1.223066354456065e-12
pair_inhibition-1ns,A,CS,2.048e-06,9.902384766829112e-10,9.91500156346224e-10,-1.2616796633127701e-12
pair_inhibition-1ns,A,CS,2.1504e-06,1.1223976260899288e-09,1.1239416527102216e-09,-1.544026620292776e-12
pair_inhibition-1ns,A,CS,2.2528000000000003e-06,1.3015758606627004e-09,1.3029681307962307e-09,-1.392270133530228e-12
pair_inhibition-1ns,A,CS,2.3552e-06,1.7677987248773966e-09,1.7781537984753619e-09,-1.0355073597965294e-11
pair_inhibition-1ns,A,CS,2.4576e-06,3.960746851227827e-09,3.973941064393117e-09,-1.3194213165290543e-11
pair_inhibition-1ns,A,CS,2.56e-06,4.891475484751458e-09,4.904126854959776e-09,-1.265137020831805e-11
pair_inhibition-1ns,A,CS,2.6624e-06,5.329960298577688e-09,5.3412075508469896e-09,-1.1247252269301654e-11
pair_inhibition-1ns,A,CS,2.7648e-06,5.576421753890945e-09,5.58755677059892e-09,-1.113501670797478e-11
pair_inhibition-1ns,A,CS,2.8672000000000003e-06,5.742137428342228e-09,5.753074724085078e-09,-1.0937295742850388e-11
pair_inhibition-1ns,A,CS,2.9696e-06,5.870072181481098e-09,5.880952044143422e-09,-1.0879862662323468e-11
pair_inhibition-1ns,A,CS,3.072e-06,5.976164776724781e-09,5.986982646708147e-09,-1.0817869983365804e-11
pair_inhibition-1ns,A,CS,3.1744e-06,6.060642810564858e-09,6.071292457248861e-09,-1.064964668400255e-11
pair_inhibition-1ns,A,CS,3.2768e-06,6.120702798038356e-09,6.13119080951612e-09,-1.0488011477763601e-11
pair_inhibition-1ns,A,CS,3.3792e-06,6.1626934812122106e-09,6.173113272335302e-09,-1.0419791123091807e-11
pair_inhibition-1ns,A,CS,3.4816000000000003e-06,6.196550543787527e-09,6.206955423409056e-09,-1.0404879621529414e-11
pair_inhibition-1ns,A,CS,3.5840000000000003e-06,6.229016968092666e-09,6.239444487222488e-09,-1.0427519129821763e-11
pair_inhibition-1ns,A,CS,3.6864e-06,6.263909791943381e-09,6.274380818204838e-09,-1.0471026261456826e-11
pair_inhibition-1ns,A,CS,3.7888e-06,6.303620286951617e-09,6.314149065870727e-09,-1.0528778919109763e-11
pair_inhibition-1ns,A,CS,3.8912e-06,6.350054688278662e-09,6.360652135331952e-09,-1.0597447053289793e-11
pair_inhibition-1ns,A,CS,3.9936e-06,6.404917238250984e-09,6.415589917569094e-09,-1.0672679318109807e-11
pair_inhibition-1ns,A,CS,4.096e-06,6.469001724076634e-09,6.479751839405459e-09,-1.075011532882537e-11
pair_inhibition-1ns,A,CS,4.1984e-06,6.5428151500934285e-09,6.553643620661374e-09,-1.0828470567945167e-11
pair_inhibition-1ns,A,CS,4.3008e-06,6.626841157742703e-09,6.63774897177249e-09,-1.0907814029787662e-11
pair_inhibition-1ns,A,CS,4.4032000000000005e-06,6.721592381009684e-09,6.732580393724792e-09,-1.0988012715108078e-11
pair_inhibition-1ns,A,CS,4.5056000000000005e-06,6.8277957274304715e-09,6.838866636304152e-09,-1.1070908873680442e-11
pair_inhibition-1ns,A,CS,4.608e-06,6.948452565538848e-09,6.959630762050151e-09,-1.1178196511302696e-11
pair_inhibition-1ns,A,CS,4.7104e-06,7.089536147685675e-09,7.1008408621774965e-09,-1.1304714491821762e-11
pair_inhibition-1ns,A,CS,4.8128e-06,7.254860020939705e-09,7.266299984538454e-09,-1.143996359874887e-11
pair_inhibition-1ns,A,CS,4.9152e-06,7.447788329205363e-09,7.459389370311041e-09,-1.1601041105678182e-11
pair_inhibition-1ns,A,CS,5.0176e-06,7.675491685821089e-09,7.687264104148504e-09,-1.1772418327414619e-11
pair_inhibition-1ns,A,CS,5.12e-06,7.96490002268096e-09,7.977300292169161e-09,-1.2400269488201271e-11
pair_inhibition-1ns,A,CS,5.2224e-06,8.88123798823423e-09,8.902495698546637e-09,-2.1257710312407838e-11
pair_inhibition-1ns,A,CS,5.3248e-06,1.0208426578363853e-08,1.022450345524109e-08,-1.607687687723599e-11
pair_inhibition-1ns,A,CS,5.4272e-06,1.0789424795024114e-08,1.080554878715123e-08,-1.6123992127114727e-11
pair_inhibition-1ns,A,CS,5.5296e-06,1.1094170384040622e-08,1.1109441682329848e-08,-1.5271298289225978e-11
pair_inhibition-1ns,A,CS,5.6320000000000005e-06,1.1284869306913588e-08,1.1300069033846339e-08,-1.519972693275054e-11
pair_inhibition-1ns,A,CS,5.7344000000000005e-06,1.1424286412713732e-08,1.1439353185543077e-08,-1.5066772829345555e-11
pair_inhibition-1ns,A,CS,5.836800000000001e-06,1.1534213898758094e-08,1.1549201879015582e-08,-1.4987980257488363e-11
pair_inhibition-1ns,A,CS,5.9392e-06,1.1617421801676197e-08,1.1632206258413605e-08,-1.4784456737408006e-11
pair_inhibition-1ns,A,CS,6.0416e-06,1.1675124123489546e-08,1.1689770413564052e-08,-1.4646290074506187e-11
pair_inhibition-1ns,A,CS,6.144e-06,1.1716838195170385e-08,1.1731427377529142e-08,-1.4589182358757335e-11
pair_inhibition-1ns,A,CS,6.2464e-06,1.1752587617105257e-08,1.1767172085089415e-08,-1.458446798415839e-11
pair_inhibition-1ns,A,CS,6.3488e-06,1.1788610428229056e-08,1.1803223619490743e-08,-1.4613191261686757e-11
pair_inhibition-1ns,A,CS,6.4512e-06,1.1828621505744268e-08,1.1843283951708585e-08,-1.466244596431771e-11
pair_inhibition-1ns,A,CS,6.5536e-06,1.1875312036766758e-08,1.1890038392957025e-08,-1.4726356190267413e-11
pair_inhibition-1ns,A,CS,6.656e-06,1.1931064057193508e-08,1.194586571009975e-08,-1.480165290624211e-11
pair_inhibition-1ns,A,CS,6.7584e-06,1.1997079040359287e-08,1.2011957728240952e-08,-1.4878687881664908e-11
pair_inhibition-1ns,A,CS,6.8608000000000004e-06,1.2073897115983526e-08,1.2088854625336064e-08,-1.49575093525376e-11
pair_inhibition-1ns,A,CS,6.9632000000000005e-06,1.2161969273802214e-08,1.2177006108258866e-08,-1.50368344566524e-11
pair_inhibition-1ns,A,CS,7.065600000000001e-06,1.2261681185683489e-08,1.227679733107473e-08,-1.5116145391241062e-11
pair_inhibition-1ns,A,CS,7.168000000000001e-06,1.2373392199244131e-08,1.2388587704827762e-08,-1.519550558363118e-11
pair_inhibition-1ns,A,CS,7.2704e-06,1.2497488868460294e-08,1.251276325418944e-08,-1.5274385729146146e-11
pair_inhibition-1ns,A,CS,7.3728e-06,1.2634451540036935e-08,1.2649805520445336e-08,-1.535398040840006e-11
pair_inhibition-1ns,A,CS,7.4752e-06,1.2784953802115003e-08,1.2800388881379276e-08,-1.5435079264272997e-11
pair_inhibition-1ns,A,CS,7.5776e-06,1.2950016504368083e-08,1.296553611821489e-08,-1.5519613846807248e-11
pair_inhibition-1ns,A,CS,7.680000000000001e-06,1.3131292299658668e-08,1.3146906179214587e-08,-1.561387955591943e-11
pair_inhibition-1ns,A,CS,7.7824e-06,1.3331705208741468e-08,1.3347420930984615e-08,-1.5715722243146714e-11
pair_inhibition-1ns,A,CS,7.8848e-06,1.3557052155406166e-08,1.357294736777586e-08,-1.58952123696949e-11
pair_inhibition-1ns,A,CS,7.9872e-06,1.3822554175025001e-08,1.383860664104254e-08,-1.6052466017539564e-11
pair_inhibition-1ns,A,CS,8.0896e-06,1.4204699261198947e-08,1.42225675933385e-08,-1.7868332139553388e-11
pair_inhibition-1ns,A,CS,8.192e-06,1.56628929009366e-08,1.5686848696054507e-08,-2.3955795117907122e-11
pair_inhibition-1ns,A,CS,8.2944e-06,1.652813557521296e-08,1.6550223287377772e-08,-2.2087712164810873e-11
pair_inhibition-1ns,A,CS,8.3968e-06,1.6940968753016435e-08,1.696232808800032e-08,-2.1359334983884507e-11
pair_inhibition-1ns,A,CS,8.4992e-06,1.7177368157366774e-08,1.7198441751239567e-08,-2.1073593872792913e-11
pair_inhibition-1ns,A,CS,8.6016e-06,1.7338215673954604e-08,1.73591534743438e-08,-2.0937800389195772e-11
pair_inhibition-1ns,A,CS,8.704e-06,1.7462129006430366e-08,1.7482989332795815e-08,-2.0860326365449752e-11
pair_inhibition-1ns,A,CS,8.806400000000001e-06,1.7560590526715126e-08,1.7581324862018854e-08,-2.073433530372807e-11
pair_inhibition-1ns,A,CS,8.9088e-06,1.763396185366322e-08,1.7654511270956712e-08,-2.0549417293493778e-11
pair_inhibition-1ns,A,CS,9.011200000000001e-06,1.7686328814250068e-08,1.7706777909016743e-08,-2.0449094766675167e-11
pair_inhibition-1ns,A,CS,9.1136e-06,1.7727118735977625e-08,1.7747528056759442e-08,-2.0409320781817e-11
pair_inhibition-1ns,A,CS,9.216e-06,1.776431372651582e-08,1.7784728696624026e-08,-2.041497010820675e-11
pair_inhibition-1ns,A,CS,9.3184e-06,1.78029091558973e-08,1.7823357360655162e-08,-2.044820475786359e-11
pair_inhibition-1ns,A,CS,9.4208e-06,1.784613142999138e-08,1.7866631586160916e-08,-2.050015616953583e-11
pair_inhibition-1ns,A,CS,9.5232e-06,1.7896553569232572e-08,1.791711999631899e-08,-2.0566427086417677e-11
pair_inhibition-1ns,A,CS,9.6256e-06,1.795650689851399e-08,1.797714882416716e-08,-2.0641925653171008e-11
pair_inhibition-1ns,A,CS,9.728e-06,1.8026982834738503e-08,1.8047702466802287e-08,-2.0719632063784312e-11
pair_inhibition-1ns,A,CS,9.8304e-06,1.8108503293116477e-08,1.8129301518103786e-08,-2.0798224987309006e-11
pair_inhibition-1ns,A,CS,9.932800000000001e-06,1.820151421616739e-08,1.8222391784394518e-08,-2.0877568227127125e-11
pair_inhibition-1ns,A,CS,1.00352e-05,1.8306410551402375e-08,1.8327367451989037e-08,-2.0956900586661453e-11
pair_inhibition-1ns,A,CS,1.0137600000000001e-05,1.84235777192346e-08,1.8444613808831056e-08,-2.103608959645737e-11
pair_inhibition-1ns,A,CS,1.024e-05,1.8553450568584265e-08,1.8574566278107816e-08,-2.111570952355156e-11
pair_inhibition-1ns,A,CS,1.0342400000000001e-05,1.8696595343623868e-08,1.8717791227056332e-08,-2.1195883432464264e-11
pair_inhibition-1ns,A,CS,1.04448e-05,1.8853827454009457e-08,1.8875106219560538e-08,-2.127876555108089e-11
pair_inhibition-1ns,A,CS,1.05472e-05,1.9026417313625293e-08,1.904778431747567e-08,-2.1367003850378694e-11
pair_inhibition-1ns,A,CS,1.06496e-05,1.921649342625207e-08,1.923795888582113e-08,-2.1465459569061203e-11
pair_inhibition-1ns,A,CS,1.0752e-05,1.942799187796915e-08,1.94495839957923e-08,-2.1592117823150615e-11
pair_inhibition-1ns,A,CS,1.08544e-05,1.966959923237399e-08,1.969136500752819e-08,-2.1765775154197546e-11
pair_inhibition-1ns,A,CS,1.09568e-05,1.996868812463678e-08,1.9990954294295882e-08,-2.2266169659101774e-11
pair_inhibition-1ns,A,CS,1.10592e-05,2.0761176719597743e-08,2.0792002560113883e-08,-3.0825840516139675e-11
pair_inhibition-1ns,A,CS,1.11616e-05,2.2121830378652603e-08,2.2147597169737526e-08,-2.576679108492345e-11
pair_inhibition-1ns,A,CS,1.1264000000000001e-05,2.271647020643027e-08,2.2742380748063988e-08,-2.5910541633716754e-11
pair_inhibition-1ns,A,CS,1.13664e-05,2.302666582062472e-08,2.3051663463883075e-08,-2.4997643258354233e-11
pair_inhibition-1ns,A,CS,1.1468800000000001e-05,2.3219674016316205e-08,2.324461049422124e-08,-2.4936477905036217e-11
pair_inhibition-1ns,A,CS,1.15712e-05,2.3360274674527412e-08,2.3385072573240774e-08,-2.4797898713362236e-11
pair_inhibition-1ns,A,CS,1.1673600000000001e-05,2.347156795877968e-08,2.3496292816717788e-08,-2.4724857938109254e-11
pair_inhibition-1ns,A,CS,1.1776e-05,2.3557831829693366e-08,2.358237683642993e-08,-2.454500673656464e-11
pair_inhibition-1ns,A,CS,1.18784e-05,2.3619992944600856e-08,2.3644392496758502e-08,-2.439955215764593e-11
pair_inhibition-1ns,A,CS,1.19808e-05,2.3665630824847208e-08,2.3689962518659086e-08,-2.4331693811877328e-11
pair_inhibition-1ns,A,CS,1.20832e-05,2.3704035906120453e-08,2.372835229258046e-08,-2.4316386460005318e-11
pair_inhibition-1ns,A,CS,1.21856e-05,2.3741624289000737e-08,2.3765961445134055e-08,-2.4337156133317452e-11
pair_inhibition-1ns,A,CS,1.2288e-05,2.3782361978933725e-08,2.3806742497721443e-08,-2.4380518787718125e-11
pair_inhibition-1ns,A,CS,1.23904e-05,2.38290590165243e-08,2.3853498294505913e-08,-2.4439277981613615e-11
pair_inhibition-1ns,A,CS,1.24928e-05,2.3884255641023952e-08,2.3908768593376207e-08,-2.451295235225481e-11
pair_inhibition-1ns,A,CS,1.2595200000000001e-05,2.3949713693627456e-08,2.3974302864995112e-08,-2.4589171367655916e-11
pair_inhibition-1ns,A,CS,1.26976e-05,2.4026020042991272e-08,2.4050687523863637e-08,-2.4667480872364962e-11
pair_inhibition-1ns,A,CS,1.2800000000000001e-05,2.4113659535397688e-08,2.4138406313823763e-08,-2.4746778426074717e-11
pair_inhibition-1ns,A,CS,1.29024e-05,2.4213050514894132e-08,2.423787648847962e-08,-2.482597358548865e-11
pair_inhibition-1ns,A,CS,1.3004800000000001e-05,2.432457886216135e-08,2.4349484243116575e-08,-2.4905380955226688e-11
pair_inhibition-1ns,A,CS,1.31072e-05,2.4448651822844615e-08,2.4473636563475994e-08,-2.498474063137835e-11
pair_inhibition-1ns,A,CS,1.32096e-05,2.4585767044354507e-08,2.4610831662005823e-08,-2.506461765131559e-11
pair_inhibition-1ns,A,CS,1.3312e-05,2.47366127276148e-08,2.4761759115967327e-08,-2.5146388352528267e-11
pair_inhibition-1ns,A,CS,1.34144e-05,2.490222801860237e-08,2.4927459541729642e-08,-2.5231523127273014e-11
pair_inhibition-1ns,A,CS,1.35168e-05,2.5084293219719776e-08,2.5109619341308348e-08,-2.5326121588571868e-11
pair_inhibition-1ns,A,CS,1.36192e-05,2.5285782381138977e-08,2.5311213228772627e-08,-2.5430847633649107e-11
pair_inhibition-1ns,A,CS,1.3721600000000001e-05,2.551262818690602e-08,2.5538235437418702e-08,-2.560725051268099e-11
pair_inhibition-1ns,A,CS,1.3824e-05,2.5780454229192596e-08,2.580624643681826e-08,-2.5792207625665208e-11
pair_inhibition-1ns,A,CS,1.3926400000000001e-05,2.617015399221168e-08,2.6197778987308065e-08,-2.762499509638554e-11
pair_inhibition-1ns,A,CS,1.40288e-05,2.761240964063106e-08,2.7645745919233744e-08,-3.333627860268451e-11
pair_inhibition-1ns,A,CS,1.4131200000000001e-05,2.844804595642584e-08,2.8479700640797168e-08,-3.1654684371329576e-11
pair_inhibition-1ns,A,CS,1.42336e-05,2.8849829402966775e-08,2.8880741710087664e-08,-3.0912307120889106e-11
pair_inhibition-1ns,A,CS,1.4336000000000001e-05,2.9081646334170626e-08,2.9112295859070994e-08,-3.0649524900367694e-11
pair_inhibition-1ns,A,CS,1.44384e-05,2.9240395416503348e-08,2.927090913299091e-08,-3.0513716487563394e-11
pair_inhibition-1ns,A,CS,1.45408e-05,2.9363009748108726e-08,2.939344709656995e-08,-3.043734846122293e-11
pair_inhibition-1ns,A,CS,1.46432e-05,2.9460126935236696e-08,2.9490430113257572e-08,-3.0303178020876385e-11
pair_inhibition-1ns,A,CS,1.47456e-05,2.9532162373580253e-08,2.9562284638541854e-08,-3.0122264961600574e-11
pair_inhibition-1ns,A,CS,1.4848e-05,2.9583758712081174e-08,2.961378513504268e-08,-3.002642296150421e-11
pair_inhibition-1ns,A,CS,1.49504e-05,2.962439342662544e-08,2.9654383270555428e-08,-2.998984392998837e-11
pair_inhibition-1ns,A,CS,1.5052800000000001e-05,2.9661832530474868e-08,2.9691829928532096e-08,-2.9997398057227467e-11
pair_inhibition-1ns,A,CS,1.51552e-05,2.9700927502218757e-08,2.9730959402307364e-08,-3.0031900088607106e-11
pair_inhibition-1ns,A,CS,1.5257600000000001e-05,2.9744856454106397e-08,2.977494109367847e-08,-3.008463957207378e-11
pair_inhibition-1ns,A,CS,1.5360000000000002e-05,2.9796206751282107e-08,2.9826358972718416e-08,-3.015222143630929e-11
pair_inhibition-1ns,A,CS,1.54624e-05,2.985727120616826e-08,2.9887498796272666e-08,-3.0227590104405936e-11
pair_inhibition-1ns,A,CS,1.55648e-05,2.992896772087322e-08,2.995927307465781e-08,-3.030535378458771e-11
pair_inhibition-1ns,A,CS,1.56672e-05,3.001181719265011e-08,3.0042201408928204e-08,-3.038421627809487e-11
pair_inhibition-1ns,A,CS,1.57696e-05,3.010626425232247e-08,3.013672775215123e-08,-3.046349982876182e-11
pair_inhibition-1ns,A,CS,1.5872e-05,3.0212705053751145e-08,3.024324814059547e-08,-3.054308684432798e-11
pair_inhibition-1ns,A,CS,1.59744e-05,3.033153370580606e-08,3.03621559666592e-08,-3.062226085314062e-11
pair_inhibition-1ns,A,CS,1.60768e-05,3.046320238701491e-08,3.049390437798373e-08,-3.0701990968821934e-11
pair_inhibition-1ns,A,CS,1.61792e-05,3.0608309736683475e-08,3.063909249983742e-08,-3.078276315394668e-11
pair_inhibition-1ns,A,CS,1.62816e-05,3.0767729658012513e-08,3.0798595957696025e-08,-3.0866299683511575e-11
pair_inhibition-1ns,A,CS,1.6384e-05,3.0942836948898104e-08,3.097379344480729e-08,-3.0956495909184676e-11
pair_inhibition-1ns,A,CS,1.6486400000000002e-05,3.113597106138762e-08,3.1167027176699076e-08,-3.1056115311458995e-11
pair_inhibition-1ns,A,CS,1.65888e-05,3.135153535217286e-08,3.138273238901524e-08,-3.1197036842375017e-11
pair_inhibition-1ns,A,CS,1.66912e-05,3.159971408377973e-08,3.16310736252103e-08,-3.135954143056772e-11
pair_inhibition-1ns,A,CS,1.67936e-05,3.191575402502142e-08,3.19478577366306e-08,-3.2103711609180317e-11
pair_inhibition-1ns,A,CS,1.6896000000000002e-05,3.294858922053588e-08,3.298895083422804e-08,-4.0361613692163667e-11
pair_inhibition-1ns,A,CS,1.69984e-05,3.412276574202132e-08,3.4158520814995125e-08,-3.575507297380658e-11
pair_inhibition-1ns,A,CS,1.71008e-05,3.464828024179559e-08,3.468396471874073e-08,-3.5684476945141064e-11
pair_inhibition-1ns,A,CS,1.72032e-05,3.4930899349048336e-08,3.4965879510757705e-08,-3.498016170936967e-11
pair_inhibition-1ns,A,CS,1.73056e-05,3.5112061688619456e-08,3.514696000252256e-08,-3.489831390310515e-11
pair_inhibition-1ns,A,CS,1.7408e-05,3.524673030619144e-08,3.528151170008428e-08,-3.478139389283929e-11
pair_inhibition-1ns,A,CS,1.75104e-05,3.535374698329943e-08,3.5388441046315607e-08,-3.4694063016175864e-11
pair_inhibition-1ns,A,CS,1.7612800000000002e-05,3.543570409140157e-08,3.5470210885340773e-08,-3.450679393920291e-11
pair_inhibition-1ns,A,CS,1.77152e-05,3.549446426833996e-08,3.5528841778126624e-08,-3.437750978666341e-11
pair_inhibition-1ns,A,CS,1.78176e-05,3.5538429187569594e-08,3.557274852912901e-08,-3.43193415594165e-11
pair_inhibition-1ns,A,CS,1.792e-05,3.5576489480730334e-08,3.561080091974038e-08,-3.431143901004499e-11
pair_inhibition-1ns,A,CS,1.8022400000000002e-05,3.5614543340767716e-08,3.564887983387428e-08,-3.4336493106563216e-11
pair_inhibition-1ns,A,CS,1.81248e-05,3.565628480634535e-08,3.569066757820998e-08,-3.438277186463113e-11
pair_inhibition-1ns,A,CS,1.82272e-05,3.5704442062232684e-08,3.5738886120678025e-08,-3.444405844534095e-11
pair_inhibition-1ns,A,CS,1.83296e-05,3.576153016526231e-08,3.5796048777057816e-08,-3.451861179550493e-11
pair_inhibition-1ns,A,CS,1.8432e-05,3.5829024072671996e-08,3.5863619614223464e-08,-3.459554155146766e-11
pair_inhibition-1ns,A,CS,1.85344e-05,3.5907491641620535e-08,3.5942165554878646e-08,-3.467391325811067e-11
pair_inhibition-1ns,A,CS,1.86368e-05,3.59974065984226e-08,3.603215980654158e-08,-3.4753208118976955e-11
pair_inhibition-1ns,A,CS,1.8739200000000002e-05,3.609918181310238e-08,3.613401445616096e-08,-3.4832643058578635e-11
pair_inhibition-1ns,A,CS,1.88416e-05,3.6213207491834086e-08,3.624811948020165e-08,-3.491198836756259e-11
pair_inhibition-1ns,A,CS,1.8944e-05,3.6339906827154404e-08,3.637489851939505e-08,-3.49916922406478e-11
pair_inhibition-1ns,A,CS,1.90464e-05,3.6479813163269614e-08,3.6514884963090155e-08,-3.507179982054122e-11
pair_inhibition-1ns,A,CS,1.9148800000000002e-05,3.6633678209695347e-08,3.666883241351205e-08,-3.51542038167035e-11
pair_inhibition-1ns,A,CS,1.92512e-05,3.680265519658224e-08,3.683789621772846e-08,-3.524102114621794e-11
pair_inhibition-1ns,A,CS,1.93536e-05,3.698864217688384e-08,3.702398042413053e-08,-3.533824724668907e-11
pair_inhibition-1ns,A,CS,1.9456e-05,3.719507590729304e-08,3.72305265276403e-08,-3.545062034726137e-11
pair_inhibition-1ns,A,CS,1.9558400000000002e-05,3.7429133524732136e-08,3.746477182004706e-08,-3.563829531492508e-11
pair_inhibition-1ns,A,CS,1.96608e-05,3.771142098330565e-08,3.7747336594025604e-08,-3.591561071995702e-11
pair_inhibition-1ns,A,CS,1.97632e-05,3.821773937951349e-08,3.825822095144504e-08,-4.048157193155194e-11
pair_inhibition-1ns,A,CS,1.9865600000000002e-05,3.97224890568094e-08,3.976349024004736e-08,-4.100118323795968e-11
pair_inhibition-1ns,A,CS,1.9968e-05,4.0415781343295726e-08,4.045656842266585e-08,-4.078707937012558e-11
pair_inhibition-1ns,A,CS,2e-05,4.05478710854306e-08,4.058835490507592e-08,-4.048381964531892e-11
pair_inhibition-1ns,B,CS,0.0,0.0,0.0,0.0
pair_inhibition-1ns,B,CS,1.024e-07,4.0501300058151304e-13,4.2187006132113306e-13,-1.685706073962002e-14
pair_inhibition-1ns,B,CS,2.048e-07,3.143038255060086e-12,3.2037630312632486e-12,-6.072477620316257e-14
pair_inhibition-1ns,B,CS,3.072e-07,1.0160032095568628e-11,1.028701893190007e-11,-1.2698683633144243e-13
pair_inhibition-1ns,B,CS,4.096e-07,2.3043759650767652e-11,2.3254434102581923e-11,-2.1067445181427052e-13
pair_inhibition-1ns,B,CS,5.12e-07,4.3111966098965877e-11,4.342033821836156e-11,-3.0837211939568317e-13
pair_inhibition-1ns,B,CS,6.144e-07,7.14829740109006e-11,7.189912623048558e-11,-4.1615221958497973e-13
pair_inhibition-1ns,B,CS,7.168000000000001e-07,1.091237710584211e-10,1.0965603953246244e-10,-5.322684740413385e-13
pair_inhibition-1ns,B,CS,8.192e-07,1.5689131828246115e-10,1.5754547654224263e-10,-6.541582597814757e-13
pair_inhibition-1ns,B,CS,9.216e-07,2.1556172663740998e-10,2.163418358025368e-10,-7.801091651268097e-13
pair_inhibition-1ns,B,CS,1.024e-06,2.858582501038127e-10,2.867674988922668e-10,-9.092487884540637e-13
pair_inhibition-1ns,B,CS,1.1264000000000001e-06,3.6848318636673597e-10,3.6952277726293856e-10,-1.0395908962025917e-12
pair_inhibition-1ns,B,CS,1.2288e-06,4.6415259979079677e-10,4.653240497364694e-10,-1.1714499456726428e-12
pair_inhibition-1ns,B,CS,1.3312e-06,5.736556704075608e-10,5.749599479305758e-10,-1.304277523015023e-12
pair_inhibition-1ns,B,CS,1.4336000000000001e-06,6.979454704448208e-10,6.993838976927219e-10,-1.4384272479011184e-12
pair_inhibition-1ns,B,CS,1.536e-06,8.383067562731256e-10,8.398819286334301e-10,-1.5751723603045599e-12
pair_inhibition-1ns,B,CS,1.6384e-06,9.966858096350359e-10,9.984110573755845e-10,-1.7252477405485972e-12
pair_inhibition-1ns,B,CS,1.7408000000000001e-06,1.1765327705900275e-09,1.178387272183812e-09,-1.854501593784448e-12
pair_inhibition-1ns,B,CS,1.8432e-06,1.384770980304421e-09,1.3869809493227579e-09,-2.209969018336797e-12
pair_inhibition-1ns,B,CS,1.9456e-06,1.643279371580819e-09,1.6452468416919897e-09,-1.9674701111706387e-12
pair_inhibition-1ns,B,CS,2.048e-06,2.2006317312189724e-09,2.2144432670442748e-09,-1.3811535825302385e-11
pair_inhibition-1ns,B,CS,2.1504e-06,5.430710544122946e-09,5.448918697316997e-09,-1.8208153194051138e-11
pair_inhibition-1ns,B,CS,2.2528000000000003e-06,6.81034068764222e-09,6.828216785104252e-09,-1.7876097462031977e-11
pair_inhibition-1ns,B,CS,2.3552e-06,7.472835498299508e-09,7.488523808008255e-09,-1.5688309708747735e-11
pair_inhibition-1ns,B,CS,2.4576e-06,7.852477835780508e-09,7.868034327155702e-09,-1.555649137519374e-11
pair_inhibition-1ns,B,CS,2.56e-06,8.112206630446051e-09,8.127460055969376e-09,-1.5253425523324686e-11
pair_inhibition-1ns,B,CS,2.6624e-06,8.316040037010996e-09,8.331221469497945e-09,-1.518143248694819e-11
pair_inhibition-1ns,B,CS,2.7648e-06,8.492346398470919e-09,8.507469272584346e-09,-1.5122874113427335e-11
pair_inhibition-1ns,B,CS,2.8672000000000003e-06,8.653808763541638e-09,8.66890049988918e-09,-1.5091736347541915e-11
pair_inhibition-1ns,B,CS,2.9696e-06,8.804723948979819e-09,8.819768910339574e-09,-1.5044961359754802e-11
pair_inhibition-1ns,B,CS,3.072e-06,8.943947036366202e-09,8.958895662649031e-09,-1.4948626282829135e-11
pair_inhibition-1ns,B,CS,3.1744e-06,9.068660496161352e-09,9.083466463742329e-09,-1.4805967580976795e-11
pair_inhibition-1ns,B,CS,3.2768e-06,9.177822431844109e-09,9.192486359308271e-09,-1.46639274641624e-11
pair_inhibition-1ns,B,CS,3.3792e-06,9.273433742445781e-09,9.287993705886167e-09,-1.4559963440386264e-11
pair_inhibition-1ns,B,CS,3.4816000000000003e-06,9.360313084501118e-09,9.374822098392033e-09,-1.4509013890914623e-11
pair_inhibition-1ns,B,CS,3.5840000000000003e-06,9.44494432309399e-09,9.459456306688424e-09,-1.4511983594434682e-11
pair_inhibition-1ns,B,CS,3.6864e-06,9.534519514216822e-09,9.549081465928488e-09,-1.456195171166561e-11
pair_inhibition-1ns,B,CS,3.7888e-06,9.637637384494663e-09,9.652308898296016e-09,-1.4671513801352984e-11
pair_inhibition-1ns,B,CS,3.8912e-06,9.76257900613954e-09,9.777377525845951e-09,-1.4798519706410868e-11
pair_inhibition-1ns,B,CS,3.9936e-06,9.912575677191027e-09,9.927516345614214e-09,-1.4940668423187204e-11
pair_inhibition-1ns,B,CS,4.096e-06,1.0090673574180662e-08,1.0105766518627515e-08,-1.509294444685314e-11
pair_inhibition-1ns,B,CS,4.1984e-06,1.0301306911625462e-08,1.0316587999405317e-08,-1.5281087779854752e-11
pair_inhibition-1ns,B,CS,4.3008e-06,1.055352362249509e-08,1.0569016830086876e-08,-1.549320759178477e-11
pair_inhibition-1ns,B,CS,4.4032000000000005e-06,1.0874012127957993e-08,1.0890096209893123e-08,-1.6084081935130094e-11
pair_inhibition-1ns,B,CS,4.5056000000000005e-06,1.1556291172671774e-08,1.1579690672604656e-08,-2.339949993288214e-11
pair_inhibition-1ns,B,CS,4.608e-06,1.3027706393544982e-08,1.3045177361680417e-08,-1.7470968135435143e-11
pair_inhibition-1ns,B,CS,4.7104e-06,1.3730354899360143e-08,1.3748651031456404e-08,-1.8296132096261122e-11
pair_inhibition-1ns,B,CS,4.8128e-06,1.412871599456215e-08,1.4145853632369807e-08,-1.7137637807656673e-11
pair_inhibition-1ns,B,CS,4.9152e-06,1.4396060673737422e-08,1.4413166662680618e-08,-1.7105988943195993e-11
pair_inhibition-1ns,B,CS,5.0176e-06,1.4603473102390245e-08,1.4620412884002192e-08,-1.6939781611947123e-11
pair_inhibition-1ns,B,CS,5.12e-06,1.4779715849659026e-08,1.4796613851346761e-08,-1.689800168773465e-11
pair_inhibition-1ns,B,CS,5.2224e-06,1.4935865291247338e-08,1.495263144601483e-08,-1.676615476749201e-11
pair_inhibition-1ns,B,CS,5.3248e-06,1.5080764798097487e-08,1.5097515161110105e-08,-1.6750363012618178e-11
pair_inhibition-1ns,B,CS,5.4272e-06,1.522647383456842e-08,1.524320078076859e-08,-1.6726946200171386e-11
pair_inhibition-1ns,B,CS,5.5296e-06,1.5376664673449458e-08,1.5393374542396354e-08,-1.670986894689659e-11
pair_inhibition-1ns,B,CS,5.6320000000000005e-06,1.5531467235207307e-08,1.554815342452536e-08,-1.6686189318052923e-11
pair_inhibition-1ns,B,CS,5.7344000000000005e-06,1.569133745856521e-08,1.5708005834733757e-08,-1.6668376168545648e-11
pair_inhibition-1ns,B,CS,5.836800000000001e-06,1.585884124109485e-08,1.5875508116255558e-08,-1.6666875160706657e-11
pair_inhibition-1ns,B,CS,5.9392e-06,1.6039800828720415e-08,1.6056520413024024e-08,-1.671958430360867e-11
pair_inhibition-1ns,B,CS,6.0416e-06,1.624007475253628e-08,1.6256849101497946e-08,-1.6774348961666105e-11
pair_inhibition-1ns,B,CS,6.144e-06,1.6457596637264104e-08,1.6474424394226808e-08,-1.6827756962703408e-11
pair_inhibition-1ns,B,CS,6.2464e-06,1.668878701606324e-08,1.6705656429264744e-08,-1.6869413201505597e-11
pair_inhibition-1ns,B,CS,6.3488e-06,1.6930126678341056e-08,1.6947028497256702e-08,-1.690181891564651e-11
pair_inhibition-1ns,B,CS,6.4512e-06,1.7178444195733875e-08,1.7195369070620086e-08,-1.692487488621126e-11
pair_inhibition-1ns,B,CS,6.5536e-06,1.743105888284915e-08,1.7447998789305238e-08,-1.6939906456086897e-11
pair_inhibition-1ns,B,CS,6.656e-06,1.7685849222064773e-08,1.7702797575682172e-08,-1.694835361739846e-11
pair_inhibition-1ns,B,CS,6.7584e-06,1.7941267424722894e-08,1.7958219228928337e-08,-1.6951804205443086e-11
pair_inhibition-1ns,B,CS,6.8608000000000004e-06,1.8196301717131855e-08,1.821325362037748e-08,-1.6951903245624094e-11
pair_inhibition-1ns,B,CS,6.9632000000000005e-06,1.8450395715031025e-08,1.846734578540581e-08,-1.6950070374786157e-11
pair_inhibition-1ns,B,CS,7.065600000000001e-06,1.8703341208321856e-08,1.8720288649853958e-08,-1.6947441532102482e-11
pair_inhibition-1ns,B,CS,7.168000000000001e-06,1.895516361398052e-08,1.8972108406115393e-08,-1.694479213487394e-11
pair_inhibition-1ns,B,CS,7.2704e-06,1.920601859156105e-08,1.922296119168724e-08,-1.6942600126189036e-11
pair_inhibition-1ns,B,CS,7.3728e-06,1.9456111836480126e-08,1.9473052883821522e-08,-1.69410473413965e-11
pair_inhibition-1ns,B,CS,7.4752e-06,1.9705645331003132e-08,1.9722585500592165e-08,-1.6940169589032557e-11
pair_inhibition-1ns,B,CS,7.5776e-06,1.995478777110646e-08,1.9971727658656348e-08,-1.6939887549887998e-11
pair_inhibition-1ns,B,CS,7.680000000000001e-06,2.020366365707393e-08,2.022060377010827e-08,-1.6940113034340044e-11
pair_inhibition-1ns,B,CS,7.7824e-06,2.0452355904328586e-08,2.046929659125275e-08,-1.6940686924162515e-11
pair_inhibition-1ns,B,CS,7.8848e-06,2.070091803327635e-08,2.0717859886901652e-08,-1.694185362530258e-11
pair_inhibition-1ns,B,CS,7.9872e-06,2.0949401881023764e-08,2.0966344733517904e-08,-1.694285249414003e-11
pair_inhibition-1ns,B,CS,8.0896e-06,2.1197933617005008e-08,2.1214882084991766e-08,-1.6948467986758232e-11
pair_inhibition-1ns,B,CS,8.192e-06,2.144807380521302e-08,2.146504486042882e-08,-1.6971055215801537e-11
pair_inhibition-1ns,B,CS,8.2944e-06,2.170471129677226e-08,2.1721732350687004e-08,-1.702105391474509e-11
pair_inhibition-1ns,B,CS,8.3968e-06,2.1963644257904962e-08,2.198067774009022e-08,-1.7033482185257824e-11
pair_inhibition-1ns,B,CS,8.4992e-06,2.221624896418922e-08,2.2233247499444987e-08,-1.6998535255768414e-11
pair_inhibition-1ns,B,CS,8.6016e-06,2.245953539573301e-08,2.2476506505071884e-08,-1.6971109338874217e-11
pair_inhibition-1ns,B,CS,8.704e-06,2.2695301790591048e-08,2.2712245553203055e-08,-1.6943762612006775e-11
pair_inhibition-1ns,B,CS,8.806400000000001e-06,2.292573798281435e-08,2.2942659790343957e-08,-1.6921807529607707e-11
pair_inhibition-1ns,B,CS,8.9088e-06,2.3152734934637218e-08,2.3169638122515e-08,-1.6903187877782274e-11
pair_inhibition-1ns,B,CS,9.011200000000001e-06,2.337790931118042e-08,2.3394797898422923e-08,-1.688858724250291e-11
pair_inhibition-1ns,B,CS,9.1136e-06,2.3602800617210772e-08,2.3619679727453805e-08,-1.687911024303271e-11
pair_inhibition-1ns,B,CS,9.216e-06,2.382899749263242e-08,2.38458740044198e-08,-1.6876511787381392e-11
pair_inhibition-1ns,B,CS,9.3184e-06,2.405809512790054e-08,2.4074976823216708e-08,-1.6881695316168955e-11
pair_inhibition-1ns,B,CS,9.4208e-06,2.4291462366663583e-08,2.4308357398712086e-08,-1.689503204850307e-11
pair_inhibition-1ns,B,CS,9.5232e-06,2.4529673141935832e-08,2.4546582360518647e-08,-1.690921858281455e-11
pair_inhibition-1ns,B,CS,9.6256e-06,2.4772015437144962e-08,2.4788937235922265e-08,-1.692179877730229e-11
pair_inhibition-1ns,B,CS,9.728e-06,2.5017516518007708e-08,2.5034448288700898e-08,-1.6931770693190266e-11
pair_inhibition-1ns,B,CS,9.8304e-06,2.5265249132240592e-08,2.5282188331867828e-08,-1.6939199627235915e-11
pair_inhibition-1ns,B,CS,9.932800000000001e-06,2.551440886884207e-08,2.553135323572223e-08,-1.6944366880159665e-11
pair_inhibition-1ns,B,CS,1.00352e-05,2.576435027923064e-08,2.5781297932195827e-08,-1.6947652965187832e-11
pair_inhibition-1ns,B,CS,1.0137600000000001e-05,2.601459204522355e-08,2.603154155099458e-08,-1.69495057710289e-11
pair_inhibition-1ns,B,CS,1.024e-05,2.6264802352245236e-08,2.6281752706194738e-08,-1.695035394950219e-11
pair_inhibition-1ns,B,CS,1.0342400000000001e-05,2.6514773738932988e-08,2.6531724300424743e-08,-1.695056149175493e-11
pair_inhibition-1ns,B,CS,1.04448e-05,2.676439443231196e-08,2.6781344851042782e-08,-1.695041873082353e-11
pair_inhibition-1ns,B,CS,1.05472e-05,2.7013620990194298e-08,2.703057116808539e-08,-1.695017789109352e-11
pair_inhibition-1ns,B,CS,1.06496e-05,2.726245557969044e-08,2.7279405473403927e-08,-1.6949893713488553e-11
pair_inhibition-1ns,B,CS,1.0752e-05,2.751092890436658e-08,2.7527879023362387e-08,-1.6950118995807436e-11
pair_inhibition-1ns,B,CS,1.08544e-05,2.77590955314678e-08,2.777604499134918e-08,-1.6949459881381165e-11
pair_inhibition-1ns,B,CS,1.09568e-05,2.800703753849965e-08,2.8023991661925428e-08,-1.695412342577779e-11
pair_inhibition-1ns,B,CS,1.10592e-05,2.8255057623911508e-08,2.8272004625516965e-08,-1.694700160545738e-11
pair_inhibition-1ns,B,CS,1.11616e-05,2.8505942239761198e-08,2.852293397954094e-08,-1.6991739779742748e-11
pair_inhibition-1ns,B,CS,1.1264000000000001e-05,2.876109987334357e-08,2.87781138453042e-08,-1.701397196062922e-11
pair_inhibition-1ns,B,CS,1.13664e-05,2.901503206727298e-08,2.903203949152395e-08,-1.7007424250968653e-11
pair_inhibition-1ns,B,CS,1.1468800000000001e-05,2.9262606098192833e-08,2.9279588926233938e-08,-1.6982828041105687e-11
pair_inhibition-1ns,B,CS,1.15712e-05,2.9503462841212062e-08,2.95204219791704e-08,-1.6959137958336895e-11
pair_inhibition-1ns,B,CS,1.1673600000000001e-05,2.9739111939927654e-08,2.975605041378234e-08,-1.6938473854684975e-11
pair_inhibition-1ns,B,CS,1.1776e-05,2.997121806955855e-08,2.9988139300899526e-08,-1.6921231340974212e-11
pair_inhibition-1ns,B,CS,1.18784e-05,3.020125949770823e-08,3.021816692204322e-08,-1.690742433499156e-11
pair_inhibition-1ns,B,CS,1.19808e-05,3.043057257396587e-08,3.044747008293443e-08,-1.68975089685617e-11
pair_inhibition-1ns,B,CS,1.20832e-05,3.0660470233444115e-08,3.0677362868464714e-08,-1.689263502059864e-11
pair_inhibition-1ns,B,CS,1.21856e-05,3.089227225246099e-08,3.090916627372991e-08,-1.6894021268916618e-11
pair_inhibition-1ns,B,CS,1.2288e-05,3.1127189302824015e-08,3.114409051028824e-08,-1.6901207464227402e-11
pair_inhibition-1ns,B,CS,1.23904e-05,3.136608166428315e-08,3.138299633162237e-08,-1.6914667339220548e-11
pair_inhibition-1ns,B,CS,1.24928e-05,3.1608942292905366e-08,3.1625868248383127e-08,-1.6925955477760223e-11
pair_inhibition-1ns,B,CS,1.2595200000000001e-05,3.185502364361479e-08,3.187195970481045e-08,-1.6936061195661007e-11
pair_inhibition-1ns,B,CS,1.26976e-05,3.210351868013258e-08,3.212046254216794e-08,-1.6943862035361003e-11
pair_inhibition-1ns,B,CS,1.2800000000000001e-05,3.235367749472725e-08,3.237062715654947e-08,-1.6949661822224878e-11
pair_inhibition-1ns,B,CS,1.29024e-05,3.260486206633073e-08,3.262181567339523e-08,-1.695360706450411e-11
pair_inhibition-1ns,B,CS,1.3004800000000001e-05,3.285656810199629e-08,3.287352419850456e-08,-1.695609650827243e-11
pair_inhibition-1ns,B,CS,1.31072e-05,3.310842486510681e-08,3.312538234188996e-08,-1.6957476783155245e-11
pair_inhibition-1ns,B,CS,1.32096e-05,3.336018054114709e-08,3.337713863566701e-08,-1.695809451992278e-11
pair_inhibition-1ns,B,CS,1.3312e-05,3.3611680739322366e-08,3.362863898254477e-08,-1.6958243222406493e-11
pair_inhibition-1ns,B,CS,1.34144e-05,3.386284525430702e-08,3.387980340837694e-08,-1.695815406991901e-11
pair_inhibition-1ns,B,CS,1.35168e-05,3.4113646721527046e-08,3.413060473822182e-08,-1.6958016694773816e-11
pair_inhibition-1ns,B,CS,1.36192e-05,3.436409370221887e-08,3.438105164719493e-08,-1.695794497605742e-11
pair_inhibition-1ns,B,CS,1.3721600000000001e-05,3.4614220205395e-08,3.4631178409213937e-08,-1.6958203818936713e-11
pair_inhibition-1ns,B,CS,1.3824e-05,3.486408853590677e-08,3.488104713809758e-08,-1.6958602190813784e-11
pair_inhibition-1ns,B,CS,1.3926400000000001e-05,3.511383609841721e-08,3.5130797927619315e-08,-1.696182920210654e-11
pair_inhibition-1ns,B,CS,1.40288e-05,3.536471846627058e-08,3.538169861256137e-08,-1.698014629078867e-11
pair_inhibition-1ns,B,CS,1.4131200000000001e-05,3.5620344876243263e-08,3.563736080262413e-08,-1.7015926380863833e-11
pair_inhibition-1ns,B,CS,1.42336e-05,3.587768870421047e-08,3.589471406212897e-08,-1.7025357918500803e-11
pair_inhibition-1ns,B,CS,1.4336000000000001e-05,3.6130442613032726e-08,3.614744262888936e-08,-1.7000015856634868e-11
pair_inhibition-1ns,B,CS,1.44384e-05,3.637606224060947e-08,3.639303912044032e-08,-1.697687983084884e-11
pair_inhibition-1ns,B,CS,1.45408e-05,3.6615627690348136e-08,3.6632581413703574e-08,-1.6953723355437532e-11
pair_inhibition-1ns,B,CS,1.46432e-05,3.6850836486630405e-08,3.686777131453398e-08,-1.6934827903573264e-11
pair_inhibition-1ns,B,CS,1.47456e-05,3.708329532149397e-08,3.7100214630939606e-08,-1.6919309445636795e-11
pair_inhibition-1ns,B,CS,1.4848e-05,3.731442052201462e-08,3.7331328074806155e-08,-1.690755279153495e-11
pair_inhibition-1ns,B,CS,1.49504e-05,3.754554340110759e-08,3.7562443853634584e-08,-1.6900452526995363e-11
pair_inhibition-1ns,B,CS,1.5052800000000001e-05,3.777798905902373e-08,3.779488811342092e-08,-1.6899054397187416e-11
pair_inhibition-1ns,B,CS,1.51552e-05,3.801302539101475e-08,3.8029929333201954e-08,-1.690394218720408e-11
pair_inhibition-1ns,B,CS,1.5257600000000001e-05,3.825168216860222e-08,3.826859661329339e-08,-1.6914444691170823e-11
pair_inhibition-1ns,B,CS,1.5360000000000002e-05,3.849440827291439e-08,3.851133515318241e-08,-1.6926880268021015e-11
pair_inhibition-1ns,B,CS,1.54624e-05,3.874068744724576e-08,3.875762510545342e-08,-1.6937658207660152e-11
pair_inhibition-1ns,B,CS,1.55648e-05,3.898973109128265e-08,3.900667758646645e-08,-1.694649518380101e-11
pair_inhibition-1ns,B,CS,1.56672e-05,3.924076633402133e-08,3.925771955751853e-08,-1.695322349720124e-11
pair_inhibition-1ns,B,CS,1.57696e-05,3.9493105826585266e-08,3.95100638393398e-08,-1.6958012754535364e-11
pair_inhibition-1ns,B,CS,1.5872e-05,3.9746184914073464e-08,3.976314608717572e-08,-1.6961173102257293e-11
pair_inhibition-1ns,B,CS,1.59744e-05,3.9999572096717144e-08,4.0016535137935644e-08,-1.6963041218500124e-11
pair_inhibition-1ns,B,CS,1.60768e-05,4.025296128621181e-08,4.0269925276732965e-08,-1.6963990521153256e-11
pair_inhibition-1ns,B,CS,1.61792e-05,4.0506153863406674e-08,4.052311819711054e-08,-1.6964333703864112e-11
pair_inhibition-1ns,B,CS,1.62816e-05,4.075903639426359e-08,4.077600071990345e-08,-1.6964325639858992e-11
pair_inhibition-1ns,B,CS,1.6384e-05,4.101155842039886e-08,4.1028522632223045e-08,-1.6964211824187453e-11
pair_inhibition-1ns,B,CS,1.6486400000000002e-05,4.1263713638048356e-08,4.128067765335603e-08,-1.696401530767325e-11
pair_inhibition-1ns,B,CS,1.65888e-05,4.151552548221161e-08,4.153248989256628e-08,-1.696441035466807e-11
pair_inhibition-1ns,B,CS,1.66912e-05,4.176704596163842e-08,4.178400957650445e-08,-1.6963614866031468e-11
pair_inhibition-1ns,B,CS,1.67936e-05,4.2018364439468966e-08,4.203533396691729e-08,-1.6969527448322314e-11
pair_inhibition-1ns,B,CS,1.6896000000000002e-05,4.226994384910955e-08,4.2286907662158676e-08,-1.6963813049129316e-11
pair_inhibition-1ns,B,CS,1.69984e-05,4.252521955856647e-08,4.25422297433641e-08,-1.7010184797624083e-11
pair_inhibition-1ns,B,CS,1.71008e-05,4.27844964677345e-08,4.280152723045201e-08,-1.7030762717509962e-11
pair_inhibition-1ns,B,CS,1.72032e-05,4.304162952406043e-08,4.305864706718719e-08,-1.701754312675865e-11
pair_inhibition-1ns,B,CS,1.73056e-05,4.329178507339823e-08,4.3308778158116735e-08,-1.6993084718502115e-11
pair_inhibition-1ns,B,CS,1.7408e-05,4.353508712128502e-08,4.355205521249318e-08,-1.6968091208166112e-11
pair_inhibition-1ns,B,CS,1.75104e-05,4.377317299356768e-08,4.3790120159029174e-08,-1.6947165461492867e-11
pair_inhibition-1ns,B,CS,1.7612800000000002e-05,4.4007772553795646e-08,4.402470237583421e-08,-1.692982203856665e-11
pair_inhibition-1ns,B,CS,1.77152e-05,4.424041600765566e-08,4.425733228530272e-08,-1.6916277647062778e-11
pair_inhibition-1ns,B,CS,1.78176e-05,4.4472489927131695e-08,4.44893970087051e-08,-1.690708157340828e-11
pair_inhibition-1ns,B,CS,1.792e-05,4.470534338087915e-08,4.472224661361148e-08,-1.6903232732332587e-11
pair_inhibition-1ns,B,CS,1.8022400000000002e-05,4.494029491076453e-08,4.495720064989958e-08,-1.690573913505047e-11
pair_inhibition-1ns,B,CS,1.81248e-05,4.517850164423469e-08,4.5195415426071415e-08,-1.6913781836723512e-11
pair_inhibition-1ns,B,CS,1.82272e-05,4.542071381095938e-08,4.5437641098719587e-08,-1.6927287760206232e-11
pair_inhibition-1ns,B,CS,1.83296e-05,4.566678184608951e-08,4.568372032413638e-08,-1.6938478046866097e-11
pair_inhibition-1ns,B,CS,1.8432e-05,4.5915958662652025e-08,4.5932907042746343e-08,-1.6948380094318286e-11
pair_inhibition-1ns,B,CS,1.85344e-05,4.616745753111377e-08,4.618441354329722e-08,-1.695601218344923e-11
pair_inhibition-1ns,B,CS,1.86368e-05,4.642054762921044e-08,4.6437509300161895e-08,-1.6961670951457165e-11
pair_inhibition-1ns,B,CS,1.8739200000000002e-05,4.667460711945229e-08,4.669157264222435e-08,-1.6965522772063895e-11
pair_inhibition-1ns,B,CS,1.88416e-05,4.692914453217507e-08,4.6946112457605836e-08,-1.6967925430768733e-11
pair_inhibition-1ns,B,CS,1.8944e-05,4.718379873444753e-08,4.7200767977660776e-08,-1.6969243213248147e-11
pair_inhibition-1ns,B,CS,1.90464e-05,4.743832508993506e-08,4.745529489889593e-08,-1.696980896087377e-11
pair_inhibition-1ns,B,CS,1.9148800000000002e-05,4.769257472848618e-08,4.7709544646148935e-08,-1.6969917662755942e-11
pair_inhibition-1ns,B,CS,1.92512e-05,4.794647204404034e-08,4.796344185895635e-08,-1.696981491600508e-11
pair_inhibition-1ns,B,CS,1.93536e-05,4.8199994059727773e-08,4.8216963700251394e-08,-1.6969640523620882e-11
pair_inhibition-1ns,B,CS,1.9456e-05,4.845315390404496e-08,4.8470123624235144e-08,-1.6969720190186388e-11
pair_inhibition-1ns,B,CS,1.9558400000000002e-05,4.8705992999592306e-08,4.872296258212781e-08,-1.6969582535500468e-11
pair_inhibition-1ns,B,CS,1.96608e-05,4.8958584456651365e-08,4.89755564093373e-08,-1.697195268593444e-11
pair_inhibition-1ns,B,CS,1.97632e-05,4.921113635603977e-08,4.9228106274984386e-08,-1.6969918944614577e-11
pair_inhibition-1ns,B,CS,1.9865600000000002e-05,4.946575227810601e-08,4.948275880660377e-08,-1.70065284977583e-11
pair_inhibition-1ns,B,CS,1.9968e-05,4.972549167785032e-08,4.974253034111234e-08,-1.7038663262014045e-11
pair_inhibition-1ns,B,CS,2e-05,4.980710688580729e-08,4.982414958280652e-08,-1.704269699923173e-11
pair_inhibition-0p5ns,A,PCHIP,0.0,0.0,0.0,0.0
pair_inhibition-0p5ns,A,PCHIP,1.024e-07,2.4938514468762764e-13,2.603233594743975e-13,-1.0938214786769864e-14
pair_inhibition-0p5ns,A,PCHIP,2.048e-07,1.9515681623045112e-12,1.976172047164116e-12,-2.4603884859604688e-14
pair_inhibition-0p5ns,A,PCHIP,3.072e-07,6.2941957635195615e-12,6.339276742628224e-12,-4.508097910866245e-14
pair_inhibition-0p5ns,A,PCHIP,4.096e-07,1.4236941910246922e-11,1.430786061062624e-11,-7.091870037931716e-14
pair_inhibition-0p5ns,A,PCHIP,5.12e-07,2.6555996261476314e-11,2.6656907280097016e-11,-1.0091101862070234e-13
pair_inhibition-0p5ns,A,PCHIP,6.144e-07,4.3883319438462326e-11,4.4017312647539834e-11,-1.3399320907750766e-13
pair_inhibition-0p5ns,A,PCHIP,7.168000000000001e-07,6.673606776176919e-11,6.69054623133476e-11,-1.6939455157841464e-13
pair_inhibition-0p5ns,A,PCHIP,8.192e-07,9.553902260458016e-11,9.574544762887318e-11,-2.0642502429301777e-13
pair_inhibition-0p5ns,A,PCHIP,9.216e-07,1.3064144794833439e-10,1.3088596027121329e-10,-2.4451232287889915e-13
pair_inhibition-0p5ns,A,PCHIP,1.024e-06,1.7233032296169187e-10,1.7261350627623984e-10,-2.8318331454797147e-13
pair_inhibition-0p5ns,A,PCHIP,1.1264000000000001e-06,2.208412234425538e-10,2.2116319835593798e-10,-3.219749133841746e-13
pair_inhibition-0p5ns,A,PCHIP,1.2288e-06,2.763674487451868e-10,2.767280983156772e-10,-3.606495704903828e-13
pair_inhibition-0p5ns,A,PCHIP,1.3312e-06,3.390689483678536e-10,3.394679071709156e-10,-3.9895880306198984e-13
pair_inhibition-0p5ns,A,PCHIP,1.4336000000000001e-06,4.090810339282538e-10,4.095177478532907e-10,-4.3671392503691567e-13
pair_inhibition-0p5ns,A,PCHIP,1.536e-06,4.865241054165941e-10,4.869978889815282e-10,-4.737835649340812e-13
pair_inhibition-0p5ns,A,PCHIP,1.6384e-06,5.715156088624528e-10,5.72025634327261e-10,-5.100254648081294e-13
pair_inhibition-0p5ns,A,PCHIP,1.7408000000000001e-06,6.641861047504797e-10,6.64731615663317e-10,-5.455109128372525e-13
pair_inhibition-0p5ns,A,PCHIP,1.8432e-06,7.647053352041806e-10,7.65285680070073e-10,-5.80344865892411e-13
pair_inhibition-0p5ns,A,PCHIP,1.9456e-06,8.733339117193333e-10,8.739488148639689e-10,-6.149031446355333e-13
pair_inhibition-0p5ns,A,PCHIP,2.048e-06,9.906000360924727e-10,9.912555715333669e-10,-6.555354408942347e-13
pair_inhibition-0p5ns,A,PCHIP,2.1504e-06,1.123038663208246e-09,1.1237882515368864e-09,-7.495883286404781e-13
pair_inhibition-0p5ns,A,PCHIP,2.2528000000000003e-06,1.3021083419685093e-09,1.3030614616341263e-09,-9.531196656169148e-13
pair_inhibition-0p5ns,A,PCHIP,2.3552e-06,1.7819192178986436e-09,1.7858186081862615e-09,-3.899390287617863e-12
pair_inhibition-0p5ns,A,PCHIP,2.4576e-06,3.971233763536474e-09,3.976860727979819e-09,-5.626964443345637e-12
pair_inhibition-0p5ns,A,PCHIP,2.56e-06,4.896934269120628e-09,4.901387473147968e-09,-4.4532040273398536e-12
pair_inhibition-0p5ns,A,PCHIP,2.6624e-06,5.3327737207835965e-09,5.3367921925317684e-09,-4.018471748171945e-12
pair_inhibition-0p5ns,A,PCHIP,2.7648e-06,5.578805601180809e-09,5.5826347794601406e-09,-3.829178279331195e-12
pair_inhibition-0p5ns,A,PCHIP,2.8672000000000003e-06,5.744252536052228e-09,5.748005142161268e-09,-3.7526061090399615e-12
pair_inhibition-0p5ns,A,PCHIP,2.9696e-06,5.872014093768242e-09,5.875840673815272e-09,-3.826580047030224e-12
pair_inhibition-0p5ns,A,PCHIP,3.072e-06,5.978296142426757e-09,5.981834712492679e-09,-3.5385700659223753e-12
pair_inhibition-0p5ns,A,PCHIP,3.1744e-06,6.062792618967136e-09,6.066093125026134e-09,-3.300506058997829e-12
pair_inhibition-0p5ns,A,PCHIP,3.2768e-06,6.12264641735328e-09,6.125972848021906e-09,-3.3264306686260612e-12
pair_inhibition-0p5ns,A,PCHIP,3.3792e-06,6.164555265066704e-09,6.16792528023485e-09,-3.3700151681454744e-12
pair_inhibition-0p5ns,A,PCHIP,3.4816000000000003e-06,6.198428379028539e-09,6.2018238884540625e-09,-3.395509425523338e-12
pair_inhibition-0p5ns,A,PCHIP,3.5840000000000003e-06,6.2309634128713774e-09,6.234379938879187e-09,-3.416526007809668e-12
pair_inhibition-0p5ns,A,PCHIP,3.6864e-06,6.265947652162886e-09,6.269388824165683e-09,-3.441172002797597e-12
pair_inhibition-0p5ns,A,PCHIP,3.7888e-06,6.30576480379813e-09,6.309235499370876e-09,-3.4706955727453193e-12
pair_inhibition-0p5ns,A,PCHIP,3.8912e-06,6.352320645811586e-09,6.355826293004101e-09,-3.505647192515066e-12
pair_inhibition-0p5ns,A,PCHIP,3.9936e-06,6.407318098899957e-09,6.410861892283798e-09,-3.5437933838410984e-12
pair_inhibition-0p5ns,A,PCHIP,4.096e-06,6.471547488947389e-09,6.475129952154912e-09,-3.582463207523003e-12
pair_inhibition-0p5ns,A,PCHIP,4.1984e-06,6.5455150311263875e-09,6.549136724176013e-09,-3.621693049625406e-12
pair_inhibition-0p5ns,A,PCHIP,4.3008e-06,6.62970559211364e-09,6.633366911046002e-09,-3.66131893236176e-12
pair_inhibition-0p5ns,A,PCHIP,4.4032000000000005e-06,6.724634183299316e-09,6.728335507214749e-09,-3.701323915432944e-12
pair_inhibition-0p5ns,A,PCHIP,4.5056000000000005e-06,6.831042085707229e-09,6.834784723083251e-09,-3.742637376022214e-12
pair_inhibition-0p5ns,A,PCHIP,4.608e-06,6.9520444638488366e-09,6.955841013619249e-09,-3.796549770412778e-12
pair_inhibition-0p5ns,A,PCHIP,4.7104e-06,7.093517132294467e-09,7.097376905528563e-09,-3.859773234096732e-12
pair_inhibition-0p5ns,A,PCHIP,4.8128e-06,7.259137231931278e-09,7.263065569268089e-09,-3.92833733681101e-12
pair_inhibition-0p5ns,A,PCHIP,4.9152e-06,7.45219133875555e-09,7.456198567134696e-09,-4.007228379145934e-12
pair_inhibition-0p5ns,A,PCHIP,5.0176e-06,7.679687133874978e-09,7.683796111850589e-09,-4.10897797561101e-12
pair_inhibition-0p5ns,A,PCHIP,5.12e-06,7.96824904652996e-09,7.972577213125573e-09,-4.328166595612913e-12
pair_inhibition-0p5ns,A,PCHIP,5.2224e-06,8.870954290345658e-09,8.879696770728007e-09,-8.742480382348933e-12
pair_inhibition-0p5ns,A,PCHIP,5.3248e-06,1.0206326811339353e-08,1.021140714086526e-08,-5.080329525907397e-12
pair_inhibition-0p5ns,A,PCHIP,5.4272e-06,1.079224860706993e-08,1.0796692314701711e-08,-4.44370763178048e-12
pair_inhibition-0p5ns,A,PCHIP,5.5296e-06,1.1098326606200843e-08,1.1102505001236828e-08,-4.1783950359851124e-12
pair_inhibition-0p5ns,A,PCHIP,5.6320000000000005e-06,1.1289991068917397e-08,1.1294068574131963e-08,-4.077505214565896e-12
pair_inhibition-0p5ns,A,PCHIP,5.7344000000000005e-06,1.142967795323891e-08,1.1433856325654934e-08,-4.17837241602485e-12
pair_inhibition-0p5ns,A,PCHIP,5.836800000000001e-06,1.1540313219884492e-08,1.1544072319575478e-08,-3.759099690985711e-12
pair_inhibition-0p5ns,A,PCHIP,5.9392e-06,1.1623923807972765e-08,1.1627483944621983e-08,-3.560136649218041e-12
pair_inhibition-0p5ns,A,PCHIP,6.0416e-06,1.1681826472283563e-08,1.168544273755358e-08,-3.616265270017645e-12
pair_inhibition-0p5ns,A,PCHIP,6.144e-06,1.1723716026070862e-08,1.1727374643584024e-08,-3.6586175131621595e-12
pair_inhibition-0p5ns,A,PCHIP,6.2464e-06,1.1759597432500447e-08,1.1763279240679836e-08,-3.681808179389254e-12
pair_inhibition-0p5ns,A,PCHIP,6.3488e-06,1.1795708054665129e-08,1.1799411407515296e-08,-3.703352850166741e-12
pair_inhibition-0p5ns,A,PCHIP,6.4512e-06,1.1835763996712626e-08,1.1839493725378372e-08,-3.7297286657466945e-12
pair_inhibition-0p5ns,A,PCHIP,6.5536e-06,1.188245287753151e-08,1.1886215269160972e-08,-3.76239162946153e-12
pair_inhibition-0p5ns,A,PCHIP,6.656e-06,1.193816207516664e-08,1.1941963225607914e-08,-3.801150441274265e-12
pair_inhibition-0p5ns,A,PCHIP,6.7584e-06,1.2004123078595491e-08,1.200796285757784e-08,-3.839778982347932e-12
pair_inhibition-0p5ns,A,PCHIP,6.8608000000000004e-06,1.2080876387041704e-08,1.2084755499690276e-08,-3.879112648571686e-12
pair_inhibition-0p5ns,A,PCHIP,6.9632000000000005e-06,1.2168872285559546e-08,1.2172791035021795e-08,-3.918749462249199e-12
pair_inhibition-0p5ns,A,PCHIP,7.065600000000001e-06,1.2268496304427706e-08,1.2272454719717711e-08,-3.95841529000469e-12
pair_inhibition-0p5ns,A,PCHIP,7.168000000000001e-06,1.2380107505872458e-08,1.2384105495820813e-08,-3.997989948354903e-12
pair_inhibition-0p5ns,A,PCHIP,7.2704e-06,1.2504090368132023e-08,1.2508127820803392e-08,-4.037452671368965e-12
pair_inhibition-0p5ns,A,PCHIP,7.3728e-06,1.2640922739787233e-08,1.2644999893394402e-08,-4.077153607169393e-12
pair_inhibition-0p5ns,A,PCHIP,7.4752e-06,1.2791272180249888e-08,1.2795389854940277e-08,-4.11767469038988e-12
pair_inhibition-0p5ns,A,PCHIP,7.5776e-06,1.2956149016170764e-08,1.2960309140629764e-08,-4.1601244590004626e-12
pair_inhibition-0p5ns,A,PCHIP,7.680000000000001e-06,1.3137188504937713e-08,1.3141395205918863e-08,-4.2067009811496456e-12
pair_inhibition-0p5ns,A,PCHIP,7.7824e-06,1.333726239770503e-08,1.3341524846000775e-08,-4.2624482957445836e-12
pair_inhibition-0p5ns,A,PCHIP,7.8848e-06,1.3562108274482478e-08,1.3566451096242559e-08,-4.34282176008086e-12
pair_inhibition-0p5ns,A,PCHIP,7.9872e-06,1.3826429568693358e-08,1.38308815284868e-08,-4.451959793441797e-12
pair_inhibition-0p5ns,A,PCHIP,8.0896e-06,1.420351925649094e-08,1.4208619319070452e-08,-5.100062579511632e-12
pair_inhibition-0p5ns,A,PCHIP,8.192e-06,1.5649035965033843e-08,1.5657389109061736e-08,-8.35314402789334e-12
pair_inhibition-0p5ns,A,PCHIP,8.2944e-06,1.6527408566194863e-08,1.6533992343644604e-08,-6.5837774497406266e-12
pair_inhibition-0p5ns,A,PCHIP,8.3968e-06,1.6945295665677e-08,1.6951468002382883e-08,-6.172336705882118e-12
pair_inhibition-0p5ns,A,PCHIP,8.4992e-06,1.718395829011859e-08,1.7189955434602162e-08,-5.99714448357065e-12
pair_inhibition-0p5ns,A,PCHIP,8.6016e-06,1.7345852386078475e-08,1.735181535320467e-08,-5.962967126193031e-12
pair_inhibition-0p5ns,A,PCHIP,8.704e-06,1.7470161928299017e-08,1.747630646969786e-08,-6.144541398842757e-12
pair_inhibition-0p5ns,A,PCHIP,8.806400000000001e-06,1.7569805179708888e-08,1.7575187093698762e-08,-5.381913989874112e-12
pair_inhibition-0p5ns,A,PCHIP,8.9088e-06,1.764340247815761e-08,1.764888994098504e-08,-5.487462827430312e-12
pair_inhibition-0p5ns,A,PCHIP,9.011200000000001e-06,1.7695986399375943e-08,1.7701514867705044e-08,-5.528468329101045e-12
pair_inhibition-0p5ns,A,PCHIP,9.1136e-06,1.773688353188011e-08,1.7742439175205554e-08,-5.555643325444884e-12
pair_inhibition-0p5ns,A,PCHIP,9.216e-06,1.777411628854037e-08,1.7779690719831728e-08,-5.574431291359319e-12
pair_inhibition-0p5ns,A,PCHIP,9.3184e-06,1.781269883771844e-08,1.7818294677877667e-08,-5.595840159228689e-12
pair_inhibition-0p5ns,A,PCHIP,9.4208e-06,1.7855867239579936e-08,1.786149010648138e-08,-5.622866901443869e-12
pair_inhibition-0p5ns,A,PCHIP,9.5232e-06,1.790619266304714e-08,1.791184943512115e-08,-5.656772074008606e-12
pair_inhibition-0p5ns,A,PCHIP,9.6256e-06,1.7966002303083193e-08,1.7971697740498602e-08,-5.695437415409703e-12
pair_inhibition-0p5ns,A,PCHIP,9.728e-06,1.8036317181165156e-08,1.804205141065041e-08,-5.734229485254773e-12
pair_inhibition-0p5ns,A,PCHIP,9.8304e-06,1.8117660074063844e-08,1.812343364582619e-08,-5.7735717623443315e-12
pair_inhibition-0p5ns,A,PCHIP,9.932800000000001e-06,1.82104772360413e-08,1.8216290408975772e-08,-5.813172934471883e-12
pair_inhibition-0p5ns,A,PCHIP,1.00352e-05,1.831516252568367e-08,1.8321015330767227e-08,-5.8528050835571535e-12
pair_inhibition-0p5ns,A,PCHIP,1.0137600000000001e-05,1.843209954515432e-08,1.8437991948826366e-08,-5.8924036720456185e-12
pair_inhibition-0p5ns,A,PCHIP,1.024e-05,1.8561720035390914e-08,1.856765213449291e-08,-5.932099101996232e-12
pair_inhibition-0p5ns,A,PCHIP,1.0342400000000001e-05,1.8704583748705538e-08,1.8710555947039207e-08,-5.9721983336690675e-12
pair_inhibition-0p5ns,A,PCHIP,1.04448e-05,1.8861496529970068e-08,1.8867510080539178e-08,-6.013550569110557e-12
pair_inhibition-0p5ns,A,PCHIP,1.05472e-05,1.903371063227545e-08,1.903976827211483e-08,-6.057639839379423e-12
pair_inhibition-0p5ns,A,PCHIP,1.06496e-05,1.922331897327318e-08,1.9229426546695244e-08,-6.107573422062969e-12
pair_inhibition-0p5ns,A,PCHIP,1.0752e-05,1.943418357311581e-08,1.9440355495013484e-08,-6.171921897674812e-12
pair_inhibition-0p5ns,A,PCHIP,1.08544e-05,1.9674763248498155e-08,1.9681019901207086e-08,-6.256652708930587e-12
pair_inhibition-0p5ns,A,PCHIP,1.09568e-05,1.997141700362589e-08,1.997788572568923e-08,-6.468722063337895e-12
pair_inhibition-0p5ns,A,PCHIP,1.10592e-05,2.0726764378363703e-08,2.0737451562867585e-08,-1.0687184503881743e-11
pair_inhibition-0p5ns,A,PCHIP,1.11616e-05,2.211312436266779e-08,2.2120207841070456e-08,-7.083478402664744e-12
pair_inhibition-0p5ns,A,PCHIP,1.1264000000000001e-05,2.2720074629542436e-08,2.2726484065136026e-08,-6.4094355935900265e-12
pair_inhibition-0p5ns,A,PCHIP,1.13664e-05,2.3034395532437148e-08,2.3040529321681653e-08,-6.1337892445045e-12
pair_inhibition-0p5ns,A,PCHIP,1.1468800000000001e-05,2.3229609505316994e-08,2.3235634853009426e-08,-6.025347692431611e-12
pair_inhibition-0p5ns,A,PCHIP,1.15712e-05,2.337110339063985e-08,2.3377194354211712e-08,-6.090963571861903e-12
pair_inhibition-0p5ns,A,PCHIP,1.1673600000000001e-05,2.3483364547673805e-08,2.3489170146121654e-08,-5.805598447849603e-12
pair_inhibition-0p5ns,A,PCHIP,1.1776e-05,2.3570475245213416e-08,2.3576002631377534e-08,-5.527386164118898e-12
pair_inhibition-0p5ns,A,PCHIP,1.18784e-05,2.363308338861772e-08,2.3638656407928335e-08,-5.5730193106138465e-12
pair_inhibition-0p5ns,A,PCHIP,1.19808e-05,2.3678987356399537e-08,2.368459614850233e-08,-5.608792102792101e-12
pair_inhibition-0p5ns,A,PCHIP,1.20832e-05,2.3717499251481637e-08,2.3723129086414415e-08,-5.629834932778236e-12
pair_inhibition-0p5ns,A,PCHIP,1.21856e-05,2.3755090696084756e-08,2.376073975884115e-08,-5.649062756393923e-12
pair_inhibition-0p5ns,A,PCHIP,1.2288e-05,2.3795756785289405e-08,2.3801429864581032e-08,-5.6730792916262135e-12
pair_inhibition-0p5ns,A,PCHIP,1.23904e-05,2.3842317273979085e-08,2.3848020280456105e-08,-5.703006477020875e-12
pair_inhibition-0p5ns,A,PCHIP,1.24928e-05,2.3897303826104615e-08,2.3903044905764948e-08,-5.741079660332215e-12
pair_inhibition-0p5ns,A,PCHIP,1.2595200000000001e-05,2.3962499483817603e-08,2.3968278947539725e-08,-5.779463722122534e-12
pair_inhibition-0p5ns,A,PCHIP,1.26976e-05,2.403852111737081e-08,2.404433972295821e-08,-5.818605587398506e-12
pair_inhibition-0p5ns,A,PCHIP,1.2800000000000001e-05,2.4125854144859386e-08,2.41317123239883e-08,-5.8581791289142715e-12
pair_inhibition-0p5ns,A,PCHIP,1.29024e-05,2.4224916819949932e-08,2.423081462806135e-08,-5.8978081114165e-12
pair_inhibition-0p5ns,A,PCHIP,1.3004800000000001e-05,2.4336094666218806e-08,2.4342032090630584e-08,-5.937424411777482e-12
pair_inhibition-0p5ns,A,PCHIP,1.31072e-05,2.4459791836169185e-08,2.4465768897731672e-08,-5.977061562486427e-12
pair_inhibition-0p5ns,A,PCHIP,1.32096e-05,2.4596500466469962e-08,2.4602517443430073e-08,-6.016976960110561e-12
pair_inhibition-0p5ns,A,PCHIP,1.3312e-05,2.4746899043975854e-08,2.4752956788846637e-08,-6.057744870783286e-12
pair_inhibition-0p5ns,A,PCHIP,1.34144e-05,2.4912008502130036e-08,2.4918108888844644e-08,-6.100386714608272e-12
pair_inhibition-0p5ns,A,PCHIP,1.35168e-05,2.509347816365297e-08,2.5099625330783326e-08,-6.1471671303545646e-12
pair_inhibition-0p5ns,A,PCHIP,1.36192e-05,2.5294205044238966e-08,2.5300408224443924e-08,-6.203180204957923e-12
pair_inhibition-0p5ns,A,PCHIP,1.3721600000000001e-05,2.5519984798708488e-08,2.552626763913705e-08,-6.2828404285626255e-12
pair_inhibition-0p5ns,A,PCHIP,1.3824e-05,2.5785688872881716e-08,2.579208687267833e-08,-6.3979997966141566e-12
pair_inhibition-0p5ns,A,PCHIP,1.3926400000000001e-05,2.6165845730862317e-08,2.6172905315503138e-08,-7.059584640821517e-12
pair_inhibition-0p5ns,A,PCHIP,1.40288e-05,2.7587951782990973e-08,2.7598163593757234e-08,-1.0211810766261353e-11
pair_inhibition-0p5ns,A,PCHIP,1.4131200000000001e-05,2.844688730810161e-08,2.845536945078396e-08,-8.482142682349832e-12
pair_inhibition-0p5ns,A,PCHIP,1.42336e-05,2.8857477932123228e-08,2.8865557918824386e-08,-8.079986701157389e-12
pair_inhibition-0p5ns,A,PCHIP,1.4336000000000001e-05,2.9093136416878744e-08,2.910104583634035e-08,-7.909419461604401e-12
pair_inhibition-0p5ns,A,PCHIP,1.44384e-05,2.9253641660247634e-08,2.9261523526412813e-08,-7.881866165179135e-12
pair_inhibition-0p5ns,A,PCHIP,1.45408e-05,2.9377113004332102e-08,2.938514266515581e-08,-8.029660823707444e-12
pair_inhibition-0p5ns,A,PCHIP,1.46432e-05,2.9475777188230875e-08,2.9483087246927092e-08,-7.310058696217675e-12
pair_inhibition-0p5ns,A,PCHIP,1.47456e-05,2.9548470236175135e-08,2.9555875603474807e-08,-7.405367299672541e-12
pair_inhibition-0p5ns,A,PCHIP,1.4848e-05,2.9600570310239353e-08,2.96080160608845e-08,-7.445750645148248e-12
pair_inhibition-0p5ns,A,PCHIP,1.49504e-05,2.964143963108185e-08,2.9648911537823194e-08,-7.471906741344523e-12
pair_inhibition-0p5ns,A,PCHIP,1.5052800000000001e-05,2.9678933804092413e-08,2.9686424280349057e-08,-7.490476256644606e-12
pair_inhibition-0p5ns,A,PCHIP,1.51552e-05,2.971796393674956e-08,2.972547595997645e-08,-7.512023226889897e-12
pair_inhibition-0p5ns,A,PCHIP,1.5257600000000001e-05,2.9761736744082062e-08,2.976927603274016e-08,-7.539288658099322e-12
pair_inhibition-0p5ns,A,PCHIP,1.5360000000000002e-05,2.981284249976423e-08,2.982041618173822e-08,-7.57368197399463e-12
pair_inhibition-0p5ns,A,PCHIP,1.54624e-05,2.987361063170463e-08,2.988122292731348e-08,-7.612295608851796e-12
pair_inhibition-0p5ns,A,PCHIP,1.55648e-05,2.994499417448808e-08,2.9952645275476866e-08,-7.651100988787311e-12
pair_inhibition-0p5ns,A,PCHIP,1.56672e-05,3.0027513417571926e-08,3.0035203934635324e-08,-7.690517063397406e-12
pair_inhibition-0p5ns,A,PCHIP,1.57696e-05,3.01216144826061e-08,3.012934466534191e-08,-7.730182735806724e-12
pair_inhibition-0p5ns,A,PCHIP,1.5872e-05,3.022769407031388e-08,3.0235463953947416e-08,-7.769883633536991e-12
pair_inhibition-0p5ns,A,PCHIP,1.59744e-05,3.034614414934146e-08,3.0353953647081896e-08,-7.809497740433365e-12
pair_inhibition-0p5ns,A,PCHIP,1.60768e-05,3.0477413347518485e-08,3.048526260836947e-08,-7.849260850986602e-12
pair_inhibition-0p5ns,A,PCHIP,1.61792e-05,3.0622092135246926e-08,3.062998173649925e-08,-7.889601252325326e-12
pair_inhibition-0p5ns,A,PCHIP,1.62816e-05,3.078104070350089e-08,3.078897207373486e-08,-7.931370233975579e-12
pair_inhibition-0p5ns,A,PCHIP,1.6384e-05,3.09556097168779e-08,3.096358593258547e-08,-7.976215707569056e-12
pair_inhibition-0p5ns,A,PCHIP,1.6486400000000002e-05,3.114808593039603e-08,3.115611348616637e-08,-8.027555770339644e-12
pair_inhibition-0p5ns,A,PCHIP,1.65888e-05,3.1362773706361366e-08,3.1370869654655855e-08,-8.09594829448836e-12
pair_inhibition-0p5ns,A,PCHIP,1.66912e-05,3.1609465530929127e-08,3.161765000446151e-08,-8.18447353238105e-12
pair_inhibition-0p5ns,A,PCHIP,1.67936e-05,3.1921666040490126e-08,3.193012389293572e-08,-8.457852445592906e-12
pair_inhibition-0p5ns,A,PCHIP,1.6896000000000002e-05,3.291102890016078e-08,3.292385518208836e-08,-1.2826281927583344e-11
pair_inhibition-0p5ns,A,PCHIP,1.69984e-05,3.4116590091845876e-08,3.412600877538271e-08,-9.418683536832463e-12
pair_inhibition-0p5ns,A,PCHIP,1.71008e-05,3.465515786227286e-08,3.466400453771741e-08,-8.846675444553952e-12
pair_inhibition-0p5ns,A,PCHIP,1.72032e-05,3.494252990217105e-08,3.495113600044815e-08,-8.60609827710069e-12
pair_inhibition-0p5ns,A,PCHIP,1.73056e-05,3.512607274800088e-08,3.513459254120895e-08,-8.519793208065719e-12
pair_inhibition-0p5ns,A,PCHIP,1.7408e-05,3.526173831812926e-08,3.5270380411295747e-08,-8.64209316648594e-12
pair_inhibition-0p5ns,A,PCHIP,1.75104e-05,3.5370085307229844e-08,3.537822671313852e-08,-8.141405908674744e-12
pair_inhibition-0p5ns,A,PCHIP,1.7612800000000002e-05,3.5452884421255117e-08,3.546092112478558e-08,-8.036703530465675e-12
pair_inhibition-0p5ns,A,PCHIP,1.77152e-05,3.551221966423412e-08,3.552029848962747e-08,-8.078825393347413e-12
pair_inhibition-0p5ns,A,PCHIP,1.78176e-05,3.55565048577e-08,3.556461621872769e-08,-8.111361027684794e-12
pair_inhibition-0p5ns,A,PCHIP,1.792e-05,3.559468566714988e-08,3.560281673603495e-08,-8.131068885068132e-12
pair_inhibition-0p5ns,A,PCHIP,1.8022400000000002e-05,3.56327296889562e-08,3.564088044684889e-08,-8.150757892692758e-12
pair_inhibition-0p5ns,A,PCHIP,1.81248e-05,3.56743684505354e-08,3.5682544086624024e-08,-8.175636088625067e-12
pair_inhibition-0p5ns,A,PCHIP,1.82272e-05,3.572234174480398e-08,3.573054843171248e-08,-8.206686908504128e-12
pair_inhibition-0p5ns,A,PCHIP,1.83296e-05,3.5779180806272355e-08,3.578742632723711e-08,-8.245520964753307e-12
pair_inhibition-0p5ns,A,PCHIP,1.8432e-05,3.584641699696718e-08,3.585470103295535e-08,-8.284035988173721e-12
pair_inhibition-0p5ns,A,PCHIP,1.85344e-05,3.592461418776352e-08,3.593293743290383e-08,-8.32324514030442e-12
pair_inhibition-0p5ns,A,PCHIP,1.86368e-05,3.60142480348848e-08,3.6022610867610255e-08,-8.362832725454397e-12
pair_inhibition-0p5ns,A,PCHIP,1.8739200000000002e-05,3.611573201248939e-08,3.612413453812718e-08,-8.402525637788172e-12
pair_inhibition-0p5ns,A,PCHIP,1.88416e-05,3.622945575531005e-08,3.623789796594728e-08,-8.442210637232797e-12
pair_inhibition-0p5ns,A,PCHIP,1.8944e-05,3.635584026319011e-08,3.6364322227214534e-08,-8.481964024423518e-12
pair_inhibition-0p5ns,A,PCHIP,1.90464e-05,3.6495413242556765e-08,3.650393526745205e-08,-8.522024895287735e-12
pair_inhibition-0p5ns,A,PCHIP,1.9148800000000002e-05,3.6648917753829236e-08,3.6657480892436146e-08,-8.563138606909714e-12
pair_inhibition-0p5ns,A,PCHIP,1.92512e-05,3.681749047572071e-08,3.6826097064678645e-08,-8.606588957933522e-12
pair_inhibition-0p5ns,A,PCHIP,1.93536e-05,3.70029999901044e-08,3.701165497458003e-08,-8.654984475629264e-12
pair_inhibition-0p5ns,A,PCHIP,1.9456e-05,3.720881056803458e-08,3.721752539431086e-08,-8.714826276277596e-12
pair_inhibition-0p5ns,A,PCHIP,1.9558400000000002e-05,3.7441957730981216e-08,3.745075483427545e-08,-8.797103294233675e-12
pair_inhibition-0p5ns,A,PCHIP,1.96608e-05,3.772220526046057e-08,3.773115949400321e-08,-8.954233542642592e-12
pair_inhibition-0p5ns,A,PCHIP,1.97632e-05,3.8208246368491446e-08,3.821906040841583e-08,-1.0814039924381312e-11
pair_inhibition-0p5ns,A,PCHIP,1.9865600000000002e-05,3.971508894472437e-08,3.972586672132751e-08,-1.0777776603141325e-11
pair_inhibition-0p5ns,A,PCHIP,1.9968e-05,4.042315828822364e-08,4.043266840998534e-08,-9.510121761701577e-12
pair_inhibition-0p5ns,A,PCHIP,2e-05,4.055731353232583e-08,4.0566736140099035e-08,-9.422607773204148e-12
pair_inhibition-0p5ns,B,PCHIP,0.0,0.0,0.0,0.0
pair_inhibition-0p5ns,B,PCHIP,1.024e-07,4.040577729319973e-13,4.217113761467676e-13,-1.765360321477029e-14
pair_inhibition-0p5ns,B,PCHIP,2.048e-07,3.1629309898651932e-12,3.202678040029702e-12,-3.9747050164508796e-14
pair_inhibition-0p5ns,B,PCHIP,3.072e-07,1.0210787554842005e-11,1.0283696481771823e-11,-7.290892692981815e-14
pair_inhibition-0p5ns,B,PCHIP,4.096e-07,2.3132348392213704e-11,2.3247187694889186e-11,-1.148393026754821e-13
pair_inhibition-0p5ns,B,PCHIP,5.12e-07,4.32435639623077e-11,4.340720188806478e-11,-1.6363792575707858e-13
pair_inhibition-0p5ns,B,PCHIP,6.144e-07,7.166026945674704e-11,7.187790418223401e-11,-2.176347254869679e-13
pair_inhibition-0p5ns,B,PCHIP,7.168000000000001e-07,1.0934869112247558e-10,1.0962433001832235e-10,-2.756388958467625e-13
pair_inhibition-0p5ns,B,PCHIP,8.192e-07,1.5716408701537829e-10,1.5750068089425804e-10,-3.365938788797498e-13
pair_inhibition-0p5ns,B,PCHIP,9.216e-07,2.15881513117945e-10,2.1628115612235092e-10,-3.9964300440592646e-13
pair_inhibition-0p5ns,B,PCHIP,1.024e-06,2.862238132425671e-10,2.866879227409484e-10,-4.641094983812607e-13
pair_inhibition-0p5ns,B,PCHIP,1.1264000000000001e-06,3.688916770614549e-10,3.6942104170334995e-10,-5.293646418950682e-13
pair_inhibition-0p5ns,B,PCHIP,1.2288e-06,4.6460134809748236e-10,4.651965698335787e-10,-5.952217360963211e-13
pair_inhibition-0p5ns,B,PCHIP,1.3312e-06,5.741410791998023e-10,5.748026809503094e-10,-6.616017505070841e-13
pair_inhibition-0p5ns,B,PCHIP,1.4336000000000001e-06,6.984633152550853e-10,6.99192086041324e-10,-7.287707862387471e-13
pair_inhibition-0p5ns,B,PCHIP,1.536e-06,8.388520009798049e-10,8.396496018104333e-10,-7.976008306284021e-13
pair_inhibition-0p5ns,B,PCHIP,1.6384e-06,9.972599086280301e-10,9.981300126958585e-10,-8.701040678284237e-13
pair_inhibition-0p5ns,B,PCHIP,1.7408000000000001e-06,1.1770927650486776e-09,1.1780447936644962e-09,-9.520286158185322e-13
pair_inhibition-0p5ns,B,PCHIP,1.8432e-06,1.3854905823333033e-09,1.386554021787343e-09,-1.0634394540397181e-12
pair_inhibition-0p5ns,B,PCHIP,1.9456e-06,1.6432998529572415e-09,1.6446883153764481e-09,-1.3884624192066416e-12
pair_inhibition-0p5ns,B,PCHIP,2.048e-06,2.2154282342342257e-09,2.2209490818310155e-09,-5.5208475967897465e-12
pair_inhibition-0p5ns,B,PCHIP,2.1504e-06,5.443796306521289e-09,5.451127553083476e-09,-7.331246562187123e-12
pair_inhibition-0p5ns,B,PCHIP,2.2528000000000003e-06,6.8177365067602045e-09,6.8233561482411166e-09,-5.619641480912076e-12
pair_inhibition-0p5ns,B,PCHIP,2.3552e-06,7.476663722843633e-09,7.48163971911941e-09,-4.97599627577613e-12
pair_inhibition-0p5ns,B,PCHIP,2.4576e-06,7.855886583084166e-09,7.86057910304557e-09,-4.69251996140372e-12
pair_inhibition-0p5ns,B,PCHIP,2.56e-06,8.115307872438923e-09,8.119866103452721e-09,-4.558231013797529e-12
pair_inhibition-0p5ns,B,PCHIP,2.6624e-06,8.31912343289624e-09,8.323617201762543e-09,-4.493768866302953e-12
pair_inhibition-0p5ns,B,PCHIP,2.7648e-06,8.495406152565463e-09,8.499886974626645e-09,-4.480822061182197e-12
pair_inhibition-0p5ns,B,PCHIP,2.8672000000000003e-06,8.656749813321852e-09,8.6613381684973e-09,-4.588355175448414e-12
pair_inhibition-0p5ns,B,PCHIP,2.9696e-06,8.808014278020694e-09,8.812213158482433e-09,-4.19888046173927e-12
pair_inhibition-0p5ns,B,PCHIP,3.072e-06,8.94713306921469e-09,8.951345594158576e-09,-4.212524943885626e-12
pair_inhibition-0p5ns,B,PCHIP,3.1744e-06,9.071795895629344e-09,9.07595029812912e-09,-4.154402499775367e-12
pair_inhibition-0p5ns,B,PCHIP,3.2768e-06,9.180942624589368e-09,9.185054160379619e-09,-4.11153579025094e-12
pair_inhibition-0p5ns,B,PCHIP,3.3792e-06,9.276611572166987e-09,9.280701374525466e-09,-4.089802358478943e-12
pair_inhibition-0p5ns,B,PCHIP,3.4816000000000003e-06,9.363635776082918e-09,9.36772100464041e-09,-4.08522855749274e-12
pair_inhibition-0p5ns,B,PCHIP,3.5840000000000003e-06,9.448498166249077e-09,9.452594529066195e-09,-4.096362817118604e-12
pair_inhibition-0p5ns,B,PCHIP,3.6864e-06,9.538398448777417e-09,9.542521336376053e-09,-4.122887598635986e-12
pair_inhibition-0p5ns,B,PCHIP,3.7888e-06,9.641980482864755e-09,9.646165935798952e-09,-4.1854529341965345e-12
pair_inhibition-0p5ns,B,PCHIP,3.8912e-06,9.767500875913273e-09,9.771752321265075e-09,-4.251445351801968e-12
pair_inhibition-0p5ns,B,PCHIP,3.9936e-06,9.918174832549356e-09,9.922495580390107e-09,-4.320747840750965e-12
pair_inhibition-0p5ns,B,PCHIP,4.096e-06,1.0097057640098281e-08,1.0101453108121078e-08,-4.395468022797201e-12
pair_inhibition-0p5ns,B,PCHIP,4.1984e-06,1.0308654509369743e-08,1.0313132097871246e-08,-4.477588501502542e-12
pair_inhibition-0p5ns,B,PCHIP,4.3008e-06,1.0562166018792383e-08,1.0566727327541184e-08,-4.561308748801308e-12
pair_inhibition-0p5ns,B,PCHIP,4.4032000000000005e-06,1.0885280024111153e-08,1.0890085519013963e-08,-4.805494902810412e-12
pair_inhibition-0p5ns,B,PCHIP,4.5056000000000005e-06,1.1602805332547728e-08,1.1613308905370394e-08,-1.0503572822666465e-11
pair_inhibition-0p5ns,B,PCHIP,4.608e-06,1.3046245768146517e-08,1.3050490789786611e-08,-4.245021640093606e-12
pair_inhibition-0p5ns,B,PCHIP,4.7104e-06,1.3737048248237052e-08,1.3740570789033652e-08,-3.5225407966003112e-12
pair_inhibition-0p5ns,B,PCHIP,4.8128e-06,1.4129356312009092e-08,1.4132579628750366e-08,-3.223316741273813e-12
pair_inhibition-0p5ns,B,PCHIP,4.9152e-06,1.4394609000049702e-08,1.4397698805930679e-08,-3.089805880976817e-12
pair_inhibition-0p5ns,B,PCHIP,5.0176e-06,1.4600862714301356e-08,1.4603929973858903e-08,-3.067259557546742e-12
pair_inhibition-0p5ns,B,PCHIP,5.12e-06,1.477633332696982e-08,1.4779552690193648e-08,-3.219363223828447e-12
pair_inhibition-0p5ns,B,PCHIP,5.2224e-06,1.4932492194451063e-08,1.4935099143587056e-08,-2.606949135993011e-12
pair_inhibition-0p5ns,B,PCHIP,5.3248e-06,1.507684275576e-08,1.507966460834229e-08,-2.821852582289507e-12
pair_inhibition-0p5ns,B,PCHIP,5.4272e-06,1.5222586205441466e-08,1.522544889460227e-08,-2.8626891608049176e-12
pair_inhibition-0p5ns,B,PCHIP,5.5296e-06,1.5373330150708642e-08,1.5376189697951184e-08,-2.859547242541305e-12
pair_inhibition-0p5ns,B,PCHIP,5.6320000000000005e-06,1.5529112744821613e-08,1.553195490860808e-08,-2.842163786465647e-12
pair_inhibition-0p5ns,B,PCHIP,5.7344000000000005e-06,1.5690321366745473e-08,1.569314536637894e-08,-2.823999633466582e-12
pair_inhibition-0p5ns,B,PCHIP,5.836800000000001e-06,1.5859444120157863e-08,1.58622532220519e-08,-2.809101894035604e-12
pair_inhibition-0p5ns,B,PCHIP,5.9392e-06,1.6042105759757865e-08,1.604495096615358e-08,-2.8452063957145522e-12
pair_inhibition-0p5ns,B,PCHIP,6.0416e-06,1.624351514313281e-08,1.6246397097335398e-08,-2.8819542025883946e-12
pair_inhibition-0p5ns,B,PCHIP,6.144e-06,1.646136196011413e-08,1.6464268960778762e-08,-2.9070006646332306e-12
pair_inhibition-0p5ns,B,PCHIP,6.2464e-06,1.6692082725689473e-08,1.669500936325792e-08,-2.9266375684455484e-12
pair_inhibition-0p5ns,B,PCHIP,6.3488e-06,1.6932261913048766e-08,1.6935202079407784e-08,-2.9401663590186653e-12
pair_inhibition-0p5ns,B,PCHIP,6.4512e-06,1.717887855272106e-08,1.7181820948128702e-08,-2.942395407640407e-12
pair_inhibition-0p5ns,B,PCHIP,6.5536e-06,1.7429370335721402e-08,1.7432356419309983e-08,-2.986083588581762e-12
pair_inhibition-0p5ns,B,PCHIP,6.656e-06,1.768188372695562e-08,1.7684862023171346e-08,-2.9782962157262457e-12
pair_inhibition-0p5ns,B,PCHIP,6.7584e-06,1.7934969917652008e-08,1.793794693960272e-08,-2.977021950712623e-12
pair_inhibition-0p5ns,B,PCHIP,6.8608000000000004e-06,1.818774340833802e-08,1.8190719637646486e-08,-2.976229308467373e-12
pair_inhibition-0p5ns,B,PCHIP,6.9632000000000005e-06,1.843972229786489e-08,1.8442697392608047e-08,-2.975094743158447e-12
pair_inhibition-0p5ns,B,PCHIP,7.065600000000001e-06,1.8690726645552698e-08,1.8693700409602606e-08,-2.973764049908374e-12
pair_inhibition-0p5ns,B,PCHIP,7.168000000000001e-06,1.8940774508073776e-08,1.894374697816868e-08,-2.9724700949058258e-12
pair_inhibition-0p5ns,B,PCHIP,7.2704e-06,1.9189992100178298e-08,1.919296349321268e-08,-2.9713930343824472e-12
pair_inhibition-0p5ns,B,PCHIP,7.3728e-06,1.9438546244635808e-08,1.944151688173015e-08,-2.9706370943428083e-12
pair_inhibition-0p5ns,B,PCHIP,7.4752e-06,1.9686600286972616e-08,1.968957052445791e-08,-2.970237485294708e-12
pair_inhibition-0p5ns,B,PCHIP,7.5776e-06,1.99342903454991e-08,1.993726050438007e-08,-2.970158880971384e-12
pair_inhibition-0p5ns,B,PCHIP,7.680000000000001e-06,2.0181717001398267e-08,2.0184687320530285e-08,-2.9703191320181038e-12
pair_inhibition-0p5ns,B,PCHIP,7.7824e-06,2.0428947886095192e-08,2.0431918520259022e-08,-2.970634163830495e-12
pair_inhibition-0p5ns,B,PCHIP,7.8848e-06,2.0676028715000696e-08,2.0678999760012785e-08,-2.9710450120892894e-12
pair_inhibition-0p5ns,B,PCHIP,7.9872e-06,2.0923006531311074e-08,2.0925977950695854e-08,-2.971419384780034e-12
pair_inhibition-0p5ns,B,PCHIP,8.0896e-06,2.1170008202283306e-08,2.1172975537691842e-08,-2.9673354085360874e-12
pair_inhibition-0p5ns,B,PCHIP,8.192e-06,2.1418422748928244e-08,2.142143026157191e-08,-3.007512643664942e-12
pair_inhibition-0p5ns,B,PCHIP,8.2944e-06,2.1672938875144417e-08,2.167597797662057e-08,-3.0391014761511017e-12
pair_inhibition-0p5ns,B,PCHIP,8.3968e-06,2.192962606603233e-08,2.193266409774571e-08,-3.0380317133790465e-12
pair_inhibition-0p5ns,B,PCHIP,8.4992e-06,2.2180371548546117e-08,2.2183384667520455e-08,-3.013118974338035e-12
pair_inhibition-0p5ns,B,PCHIP,8.6016e-06,2.2422301599782436e-08,2.2425306007666425e-08,-3.004407883988954e-12
pair_inhibition-0p5ns,B,PCHIP,8.704e-06,2.2657081291297163e-08,2.2660074285054462e-08,-2.992993757298866e-12
pair_inhibition-0p5ns,B,PCHIP,8.806400000000001e-06,2.288683320786288e-08,2.2889764791349437e-08,-2.9315834865581304e-12
pair_inhibition-0p5ns,B,PCHIP,8.9088e-06,2.31132358976494e-08,2.311617612902078e-08,-2.9402313713781706e-12
pair_inhibition-0p5ns,B,PCHIP,9.011200000000001e-06,2.3337916671897917e-08,2.3340853899528955e-08,-2.937227631038538e-12
pair_inhibition-0p5ns,B,PCHIP,9.1136e-06,2.3562343188369043e-08,2.3565277012168666e-08,-2.9338237996228835e-12
pair_inhibition-0p5ns,B,PCHIP,9.216e-06,2.378804888078254e-08,2.37909813599143e-08,-2.932479131758549e-12
pair_inhibition-0p5ns,B,PCHIP,9.3184e-06,2.4016583610769556e-08,2.4019517775041696e-08,-2.934164272139329e-12
pair_inhibition-0p5ns,B,PCHIP,9.4208e-06,2.4249283299276465e-08,2.425222458424364e-08,-2.94128496717316e-12
pair_inhibition-0p5ns,B,PCHIP,9.5232e-06,2.4486729892041296e-08,2.4489679531942048e-08,-2.949639900751483e-12
pair_inhibition-0p5ns,B,PCHIP,9.6256e-06,2.4728235707099736e-08,2.4731191294308277e-08,-2.9555872085410477e-12
pair_inhibition-0p5ns,B,PCHIP,9.728e-06,2.4972842374634276e-08,2.4975802140203052e-08,-2.9597655687762606e-12
pair_inhibition-0p5ns,B,PCHIP,9.8304e-06,2.5219642855297334e-08,2.5222602496791116e-08,-2.9596414937821077e-12
pair_inhibition-0p5ns,B,PCHIP,9.932800000000001e-06,2.546782769288479e-08,2.5470804825291564e-08,-2.9771324067735603e-12
pair_inhibition-0p5ns,B,PCHIP,1.00352e-05,2.5716804128202283e-08,2.5719778023757325e-08,-2.973895555042453e-12
pair_inhibition-0p5ns,B,PCHIP,1.0137600000000001e-05,2.5966078157467846e-08,2.596905181292383e-08,-2.9736554559831968e-12
pair_inhibition-0p5ns,B,PCHIP,1.024e-05,2.621532821872201e-08,2.6218301885719397e-08,-2.9736669973861295e-12
pair_inhibition-0p5ns,B,PCHIP,1.0342400000000001e-05,2.646435143514523e-08,2.646732500923822e-08,-2.9735740929893686e-12
pair_inhibition-0p5ns,B,PCHIP,1.04448e-05,2.671303753757854e-08,2.6716010927007898e-08,-2.9733894293579217e-12
pair_inhibition-0p5ns,B,PCHIP,1.05472e-05,2.6961342559241207e-08,2.6964315735215278e-08,-2.973175974070746e-12
pair_inhibition-0p5ns,B,PCHIP,1.06496e-05,2.7209266680846884e-08,2.7212239673912266e-08,-2.972993065382378e-12
pair_inhibition-0p5ns,B,PCHIP,1.0752e-05,2.7456838374573286e-08,2.745981125823116e-08,-2.9728836578754374e-12
pair_inhibition-0p5ns,B,PCHIP,1.08544e-05,2.7704107460386837e-08,2.77070803140702e-08,-2.972853683361359e-12
pair_inhibition-0p5ns,B,PCHIP,1.09568e-05,2.7951157859279324e-08,2.7954130239524647e-08,-2.972380245323463e-12
pair_inhibition-0p5ns,B,PCHIP,1.10592e-05,2.8198256533990257e-08,2.820122535853816e-08,-2.9688245479016226e-12
pair_inhibition-0p5ns,B,PCHIP,1.11616e-05,2.844805910697065e-08,2.8451076038916537e-08,-3.0169319458878276e-12
pair_inhibition-0p5ns,B,PCHIP,1.1264000000000001e-05,2.870206662041127e-08,2.870509184487467e-08,-3.025224463401595e-12
pair_inhibition-0p5ns,B,PCHIP,1.13664e-05,2.895493996387434e-08,2.895795780741472e-08,-3.0178435403811533e-12
pair_inhibition-0p5ns,B,PCHIP,1.1468800000000001e-05,2.9201645111798332e-08,2.9204650130309464e-08,-3.005018511132508e-12
pair_inhibition-0p5ns,B,PCHIP,1.15712e-05,2.9441758746175e-08,2.9444769959332548e-08,-3.011213157548768e-12
pair_inhibition-0p5ns,B,PCHIP,1.1673600000000001e-05,2.967684080959045e-08,2.9679779474257963e-08,-2.938664667514898e-12
pair_inhibition-0p5ns,B,PCHIP,1.1776e-05,2.99083578629688e-08,2.991130538195608e-08,-2.9475189872806984e-12
pair_inhibition-0p5ns,B,PCHIP,1.18784e-05,3.0137848208567106e-08,3.014079455554702e-08,-2.94634697991266e-12
pair_inhibition-0p5ns,B,PCHIP,1.19808e-05,3.036661328393045e-08,3.03695564585687e-08,-2.9431746382505203e-12
pair_inhibition-0p5ns,B,PCHIP,1.20832e-05,3.0595940709314356e-08,3.0598881842351145e-08,-2.941133036789161e-12
pair_inhibition-0p5ns,B,PCHIP,1.21856e-05,3.082713370817543e-08,3.08300751164653e-08,-2.9414082898730155e-12
pair_inhibition-0p5ns,B,PCHIP,1.2288e-05,3.106139558732652e-08,3.1064339967384065e-08,-2.944380057547847e-12
pair_inhibition-0p5ns,B,PCHIP,1.23904e-05,3.129959141905591e-08,3.1302543850629405e-08,-2.9524315734920617e-12
pair_inhibition-0p5ns,B,PCHIP,1.24928e-05,3.154173939674522e-08,3.154469784403043e-08,-2.9584472852073747e-12
pair_inhibition-0p5ns,B,PCHIP,1.2595200000000001e-05,3.178709961473708e-08,3.179006268844421e-08,-2.9630737071277725e-12
pair_inhibition-0p5ns,B,PCHIP,1.26976e-05,3.203486788648554e-08,3.203783364454728e-08,-2.9657580617402287e-12
pair_inhibition-0p5ns,B,PCHIP,1.2800000000000001e-05,3.228429413308925e-08,3.228726496518018e-08,-2.9708320909291788e-12
pair_inhibition-0p5ns,B,PCHIP,1.29024e-05,3.253474331459923e-08,3.2537722356918376e-08,-2.979042319149107e-12
pair_inhibition-0p5ns,B,PCHIP,1.3004800000000001e-05,3.278572711328976e-08,3.2788704798522995e-08,-2.9776852332358267e-12
pair_inhibition-0p5ns,B,PCHIP,1.31072e-05,3.3036866131912686e-08,3.3039843852247087e-08,-2.977720334400275e-12
pair_inhibition-0p5ns,B,PCHIP,1.32096e-05,3.32879112806998e-08,3.329088903515765e-08,-2.977754457850474e-12
pair_inhibition-0p5ns,B,PCHIP,1.3312e-05,3.3538708669396076e-08,3.354168634819192e-08,-2.9776787958449845e-12
pair_inhibition-0p5ns,B,PCHIP,1.34144e-05,3.378917765827545e-08,3.379215519248279e-08,-2.9775342073407406e-12
pair_inhibition-0p5ns,B,PCHIP,1.35168e-05,3.4039289855886196e-08,3.4042267235973695e-08,-2.977380087498996e-12
pair_inhibition-0p5ns,B,PCHIP,1.36192e-05,3.428905234353989e-08,3.429202961080254e-08,-2.9772672626508647e-12
pair_inhibition-0p5ns,B,PCHIP,1.3721600000000001e-05,3.453849741896161e-08,3.454147464594811e-08,-2.9772269864989205e-12
pair_inhibition-0p5ns,B,PCHIP,1.3824e-05,3.478768436112394e-08,3.479066154034004e-08,-2.977179216097244e-12
pair_inhibition-0p5ns,B,PCHIP,1.3926400000000001e-05,3.503674893140444e-08,3.5039722311615704e-08,-2.973380211263793e-12
pair_inhibition-0p5ns,B,PCHIP,1.40288e-05,3.52868162291658e-08,3.528981981099701e-08,-3.0035818312073877e-12
pair_inhibition-0p5ns,B,PCHIP,1.4131200000000001e-05,3.554151462925363e-08,3.5544542762568864e-08,-3.0281333152359623e-12
pair_inhibition-0p5ns,B,PCHIP,1.42336e-05,3.5798018491882633e-08,3.580104711128623e-08,-3.02861940359512e-12
pair_inhibition-0p5ns,B,PCHIP,1.4336000000000001e-05,3.6050127746563325e-08,3.605313948163683e-08,-3.011735073505697e-12
pair_inhibition-0p5ns,B,PCHIP,1.44384e-05,3.629522904279942e-08,3.629823549236088e-08,-3.0064495614582853e-12
pair_inhibition-0p5ns,B,PCHIP,1.45408e-05,3.65343655445505e-08,3.65373465244418e-08,-2.9809798912995197e-12
pair_inhibition-0p5ns,B,PCHIP,1.46432e-05,3.6769193526672337e-08,3.677213923614859e-08,-2.945709476254871e-12
pair_inhibition-0p5ns,B,PCHIP,1.47456e-05,3.70012461673113e-08,3.700419555939534e-08,-2.9493920840375546e-12
pair_inhibition-0p5ns,B,PCHIP,1.4848e-05,3.7231964938283675e-08,3.723491148464926e-08,-2.9465463655855353e-12
pair_inhibition-0p5ns,B,PCHIP,1.49504e-05,3.746265546044833e-08,3.746559934907965e-08,-2.9438886313194045e-12
pair_inhibition-0p5ns,B,PCHIP,1.5052800000000001e-05,3.769462546817532e-08,3.769756860690555e-08,-2.9431387302342503e-12
pair_inhibition-0p5ns,B,PCHIP,1.51552e-05,3.7929133923986434e-08,3.793207886488861e-08,-2.9449409021761933e-12
pair_inhibition-0p5ns,B,PCHIP,1.5257600000000001e-05,3.816721159501756e-08,3.8170161814190296e-08,-2.950219172733798e-12
pair_inhibition-0p5ns,B,PCHIP,1.5360000000000002e-05,3.8409332474001977e-08,3.8412290025132956e-08,-2.9575511309798594e-12
pair_inhibition-0p5ns,B,PCHIP,1.54624e-05,3.865500549414701e-08,3.865796823366065e-08,-2.9627395136400953e-12
pair_inhibition-0p5ns,B,PCHIP,1.55648e-05,3.890344519061707e-08,3.8906411657277046e-08,-2.9664666599768625e-12
pair_inhibition-0p5ns,B,PCHIP,1.56672e-05,3.915388422202141e-08,3.9156850710622165e-08,-2.966488600757322e-12
pair_inhibition-0p5ns,B,PCHIP,1.57696e-05,3.940561861066285e-08,3.9408600645283864e-08,-2.982034621013545e-12
pair_inhibition-0p5ns,B,PCHIP,1.5872e-05,3.965811894916213e-08,3.966109851584808e-08,-2.979566685946238e-12
pair_inhibition-0p5ns,B,PCHIP,1.59744e-05,3.991093422916153e-08,3.991391363419259e-08,-2.979405031058213e-12
pair_inhibition-0p5ns,B,PCHIP,1.60768e-05,4.01637604951007e-08,4.016673998520792e-08,-2.979490107219489e-12
pair_inhibition-0p5ns,B,PCHIP,1.61792e-05,4.0416398886273175e-08,4.0419378356363894e-08,-2.9794700907192146e-12
pair_inhibition-0p5ns,B,PCHIP,1.62816e-05,4.066873488441277e-08,4.0671714235261856e-08,-2.9793508490869646e-12
pair_inhibition-0p5ns,B,PCHIP,1.6384e-05,4.0920716624298753e-08,4.0923695815908816e-08,-2.979191610062637e-12
pair_inhibition-0p5ns,B,PCHIP,1.6486400000000002e-05,4.1172336033271336e-08,4.1175315084575725e-08,-2.9790513043885848e-12
pair_inhibition-0p5ns,B,PCHIP,1.65888e-05,4.1423615309285604e-08,4.1426594283454276e-08,-2.9789741686714986e-12
pair_inhibition-0p5ns,B,PCHIP,1.66912e-05,4.1674602371486284e-08,4.1677581330813654e-08,-2.9789593273704784e-12
pair_inhibition-0p5ns,B,PCHIP,1.67936e-05,4.192539104167203e-08,4.192836899018049e-08,-2.977948508459861e-12
pair_inhibition-0p5ns,B,PCHIP,1.6896000000000002e-05,4.2176381656680383e-08,4.217936120381323e-08,-2.9795471328457775e-12
pair_inhibition-0p5ns,B,PCHIP,1.69984e-05,4.2430894853811584e-08,4.243391930558155e-08,-3.024451769963467e-12
pair_inhibition-0p5ns,B,PCHIP,1.71008e-05,4.268943364583451e-08,4.269246512545736e-08,-3.0314796228475324e-12
pair_inhibition-0p5ns,B,PCHIP,1.72032e-05,4.2946001836606524e-08,4.294902256809026e-08,-3.0207314837333045e-12
pair_inhibition-0p5ns,B,PCHIP,1.73056e-05,4.319575603848661e-08,4.319876513878897e-08,-3.009100302362323e-12
pair_inhibition-0p5ns,B,PCHIP,1.7408e-05,4.3438713568735105e-08,4.344173394713488e-08,-3.0203783997763946e-12
pair_inhibition-0p5ns,B,PCHIP,1.75104e-05,4.367659654102873e-08,4.367952905506376e-08,-2.932514035034925e-12
pair_inhibition-0p5ns,B,PCHIP,1.7612800000000002e-05,4.391090488435816e-08,4.3913855367479416e-08,-2.9504831212563812e-12
pair_inhibition-0p5ns,B,PCHIP,1.77152e-05,4.4143275901878905e-08,4.4146224701996054e-08,-2.9488001171489426e-12
pair_inhibition-0p5ns,B,PCHIP,1.78176e-05,4.4375060234579744e-08,4.4378006026196596e-08,-2.9457916168514145e-12
pair_inhibition-0p5ns,B,PCHIP,1.792e-05,4.4607587594684186e-08,4.4610531786750196e-08,-2.944192066009977e-12
pair_inhibition-0p5ns,B,PCHIP,1.8022400000000002e-05,4.48421632490392e-08,4.484510824891271e-08,-2.9449998735099537e-12
pair_inhibition-0p5ns,B,PCHIP,1.81248e-05,4.507993881736442e-08,4.508288733406237e-08,-2.9485166979527928e-12
pair_inhibition-0p5ns,B,PCHIP,1.82272e-05,4.532167474261258e-08,4.532463134628997e-08,-2.9566036773864163e-12
pair_inhibition-0p5ns,B,PCHIP,1.83296e-05,4.5567255225628526e-08,4.557021757449346e-08,-2.962348864936645e-12
pair_inhibition-0p5ns,B,PCHIP,1.8432e-05,4.5815942614969954e-08,4.581890941105955e-08,-2.966796089599043e-12
pair_inhibition-0p5ns,B,PCHIP,1.85344e-05,4.6066955527174586e-08,4.6069924548588886e-08,-2.9690214142999893e-12
pair_inhibition-0p5ns,B,PCHIP,1.86368e-05,4.63195592490532e-08,4.632253632447949e-08,-2.977075426291481e-12
pair_inhibition-0p5ns,B,PCHIP,1.8739200000000002e-05,4.657314341869265e-08,4.6576125405983715e-08,-2.9819872910623837e-12
pair_inhibition-0p5ns,B,PCHIP,1.88416e-05,4.682722050176785e-08,4.683020170311551e-08,-2.981201347659915e-12
pair_inhibition-0p5ns,B,PCHIP,1.8944e-05,4.7081423122047405e-08,4.7084404415728856e-08,-2.981293681450946e-12
pair_inhibition-0p5ns,B,PCHIP,1.90464e-05,4.73355070939918e-08,4.733848842191696e-08,-2.981327925159971e-12
pair_inhibition-0p5ns,B,PCHIP,1.9148800000000002e-05,4.7589322553254466e-08,4.759230379494982e-08,-2.981241695353056e-12
pair_inhibition-0p5ns,B,PCHIP,1.92512e-05,4.7842792430473275e-08,4.784577351660891e-08,-2.9810861356347105e-12
pair_inhibition-0p5ns,B,PCHIP,1.93536e-05,4.8095892036837616e-08,4.809887296212506e-08,-2.9809252874463064e-12
pair_inhibition-0p5ns,B,PCHIP,1.9456e-05,4.834863294021361e-08,4.8351613753281674e-08,-2.9808130680612963e-12
pair_inhibition-0p5ns,B,PCHIP,1.9558400000000002e-05,4.860105408209886e-08,4.860403485936783e-08,-2.9807772689747867e-12
pair_inhibition-0p5ns,B,PCHIP,1.96608e-05,4.88532286324741e-08,4.885620924727536e-08,-2.9806148012593874e-12
pair_inhibition-0p5ns,B,PCHIP,1.97632e-05,4.9105352403815614e-08,4.9108327823608635e-08,-2.9754197930214113e-12
pair_inhibition-0p5ns,B,PCHIP,1.9865600000000002e-05,4.935940222343196e-08,4.936242403396262e-08,-3.0218105306581322e-12
pair_inhibition-0p5ns,B,PCHIP,1.9968e-05,4.961852507785422e-08,4.9621560591727904e-08,-3.035513873684821e-12
pair_inhibition-0p5ns,B,PCHIP,2e-05,4.969995959158306e-08,4.9702994760505656e-08,-3.0351689225941634e-12
pair_inhibition-0p5ns,A,CS,0.0,0.0,0.0,0.0
pair_inhibition-0p5ns,A,CS,1.024e-07,2.5493221696820437e-13,2.603233594743975e-13,-5.3911425061931346e-15
pair_inhibition-0p5ns,A,CS,2.048e-07,1.957330769663399e-12,1.976172047164116e-12,-1.8841277500716714e-14
pair_inhibition-0p5ns,A,CS,3.072e-07,6.30001576741361e-12,6.339276742628224e-12,-3.926097521461352e-14
pair_inhibition-0p5ns,A,CS,4.096e-07,1.4242834509123006e-11,1.430786061062624e-11,-6.50261015032335e-14
pair_inhibition-0p5ns,A,CS,5.12e-07,2.6561944832939406e-11,2.6656907280097016e-11,-9.496244715761035e-14
pair_inhibition-0p5ns,A,CS,6.144e-07,4.38893180287425e-11,4.4017312647539834e-11,-1.2799461879733325e-13
pair_inhibition-0p5ns,A,CS,7.168000000000001e-07,6.674210906689944e-11,6.69054623133476e-11,-1.633532464481684e-13
pair_inhibition-0p5ns,A,CS,8.192e-07,9.554510057096313e-11,9.574544762887318e-11,-2.0034705791004543e-13
pair_inhibition-0p5ns,A,CS,9.216e-07,1.3064755674351514e-10,1.3088596027121329e-10,-2.384035276981459e-13
pair_inhibition-0p5ns,A,CS,1.024e-06,1.723364573788093e-10,1.7261350627623984e-10,-2.770488974305287e-13
pair_inhibition-0p5ns,A,CS,1.1264000000000001e-06,2.2084737918483385e-10,2.2116319835593798e-10,-3.1581917110412117e-13
pair_inhibition-0p5ns,A,CS,1.2288e-06,2.7637362164720843e-10,2.767280983156772e-10,-3.5447666846877335e-13
pair_inhibition-0p5ns,A,CS,1.3312e-06,3.390751367321548e-10,3.394679071709156e-10,-3.927704387608123e-13
pair_inhibition-0p5ns,A,CS,1.4336000000000001e-06,4.090872364549286e-10,4.095177478532907e-10,-4.305113983620757e-13
pair_inhibition-0p5ns,A,CS,1.536e-06,4.86530312186806e-10,4.869978889815282e-10,-4.675767947221447e-13
pair_inhibition-0p5ns,A,CS,1.6384e-06,5.715219012124593e-10,5.72025634327261e-10,-5.037331148016584e-13
pair_inhibition-0p5ns,A,CS,1.7408000000000001e-06,6.641920747273674e-10,6.64731615663317e-10,-5.395409359495882e-13
pair_inhibition-0p5ns,A,CS,1.8432e-06,7.647130085271574e-10,7.65285680070073e-10,-5.726715429156281e-13
pair_inhibition-0p5ns,A,CS,1.9456e-06,8.73334441377716e-10,8.739488148639689e-10,-6.143734862528717e-13
pair_inhibition-0p5ns,A,CS,2.048e-06,9.90637018470595e-10,9.912555715333669e-10,-6.185530627719758e-13
pair_inhibition-0p5ns,A,CS,2.1504e-06,1.1229642708300946e-09,1.1237882515368864e-09,-8.239807067918676e-13
pair_inhibition-0p5ns,A,CS,2.2528000000000003e-06,1.3025664941839764e-09,1.3030614616341263e-09,-4.949674501498744e-13
pair_inhibition-0p5ns,A,CS,2.3552e-06,1.7798573631043403e-09,1.7858186081862615e-09,-5.9612450819211885e-12
pair_inhibition-0p5ns,A,CS,2.4576e-06,3.9697919034750494e-09,3.976860727979819e-09,-7.068824504769961e-12
pair_inhibition-0p5ns,A,CS,2.56e-06,4.893758631451535e-09,4.901387473147968e-09,-7.628841696432568e-12
pair_inhibition-0p5ns,A,CS,2.6624e-06,5.33018443659886e-09,5.3367921925317684e-09,-6.607755932908635e-12
pair_inhibition-0p5ns,A,CS,2.7648e-06,5.575974183086021e-09,5.5826347794601406e-09,-6.660596374119795e-12
pair_inhibition-0p5ns,A,CS,2.8672000000000003e-06,5.741471376766445e-09,5.748005142161268e-09,-6.53376539482292e-12
pair_inhibition-0p5ns,A,CS,2.9696e-06,5.869325950027534e-09,5.875840673815272e-09,-6.514723787737931e-12
pair_inhibition-0p5ns,A,CS,3.072e-06,5.9753410881718095e-09,5.981834712492679e-09,-6.4936243208697895e-12
pair_inhibition-0p5ns,A,CS,3.1744e-06,6.059696795808862e-09,6.066093125026134e-09,-6.396329217271543e-12
pair_inhibition-0p5ns,A,CS,3.2768e-06,6.1196622571525475e-09,6.125972848021906e-09,-6.310590869358649e-12
pair_inhibition-0p5ns,A,CS,3.3792e-06,6.161642850380787e-09,6.16792528023485e-09,-6.282429854062564e-12
pair_inhibition-0p5ns,A,CS,3.4816000000000003e-06,6.195548302382457e-09,6.2018238884540625e-09,-6.275586071605641e-12
pair_inhibition-0p5ns,A,CS,3.5840000000000003e-06,6.228092593269047e-09,6.234379938879187e-09,-6.2873456101400494e-12
pair_inhibition-0p5ns,A,CS,3.6864e-06,6.2630796097702365e-09,6.269388824165683e-09,-6.30921439544685e-12
pair_inhibition-0p5ns,A,CS,3.7888e-06,6.302897399556168e-09,6.309235499370876e-09,-6.338099814707836e-12
pair_inhibition-0p5ns,A,CS,3.8912e-06,6.34945385422876e-09,6.355826293004101e-09,-6.372438775340866e-12
pair_inhibition-0p5ns,A,CS,3.9936e-06,6.4044518012012175e-09,6.410861892283798e-09,-6.410091082580453e-12
pair_inhibition-0p5ns,A,CS,4.096e-06,6.468681211920574e-09,6.475129952154912e-09,-6.448740234338081e-12
pair_inhibition-0p5ns,A,CS,4.1984e-06,6.542648743470019e-09,6.549136724176013e-09,-6.487980705994251e-12
pair_inhibition-0p5ns,A,CS,4.3008e-06,6.626839330681471e-09,6.633366911046002e-09,-6.527580364531001e-12
pair_inhibition-0p5ns,A,CS,4.4032000000000005e-06,6.721767771692057e-09,6.728335507214749e-09,-6.5677355226915525e-12
pair_inhibition-0p5ns,A,CS,4.5056000000000005e-06,6.828175462833031e-09,6.834784723083251e-09,-6.609260250220329e-12
pair_inhibition-0p5ns,A,CS,4.608e-06,6.9491778893776e-09,6.955841013619249e-09,-6.663124241649313e-12
pair_inhibition-0p5ns,A,CS,4.7104e-06,7.090650474849662e-09,7.097376905528563e-09,-6.7264306789015145e-12
pair_inhibition-0p5ns,A,CS,4.8128e-06,7.25627268212851e-09,7.263065569268089e-09,-6.792887139578821e-12
pair_inhibition-0p5ns,A,CS,4.9152e-06,7.449322099441486e-09,7.456198567134696e-09,-6.8764676932096545e-12
pair_inhibition-0p5ns,A,CS,5.0176e-06,7.676850258325994e-09,7.683796111850589e-09,-6.945853524594858e-12
pair_inhibition-0p5ns,A,CS,5.12e-06,7.965263586299758e-09,7.972577213125573e-09,-7.313626825815052e-12
pair_inhibition-0p5ns,A,CS,5.2224e-06,8.868017895931604e-09,8.879696770728007e-09,-1.167887479640289e-11
pair_inhibition-0p5ns,A,CS,5.3248e-06,1.02033692168005e-08,1.021140714086526e-08,-8.037924064759889e-12
pair_inhibition-0p5ns,A,CS,5.4272e-06,1.0788015570437086e-08,1.0796692314701711e-08,-8.676744264624743e-12
pair_inhibition-0p5ns,A,CS,5.5296e-06,1.10944612019812e-08,1.1102505001236828e-08,-8.043799255628311e-12
pair_inhibition-0p5ns,A,CS,5.6320000000000005e-06,1.128599600213518e-08,1.1294068574131963e-08,-8.072571996783834e-12
pair_inhibition-0p5ns,A,CS,5.7344000000000005e-06,1.1425865364013437e-08,1.1433856325654934e-08,-7.990961641497146e-12
pair_inhibition-0p5ns,A,CS,5.836800000000001e-06,1.1536103988036e-08,1.1544072319575478e-08,-7.968331539477552e-12
pair_inhibition-0p5ns,A,CS,5.9392e-06,1.1619636464961953e-08,1.1627483944621983e-08,-7.847479660029256e-12
pair_inhibition-0p5ns,A,CS,6.0416e-06,1.1677663295384396e-08,1.168544273755358e-08,-7.779442169184516e-12
pair_inhibition-0p5ns,A,CS,6.144e-06,1.1719620216958355e-08,1.1727374643584024e-08,-7.75442662566867e-12
pair_inhibition-0p5ns,A,CS,6.2464e-06,1.1755526974957505e-08,1.1763279240679836e-08,-7.752265722331497e-12
pair_inhibition-0p5ns,A,CS,6.3488e-06,1.1791644753311107e-08,1.1799411407515296e-08,-7.76665420418851e-12
pair_inhibition-0p5ns,A,CS,6.4512e-06,1.1831702516603013e-08,1.1839493725378372e-08,-7.791208775359355e-12
pair_inhibition-0p5ns,A,CS,6.5536e-06,1.1878392411607283e-08,1.1886215269160972e-08,-7.822857553689027e-12
pair_inhibition-0p5ns,A,CS,6.656e-06,1.1934102585481183e-08,1.1941963225607914e-08,-7.860640126731069e-12
pair_inhibition-0p5ns,A,CS,6.7584e-06,1.200006375328576e-08,1.200796285757784e-08,-7.899104292079794e-12
pair_inhibition-0p5ns,A,CS,6.8608000000000004e-06,1.2076817057880947e-08,1.2084755499690276e-08,-7.938441809328916e-12
pair_inhibition-0p5ns,A,CS,6.9632000000000005e-06,1.2164812969357187e-08,1.2172791035021795e-08,-7.978065664608366e-12
pair_inhibition-0p5ns,A,CS,7.065600000000001e-06,1.2264436985247272e-08,1.2272454719717711e-08,-8.017734470439056e-12
pair_inhibition-0p5ns,A,CS,7.168000000000001e-06,1.2376048172622917e-08,1.2384105495820813e-08,-8.05732319789568e-12
pair_inhibition-0p5ns,A,CS,7.2704e-06,1.2500031034005163e-08,1.2508127820803392e-08,-8.09678679822908e-12
pair_inhibition-0p5ns,A,CS,7.3728e-06,1.263686338850849e-08,1.2644999893394402e-08,-8.136504885912331e-12
pair_inhibition-0p5ns,A,CS,7.4752e-06,1.2787212858238848e-08,1.2795389854940277e-08,-8.176996701429684e-12
pair_inhibition-0p5ns,A,CS,7.5776e-06,1.2952090014254934e-08,1.2960309140629764e-08,-8.219126374830353e-12
pair_inhibition-0p5ns,A,CS,7.680000000000001e-06,1.3133128492946474e-08,1.3141395205918863e-08,-8.266712972388786e-12
pair_inhibition-0p5ns,A,CS,7.7824e-06,1.3333210840829485e-08,1.3341524846000775e-08,-8.314005171289976e-12
pair_inhibition-0p5ns,A,CS,7.8848e-06,1.3558033033107444e-08,1.3566451096242559e-08,-8.418063135114507e-12
pair_inhibition-0p5ns,A,CS,7.9872e-06,1.3822444195213085e-08,1.38308815284868e-08,-8.437333273715257e-12
pair_inhibition-0p5ns,A,CS,8.0896e-06,1.4199114381538469e-08,1.4208619319070452e-08,-9.50493753198267e-12
pair_inhibition-0p5ns,A,CS,8.192e-06,1.5644595603398107e-08,1.5657389109061736e-08,-1.2793505663629753e-11
pair_inhibition-0p5ns,A,CS,8.2944e-06,1.6522220068809255e-08,1.6533992343644604e-08,-1.1772274835348203e-11
pair_inhibition-0p5ns,A,CS,8.3968e-06,1.6940029877674507e-08,1.6951468002382883e-08,-1.1438124708376168e-11
pair_inhibition-0p5ns,A,CS,8.4992e-06,1.7178668569962152e-08,1.7189955434602162e-08,-1.1286864640010442e-11
pair_inhibition-0p5ns,A,CS,8.6016e-06,1.7340593080796414e-08,1.735181535320467e-08,-1.122227240825474e-11
pair_inhibition-0p5ns,A,CS,8.704e-06,1.7465116326667357e-08,1.747630646969786e-08,-1.119014303050319e-11
pair_inhibition-0p5ns,A,CS,8.806400000000001e-06,1.7564058254934053e-08,1.7575187093698762e-08,-1.1128838764708268e-11
pair_inhibition-0p5ns,A,CS,8.9088e-06,1.763786782525784e-08,1.764888994098504e-08,-1.1022115727199541e-11
pair_inhibition-0p5ns,A,CS,9.011200000000001e-06,1.76905383540482e-08,1.7701514867705044e-08,-1.0976513656844576e-11
pair_inhibition-0p5ns,A,CS,9.1136e-06,1.7731481515554948e-08,1.7742439175205554e-08,-1.0957659650606819e-11
pair_inhibition-0p5ns,A,CS,9.216e-06,1.776872996747299e-08,1.7779690719831728e-08,-1.0960752358737738e-11
pair_inhibition-0p5ns,A,CS,9.3184e-06,1.780731732919373e-08,1.7818294677877667e-08,-1.097734868393691e-11
pair_inhibition-0p5ns,A,CS,9.4208e-06,1.785048688129669e-08,1.786149010648138e-08,-1.1003225184688604e-11
pair_inhibition-0p5ns,A,CS,9.5232e-06,1.790081329202173e-08,1.791184943512115e-08,-1.1036143099417802e-11
pair_inhibition-0p5ns,A,CS,9.6256e-06,1.796062381249641e-08,1.7971697740498602e-08,-1.1073928002192532e-11
pair_inhibition-0p5ns,A,CS,9.728e-06,1.803093874377455e-08,1.804205141065041e-08,-1.1112666875860504e-11
pair_inhibition-0p5ns,A,CS,9.8304e-06,1.811228164614384e-08,1.812343364582619e-08,-1.115199968234747e-11
pair_inhibition-0p5ns,A,CS,9.932800000000001e-06,1.8205098811194217e-08,1.8216290408975772e-08,-1.1191597781555294e-11
pair_inhibition-0p5ns,A,CS,1.00352e-05,1.8309784091283543e-08,1.8321015330767227e-08,-1.1231239483683285e-11
pair_inhibition-0p5ns,A,CS,1.0137600000000001e-05,1.8426721096924584e-08,1.8437991948826366e-08,-1.127085190178125e-11
pair_inhibition-0p5ns,A,CS,1.024e-05,1.8556341571011913e-08,1.856765213449291e-08,-1.1310563480997338e-11
pair_inhibition-0p5ns,A,CS,1.0342400000000001e-05,1.8699205287636987e-08,1.8710555947039207e-08,-1.135065940222057e-11
pair_inhibition-0p5ns,A,CS,1.04448e-05,1.8856118112449075e-08,1.8867510080539178e-08,-1.1391968090103438e-11
pair_inhibition-0p5ns,A,CS,1.05472e-05,1.9028332318183076e-08,1.903976827211483e-08,-1.14359539317533e-11
pair_inhibition-0p5ns,A,CS,1.06496e-05,1.9217941627830682e-08,1.9229426546695244e-08,-1.148491886456189e-11
pair_inhibition-0p5ns,A,CS,1.0752e-05,1.9428807594170388e-08,1.9440355495013484e-08,-1.1547900843095753e-11
pair_inhibition-0p5ns,A,CS,1.08544e-05,1.966938788981368e-08,1.9681019901207086e-08,-1.1632011393405956e-11
pair_inhibition-0p5ns,A,CS,1.09568e-05,1.9966007803956968e-08,1.997788572568923e-08,-1.1877921732260962e-11
pair_inhibition-0p5ns,A,CS,1.10592e-05,2.0721354723315796e-08,2.0737451562867585e-08,-1.609683955178925e-11
pair_inhibition-0p5ns,A,CS,1.11616e-05,2.2107666273491895e-08,2.2120207841070456e-08,-1.2541567578560903e-11
pair_inhibition-0p5ns,A,CS,1.1264000000000001e-05,2.2713170398598512e-08,2.2726484065136026e-08,-1.3313666537514021e-11
pair_inhibition-0p5ns,A,CS,1.13664e-05,2.3027916842177333e-08,2.3040529321681653e-08,-1.2612479504319365e-11
pair_inhibition-0p5ns,A,CS,1.1468800000000001e-05,2.322297869654359e-08,2.3235634853009426e-08,-1.2656156465836186e-11
pair_inhibition-0p5ns,A,CS,1.15712e-05,2.3364626502892792e-08,2.3377194354211712e-08,-1.2567851318919868e-11
pair_inhibition-0p5ns,A,CS,1.1673600000000001e-05,2.347662269204459e-08,2.3489170146121654e-08,-1.25474540770644e-11
pair_inhibition-0p5ns,A,CS,1.1776e-05,2.3563558420918173e-08,2.3576002631377534e-08,-1.2444210459361051e-11
pair_inhibition-0p5ns,A,CS,1.18784e-05,2.362628850348161e-08,2.3638656407928335e-08,-1.2367904446724638e-11
pair_inhibition-0p5ns,A,CS,1.19808e-05,2.3672258695881315e-08,2.368459614850233e-08,-1.2337452621013996e-11
pair_inhibition-0p5ns,A,CS,1.20832e-05,2.3710799210418795e-08,2.3723129086414415e-08,-1.2329875995620289e-11
pair_inhibition-0p5ns,A,CS,1.21856e-05,2.374839950149245e-08,2.376073975884115e-08,-1.2340257348699505e-11
pair_inhibition-0p5ns,A,CS,1.2288e-05,2.3789068078586156e-08,2.3801429864581032e-08,-1.2361785994875907e-11
pair_inhibition-0p5ns,A,CS,1.23904e-05,2.38356294209706e-08,2.3848020280456105e-08,-1.2390859485505137e-11
pair_inhibition-0p5ns,A,CS,1.24928e-05,2.3890617050970974e-08,2.3903044905764948e-08,-1.242785479397349e-11
pair_inhibition-0p5ns,A,CS,1.2595200000000001e-05,2.3955813178256042e-08,2.3968278947539725e-08,-1.2465769283683546e-11
pair_inhibition-0p5ns,A,CS,1.26976e-05,2.4031834759716774e-08,2.404433972295821e-08,-1.2504963241436144e-11
pair_inhibition-0p5ns,A,CS,1.2800000000000001e-05,2.4119167809859073e-08,2.41317123239883e-08,-1.2544514129227788e-11
pair_inhibition-0p5ns,A,CS,1.29024e-05,2.421823047821287e-08,2.423081462806135e-08,-1.2584149848477522e-11
pair_inhibition-0p5ns,A,CS,1.3004800000000001e-05,2.4329408306291223e-08,2.4342032090630584e-08,-1.2623784339360738e-11
pair_inhibition-0p5ns,A,CS,1.31072e-05,2.445310546987369e-08,2.4465768897731672e-08,-1.2663427857980662e-11
pair_inhibition-0p5ns,A,CS,1.32096e-05,2.45898140650028e-08,2.4602517443430073e-08,-1.2703378427271502e-11
pair_inhibition-0p5ns,A,CS,1.3312e-05,2.4740212677651405e-08,2.4752956788846637e-08,-1.2744111195232151e-11
pair_inhibition-0p5ns,A,CS,1.34144e-05,2.4905322327420934e-08,2.4918108888844644e-08,-1.2786561423710487e-11
pair_inhibition-0p5ns,A,CS,1.35168e-05,2.5086791265111887e-08,2.5099625330783326e-08,-1.2834065671438695e-11
pair_inhibition-0p5ns,A,CS,1.36192e-05,2.528752502792003e-08,2.5300408224443924e-08,-1.288319652389326e-11
pair_inhibition-0p5ns,A,CS,1.3721600000000001e-05,2.5513284803373226e-08,2.552626763913705e-08,-1.2982835763824786e-11
pair_inhibition-0p5ns,A,CS,1.3824e-05,2.5779063423144635e-08,2.579208687267833e-08,-1.302344953369501e-11
pair_inhibition-0p5ns,A,CS,1.3926400000000001e-05,2.6158877818161565e-08,2.6172905315503138e-08,-1.4027497341573686e-11
pair_inhibition-0p5ns,A,CS,1.40288e-05,2.7580916673794672e-08,2.7598163593757234e-08,-1.7246919962561855e-11
pair_inhibition-0p5ns,A,CS,1.4131200000000001e-05,2.8439088212064193e-08,2.845536945078396e-08,-1.62812387197672e-11
pair_inhibition-0p5ns,A,CS,1.42336e-05,2.8849614304543172e-08,2.8865557918824386e-08,-1.5943614281213883e-11
pair_inhibition-0p5ns,A,CS,1.4336000000000001e-05,2.9085246293126628e-08,2.910104583634035e-08,-1.579954321372066e-11
pair_inhibition-0p5ns,A,CS,1.44384e-05,2.9245788423449784e-08,2.9261523526412813e-08,-1.5735102963028658e-11
pair_inhibition-0p5ns,A,CS,1.45408e-05,2.936943897778447e-08,2.938514266515581e-08,-1.570368737133908e-11
pair_inhibition-0p5ns,A,CS,1.46432e-05,2.9467449197397388e-08,2.9483087246927092e-08,-1.5638049529704352e-11
pair_inhibition-0p5ns,A,CS,1.47456e-05,2.9540341929509248e-08,2.9555875603474807e-08,-1.553367396555913e-11
pair_inhibition-0p5ns,A,CS,1.4848e-05,2.9592526197236016e-08,2.96080160608845e-08,-1.5489863648485348e-11
pair_inhibition-0p5ns,A,CS,1.49504e-05,2.9633439562453368e-08,2.9648911537823194e-08,-1.547197536982579e-11
pair_inhibition-0p5ns,A,CS,1.5052800000000001e-05,2.9670948582091283e-08,2.9686424280349057e-08,-1.54756982577739e-11
pair_inhibition-0p5ns,A,CS,1.51552e-05,2.9709983273105813e-08,2.972547595997645e-08,-1.5492686870635644e-11
pair_inhibition-0p5ns,A,CS,1.5257600000000001e-05,2.975375715644759e-08,2.976927603274016e-08,-1.5518876292572295e-11
pair_inhibition-0p5ns,A,CS,1.5360000000000002e-05,2.980486394030062e-08,2.982041618173822e-08,-1.5552241437603988e-11
pair_inhibition-0p5ns,A,CS,1.54624e-05,2.9865632944972666e-08,2.988122292731348e-08,-1.5589982340812213e-11
pair_inhibition-0p5ns,A,CS,1.55648e-05,2.993701650540393e-08,2.9952645275476866e-08,-1.5628770072935387e-11
pair_inhibition-0p5ns,A,CS,1.56672e-05,3.0019535762672e-08,3.0035203934635324e-08,-1.5668171963323652e-11
pair_inhibition-0p5ns,A,CS,1.57696e-05,3.0113636827611346e-08,3.012934466534191e-08,-1.5707837730560956e-11
pair_inhibition-0p5ns,A,CS,1.5872e-05,3.021971640156791e-08,3.0235463953947416e-08,-1.5747552379507162e-11
pair_inhibition-0p5ns,A,CS,1.59744e-05,3.0338166468229943e-08,3.0353953647081896e-08,-1.5787178851952983e-11
pair_inhibition-0p5ns,A,CS,1.60768e-05,3.046943563641415e-08,3.048526260836947e-08,-1.5826971955320843e-11
pair_inhibition-0p5ns,A,CS,1.61792e-05,3.061411444128881e-08,3.062998173649925e-08,-1.586729521044293e-11
pair_inhibition-0p5ns,A,CS,1.62816e-05,3.0773063057584e-08,3.078897207373486e-08,-1.5909016150865957e-11
pair_inhibition-0p5ns,A,CS,1.6384e-05,3.094763194218185e-08,3.096358593258547e-08,-1.5953990403616495e-11
pair_inhibition-0p5ns,A,CS,1.6486400000000002e-05,3.1140110752078206e-08,3.115611348616637e-08,-1.600273408816348e-11
pair_inhibition-0p5ns,A,CS,1.65888e-05,3.135479338102973e-08,3.1370869654655855e-08,-1.6076273626121516e-11
pair_inhibition-0p5ns,A,CS,1.66912e-05,3.160151112026008e-08,3.161765000446151e-08,-1.6138884201430535e-11
pair_inhibition-0p5ns,A,CS,1.67936e-05,3.1913569100797366e-08,3.193012389293572e-08,-1.6554792138352818e-11
pair_inhibition-0p5ns,A,CS,1.6896000000000002e-05,3.290302073739534e-08,3.292385518208836e-08,-2.0834444693022594e-11
pair_inhibition-0p5ns,A,CS,1.69984e-05,3.410854242578354e-08,3.412600877538271e-08,-1.746634959916649e-11
pair_inhibition-0p5ns,A,CS,1.71008e-05,3.4646039792187194e-08,3.466400453771741e-08,-1.7964745530218793e-11
pair_inhibition-0p5ns,A,CS,1.72032e-05,3.493370623793851e-08,3.495113600044815e-08,-1.7429762509640932e-11
pair_inhibition-0p5ns,A,CS,1.73056e-05,3.511714981644651e-08,3.513459254120895e-08,-1.7442724762439036e-11
pair_inhibition-0p5ns,A,CS,1.7408e-05,3.525300818977089e-08,3.5270380411295747e-08,-1.737222152485646e-11
pair_inhibition-0p5ns,A,CS,1.75104e-05,3.536088468230332e-08,3.537822671313852e-08,-1.734203083519807e-11
pair_inhibition-0p5ns,A,CS,1.7612800000000002e-05,3.5443688129777745e-08,3.546092112478558e-08,-1.723299500783687e-11
pair_inhibition-0p5ns,A,CS,1.77152e-05,3.5503130491177094e-08,3.552029848962747e-08,-1.7167998450373114e-11
pair_inhibition-0p5ns,A,CS,1.78176e-05,3.554747509114102e-08,3.556461621872769e-08,-1.714112758666838e-11
pair_inhibition-0p5ns,A,CS,1.792e-05,3.558567962396484e-08,3.560281673603495e-08,-1.713711207010877e-11
pair_inhibition-0p5ns,A,CS,1.8022400000000002e-05,3.562373096510265e-08,3.564088044684889e-08,-1.7149481746240567e-11
pair_inhibition-0p5ns,A,CS,1.81248e-05,3.566537165415825e-08,3.5682544086624024e-08,-1.7172432465775075e-11
pair_inhibition-0p5ns,A,CS,1.82272e-05,3.571334584251269e-08,3.573054843171248e-08,-1.720258919979505e-11
pair_inhibition-0p5ns,A,CS,1.83296e-05,3.577018597408443e-08,3.578742632723711e-08,-1.7240353152675595e-11
pair_inhibition-0p5ns,A,CS,1.8432e-05,3.5837422472978546e-08,3.585470103295535e-08,-1.7278559976805403e-11
pair_inhibition-0p5ns,A,CS,1.85344e-05,3.591561962504557e-08,3.593293743290383e-08,-1.7317807858253683e-11
pair_inhibition-0p5ns,A,CS,1.86368e-05,3.600525348809767e-08,3.6022610867610255e-08,-1.735737951258666e-11
pair_inhibition-0p5ns,A,CS,1.8739200000000002e-05,3.6106737456330046e-08,3.612413453812718e-08,-1.7397081797134855e-11
pair_inhibition-0p5ns,A,CS,1.88416e-05,3.6220461178797545e-08,3.623789796594728e-08,-1.7436787149735646e-11
pair_inhibition-0p5ns,A,CS,1.8944e-05,3.634684567647655e-08,3.6364322227214534e-08,-1.747655073798238e-11
pair_inhibition-0p5ns,A,CS,1.90464e-05,3.6486418624684616e-08,3.650393526745205e-08,-1.7516642767436635e-11
pair_inhibition-0p5ns,A,CS,1.9148800000000002e-05,3.6639923166949394e-08,3.6657480892436146e-08,-1.755772548675173e-11
pair_inhibition-0p5ns,A,CS,1.92512e-05,3.680849610203226e-08,3.6826097064678645e-08,-1.7600962646385448e-11
pair_inhibition-0p5ns,A,CS,1.93536e-05,3.69940050586217e-08,3.701165497458003e-08,-1.7649915958332135e-11
pair_inhibition-0p5ns,A,CS,1.9456e-05,3.7199822486188294e-08,3.721752539431086e-08,-1.770290812256304e-11
pair_inhibition-0p5ns,A,CS,1.9558400000000002e-05,3.74329473512642e-08,3.745075483427545e-08,-1.780748301124918e-11
pair_inhibition-0p5ns,A,CS,1.96608e-05,3.77132616611201e-08,3.773115949400321e-08,-1.7897832883107172e-11
pair_inhibition-0p5ns,A,CS,1.97632e-05,3.8199050561701805e-08,3.821906040841583e-08,-2.0009846714021884e-11
pair_inhibition-0p5ns,A,CS,1.9865600000000002e-05,3.970576690338341e-08,3.972586672132751e-08,-2.0099817944100064e-11
pair_inhibition-0p5ns,A,CS,1.9968e-05,4.0412145422923036e-08,4.043266840998534e-08,-2.0522987062307066e-11
pair_inhibition-0p5ns,A,CS,2e-05,4.054639904550778e-08,4.0566736140099035e-08,-2.0337094591254013e-11
pair_inhibition-0p5ns,B,CS,0.0,0.0,0.0,0.0
pair_inhibition-0p5ns,B,CS,1.024e-07,4.1292669787520045e-13,4.217113761467676e-13,-8.784678271567139e-15
pair_inhibition-0p5ns,B,CS,2.048e-07,3.1721159989372415e-12,3.202678040029702e-12,-3.0562041092460534e-14
pair_inhibition-0p5ns,B,CS,3.072e-07,1.0220015698564096e-11,1.0283696481771823e-11,-6.368078320772753e-14
pair_inhibition-0p5ns,B,CS,4.096e-07,2.3141653953822903e-11,2.3247187694889186e-11,-1.0553374106628338e-13
pair_inhibition-0p5ns,B,CS,5.12e-07,4.3252925045463773e-11,4.340720188806478e-11,-1.5427684260100455e-13
pair_inhibition-0p5ns,B,CS,6.144e-07,7.16696811838714e-11,7.187790418223401e-11,-2.0822299836260265e-13
pair_inhibition-0p5ns,B,CS,7.168000000000001e-07,1.0935814419756962e-10,1.0962433001832235e-10,-2.6618582075272534e-13
pair_inhibition-0p5ns,B,CS,8.192e-07,1.5717357407678358e-10,1.5750068089425804e-10,-3.271068174744594e-13
pair_inhibition-0p5ns,B,CS,9.216e-07,2.1589102272892807e-10,2.1628115612235092e-10,-3.9013339342284544e-13
pair_inhibition-0p5ns,B,CS,1.024e-06,2.8623334471071133e-10,2.866879227409484e-10,-4.545780302370464e-13
pair_inhibition-0p5ns,B,CS,1.1264000000000001e-06,3.68901203895947e-10,3.6942104170334995e-10,-5.198378074029226e-13
pair_inhibition-0p5ns,B,CS,1.2288e-06,4.646109164338861e-10,4.651965698335787e-10,-5.856533996925727e-13
pair_inhibition-0p5ns,B,CS,1.3312e-06,5.74150604183307e-10,5.748026809503094e-10,-6.520767670023719e-13
pair_inhibition-0p5ns,B,CS,1.4336000000000001e-06,6.984728641007221e-10,6.99192086041324e-10,-7.192219406019198e-13
pair_inhibition-0p5ns,B,CS,1.536e-06,8.388625645849173e-10,8.396496018104333e-10,-7.87037225515976e-13
pair_inhibition-0p5ns,B,CS,1.6384e-06,9.972648948920793e-10,9.981300126958585e-10,-8.651178037792188e-13
pair_inhibition-0p5ns,B,CS,1.7408000000000001e-06,1.177130533686953e-09,1.1780447936644962e-09,-9.142599775431872e-13
pair_inhibition-0p5ns,B,CS,1.8432e-06,1.3853898262928629e-09,1.386554021787343e-09,-1.164195494480089e-12
pair_inhibition-0p5ns,B,CS,1.9456e-06,1.6439498336911381e-09,1.6446883153764481e-09,-7.384816853099715e-13
pair_inhibition-0p5ns,B,CS,2.048e-06,2.2128634969435247e-09,2.2209490818310155e-09,-8.085584887490821e-12
pair_inhibition-0p5ns,B,CS,2.1504e-06,5.441847511875464e-09,5.451127553083476e-09,-9.280041208011636e-12
pair_inhibition-0p5ns,B,CS,2.2528000000000003e-06,6.812800711075795e-09,6.8233561482411166e-09,-1.055543716532149e-11
pair_inhibition-0p5ns,B,CS,2.3552e-06,7.472711373489658e-09,7.48163971911941e-09,-8.92834562975148e-12
pair_inhibition-0p5ns,B,CS,2.4576e-06,7.851538657969886e-09,7.86057910304557e-09,-9.040445075683737e-12
pair_inhibition-0p5ns,B,CS,2.56e-06,8.111023047641585e-09,8.119866103452721e-09,-8.843055811136415e-12
pair_inhibition-0p5ns,B,CS,2.6624e-06,8.31479447323764e-09,8.323617201762543e-09,-8.822728524903225e-12
pair_inhibition-0p5ns,B,CS,2.7648e-06,8.491096131203864e-09,8.499886974626645e-09,-8.790843422781502e-12
pair_inhibition-0p5ns,B,CS,2.8672000000000003e-06,8.652559837829001e-09,8.6613381684973e-09,-8.778330668299328e-12
pair_inhibition-0p5ns,B,CS,2.9696e-06,8.803455486789677e-09,8.812213158482433e-09,-8.757671692756923e-12
pair_inhibition-0p5ns,B,CS,3.072e-06,8.94263698694411e-09,8.951345594158576e-09,-8.70860721446585e-12
pair_inhibition-0p5ns,B,CS,3.1744e-06,9.067317659446797e-09,9.07595029812912e-09,-8.632638682322764e-12
pair_inhibition-0p5ns,B,CS,3.2768e-06,9.176494001682354e-09,9.185054160379619e-09,-8.56015869726468e-12
pair_inhibition-0p5ns,B,CS,3.3792e-06,9.272192494236757e-09,9.280701374525466e-09,-8.50888028870876e-12
pair_inhibition-0p5ns,B,CS,3.4816000000000003e-06,9.359236765801416e-09,9.36772100464041e-09,-8.484238838994752e-12
pair_inhibition-0p5ns,B,CS,3.5840000000000003e-06,9.444107933536678e-09,9.452594529066195e-09,-8.486595529517672e-12
pair_inhibition-0p5ns,B,CS,3.6864e-06,9.534010434798801e-09,9.542521336376053e-09,-8.510901577251326e-12
pair_inhibition-0p5ns,B,CS,3.7888e-06,9.637597610698876e-09,9.646165935798952e-09,-8.568325100076018e-12
pair_inhibition-0p5ns,B,CS,3.8912e-06,9.763121485560424e-09,9.771752321265075e-09,-8.630835704650656e-12
pair_inhibition-0p5ns,B,CS,3.9936e-06,9.91379352759862e-09,9.922495580390107e-09,-8.70205279148684e-12
pair_inhibition-0p5ns,B,CS,4.096e-06,1.0092674180115397e-08,1.0101453108121078e-08,-8.778928005681228e-12
pair_inhibition-0p5ns,B,CS,4.1984e-06,1.030426143778945e-08,1.0313132097871246e-08,-8.870660081795998e-12
pair_inhibition-0p5ns,B,CS,4.3008e-06,1.0557740944023197e-08,1.0566727327541184e-08,-8.986383517987142e-12
pair_inhibition-0p5ns,B,CS,4.4032000000000005e-06,1.0880827516935808e-08,1.0890085519013963e-08,-9.258002078155435e-12
pair_inhibition-0p5ns,B,CS,4.5056000000000005e-06,1.1599668032468205e-08,1.1613308905370394e-08,-1.3640872902189147e-11
pair_inhibition-0p5ns,B,CS,4.608e-06,1.3042442866051653e-08,1.3050490789786611e-08,-8.047923734957894e-12
pair_inhibition-0p5ns,B,CS,4.7104e-06,1.3731090920354734e-08,1.3740570789033652e-08,-9.479868678918004e-12
pair_inhibition-0p5ns,B,CS,4.8128e-06,1.4123978665171604e-08,1.4132579628750366e-08,-8.600963578761648e-12
pair_inhibition-0p5ns,B,CS,4.9152e-06,1.4389016857066581e-08,1.4397698805930679e-08,-8.681948864098022e-12
pair_inhibition-0p5ns,B,CS,5.0176e-06,1.459535491729689e-08,1.4603929973858903e-08,-8.575056562013521e-12
pair_inhibition-0p5ns,B,CS,5.12e-06,1.4770980311377604e-08,1.4779552690193648e-08,-8.572378816044763e-12
pair_inhibition-0p5ns,B,CS,5.2224e-06,1.4926618127997074e-08,1.4935099143587056e-08,-8.481015589982466e-12
pair_inhibition-0p5ns,B,CS,5.3248e-06,1.507117365293789e-08,1.507966460834229e-08,-8.490955404400385e-12
pair_inhibition-0p5ns,B,CS,5.4272e-06,1.5216970869993208e-08,1.522544889460227e-08,-8.4780246090626e-12
pair_inhibition-0p5ns,B,CS,5.5296e-06,1.5367718290572844e-08,1.5376189697951184e-08,-8.471407378339089e-12
pair_inhibition-0p5ns,B,CS,5.6320000000000005e-06,1.552349497766719e-08,1.553195490860808e-08,-8.459930940887846e-12
pair_inhibition-0p5ns,B,CS,5.7344000000000005e-06,1.5684693097778965e-08,1.569314536637894e-08,-8.45226859997519e-12
pair_inhibition-0p5ns,B,CS,5.836800000000001e-06,1.5853803526857518e-08,1.58622532220519e-08,-8.449695194380302e-12
pair_inhibition-0p5ns,B,CS,5.9392e-06,1.60364683998568e-08,1.604495096615358e-08,-8.482566296778187e-12
pair_inhibition-0p5ns,B,CS,6.0416e-06,1.6237891832851145e-08,1.6246397097335398e-08,-8.505264484252376e-12
pair_inhibition-0p5ns,B,CS,6.144e-06,1.6455737590809697e-08,1.6464268960778762e-08,-8.531369969065382e-12
pair_inhibition-0p5ns,B,CS,6.2464e-06,1.6686458808524485e-08,1.669500936325792e-08,-8.550554733433631e-12
pair_inhibition-0p5ns,B,CS,6.3488e-06,1.6926636583975106e-08,1.6935202079407784e-08,-8.56549543267832e-12
pair_inhibition-0p5ns,B,CS,6.4512e-06,1.7173245022186972e-08,1.7181820948128702e-08,-8.575925941729751e-12
pair_inhibition-0p5ns,B,CS,6.5536e-06,1.7423773771495626e-08,1.7432356419309983e-08,-8.582647814357627e-12
pair_inhibition-0p5ns,B,CS,6.656e-06,1.767627566445398e-08,1.7684862023171346e-08,-8.58635871736525e-12
pair_inhibition-0p5ns,B,CS,6.7584e-06,1.792935906762996e-08,1.793794693960272e-08,-8.587871972761336e-12
pair_inhibition-0p5ns,B,CS,6.8608000000000004e-06,1.8182131701758785e-08,1.8190719637646486e-08,-8.587935887700322e-12
pair_inhibition-0p5ns,B,CS,6.9632000000000005e-06,1.843411020456204e-08,1.8442697392608047e-08,-8.587188046007034e-12
pair_inhibition-0p5ns,B,CS,7.065600000000001e-06,1.868511429543792e-08,1.8693700409602606e-08,-8.586114164686166e-12
pair_inhibition-0p5ns,B,CS,7.168000000000001e-06,1.8935161936350317e-08,1.894374697816868e-08,-8.58504181836436e-12
pair_inhibition-0p5ns,B,CS,7.2704e-06,1.9184379334090034e-08,1.919296349321268e-08,-8.584159122646652e-12
pair_inhibition-0p5ns,B,CS,7.3728e-06,1.9432933339480586e-08,1.944151688173015e-08,-8.583542249564863e-12
pair_inhibition-0p5ns,B,CS,7.4752e-06,1.9680987323531495e-08,1.968957052445791e-08,-8.58320092641558e-12
pair_inhibition-0p5ns,B,CS,7.5776e-06,1.992867740460513e-08,1.993726050438007e-08,-8.583099774942086e-12
pair_inhibition-0p5ns,B,CS,7.680000000000001e-06,2.0176104104130215e-08,2.0184687320530285e-08,-8.583216400069709e-12
pair_inhibition-0p5ns,B,CS,7.7824e-06,2.0423335076831647e-08,2.0431918520259022e-08,-8.583443427375725e-12
pair_inhibition-0p5ns,B,CS,7.8848e-06,2.067041570140478e-08,2.0678999760012785e-08,-8.584058608006276e-12
pair_inhibition-0p5ns,B,CS,7.9872e-06,2.0917393829017874e-08,2.0925977950695854e-08,-8.584121677980267e-12
pair_inhibition-0p5ns,B,CS,8.0896e-06,2.1164387440274495e-08,2.1172975537691842e-08,-8.588097417346585e-12
pair_inhibition-0p5ns,B,CS,8.192e-06,2.1412834296420475e-08,2.142143026157191e-08,-8.595965151433885e-12
pair_inhibition-0p5ns,B,CS,8.2944e-06,2.1667355292729202e-08,2.167597797662057e-08,-8.622683891366412e-12
pair_inhibition-0p5ns,B,CS,8.3968e-06,2.1924034912777182e-08,2.193266409774571e-08,-8.629184968528041e-12
pair_inhibition-0p5ns,B,CS,8.4992e-06,2.2174776016601273e-08,2.2183384667520455e-08,-8.608650919181727e-12
pair_inhibition-0p5ns,B,CS,8.6016e-06,2.241670916035343e-08,2.2425306007666425e-08,-8.59684731299475e-12
pair_inhibition-0p5ns,B,CS,8.704e-06,2.2651490816516004e-08,2.2660074285054462e-08,-8.583468538458231e-12
pair_inhibition-0p5ns,B,CS,8.806400000000001e-06,2.288119174966877e-08,2.2889764791349437e-08,-8.57304168066805e-12
pair_inhibition-0p5ns,B,CS,8.9088e-06,2.310761208777144e-08,2.311617612902078e-08,-8.564041249340122e-12
pair_inhibition-0p5ns,B,CS,9.011200000000001e-06,2.3332296982878144e-08,2.3340853899528955e-08,-8.556916650811202e-12
pair_inhibition-0p5ns,B,CS,9.1136e-06,2.355672480964871e-08,2.3565277012168666e-08,-8.552202519955914e-12
pair_inhibition-0p5ns,B,CS,9.216e-06,2.378243051552582e-08,2.37909813599143e-08,-8.550844388479722e-12
pair_inhibition-0p5ns,B,CS,9.3184e-06,2.4010964489805918e-08,2.4019517775041696e-08,-8.553285235777483e-12
pair_inhibition-0p5ns,B,CS,9.4208e-06,2.4243664663904024e-08,2.425222458424364e-08,-8.559920339614174e-12
pair_inhibition-0p5ns,B,CS,9.5232e-06,2.4481112760578602e-08,2.4489679531942048e-08,-8.566771363445099e-12
pair_inhibition-0p5ns,B,CS,9.6256e-06,2.4722618324057018e-08,2.4731191294308277e-08,-8.572970251259728e-12
pair_inhibition-0p5ns,B,CS,9.728e-06,2.4967224314076465e-08,2.4975802140203052e-08,-8.577826126587026e-12
pair_inhibition-0p5ns,B,CS,9.8304e-06,2.5214021039293097e-08,2.5222602496791116e-08,-8.5814574980184e-12
pair_inhibition-0p5ns,B,CS,9.932800000000001e-06,2.546222085443707e-08,2.5470804825291564e-08,-8.583970854492968e-12
pair_inhibition-0p5ns,B,CS,1.00352e-05,2.5711192451346505e-08,2.5719778023757325e-08,-8.585572410820566e-12
pair_inhibition-0p5ns,B,CS,1.0137600000000001e-05,2.5960465334969454e-08,2.596905181292383e-08,-8.586477954375214e-12
pair_inhibition-0p5ns,B,CS,1.024e-05,2.620971499094265e-08,2.6218301885719397e-08,-8.586894776747459e-12
pair_inhibition-0p5ns,B,CS,1.0342400000000001e-05,2.6458738006009075e-08,2.646732500923822e-08,-8.587003229145342e-12
pair_inhibition-0p5ns,B,CS,1.04448e-05,2.6707423988092465e-08,2.6716010927007898e-08,-8.586938915432508e-12
pair_inhibition-0p5ns,B,CS,1.05472e-05,2.6955728897837417e-08,2.6964315735215278e-08,-8.586837377860882e-12
pair_inhibition-0p5ns,B,CS,1.06496e-05,2.720365300148282e-08,2.7212239673912266e-08,-8.58667242944737e-12
pair_inhibition-0p5ns,B,CS,1.0752e-05,2.7451224353860965e-08,2.745981125823116e-08,-8.586904370196297e-12
pair_inhibition-0p5ns,B,CS,1.08544e-05,2.769849418103306e-08,2.77070803140702e-08,-8.586133037139405e-12
pair_inhibition-0p5ns,B,CS,1.09568e-05,2.7945540180900032e-08,2.7954130239524647e-08,-8.590058624614667e-12
pair_inhibition-0p5ns,B,CS,1.10592e-05,2.8192644735130434e-08,2.820122535853816e-08,-8.580623407724654e-12
pair_inhibition-0p5ns,B,CS,1.11616e-05,2.8442466865826935e-08,2.8451076038916537e-08,-8.609173089602573e-12
pair_inhibition-0p5ns,B,CS,1.1264000000000001e-05,2.8696472514544285e-08,2.870509184487467e-08,-8.619330330386722e-12
pair_inhibition-0p5ns,B,CS,1.13664e-05,2.8949341488947624e-08,2.895795780741472e-08,-8.616318467097078e-12
pair_inhibition-0p5ns,B,CS,1.1468800000000001e-05,2.9196046541455945e-08,2.9204650130309464e-08,-8.603588853519211e-12
pair_inhibition-0p5ns,B,CS,1.15712e-05,2.943617789813271e-08,2.9444769959332548e-08,-8.592061199837e-12
pair_inhibition-0p5ns,B,CS,1.1673600000000001e-05,2.967119757949937e-08,2.9679779474257963e-08,-8.581894758594214e-12
pair_inhibition-0p5ns,B,CS,1.1776e-05,2.9902731945649675e-08,2.991130538195608e-08,-8.573436306402946e-12
pair_inhibition-0p5ns,B,CS,1.18784e-05,3.013222798369415e-08,3.014079455554702e-08,-8.56657185287126e-12
pair_inhibition-0p5ns,B,CS,1.19808e-05,3.036099486833377e-08,3.03695564585687e-08,-8.561590234930533e-12
pair_inhibition-0p5ns,B,CS,1.20832e-05,3.0590322795473113e-08,3.0598881842351145e-08,-8.559046878031281e-12
pair_inhibition-0p5ns,B,CS,1.21856e-05,3.082151542914565e-08,3.08300751164653e-08,-8.559687319655935e-12
pair_inhibition-0p5ns,B,CS,1.2288e-05,3.1055776954684626e-08,3.1064339967384065e-08,-8.563012699439189e-12
pair_inhibition-0p5ns,B,CS,1.23904e-05,3.12939735110395e-08,3.1302543850629405e-08,-8.57033958990698e-12
pair_inhibition-0p5ns,B,CS,1.24928e-05,3.1536122169005696e-08,3.154469784403043e-08,-8.575675024732961e-12
pair_inhibition-0p5ns,B,CS,1.2595200000000001e-05,3.178148191218526e-08,3.179006268844421e-08,-8.580776258945963e-12
pair_inhibition-0p5ns,B,CS,1.26976e-05,3.202924901159778e-08,3.203783364454728e-08,-8.58463294950245e-12
pair_inhibition-0p5ns,B,CS,1.2800000000000001e-05,3.227867745579759e-08,3.228726496518018e-08,-8.587509382593363e-12
pair_inhibition-0p5ns,B,CS,1.29024e-05,3.2529132891317334e-08,3.2537722356918376e-08,-8.589465601042527e-12
pair_inhibition-0p5ns,B,CS,1.3004800000000001e-05,3.278011410131503e-08,3.2788704798522995e-08,-8.59069720796484e-12
pair_inhibition-0p5ns,B,CS,1.31072e-05,3.3031252470537424e-08,3.3039843852247087e-08,-8.591381709662606e-12
pair_inhibition-0p5ns,B,CS,1.32096e-05,3.328229734560328e-08,3.329088903515765e-08,-8.591689554370661e-12
pair_inhibition-0p5ns,B,CS,1.3312e-05,3.353309458246242e-08,3.354168634819192e-08,-8.591765729499446e-12
pair_inhibition-0p5ns,B,CS,1.34144e-05,3.3783563470149684e-08,3.379215519248279e-08,-8.591722333109735e-12
pair_inhibition-0p5ns,B,CS,1.35168e-05,3.4033675574999804e-08,3.4042267235973695e-08,-8.591660973890834e-12
pair_inhibition-0p5ns,B,CS,1.36192e-05,3.428343800681265e-08,3.429202961080254e-08,-8.591603989888274e-12
pair_inhibition-0p5ns,B,CS,1.3721600000000001e-05,3.4532882844700143e-08,3.454147464594811e-08,-8.591801247966587e-12
pair_inhibition-0p5ns,B,CS,1.3824e-05,3.4782069842348933e-08,3.479066154034004e-08,-8.591697991103366e-12
pair_inhibition-0p5ns,B,CS,1.3926400000000001e-05,3.503112800291112e-08,3.5039722311615704e-08,-8.594308704585361e-12
pair_inhibition-0p5ns,B,CS,1.40288e-05,3.5281218891303945e-08,3.528981981099701e-08,-8.600919693063172e-12
pair_inhibition-0p5ns,B,CS,1.4131200000000001e-05,3.553592192603943e-08,3.5544542762568864e-08,-8.620836529435875e-12
pair_inhibition-0p5ns,B,CS,1.42336e-05,3.579242078598681e-08,3.580104711128623e-08,-8.62632529942022e-12
pair_inhibition-0p5ns,B,CS,1.4336000000000001e-05,3.604452823195163e-08,3.605313948163683e-08,-8.611249685197827e-12
pair_inhibition-0p5ns,B,CS,1.44384e-05,3.62896348448e-08,3.629823549236088e-08,-8.60064756087883e-12
pair_inhibition-0p5ns,B,CS,1.45408e-05,3.652875754056473e-08,3.65373465244418e-08,-8.588983877073569e-12
pair_inhibition-0p5ns,B,CS,1.46432e-05,3.676355951684529e-08,3.677213923614859e-08,-8.579719303302144e-12
pair_inhibition-0p5ns,B,CS,1.47456e-05,3.699562357074263e-08,3.700419555939534e-08,-8.57198865270939e-12
pair_inhibition-0p5ns,B,CS,1.4848e-05,3.7226345386356185e-08,3.723491148464926e-08,-8.566098293075686e-12
pair_inhibition-0p5ns,B,CS,1.49504e-05,3.7457036898190244e-08,3.746559934907965e-08,-8.562450889405041e-12
pair_inhibition-0p5ns,B,CS,1.5052800000000001e-05,3.768900698302163e-08,3.769756860690555e-08,-8.561623883923167e-12
pair_inhibition-0p5ns,B,CS,1.51552e-05,3.7923514883146865e-08,3.793207886488861e-08,-8.56398174174517e-12
pair_inhibition-0p5ns,B,CS,1.5257600000000001e-05,3.8161592739633706e-08,3.8170161814190296e-08,-8.569074556589644e-12
pair_inhibition-0p5ns,B,CS,1.5360000000000002e-05,3.84037146042439e-08,3.8412290025132956e-08,-8.575420889053984e-12
pair_inhibition-0p5ns,B,CS,1.54624e-05,3.86493874653679e-08,3.865796823366065e-08,-8.580768292746678e-12
pair_inhibition-0p5ns,B,CS,1.55648e-05,3.8897826477761826e-08,3.8906411657277046e-08,-8.585179515219948e-12
pair_inhibition-0p5ns,B,CS,1.56672e-05,3.914826217905219e-08,3.9156850710622165e-08,-8.588531569976535e-12
pair_inhibition-0p5ns,B,CS,1.57696e-05,3.9400009722843645e-08,3.9408600645283864e-08,-8.590922440219443e-12
pair_inhibition-0p5ns,B,CS,1.5872e-05,3.965250601961062e-08,3.966109851584808e-08,-8.59249623746087e-12
pair_inhibition-0p5ns,B,CS,1.59744e-05,3.990532020265854e-08,3.991391363419259e-08,-8.593431534053643e-12
pair_inhibition-0p5ns,B,CS,1.60768e-05,4.0158146078047616e-08,4.016673998520792e-08,-8.593907160305205e-12
pair_inhibition-0p5ns,B,CS,1.61792e-05,4.0410784273417386e-08,4.0419378356363894e-08,-8.594082946508586e-12
pair_inhibition-0p5ns,B,CS,1.62816e-05,4.066312015588913e-08,4.0671714235261856e-08,-8.59407937272438e-12
pair_inhibition-0p5ns,B,CS,1.6384e-05,4.091510177981052e-08,4.0923695815908816e-08,-8.594036098294179e-12
pair_inhibition-0p5ns,B,CS,1.6486400000000002e-05,4.116672118858994e-08,4.1175315084575725e-08,-8.593895985783343e-12
pair_inhibition-0p5ns,B,CS,1.65888e-05,4.141800003916412e-08,4.1426594283454276e-08,-8.594244290158325e-12
pair_inhibition-0p5ns,B,CS,1.66912e-05,4.1668988080539456e-08,4.1677581330813654e-08,-8.593250274197624e-12
pair_inhibition-0p5ns,B,CS,1.67936e-05,4.191977064892081e-08,4.192836899018049e-08,-8.598341259682542e-12
pair_inhibition-0p5ns,B,CS,1.6896000000000002e-05,4.217077318971372e-08,4.217936120381323e-08,-8.588014099509902e-12
pair_inhibition-0p5ns,B,CS,1.69984e-05,4.242530214228055e-08,4.243391930558155e-08,-8.6171633009946e-12
pair_inhibition-0p5ns,B,CS,1.71008e-05,4.268383808523998e-08,4.269246512545736e-08,-8.627040217382907e-12
pair_inhibition-0p5ns,B,CS,1.72032e-05,4.2940402532316944e-08,4.294902256809026e-08,-8.62003577331313e-12
pair_inhibition-0p5ns,B,CS,1.73056e-05,4.3190157067609705e-08,4.319876513878897e-08,-8.608071179266648e-12
pair_inhibition-0p5ns,B,CS,1.7408e-05,4.3433138327976306e-08,4.344173394713488e-08,-8.595619158575421e-12
pair_inhibition-0p5ns,B,CS,1.75104e-05,4.3670943769734024e-08,4.367952905506376e-08,-8.585285329738857e-12
pair_inhibition-0p5ns,B,CS,1.7612800000000002e-05,4.390527867276633e-08,4.3913855367479416e-08,-8.576694713084388e-12
pair_inhibition-0p5ns,B,CS,1.77152e-05,4.413765477207902e-08,4.4146224701996054e-08,-8.56992991703544e-12
pair_inhibition-0p5ns,B,CS,1.78176e-05,4.4369440756987865e-08,4.4378006026196596e-08,-8.565269208730115e-12
pair_inhibition-0p5ns,B,CS,1.792e-05,4.460196855868579e-08,4.4610531786750196e-08,-8.563228064408467e-12
pair_inhibition-0p5ns,B,CS,1.8022400000000002e-05,4.4836543824470216e-08,4.484510824891271e-08,-8.564424442495967e-12
pair_inhibition-0p5ns,B,CS,1.81248e-05,4.5074319186319385e-08,4.508288733406237e-08,-8.568147742985516e-12
pair_inhibition-0p5ns,B,CS,1.82272e-05,4.5316055869230135e-08,4.532463134628997e-08,-8.575477059832123e-12
pair_inhibition-0p5ns,B,CS,1.83296e-05,4.556163674687922e-08,4.557021757449346e-08,-8.580827614242535e-12
pair_inhibition-0p5ns,B,CS,1.8432e-05,4.581032359120113e-08,4.581890941105955e-08,-8.585819858423344e-12
pair_inhibition-0p5ns,B,CS,1.85344e-05,4.6061334934481904e-08,4.6069924548588886e-08,-8.589614106981507e-12
pair_inhibition-0p5ns,B,CS,1.86368e-05,4.631394388762271e-08,4.632253632447949e-08,-8.592436856778586e-12
pair_inhibition-0p5ns,B,CS,1.8739200000000002e-05,4.6567531047353195e-08,4.6576125405983715e-08,-8.594358630520453e-12
pair_inhibition-0p5ns,B,CS,1.88416e-05,4.682160614167042e-08,4.683020170311551e-08,-8.595561445092205e-12
pair_inhibition-0p5ns,B,CS,1.8944e-05,4.7075808194278914e-08,4.7084404415728856e-08,-8.59622144994201e-12
pair_inhibition-0p5ns,B,CS,1.90464e-05,4.732989191306765e-08,4.733848842191696e-08,-8.596508849306274e-12
pair_inhibition-0p5ns,B,CS,1.9148800000000002e-05,4.758370722855332e-08,4.759230379494982e-08,-8.596566396499717e-12
pair_inhibition-0p5ns,B,CS,1.92512e-05,4.783717699532787e-08,4.784577351660891e-08,-8.596521281036787e-12
pair_inhibition-0p5ns,B,CS,1.93536e-05,4.809027653752445e-08,4.809887296212506e-08,-8.596424600610161e-12
pair_inhibition-0p5ns,B,CS,1.9456e-05,4.8343017250659085e-08,4.8351613753281674e-08,-8.596502622588408e-12
pair_inhibition-0p5ns,B,CS,1.9558400000000002e-05,4.8595438585030695e-08,4.860403485936783e-08,-8.596274337137372e-12
pair_inhibition-0p5ns,B,CS,1.96608e-05,4.884761124940273e-08,4.885620924727536e-08,-8.597997872631604e-12
pair_inhibition-0p5ns,B,CS,1.97632e-05,4.909973295748993e-08,4.9108327823608635e-08,-8.594866118703802e-12
pair_inhibition-0p5ns,B,CS,1.9865600000000002e-05,4.9353807578735924e-08,4.936242403396262e-08,-8.616455226694166e-12
pair_inhibition-0p5ns,B,CS,1.9968e-05,4.9612927527330965e-08,4.9621560591727904e-08,-8.633064396939534e-12
pair_inhibition-0p5ns,B,CS,2e-05,4.9694359745148615e-08,4.9702994760505656e-08,-8.635015357041248e-12
