state,time,weight,phase_common_MS,thermal_conditional_semidiscrete_MS,thermal_common_fd_MS
B0,1.36,0.00047348484848492255,0.2477107174137617,0.04684194604153329,0.04684193777282636
B0,1.3606250000000002,0.0009469696969696769,0.25177415877734277,0.04666789224365071,0.04666789639008011
B0,1.36125,0.0009469696969696769,0.2557472503687528,0.046500707639254554,0.0465007118494671
B0,1.3618750000000002,0.0009469696969696769,0.2596231888367213,0.046339321249931245,0.04633932552041056
B0,1.3625,0.0009469696969696769,0.26339970547195224,0.04618282064806231,0.04618282497551664
B0,1.3631250000000001,0.0009469696969696769,0.26707481335252997,0.04603043753303014,0.04603044191438104
B0,1.36375,0.0009469696969696769,0.27064679937652814,0.04588153392789693,0.04588153836026189
B0,1.3643750000000001,0.0009469696969696769,0.27411421567595595,0.04573558900897158,0.04573559348964899
B0,1.365,0.0009469696969696769,0.2774758704885726,0.045592186577243815,0.0455921911037002
B0,1.365625,0.0009469696969698451,0.2807308185629792,0.04545100317740791,0.04545100774726751
B0,1.3662500000000002,0.0009469696969696769,0.2838783511712331,0.04531179686713141,0.045311801478160205
B0,1.366875,0.0009469696969696769,0.28691798580386174,0.045174396636343706,0.04517440128643985
B0,1.3675000000000002,0.0009469696969696769,0.28984945561406544,0.04503869247362956,0.04503869716081356
B0,1.368125,0.0009469696969696769,0.29267269867879864,0.0449046260743151,0.044904630796719
B0,1.3687500000000001,0.0009469696969696769,0.2953878471401198,0.04477218218252095,0.04477218693837618
B0,1.369375,0.0009469696969696769,0.29799521628801606,0.044641380557334596,0.0446413853449668
B0,1.37,0.0009469696969698451,0.30049529363749994,0.04451226855131203,0.04451227336913306
B0,1.3706250000000002,0.0009469696969696769,0.30288872805393646,0.04438491428776136,0.04438491913425584
B0,1.37125,0.0009469696969696769,0.3051763189774658,0.04425940042167206,0.044259405295397555
B0,1.3718750000000002,0.0009469696969696769,0.30735900578406083,0.04413581846774103,0.044135823367318014
B0,1.3725,0.0009469696969696769,0.30943785732888773,0.044014263677699235,0.04401426860180326
B0,1.3731250000000002,0.0009469696969696769,0.3114140617066747,0.04389483044804603,0.04389483539540598
B0,1.37375,0.0009469696969696769,0.31328891625849886,0.04377760823836556,0.0437776132077566
B0,1.3743750000000001,0.0009469696969696769,0.31506381785582505,0.043662677979604436,0.04366268296984252
B0,1.375,0.0009469696969696769,0.3167402534855935,0.043550108951036046,0.043550113960975065
B0,1.375625,0.0009469696969698451,0.31831979115600884,0.04343995610411573,0.04343996113264482
B0,1.3762500000000002,0.0009469696969696769,0.31980407114023923,0.04333225781103413,0.043332262857071605
B0,1.376875,0.0009469696969696769,0.3211947975740172,0.0432270340154957,0.04322703907798767
B0,1.3775000000000002,0.0009469696969696769,0.3224937304155898,0.043124284763079314,0.04312428984099813
B0,1.378125,0.0009469696969696769,0.3237026777765183,0.043023989088473664,0.04302399418081425
B0,1.3787500000000001,0.0009469696969696769,0.3248234886293576,0.04292610423690694,0.04292610934268345
B0,1.379375,0.0009469696969696769,0.3258580458948489,0.0428305651972104,0.042830570315458505
B0,1.3800000000000001,0.0009469696969696769,0.3268082599074418,0.04273728452415543,0.042737289653928756
B0,1.380625,0.0009469696969696769,0.32767606225942575,0.0426461524279807,0.042646157568347845
B0,1.38125,0.0009469696969698451,0.3284634000202577,0.04255703710936946,0.04255704225941685
B0,1.3818750000000002,0.0009469696969696769,0.3291722303227935,0.042469785318546914,0.04246979047737523
B0,1.3825,0.0009469696969696769,0.3298045153141683,0.04238422311763178,0.04238422828435673
B0,1.3831250000000002,0.0009469696969696769,0.3303622174602309,0.04230015682589186,0.042300161999644065
B0,1.38375,0.0009469696969696769,0.330847295194975,0.042217374128116006,0.042217379308041314
B0,1.3843750000000001,0.0009469696969696769,0.33126169890532475,0.04213564532691672,0.04213565051217477
B0,1.385,0.0009469696969696769,0.33160736724045975,0.042054724720415514,0.04205472991017946
B0,1.385625,0.0009469696969698451,0.33188622373408394,0.041974352087431596,0.041974357280891925
B0,1.3862500000000002,0.0009469696969696769,0.3321001737257374,0.04189425426298979,0.041894259459350505
B0,1.386875,0.0009469696969696769,0.332251101571923,0.041814146787681035,0.041814151986161195
B0,1.3875000000000002,0.0009469696969696769,0.3323408681317852,0.0417337356151435,0.0417337408149797
B0,1.388125,0.0009469696969696769,0.3323713085145927,0.0416527188626836,0.04165272406312903
B0,1.3887500000000002,0.0009469696969696769,0.33234423007647673,0.041570788590817365,0.041570793791140245
B0,1.389375,0.0009469696969696769,0.3322614106545536,0.0414876325982807,0.04148763779776952
B0,1.3900000000000001,0.0009469696969696769,0.33212459702198627,0.041402936219832626,0.041402941417793854
B0,1.390625,0.0009469696969696769,0.3319355035544207,0.04131638411495095,0.04131638931070686
B0,1.39125,0.0009469696969698451,0.3316958110950947,0.04122766203629454,0.04122766722918991
B0,1.3918750000000002,0.0009469696969696769,0.3314071660022787,0.04113645856757914,0.04113646375697704
B0,1.3925,0.0009469696969696769,0.33107117937246966,0.04104246682127997,0.041042472006563115
B0,1.3931250000000002,0.0009469696969696769,0.3306894264236484,0.040945386087332364,0.04094539126790529
B0,1.39375,0.0009469696969696769,0.33026344602823376,0.040844923424751246,0.040844928600040076
B0,1.3943750000000001,0.0009469696969696769,0.3297947403850321,0.040740795188826166,0.040740800358277006
B0,1.395,0.0009469696969696769,0.3292847748197663,0.04063272848727284,0.040632733650352734
B0,1.3956250000000001,0.0009469696969696769,0.3287349777037283,0.04052046255942866,0.04052046771562835
B0,1.39625,0.0009469696969696769,0.32814674047994324,0.04040375007327197,0.04040375522210428
B0,1.396875,0.0009469696969698451,0.32752141778846144,0.040282358335715876,0.04028236347671349
B0,1.3975000000000002,0.0009469696969696769,0.3268603276828436,0.040156070412281586,0.04015607554500017
B0,1.398125,0.0009469696969696769,0.32616475192740585,0.040024686152885645,0.04002469127690463
B0,1.3987500000000002,0.0009469696969696769,0.3254359363671682,0.03988802312108753,0.03988802823600417
B0,1.399375,0.0009469696969696769,0.32467509136698963,0.03974591742472853,0.03974592253016425
B0,1.4000000000000001,0.0009469696969696769,0.3238833923066145,0.039598224446453986,0.03959822954205181
B0,1.400625,0.0009469696969696769,0.323061980128896,0.03944481947315256,0.03944482455857293
B0,1.40125,0.0009469696969698451,0.3222119619361853,0.039285598223850915,0.03928560329877796
B0,1.4018750000000002,0.0009469696969696769,0.321334411623312,0.039120477276095314,0.039120482340230536
B0,1.4025,0.0009469696969696769,0.3204303705480639,0.038949394391305105,0.03894939944436812
B0,1.4031250000000002,0.0009469696969696769,0.3195008482305926,0.0387723087400178,0.03877231378174886
B0,1.40375,0.0009469696969696769,0.31854682307596005,0.03858920102835198,0.03858920605850767
B0,1.4043750000000002,0.0009469696969696769,0.3175692431186929,0.0384000735273904,0.03840007854574268
B0,1.405,0.0009469696969696769,0.31656902678343696,0.03820495000754111,0.0382049550138783
B0,1.4056250000000001,0.0009469696969696769,0.31554706365696134,0.03800387558025624,0.03800388057438115
B0,1.40625,0.0009469696969696769,0.3145042152697,0.03779691644979204,0.03779692143152101
B0,1.406875,0.0009469696969698451,0.31344131588295443,0.037584159577965,0.0375841645471271
B0,1.4075000000000002,0.0009469696969696769,0.3123591732782889,0.03736571226511079,0.03736571722154464
B0,1.408125,0.0009469696969696769,0.3112585695480991,0.03714170165067582,0.037141706594232285
B0,1.4087500000000002,0.0009469696969696769,0.31014026188174476,0.03691227413707795,0.03691227906761484
B0,1.409375,0.0009469696969696769,0.309004983349344,0.03667759474065012,0.03667759965803391
B0,1.4100000000000001,0.0009469696969696769,0.30785344367693734,0.03643784637363979,0.03643785127774396
B0,1.410625,0.0009469696969696769,0.3066863300134902,0.03619322906138281,0.03619323395208381
B0,1.4112500000000001,0.0009469696969698451,0.3055043076891464,0.035943959098881165,0.03594396397606124
B0,1.4118750000000002,0.0009469696969696769,0.3043080209594622,0.03569026815112768,0.03569027301466998
B0,1.4125,0.0009469696969696769,0.30309809373875674,0.03543240230160083,0.03543240715138962
B0,1.4131250000000002,0.0009469696969696769,0.30187513031849544,0.03517062105342615,0.03517062588934645
B0,1.41375,0.0009469696969696769,0.30063971607036355,0.03490519628776032,0.03490520110969595
B0,1.4143750000000002,0.0009469696969696769,0.29939241813353473,0.03463641118399567,0.03463641599182601
B0,1.415,0.0009469696969696769,0.29813378608601504,0.03436455910641743,0.03436456390001873
B0,1.4156250000000001,0.0009469696969696769,0.29686435259770017,0.034089942461965526,0.03408994724120992
B0,1.41625,0.0009469696969696769,0.2955846340654979,0.033812871533767476,0.033812876298519506
B0,1.416875,0.0009469696969698451,0.29429513123093964,0.0335336632951069,0.03353366804522284
B0,1.4175000000000002,0.0009469696969696769,0.29299632977897316,0.033252640208489274,0.0332526449438174
B0,1.418125,0.0009469696969696769,0.2916887009175736,0.032970129014446896,0.03297013373482674
B0,1.4187500000000002,0.0009469696969696769,0.29037270193768927,0.032686459514708284,0.03268646421996673
B0,1.419375,0.0009469696969696769,0.2890487767559898,0.03240196335432128,0.032401968044274615
B0,1.4200000000000002,0.0009469696969696769,0.28771735643645735,0.03211697280728175,0.032116977481733845
B0,1.420625,0.0009469696969696769,0.28637885969322907,0.03183181957018015,0.03183182422892011
B0,1.4212500000000001,0.0009469696969696769,0.2850336933755085,0.031546833568314,0.03154683821111735
B0,1.421875,0.0009469696969696769,0.2836822529321075,0.03126234177866389,0.03126234640529181
B0,1.4225,0.0009469696969698451,0.28232492285742455,0.030978667074053223,0.03097867168425023
B0,1.4231250000000002,0.0009469696969696769,0.28096207711959537,0.03069612709273703,0.0306961316862313
B0,1.42375,0.0009469696969696769,0.2795940795698471,0.030415033137573433,0.03041503771407786
B0,1.4243750000000002,0.0009469696969696769,0.27822128433287174,0.030135689108836752,0.03013569366804536
B0,1.425,0.0009469696969696769,0.27684403618124576,0.02985839047461859,0.02985839501620858
B0,1.4256250000000001,0.0009469696969696769,0.2754626708911927,0.029583423282641106,0.029583427806272836
B0,1.42625,0.0009469696969696769,0.2740775155810678,0.029311063217177007,0.029311067722492184
B0,1.4268750000000001,0.0009469696969698451,0.27268888903401256,0.029041574704619086,0.029041579191241184
B0,1.4275000000000002,0.0009469696969696769,0.2712971020041174,0.02877521007108426,0.028775214538618497
B0,1.428125,0.0009469696969696769,0.269902457506626,0.02851220875525918,0.02851221320329401
B0,1.4287500000000002,0.0009469696969696769,0.2685052510921567,0.028252796579506363,0.028252801007611465
B0,1.429375,0.0009469696969696769,0.26710577110714606,0.027997185082042193,0.027997189489770025
B0,1.4300000000000002,0.0009469696969696769,0.2657042989388215,0.027745570912773805,0.027745575299659677
B0,1.430625,0.0009469696969696769,0.2643011092463682,0.02749813529515106,0.027498139660712254
B0,1.4312500000000001,0.0009469696969696769,0.26289647017933715,0.027255043556125395,0.027255047899864323
B0,1.431875,0.0009469696969696769,0.2614906435814394,0.02701644472604783,0.027016449047450444
B0,1.4325,0.0009469696969696769,0.26008388518305814,0.02678247121004662,0.026782475508583113
B0,1.433125,0.0009469696969696769,0.2586764447812969,0.026553238532128806,0.02655324280725458
B0,1.43375,0.0009469696969698451,0.25726856640840684,0.026328845152934287,0.026328849404091477
B0,1.4343750000000002,0.0009469696969696769,0.2558604884888459,0.026109372361748033,0.026109376588365266
B0,1.435,0.0009469696969696769,0.25445244398611827,0.02589488424303598,0.025894888444529245
B0,1.4356250000000002,0.0009469696969696769,0.25304466053967245,0.025685427717423392,0.025685431893198073
B0,1.43625,0.0009469696969696769,0.25163736059143105,0.025481032656681914,0.025481036806132482
B0,1.4368750000000001,0.0009469696969696769,0.2502307615036028,0.025281712071927157,0.02528171619443812
B0,1.4375,0.0009469696969696769,0.24882507566867945,0.02508746237386707,0.025087466468815465
B0,1.438125,0.0009469696969698451,0.24742051060981263,0.024898263703571066,0.02489826777032718
B0,1.4387500000000002,0.0009469696969696769,0.24601726907359178,0.02471408033187185,0.024714084369798155
B0,1.439375,0.0009469696969696769,0.24461554911779593,0.0245348611251417,0.02453486513359694
B0,1.4400000000000002,0.0009469696969696769,0.24321554418933614,0.02436054007483736,0.024360544053176253
B0,1.440625,0.0009469696969696769,0.24181744319772555,0.024191036887861152,0.02419104083543574
B0,1.4412500000000001,0.0009469696969696769,0.24042143058248613,0.024026257634448378,0.02402626155060998
B0,1.441875,0.0009469696969696769,0.2390276863745086,0.02386609544997992,0.023866099334079502
B0,1.4425000000000001,0.0009469696969698451,0.23763638625280525,0.02371043128681366,0.02371043513820361
B0,1.4431250000000002,0.0009469696969696769,0.23624770159665837,0.023559134711952215,0.023559138529987082
B0,1.44375,0.0009469696969696769,0.23486179953378739,0.023412064746106246,0.023412068530145283
B0,1.4443750000000002,0.0009469696969696769,0.2334788429835992,0.023269070739485406,0.02326907448889276
B0,1.445,0.0009469696969696769,0.2320989906984945,0.023129993279444833,0.023129996993590893
B0,1.4456250000000002,0.0009469696969696769,0.2307223973012103,0.02299466512494412,0.022994668803207486
B0,1.44625,0.0009469696969696769,0.22934921331934732,0.022862912162638138,0.02286291580440628
B0,1.4468750000000001,0.0009469696969696769,0.22797958521799844,0.02273455437931137,0.022734557983981815
B0,1.4475,0.0009469696969696769,0.2266136554302312,0.022609406845299163,0.022609410412281906
B0,1.448125,0.0009469696969696769,0.2252515623851523,0.022487280703502893,0.022487284232220323
B0,1.44875,0.0009469696969696769,0.2238934405352953,0.022367984158612624,0.022367987648500728
B0,1.449375,0.0009469696969698451,0.22253942038286442,0.022251323461184976,0.022251326911695485
B0,1.4500000000000002,0.0009469696969696769,0.22118962850408544,0.02213710388130638,0.02213710729190701
B0,1.450625,0.0009469696969696769,0.21984418757406968,0.022025130666681644,0.022025134036857838
B0,1.4512500000000002,0.0009469696969696769,0.21850321639064318,0.021915209980137774,0.02191521330939347
B0,1.451875,0.0009469696969696769,0.21716682989804273,0.02180714981171837,0.021807153099576832
B0,1.4525000000000001,0.0009469696969696769,0.2158351392105698,0.02170076086075924,0.02170076410676442
B0,1.453125,0.0009469696969696769,0.21450825163671672,0.021595857383586162,0.021595860587303173
B0,1.45375,0.0009469696969698451,0.21318627070378754,0.021492258002752104,0.02149226116376876
B0,1.4543750000000002,0.0009469696969696769,0.21186929618220085,0.0213897864740381,0.021389789591965507
B0,1.455,0.0009469696969696769,0.2105574241114413,0.02128827240776987,0.02128827548224229
B0,1.4556250000000002,0.0009469696969696769,0.20925074682688496,0.021187551941352724,0.021187554972029475
B0,1.45625,0.0009469696969696769,0.20794935298693268,0.021087468360297613,0.021087471346863822
B0,1.4568750000000001,0.0009469696969696769,0.20665332760127558,0.020987872665393696,0.02098787560755975
B0,1.4575,0.0009469696969696769,0.205362752061293,0.02088862408407941,0.020888626981582444
B0,1.4581250000000001,0.0009469696969698451,0.2040777041707148,0.020789590524466633,0.02078959337707107
B0,1.4587500000000002,0.0009469696969696769,0.2027982581775979,0.020690648970883525,0.020690651778380607
B0,1.459375,0.0009469696969696769,0.20152448480902654,0.020591685820207865,0.02059168858241704
B0,1.4600000000000002,0.0009469696969696769,0.20025645130559627,0.02049259715867271,0.02049259987544169
B0,1.460625,0.0009469696969696769,0.1989942214582136,0.02039328897922757,0.020393291650431876
B0,1.4612500000000002,0.0009469696969696769,0.19773785564669238,0.020293677339928373,0.020293679965472707
B0,1.461875,0.0009469696969696769,0.19648741087920887,0.020193688464212656,0.020193691044030123
B0,1.4625000000000001,0.0009469696969696769,0.19524294083374394,0.020093258784278936,0.02009326131833112
B0,1.463125,0.0009469696969696769,0.19400449590119628,0.019992334929136827,0.019992337417414664
B0,1.46375,0.0009469696969696769,0.1927721232295465,0.019890873659218912,0.01989087610174186
B0,1.464375,0.0009469696969696769,0.19154586676994273,0.01978884174974941,0.019788844146565492
B0,1.465,0.0009469696969698451,0.19032576732417655,0.01968621582533978,0.01968621817652558
B0,1.4656250000000002,0.0009469696969696769,0.18911186259354124,0.019582982148532817,0.01958298445419316
B0,1.46625,0.0009469696969696769,0.18790418722954996,0.019479136365235974,0.0194791386255037
B0,1.4668750000000002,0.0009469696969696769,0.1867027728851536,0.019374683210177587,0.019374685425213176
B0,1.4675,0.0009469696969696769,0.1855076482683621,0.019269636175678367,0.01926963834566975
B0,1.4681250000000001,0.0009469696969696769,0.18431883919620634,0.019164017147158256,0.019164019272320254
B0,1.46875,0.0009469696969696769,0.18313636865052274,0.01905785600889837,0.019057858089472045
B0,1.469375,0.0009469696969698451,0.18196025683492498,0.018951190223637768,0.01895119225989019
B0,1.4700000000000002,0.0009469696969696769,0.1807905212322153,0.01884406438962244,0.018844066381846138
B0,1.470625,0.0009469696969696769,0.17962717666357098,0.018736529778722658,0.018736531727234808
B0,1.4712500000000002,0.0009469696969696769,0.178470235348203,0.018628643859208427,0.018628645764350228
B0,1.471875,0.0009469696969696769,0.17731970696399935,0.01852046980671552,0.0185204716688519
B0,1.4725000000000001,0.0009469696969696769,0.17617559870903868,0.018412076006849826,0.018412077826368486
B0,1.473125,0.0009469696969696769,0.1750379153638234,0.01830353555276763,0.01830353733007786
B0,1.4737500000000001,0.0009469696969698451,0.17390665935384347,0.018194925740934127,0.01819492747646665
B0,1.4743750000000002,0.0009469696969696769,0.1727818308129932,0.018086327568107484,0.01808632926231373
B0,1.475,0.0009469696969696769,0.1716634276475045,0.017977825232418112,0.017977826885768697
B0,1.4756250000000002,0.0009469696969696769,0.1705514455998437,0.017869505641218846,0.017869507254203276
B0,1.47625,0.0009469696969696769,0.16944587831332328,0.01776145792817458,0.017761459501300376
B0,1.4768750000000002,0.0009469696969696769,0.1683467173966413,0.01765377298183659,0.017653774515628
B0,1.4775,0.0009469696969696769,0.16725395248884528,0.017546542987717514,0.017546544482715115
B0,1.4781250000000001,0.0009469696969696769,0.16616757132391907,0.017439860985642562,0.017439862442402122
B0,1.47875,0.0009469696969696769,0.16508755979568412,0.017333820443913257,0.017333821863004577
B0,1.479375,0.0009469696969696769,0.16401390202266997,0.017228514851570873,0.017228516233577112
B0,1.48,0.0009469696969696769,0.16294658041230992,0.0171240373298074,0.017124038675324187
B0,1.480625,0.0009469696969698451,0.16188557572520168,0.017020480263328308,0.01702048157296266
B0,1.4812500000000002,0.0009469696969696769,0.16083086713919365,0.016917934952238572,0.016917936226607616
B0,1.481875,0.0009469696969696769,0.15978243231299674,0.016816491284795298,0.016816492524526105
B0,1.4825000000000002,0.0009469696969696769,0.15874024744863055,0.016716237431155807,0.016716238636883818
B0,1.483125,0.0009469696969696769,0.157704287354481,0.016617259558044897,0.01661726073041296
B0,1.4837500000000001,0.0009469696969696769,0.15667452550693534,0.016519641564075177,0.016519642703733083
B0,1.484375,0.0009469696969696769,0.1556509341115231,0.016423464835281995,0.016423465942885136
B0,1.485,0.0009469696969698451,0.1546334841636125,0.01632880802027619,0.01632880909648477
B0,1.4856250000000002,0.0009469696969696769,0.15362214550789716,0.016235746824281392,0.016235747869759305
B0,1.48625,0.0009469696969696769,0.15261688689754233,0.016144353821202852,0.016144354836617084
B0,1.4868750000000002,0.0009469696969696769,0.15161767605185889,0.016054698282778022,0.016054699268797656
B0,1.4875,0.0009469696969696769,0.15062447971382442,0.01596684602378067,0.015966846981076133
B0,1.4881250000000001,0.0009469696969696769,0.14963726370569727,0.015880859262193382,0.015880860191435257
B0,1.48875,0.0009469696969696769,0.14865599298445697,0.01579679649323025,0.015796797395088623
B0,1.4893750000000001,0.0009469696969698451,0.14768063169604267,0.01571471237607292,0.01571471325121682
B0,1.4900000000000002,0.0009469696969696769,0.14671114322766599,0.015634657632192343,0.01563465848128827
B0,1.490625,0.0009469696969696769,0.1457474902604693,0.015556678954150699,0.015556679777862594
B0,1.4912500000000002,0.0009469696969696769,0.14478963481983018,0.015480818923822127,0.015480819722810376
B0,1.491875,0.0009469696969696769,0.14383753832495497,0.015407115939031353,0.0154071167139518
B0,1.4925000000000002,0.0009469696969696769,0.14289116163750637,0.015335604147685046,0.015335604899188723
B0,1.493125,0.0009469696969696769,0.14195046510847897,0.015266313388561367,0.01526631411729331
B0,1.4937500000000001,0.0009469696969696769,0.14101540862438744,0.015199269138025585,0.015199269844624452
B0,1.494375,0.0009469696969696769,0.14008595165217408,0.01513449246205377,0.015134493147151588
B0,1.495,0.0009469696969696769,0.13916205328211026,0.015071999973067643,0.015072000637288401
B0,1.495625,0.0009469696969696769,0.13824367227063883,0.015011803791212926,0.015011804435172756
B0,1.49625,0.0009469696969698451,0.13733076708116382,0.014953911509845038,0.014953912134151428
B0,1.4968750000000002,0.0009469696969696769,0.13642329592333194,0.014898326165122905,0.014898326770373654
B0,1.4975,0.0009469696969696769,0.13552121679230006,0.014845046209744046,0.014845046796527771
B0,1.4981250000000002,0.0009469696969696769,0.13462448750528752,0.014794065490988294,0.014794066059883204
B0,1.49875,0.0009469696969696769,0.13373306573754656,0.014745373233365666,0.014745373784939396
B0,1.4993750000000001,0.0009469696969696769,0.1328469090572661,0.01469895402628427,0.014698954561093682
B0,1.5,0.0009469696969696769,0.1319659749588541,0.014654787817269204,0.014654788335859554
B0,1.500625,0.0009469696969698451,0.1310902208950746,0.0146128499113654,0.014612850414270448
B0,1.5012500000000002,0.0009469696969696769,0.1302196043078908,0.01457311097744898,0.014573111465190382
B0,1.501875,0.0009469696969696769,0.12935408265847126,0.014535537062249273,0.014535537535336448
B0,1.5025000000000002,0.0009469696969696769,0.12849361345542762,0.014500089612947051,0.014500090071876848
B0,1.503125,0.0009469696969696769,0.12763815428218955,0.01446672550926125,0.01446672595451762
B0,1.5037500000000001,0.0009469696969696769,0.126787662823315,0.014435397105966882,0.014435397538021047
B0,1.504375,0.0009469696969696769,0.12594209688928448,0.014406052286799975,0.014406052706109914
B0,1.5050000000000001,0.0009469696969698451,0.12510141444033704,0.014378634530699881,0.014378634937710105
B0,1.5056250000000002,0.0009469696969696769,0.12426557360937432,0.01435308299131661,0.014353083386458236
B0,1.50625,0.0009469696969696769,0.12343453272361286,0.014329332590669017,0.014329332974359753
B0,1.5068750000000002,0.0009469696969696769,0.12260825032489245,0.01430731412778112,0.014307314500425005
B0,1.5075,0.0009469696969696769,0.1217866851894523,0.01428695440304733,0.014286954765034643
B0,1.5081250000000002,0.0009469696969696769,0.12096979634626495,0.014268176358984124,0.014268176710691383
B0,1.50875,0.0009469696969696769,0.12015754309468896,0.014250899237918075,0.014250899579708187
B0,1.5093750000000001,0.0009469696969696769,0.1193498850208046,0.014235038757036422,0.01423503908925846
B0,1.51,0.0009469696969696769,0.11854678201296508,0.014220507301091255,0.014220507624080607
B0,1.510625,0.0009469696969696769,0.1177481942765789,0.014207214132900796,0.014207214446979328
B0,1.51125,0.0009469696969696769,0.11695408234760749,0.014195065621634195,0.014195065927109871
B0,1.511875,0.0009469696969698451,0.11616440710565305,0.014183965488701347,0.014183965785868967
B0,1.5125000000000002,0.0009469696969696769,0.1153791297856505,0.01417381507089823,0.014173815360038932
B0,1.513125,0.0009469696969696769,0.11459821198921888,0.01416451360028334,0.014164513881664884
B0,1.5137500000000002,0.0009469696969696769,0.11382161569503366,0.014155958500083624,0.014155958773960949
B0,1.514375,0.0009469696969696769,0.11304930326821783,0.014148045695752152,0.014148045962366981
B0,1.5150000000000001,0.0009469696969696769,0.11228123746922566,0.014140669940125057,0.01414067019970611
B0,1.515625,0.0009469696969696769,0.11151738146211419,0.01413372515145549,0.014133725404218946
B0,1.51625,0.0009469696969698451,0.11075769882174846,0.014127104762939071,0.01412710500908871
B0,1.5168750000000002,0.0009469696969696769,0.11000215354036981,0.014120702082190358,0.014120702321917252
B0,1.5175,0.0009469696969696769,0.10925071003412362,0.014114410658985367,0.01411441089246884
B0,1.5181250000000002,0.0009469696969696769,0.10850333314814385,0.014108124659452883,0.014108124886860439
B0,1.51875,0.0009469696969696769,0.10775998816123056,0.014101739244778859,0.014101739466265853
B0,1.5193750000000001,0.0009469696969696769,0.1070206407905538,0.014095150952384956,0.014095151168095569
B0,1.52,0.0009469696969696769,0.10628525719511536,0.014088258077455871,0.014088258287523348
B0,1.5206250000000001,0.0009469696969698451,0.10555380397866769,0.014080961052621112,0.014080961257167443
B0,1.5212500000000002,0.0009469696969696769,0.10482624819265299,0.014073162823547258,0.014073163022683615
B0,1.521875,0.0009469696969696769,0.10410255733842856,0.01406476921816561,0.014064769411993222
B0,1.5225000000000002,0.0009469696969696769,0.10338269936850039,0.014055689307250027,0.014055689495859629
B0,1.523125,0.0009469696969696769,0.10266664268805278,0.014045835754069116,0.014045835937541426
B0,1.5237500000000002,0.0009469696969696769,0.10195435615583395,0.014035125150866697,0.0140351253292731
B0,1.524375,0.0009469696969696769,0.10124580908420672,0.014023478339975318,0.014023478513377746
B0,1.5250000000000001,0.0009469696969696769,0.10054097123929989,0.014010820717436822,0.014010820885888248
B0,1.525625,0.0009469696969696769,0.09983981284067775,0.013997082517093765,0.013997082680638486
B0,1.52625,0.0009469696969696769,0.09914230456038532,0.013982199073222984,0.013982199231896556
B0,1.526875,0.0009469696969696769,0.09844841752194333,0.013966111059908276,0.013966111213738107
B0,1.5275,0.0009469696969698451,0.09775812329909025,0.01394876470549041,0.013948764854496315
B0,1.5281250000000002,0.0009469696969696769,0.09707139391372026,0.013930111980590035,0.01393011212478395
B0,1.52875,0.0009469696969696769,0.09638820183407978,0.0139101107583692,0.013910110897755788
B0,1.5293750000000002,0.0009469696969696769,0.095708519972509,0.013888724945879971,0.013888725080457066
B0,1.53,0.0009469696969696769,0.09503232168269887,0.013865924585541547,0.01386592471530022
B0,1.5306250000000001,0.0009469696969696769,0.09435958075698846,0.013841685925988993,0.013841686050913968
B0,1.53125,0.0009469696969696769,0.09369027142321765,0.013815991461744984,0.013815991581814721
B0,1.531875,0.0009469696969698451,0.09302436834160484,0.013788829941379274,0.013788830056566365
B0,1.5325000000000002,0.0009469696969696769,0.09236184660128766,0.013760196344036914,0.013760196454308558
B0,1.533125,0.0009469696969696769,0.09170268171645879,0.013730091824433478,0.013730091929751637
B0,1.5337500000000002,0.0009469696969696769,0.09104684962259094,0.013698523626631721,0.01369852372695322
B0,1.534375,0.0009469696969696769,0.09039432667262526,0.01366550496712821,0.013665505062405419
B0,1.5350000000000001,0.0009469696969696769,0.08974508963248953,0.013631054887986958,0.013631054978167662
B0,1.535625,0.0009469696969696769,0.08909911567689881,0.01359519808096009,0.013595198165987988
B0,1.5362500000000001,0.0009469696969698451,0.08845638238504092,0.01355796468372979,0.013557964763545123
B0,1.5368750000000002,0.0009469696969696769,0.0878168677355963,0.013519390049591715,0.013519390124130597
B0,1.5375,0.0009469696969696769,0.08718055010247205,0.01347951449207265,0.013479514561268044
B0,1.5381250000000002,0.0009469696969696769,0.08654740824977232,0.013438383006137755,0.01343838306991978
B0,1.53875,0.0009469696969696769,0.08591742132685273,0.013396044967790925,0.013396045026086822
B0,1.5393750000000002,0.0009469696969696769,0.08529056886347856,0.013352553814003921,0.013352553866738363
B0,1.54,0.0009469696969696769,0.08466683076460892,0.013307966705029189,0.013307966752124738
B0,1.5406250000000001,0.0009469696969696769,0.08404618730529925,0.013262344171252128,0.013262344212629312
B0,1.54125,0.0009469696969696769,0.08342861912556232,0.013215749746823657,0.013215749782400862
B0,1.541875,0.0009469696969696769,0.08281410722516233,0.013168249592381252,0.013168249622075641
B0,1.5425,0.0009469696969696769,0.08220263295814118,0.013119912109217289,0.013119912132944889
B0,1.543125,0.0009469696969698451,0.08159417802763431,0.013070807547285547,0.013070807564961016
B0,1.5437500000000002,0.0009469696969696769,0.08098872448047537,0.013021007609452191,0.0130210076209893
B0,1.544375,0.0009469696969696769,0.0803862547019125,0.012970585054394931,0.012970585059706993
B0,1.5450000000000002,0.0009469696969696769,0.07978675141006783,0.012919613300535374,0.012919613299535147
B0,1.545625,0.0009469696969696769,0.07919019765070823,0.012868166033353855,0.012868166025953937
B0,1.5462500000000001,0.0009469696969696769,0.07859657679176986,0.012816316818383723,0.0128163168044966
B0,1.546875,0.0009469696969696769,0.07800587251795882,0.012764138722117405,0.012764138701655695
B0,1.5475,0.0009469696969698451,0.07741806882559166,0.012711703942973168,0.01271170391584998
B0,1.5481250000000002,0.0009469696969696769,0.07683315001699031,0.012659083454379348,0.012659083420508258
B0,1.54875,0.0009469696969696769,0.07625110069529283,0.012606346661925023,0.012606346621220153
B0,1.5493750000000002,0.0009469696969696769,0.07567190575926962,0.01255356107640797,0.012553561028784289
B0,1.55,0.0009469696969696769,0.0750955503980117,0.012500792004483384,0.01250079194985717
B0,1.5506250000000001,0.0009469696969696769,0.07452202008560987,0.012448102258478293,0.012448102196766744
B0,1.55125,0.0009469696969696769,0.07395130057624984,0.01239555188679252,0.012395551817914201
B0,1.5518750000000001,0.0009469696969698451,0.07338337789899477,0.012343197926154077,0.01234319785002901
B0,1.5525000000000002,0.0009469696969696769,0.07281823835273818,0.012291094176840392,0.01229109409339008
B0,1.553125,0.0009469696969696769,0.07225586850131908,0.0122392910018149,0.012239290910962677
B0,1.5537500000000002,0.0009469696969696769,0.07169625516856881,0.012187835150563198,0.01218783505223425
B0,1.554375,0.0009469696969696769,0.07113938543342739,0.012136769608247815,0.012136769502369218
B0,1.5550000000000002,0.0009469696969696769,0.07058524662527899,0.012086133470632174,0.012086133357132923
B0,1.555625,0.0009469696969696769,0.07003382631927516,0.012035961845058289,0.012035961723869623
B0,1.5562500000000001,0.0009469696969696769,0.06948511233157413,0.011986285777596917,0.011986285648652398
B0,1.556875,0.0009469696969696769,0.06893909271504675,0.011937132206327071,0.011937132069562593
B0,1.5575,0.0009469696969696769,0.06839575575462817,0.011888523940540893,0.011888523795894543
B0,1.558125,0.0009469696969696769,0.06785508996300241,0.01184047966551677,0.01184047951292919
B0,1.55875,0.0009469696969698451,0.06731708407647194,0.011793013972352617,0.011793013811767138
B0,1.5593750000000002,0.0009469696969696769,0.06678172705051683,0.01174613741220843,0.011746137243570764
B0,1.56,0.0009469696969696769,0.06624900805593864,0.011699856574169727,0.011699856397428529
B0,1.5606250000000002,0.0009469696969696769,0.06571891647464054,0.011654174185814593,0.01165417400092104
B0,1.56125,0.0009469696969696769,0.06519144189572065,0.011609089235445612,0.011609089042353636
B0,1.5618750000000001,0.0009469696969696769,0.06466657411181456,0.011564597114834,0.011564596913500421
B0,1.5625,0.0009469696969696769,0.06414430311509,0.011520689781220941,0.011520689571605295
B0,1.563125,0.0009469696969698451,0.0636246190936792,0.011477355937224832,0.01147735571928972
B0,1.5637500000000002,0.0009469696969696769,0.06310751242801166,0.011434581227219218,0.011434581000929974
B0,1.564375,0.0009469696969696769,0.06259297368741086,0.011392348448670257,0.011392348213995237
B0,1.5650000000000002,0.0009469696969696769,0.062080993626529676,0.011350637776858269,0.011350637533768592
B0,1.565625,0.0009469696969696769,0.06157156318204806,0.01130942700135251,0.011309426749822363
B0,1.5662500000000001,0.0009469696969696769,0.06106467346941495,0.011268691772563675,0.011268691512570338
B0,1.566875,0.0009469696969696769,0.06056031577949493,0.011228405856665291,0.011228405588188741
B0,1.5675000000000001,0.0009469696969698451,0.06005848157556448,0.01118854139714972,0.011188541120173014
B0,1.5681250000000002,0.0009469696969696769,0.059559162490192025,0.011149069181272099,0.011149068895781222
B0,1.56875,0.0009469696969696769,0.059062350322166904,0.011109958909631078,0.011109958615614972
B0,1.5693750000000002,0.0009469696969696769,0.05856803703353456,0.011071179467141253,0.011071179164591882
B0,1.57,0.0009469696969696769,0.05807621474688474,0.01103269919366877,0.011032698882581097
B0,1.5706250000000002,0.0009469696969696769,0.05758687574223317,0.010994486152626104,0.010994485832997794
B0,1.57125,0.0009469696969696769,0.0571000124543565,0.010956508395857021,0.01095650806768864
B0,1.5718750000000001,0.0009469696969696769,0.05661561747013218,0.010918734223185551,0.010918733886480821
B0,1.5725,0.0009469696969696769,0.05613368352565679,0.010881132435055228,0.010881132089820628
B0,1.573125,0.0009469696969696769,0.055654203503754274,0.010843672576744203,0.010843672222988971
B0,1.57375,0.0009469696969696769,0.05517717043122673,0.010806325172709935,0.010806324810446194
B0,1.574375,0.0009469696969698451,0.054702577476378834,0.010769061949691627,0.010769061578934515
B0,1.5750000000000002,0.0009469696969696769,0.054230417946378694,0.010731856047281566,0.010731855668048532
B0,1.575625,0.0009469696969696769,0.053760685284777926,0.01069468221476332,0.010694681827074962
B0,1.5762500000000002,0.0009469696969696769,0.053293373069021654,0.010657516993110058,0.01065751659698978
B0,1.576875,0.0009469696969696769,0.052828475007949204,0.010620338881136051,0.010620338476609594
B0,1.5775000000000001,0.0009469696969696769,0.052365984939367546,0.010583128484897862,0.010583128071993847
B0,1.578125,0.0009469696969696769,0.051905896827571726,0.010545868649552165,0.01054586822830205
B0,1.57875,0.0009469696969698451,0.051448204761021715,0.010508544572989121,0.010508544143426859
B0,1.5793750000000002,0.0009469696969696769,0.050992902949890354,0.010471143900676806,0.010471143462838728
B0,1.58,0.0009469696969696769,0.050539985723605595,0.010433656801270877,0.010433656355196287
B0,1.5806250000000002,0.0009469696969696769,0.05008944752858275,0.010396076022665153,0.010396075568395554
B0,1.58125,0.0009469696969696769,0.049641282925859405,0.01035839692828126,0.010358396465860996
B0,1.5818750000000001,0.0009469696969696769,0.04919548658863417,0.010320617513518898,0.010320617042994834
B0,1.5825,0.0009469696969696769,0.048752053299993485,0.01028273840241314,0.01028273792383443
B0,1.5831250000000001,0.0009469696969698451,0.04831097795051298,0.01024476282466804,0.010244762338086327
B0,1.5837500000000002,0.0009469696969696769,0.047872255535996805,0.01020669657335965,0.010206696078829123
B0,1.584375,0.0009469696969696769,0.047435881155035324,0.01016854794372229,0.010168547441299735
B0,1.5850000000000002,0.0009469696969696769,0.04700185000668129,0.010130327653552047,0.010130327143296255
B0,1.585625,0.0009469696969696769,0.04657015738823933,0.010092048745877534,0.010092048227850127
B0,1.5862500000000002,0.0009469696969696769,0.04614079869280726,0.010053726474661228,0.010053725948926256
B0,1.586875,0.0009469696969696769,0.04571376940689422,0.010015378174404725,0.010015377641028266
B0,1.5875000000000001,0.0009469696969696769,0.04528906510822618,0.00997702311463442,0.009977022573685126
B0,1.588125,0.0009469696969696769,0.044866681463377314,0.009938682340345076,0.009938681791894052
B0,1.58875,0.0009469696969696769,0.0444466142253952,0.009900378499570862,0.009900377943691554
B0,1.589375,0.0009469696969696769,0.044028859231524414,0.00986213565934134,0.009862135096109528
B0,1.59,0.0009469696969698451,0.04361341240078484,0.009823979111359002,0.009823978540852922
B0,1.5906250000000002,0.0009469696969696769,0.04320026973177163,0.009785935168807998,0.009785934591108224
B0,1.59125,0.0009469696969696769,0.04278942730026371,0.009748030955767015,0.009748030370956434
B0,1.5918750000000002,0.0009469696969696769,0.04238088125688531,0.009710294190754918,0.009710293598919003
B0,1.5925,0.0009469696969696769,0.0419746278247817,0.00967275296598406,0.009672752367210711
B0,1.5931250000000001,0.0009469696969696769,0.041570663297377214,0.009635435523932194,0.009635434918311515
B0,1.59375,0.0009469696969696769,0.04116898403599034,0.009598370032870788,0.009598369420495387
B0,1.594375,0.0009469696969698451,0.040769586467478,0.009561584363002789,0.009561583743967893
B0,1.5950000000000002,0.0009469696969696769,0.04037246708198422,0.00952510586486934,0.009525105239272578
B0,1.595625,0.0009469696969696769,0.03997762243058104,0.009488961151677643,0.00948896051961905
B0,1.5962500000000002,0.0009469696969696769,0.039585049123041796,0.009453175887186173,0.009453175248768379
B0,1.596875,0.0009469696969696769,0.03919474382542219,0.009417774580755305,0.009417773936083517
B0,1.5975000000000001,0.0009469696969696769,0.03880670325778432,0.009382780391130673,0.009382779740312597
B0,1.598125,0.0009469696969696769,0.038420924191892816,0.009348214940476806,0.009348214283622711
B0,1.5987500000000001,0.0009469696969698451,0.038037403448928614,0.009314098140115523,0.009314097477338336
B0,1.5993750000000002,0.0009469696969696769,0.03765613789714032,0.009280448029350605,0.009280447360765942
B0,1.6,0.0009469696969696769,0.037277124449541316,0.00924728062867597,0.009247279954402214
B0,1.6006250000000002,0.0009469696969696769,0.036900360061638784,0.009214609808570426,0.009214609128728454
B0,1.60125,0.0009469696969696769,0.036525841729081174,0.009182447174977244,0.00918244648969063
B0,1.6018750000000002,0.0009469696969696769,0.03615356648536265,0.009150801972453033,0.00915080128184829
B0,1.6025,0.0009469696969696769,0.0357835313994683,0.009119681005848146,0.009119680310054494
B0,1.6031250000000001,0.0009469696969696769,0.03541573357365314,0.009089088581249459,0.009089087880398835
B0,1.60375,0.0009469696969696769,0.035050170141018216,0.009059026466779405,0.00905902576100662
B0,1.604375,0.0009469696969696769,0.034686838263265435,0.009029493873699787,0.009029493163142617
B0,1.605,0.0009469696969696769,0.034325735128401376,0.009000487458120843,0.009000486742919672
B0,1.605625,0.0009469696969698451,0.03396685794823079,0.008972001343460493,0.008972000623758733
B0,1.6062500000000002,0.0009469696969696769,0.03361020395625757,0.008944027163643245,0.00894402643958711
B0,1.606875,0.0009469696969696769,0.033255770405254445,0.008916554126868287,0.00891655339860688
B0,1.6075000000000002,0.0009469696969696769,0.03290355456488035,0.008889569099616782,0.008889568367302134
B0,1.608125,0.0009469696969696769,0.032553553719403876,0.008863056710409423,0.008863055974196406
B0,1.6087500000000001,0.0009469696969696769,0.03220576516535362,0.00883699947266743,0.008836998732713798
B0,1.609375,0.0009469696969696769,0.031860186209216185,0.008811377925876203,0.008811377182342523
B0,1.61,0.0009469696969698451,0.031516814165037335,0.008786170794100542,0.008786170047150255
B0,1.6106250000000002,0.0009469696969696769,0.031175646352021823,0.008761355160756653,0.008761354410556038
B0,1.61125,0.0009469696969696769,0.03083668009241137,0.008736906658408563,0.008736905905126593
B0,1.6118750000000002,0.0009469696969696769,0.030499912709046936,0.00871279967222766,0.008712798916035824
B0,1.6125,0.0009469696969696769,0.03016534152286058,0.008689007555634893,0.008689006796707761
B0,1.6131250000000001,0.0009469696969696769,0.029832963850840402,0.008665502856535902,0.008665502095050449
B0,1.61375,0.0009469696969696769,0.029502777003608274,0.008642257552462212,0.008642256788597891
B0,1.6143750000000001,0.0009469696969698451,0.029174778283070534,0.008619243292846607,0.008619242526785585
B0,1.6150000000000002,0.0009469696969696769,0.02884896498027261,0.00859643164659019,0.008596430878516713
B0,1.615625,0.0009469696969695087,0.028525334373006198,0.00857379435302049,0.008573793583121164
B0,1.61625,0.0009469696969696769,0.028203883723636955,0.008551303574298503,0.008551302802762256
B0,1.616875,0.0009469696969698451,0.027884610276936433,0.008528932147305233,0.008528931374323008
B0,1.6175000000000002,0.0009469696969696769,0.02756751125783783,0.008506653833026807,0.008506653058791287
B0,1.618125,0.0009469696969696769,0.027252583869304403,0.008484443561461753,0.008484442786167709
B0,1.6187500000000001,0.0009469696969698451,0.026939825290251466,0.008462277670094706,0.008462276893938307
B0,1.6193750000000002,0.0009469696969696769,0.026629232673462663,0.008440134134016715,0.008440133357195644
B0,1.62,0.0009469696969695087,0.02632080314357732,0.0084179927858243,0.008417992008537774
B0,1.620625,0.0009469696969696769,0.026014533795143513,0.008395835523496643,0.0083958347459449
B0,1.62125,0.0009469696969698451,0.025710421690687203,0.00837364650453189,0.008373645726916087
B0,1.6218750000000002,0.0009469696969696769,0.02540846385890039,0.00835141232471965,0.008351411547241663
B0,1.6225,0.0009469696969696769,0.025108657292860534,0.008329122180035484,0.008329121402897963
B0,1.6231250000000002,0.0009469696969696769,0.024810998948326286,0.00830676801026526,0.008306767233670718
B0,1.62375,0.0009469696969696769,0.024515485742051348,0.00828434462309962,0.008284343847251264
B0,1.6243750000000001,0.0009469696969696769,0.024222114550379467,0.008261849797581752,0.008261849022682309
B0,1.625,0.0009469696969696769,0.023930882207743115,0.008239284365944372,0.008239283592195926
B0,1.625625,0.0009469696969698451,0.023641785505196966,0.008216652273030478,0.00821665150063512
B0,1.6262500000000002,0.0009469696969696769,0.023354821189330202,0.008193960612659607,0.008193959841817993
B0,1.626875,0.0009469696969696769,0.02306998596104117,0.008171219640471716,0.00817121887138342
B0,1.6275000000000002,0.0009469696969696769,0.02278727647445176,0.00814844276295557,0.008148441995818803
B0,1.628125,0.0009469696969696769,0.022506689336032476,0.008125646502545481,0.008125645737556836
B0,1.6287500000000001,0.0009469696969696769,0.02222822110384734,0.00810285043884729,0.008102849676201122
B0,1.629375,0.0009469696969696769,0.021951868286736162,0.008080077126231438,0.008080076366119708
B0,1.6300000000000001,0.0009469696969698451,0.02167762734379749,0.008057351988204956,0.00805735123081739
B0,1.6306250000000002,0.0009469696969696769,0.021405494684059258,0.008034703189145703,0.008034702434668937
B0,1.63125,0.0009469696969696769,0.021135466666065843,0.008012161484147759,0.008012160732764909
B0,1.6318750000000002,0.0009469696969696769,0.020867539597683837,0.007989760047886907,0.00798975929977802
B0,1.6325,0.0009469696969696769,0.020601709736231693,0.007967534283567968,0.007967533538909336
B0,1.6331250000000002,0.0009469696969696769,0.020337973288490623,0.007945521613159869,0.007945520872123097
B0,1.63375,0.0009469696969696769,0.020076326410917333,0.007923761250259162,0.007923760513011842
B0,1.6343750000000001,0.0009469696969698451,0.019816765210155747,0.007902293957047226,0.007902293223752448
B0,1.6350000000000002,0.0009469696969696769,0.019559285743540537,0.007881161786920146,0.007881161057735491
B0,1.635625,0.0009469696969695087,0.019303884019757696,0.00786040781447123,0.007860407089549349
B0,1.63625,0.0009469696969696769,0.01905055599969232,0.007840075854595716,0.00784007513408381
B0,1.636875,0.0009469696969698451,0.018799297597473237,0.00782021017256345,0.007820209456602417
B0,1.6375000000000002,0.0009469696969696769,0.018550104681501724,0.007800855186967812,0.0078008544756927355
B0,1.638125,0.0009469696969696769,0.018302973075754903,0.00778205516750864,0.0077820544610482404
B0,1.6387500000000002,0.0009469696969696769,0.018057898561202566,0.007763853929602622,0.0077638532280787965
B0,1.639375,0.0009469696969696769,0.01781487687734516,0.007746294527835946,0.007746293831363845
B0,1.6400000000000001,0.0009469696969696769,0.017573903723857677,0.007729418950281957,0.0077294182589698005
B0,1.640625,0.0009469696969696769,0.017334974762437956,0.007713267815701003,0.007713267129649544
B0,1.64125,0.0009469696969698451,0.017098085618747053,0.007697880075620099,0.007697879394922303
B0,1.6418750000000002,0.0009469696969696769,0.016863231884387292,0.007683292723258014,0.007683292047999289
B0,1.6425,0.0009469696969696769,0.016630409119109343,0.007669540511216025,0.007669539841474225
B0,1.6431250000000002,0.0009469696969696769,0.01639961285322334,0.007656655679797696,0.007656655015642017
B0,1.64375,0.0009469696969696769,0.016170838589782653,0.0076446676977517695,0.007644667039243445
B0,1.6443750000000001,0.0009469696969696769,0.015944081807187947,0.007633603017152347,0.007633602364344427
B0,1.645,0.0009469696969696769,0.015719337961827187,0.007623484844040499,0.007623484196977122
B0,1.6456250000000001,0.0009469696969698451,0.01549660249063816,0.007614332926350937,0.007614332285068078
B0,1.6462500000000002,0.0009469696969696769,0.015275870813971892,0.007606163360539122,0.007606162725063725
B0,1.646875,0.0009469696969696769,0.01505713833835173,0.007598988418207053,0.0075989877885571325
B0,1.6475000000000002,0.0009469696969696769,0.01484040045937849,0.007592816393902152,0.007592815770087399
B0,1.648125,0.0009469696969696769,0.01462565256476803,0.0075876514751336156,0.007587650857154626
B0,1.6487500000000002,0.0009469696969696769,0.01441289003730577,0.007583493635514964,0.007583493023363051
B0,1.649375,0.0009469696969696769,0.014202108257859246,0.007580338551801758,0.007580337945459651
B0,1.6500000000000001,0.0009469696969698451,0.013993302608548324,0.007578177545450216,0.007578176944891879
B0,1.6506250000000002,0.0009469696969696769,0.013786468475855152,0.00757699754917659,0.007576996954366679
B0,1.65125,0.0009469696969695087,0.013581601253688791,0.007576781098849944,0.00757678050974447
B0,1.651875,0.0009469696969696769,0.013378696346593963,0.007577506350902992,0.00757750576744924
B0,1.6525,0.0009469696969698451,0.013177749172930318,0.007579147125298064,0.007579146547434304
B0,1.6531250000000002,0.0009469696969696769,0.012978755167917593,0.007581672973938745,0.007581672401594543
B0,1.65375,0.0009469696969696769,0.01278170978681831,0.007585049274273438,0.007585048707369928
B0,1.6543750000000002,0.0009469696969696769,0.012586608508056537,0.007589237347695371,0.007589236786145304
B0,1.655,0.0009469696969696769,0.01239344683626267,0.007594194602205813,0.007594194045913334
B0,1.6556250000000001,0.0009469696969696769,0.012202220305292041,0.007599874698673468,0.00759987414753463
B0,1.65625,0.0009469696969696769,0.012012924481240812,0.007606227739894562,0.007606227193797261
B0,1.656875,0.0009469696969698451,0.011825554965357143,0.007613200481535026,0.007613199940359047
B0,1.6575000000000002,0.0009469696969696769,0.01164010739686433,0.007620736563919442,0.007620736027537095
B0,1.658125,0.0009469696969696769,0.011456577455799328,0.00762877676352103,0.007628776231796995
B0,1.6587500000000002,0.0009469696969696769,0.011274960865748676,0.0076372592629039265,0.007637258735695212
B0,1.659375,0.0009469696969696769,0.01109525339636948,0.007646119937772855,0.007646119414929352
B0,1.6600000000000001,0.0009469696969696769,0.010917450865991593,0.007655292659697311,0.007655292141061796
B0,1.660625,0.0009469696969696769,0.010741549144042559,0.0076647096129966365,0.0076647090984053624
B0,1.6612500000000001,0.0009469696969698451,0.010567544153356392,0.00767430162419983,0.00767430111348227
B0,1.6618750000000002,0.0009469696969696769,0.01039543187240912,0.0076839985024292545,0.007683997995408125
B0,1.6625,0.0009469696969696769,0.01022520833734734,0.00769372938900073,0.007693728885492892
B0,1.6631250000000002,0.0009469696969696769,0.010056869644005872,0.007703423114483428,0.007703422614299727
B0,1.66375,0.0009469696969696769,0.00989041194973175,0.007713008561421927,0.0077130080643676505
B0,1.6643750000000002,0.0009469696969696769,0.009725831475117701,0.0077224150308891635,0.0077224145367638585
B0,1.665,0.0009469696969696769,0.009563124505512815,0.007731572611012635,0.007731572119610433
B0,1.6656250000000001,0.0009469696969698451,0.00940228739243637,0.007740412545597314,0.007740412056707861
B0,1.6662500000000002,0.0009469696969696769,0.009243316554948092,0.00774886760095612,0.0077488671143637
B0,1.666875,0.0009469696969695087,0.009086208480690694,0.007756872429053687,0.007756871944537988
B0,1.6675,0.0009469696969696769,0.008930959726827342,0.007764363925069621,0.007764363442406549
B0,1.668125,0.0009469696969698451,0.008777566920986244,0.007771281577494755,0.007771281096455715
B0,1.6687500000000002,0.0009469696969696769,0.00862602676181556,0.007777567808886877,0.007777567329239419
B0,1.669375,0.0009469696969696769,0.00847633601949894,0.007783168305431597,0.00778316782693964
B0,1.6700000000000002,0.0009469696969696769,0.008328491536131279,0.0077880323334786755,0.007788031855902699
B0,1.670625,0.0009469696969696769,0.008182490225841195,0.007792113041254845,0.007792112564352267
B0,1.6712500000000001,0.0009469696969696769,0.008038329074861576,0.007795367743990694,0.007795367267515861
B0,1.671875,0.0009469696969696769,0.007896005141337781,0.007797758190741416,0.0077977577144460065
B0,1.6725,0.0009469696969698451,0.0077555155550329165,0.007799250811229958,0.007799250334863012
B0,1.6731250000000002,0.0009469696969696769,0.00761685751684508,0.007799816941095739,0.007799816464403909
B0,1.67375,0.0009469696969696769,0.007480028298152802,0.007799433023994061,0.0077994325467221045
B0,1.6743750000000002,0.0009469696969696769,0.007345025240060997,0.0077980807890596325,0.007798080310950271
B0,1.675,0.0009469696969696769,0.0072118457524178664,0.007795747402324195,0.007795746923118332
B0,1.6756250000000001,0.0009469696969696769,0.007080487312661839,0.007792425590762271,0.007792425110199592
B0,1.67625,0.0009469696969696769,0.006950947464623953,0.007788113737731842,0.007788113255550616
B0,1.6768750000000001,0.0009469696969698451,0.006823223817085736,0.007782815948678782,0.007782815464615924
B0,1.6775000000000002,0.0009469696969696769,0.006697314042169573,0.007776542086085081,0.007776541599876662
B0,1.678125,0.0009469696969696769,0.0065732158736395265,0.007769307772762555,0.00776930728414422
B0,1.6787500000000002,0.0009469696969696769,0.006450927105095404,0.007761134362725754,0.007761133871432154
B0,1.679375,0.0009469696969696769,0.006330445587912105,0.007752048879020703,0.007752048384786148
B0,1.6800000000000002,0.0009469696969696769,0.006211769229131378,0.007742083918040264,0.00774208342059904
B0,1.680625,0.0009469696969696769,0.00609489598922022,0.0077312775200221884,0.007731277019108546
B0,1.6812500000000001,0.0009469696969698451,0.005979823879687315,0.007719673005602831,0.007719672500950934
B0,1.6818750000000002,0.0009469696969696769,0.005866550960580687,0.007707318778487061,0.007707318269831189
B0,1.6825,0.0009469696969695087,0.00575507533782618,0.007694268094493507,0.007694267581568774
B0,1.683125,0.0009469696969696769,0.005645395160620207,0.007680578797442935,0.00768057827998489
B0,1.68375,0.0009469696969698451,0.005537508618516638,0.007666313022575419,0.007666312500320353
B0,1.6843750000000002,0.0009469696969696769,0.005431413938542228,0.007651536868408033,0.00765153634109298
B0,1.685,0.0009469696969696769,0.005327109382211703,0.007636320038178058,0.007636319505541245
B0,1.6856250000000002,0.0009469696969696769,0.005224593242413325,0.007620735452254735,0.0076207349140358545
B0,1.68625,0.0009469696969696769,0.005123863840300047,0.007604858833144999,0.007604858289084812
B0,1.6868750000000001,0.0009469696969696769,0.005024919522039567,0.0075887682649616196,0.007588767714802332
B0,1.6875,0.0009469696969696769,0.004927758655540068,0.007572543729465309,0.007572543172950972
B0,1.688125,0.0009469696969698451,0.004832379627119542,0.0075562666210314535,0.007556266057907983
B0,1.6887500000000002,0.0009469696969696769,0.004738780838145144,0.007540019243126261,0.007540018673141302
B0,1.689375,0.0009469696969696769,0.0046469607015987265,0.007523884289101946,0.00752388371200549
B0,1.6900000000000002,0.0009469696969696769,0.004556917638681135,0.00750794431033435,0.007507943725878669
B0,1.690625,0.0009469696969696769,0.004468650075335881,0.007492281174925905,0.007492280582865527
B0,1.6912500000000001,0.0009469696969696769,0.004382156438779408,0.007476975520378803,0.0074769749204710075
B0,1.691875,0.0009469696969696769,0.004297435154049007,0.007462106203805255,0.007462105595810046
B0,1.6925000000000001,0.0009469696969698451,0.004214484640539841,0.0074477497533805455,0.007447749137060731
B0,1.6931250000000002,0.0009469696969696769,0.004133303308554829,0.0074339798248581595,0.007433979199979507
B0,1.69375,0.0009469696969696769,0.004053889555870316,0.0074208666670509404,0.007420866033382771
B0,1.6943750000000002,0.0009469696969696769,0.003976241764381808,0.0074084766002370656,0.007408475957551777
B0,1.695,0.0009469696969696769,0.003900358296719402,0.007396871511471845,0.007396870859545495
B0,1.6956250000000002,0.0009469696969696769,0.0038262374929375854,0.00738610837077378,0.007386107709386148
B0,1.69625,0.0009469696969696769,0.0037538776672830622,0.007376238772106079,0.0073762381010406275
B0,1.6968750000000001,0.0009469696969698451,0.003683277105005212,0.007367308502990183,0.007367307822034621
B0,1.6975000000000002,0.0009469696969696769,0.003614434059240705,0.007359357146466634,0.007359356455412741
B0,1.698125,0.0009469696969695087,0.0035473467479498807,0.007352417718959635,0.007352417017603603
B0,1.69875,0.0009469696969696769,0.0034820133509865982,0.007346516347406051,0.007346515635548782
B0,1.699375,0.0009469696969698451,0.0034184320072461944,0.007341671988777422,0.0073416712662243925
B0,1.7000000000000002,0.0009469696969696769,0.0033566008118710838,0.007337896194856324,0.007337895461417757
B0,1.700625,0.0009469696969696769,0.0032965178136051656,0.00733519292482789,0.007335192180319356
B0,1.7012500000000002,0.0009469696969696769,0.0032381810122594544,0.007333558407915132,0.0073335576521572285
B0,1.701875,0.0009469696969696769,0.0031815883562571487,0.007332981057925788,0.007332980290744679
B0,1.7025000000000001,0.0009469696969696769,0.00312673774034045,0.0073334414411915065,0.007333440662419158
B0,1.703125,0.0009469696969696769,0.003073627003396905,0.0073349122989702625,0.007334911508443991
B0,1.70375,0.0009469696969698451,0.0030222539263581485,0.007337358624954144,0.007337357822517309
B0,1.7043750000000002,0.0009469696969696769,0.0029726162303335673,0.00734073779808027,0.0073407369835827956
B0,1.705,0.0009469696969696769,0.002924711574812432,0.0073449997703872345,0.00734499894368493
B0,1.7056250000000002,0.0009469696969696769,0.0028785375560030062,0.007350087309197278,0.0073500864701524955
B0,1.70625,0.0009469696969696769,0.0028340917053534115,0.00735593629243978,0.007355935440921956
B0,1.7068750000000001,0.0009469696969696769,0.00279137148821272,0.007362476055469573,0.0073624751913545445
B0,1.7075,0.0009469696969696769,0.0027503743025877265,0.00736962978727828,0.007369628910448912
B0,1.7081250000000001,0.0009469696969698451,0.0027110974781047147,0.007377314973553689,0.007377314083900384
B0,1.7087500000000002,0.0009469696969696769,0.002673538275117156,0.007385443883614992,0.007385442981035322
B0,1.709375,0.0009469696969696769,0.002637693883887713,0.007393924097845832,0.007393923182244789
B0,1.7100000000000002,0.0009469696969696769,0.0026035614240227747,0.0074026590718668335,0.007402658143157239
B0,1.710625,0.0009469696969696769,0.0025711379439707174,0.007411548733338335,0.007411547791440905
B0,1.7112500000000002,0.0009469696969696769,0.0025404204207024324,0.007420490106967336,0.007420489151810624
B0,1.711875,0.0009469696969696769,0.002511405759510895,0.00742937796301325,0.007429376994534068
B0,1.7125000000000001,0.0009469696969698451,0.002484090793979565,0.007438105484348749,0.007438104502492361
B0,1.7131250000000002,0.0009469696969696769,0.002458472286070357,0.007446564946937291,0.007446563951657128
B0,1.71375,0.0009469696969695087,0.00243454692630936,0.007454648408441554,0.007454647399699683
B0,1.714375,0.0009469696969696769,0.0024123113341621163,0.00746224839957752,0.007462247377344806
B0,1.715,0.0009469696969698451,0.002391762058499219,0.007469258612780413,0.007469257577036495
B0,1.7156250000000002,0.0009469696969696769,0.002372895578192021,0.007475574582751865,0.007475573533485283
B0,1.71625,0.0009469696969696769,0.0023557083027904383,0.007481094353512236,0.007481093290720574
B0,1.7168750000000002,0.0009469696969696769,0.002340196573348667,0.007485719126689636,0.007485718050379602
B0,1.7175,0.0009469696969696769,0.0023263566633569457,0.0074893538859355565,0.007489352796123104
B0,1.7181250000000001,0.0009469696969696769,0.0023141847797294433,0.0074919079925664465,0.007491906889276861
B0,1.71875,0.0009469696969696769,0.00230367706391517,0.007493295747788053,0.007493294631056021
B0,1.719375,0.0009469696969698451,0.0022948295930833636,0.007493436917163377,0.007493435787032866
B0,1.7200000000000002,0.0009469696969696769,0.002287638381397464,0.007492257213332371,0.00749225606985683
B0,1.720625,0.0009469696969696769,0.002282099381366491,0.007489688733378552,0.007489687576621159
B0,1.7212500000000002,0.0009469696969696769,0.002278208485217921,0.007485670347660348,0.007485669177693615
B0,1.721875,0.0009469696969696769,0.002275961526391669,0.007480148037379284,0.00748014685428541
B0,1.7225000000000001,0.0009469696969696769,0.00227535428105078,0.007473075178637285,0.007473073982507863
B0,1.723125,0.0009469696969696769,0.002276382469648271,0.007464412771236864,0.007464411562173116
B0,1.7237500000000001,0.0009469696969698451,0.0022790417585379216,0.007454129610994703,0.00745412838910758
B0,1.7243750000000002,0.0009469696969696769,0.0022833277616019455,0.007442202404865284,0.007442201170274949
B0,1.725,0.0009469696969696769,0.0022892360419424175,0.007428615828701218,0.007428614581537239
B0,1.7256250000000002,0.0009469696969696769,0.0022967621135595515,0.007413362528003767,0.007413361268405147
B0,1.72625,0.0009469696969696769,0.0023059014430642,0.0073964430625357526,0.007396441790650891
B0,1.7268750000000002,0.0009469696969696769,0.002316649451405208,0.007377865796172651,0.007377864512158896
B0,1.7275,0.0009469696969696769,0.0023290015155911148,0.007357646733850908,0.007357645437874804
B0,1.7281250000000001,0.0009469696969698451,0.00234295297042667,0.007335809307929712,0.007335808000166929
B0,1.7287500000000002,0.0009469696969696769,0.00235849911022493,0.007312384116708511,0.00731238279734327
B0,1.729375,0.0009469696969695087,0.0023756351905306343,0.007287408618232436,0.0072874072874572395
B0,1.73,0.0009469696969696769,0.002394356429853481,0.00726092678286757,0.00726092544088403
B0,1.730625,0.0009469696969698451,0.0024146580113033433,0.007232988708433987,0.007232987355451808
B0,1.7312500000000002,0.0009469696969696769,0.0024365350842879014,0.007203650201943586,0.007203648838179937
B0,1.731875,0.0009469696969696769,0.002459982766183671,0.007172972332199008,0.007172970957879516
B0,1.7325000000000002,0.0009469696969696769,0.002484996143905664,0.007141020957669051,0.007141019573026583
B0,1.733125,0.0009469696969696769,0.0025115702755221002,0.007107866234163089,0.007107864839437816
B0,1.7337500000000001,0.0009469696969696769,0.0025397001918127165,0.007073582106880795,0.0070735807023199725
B0,1.734375,0.0009469696969696769,0.0025693808977840173,0.00703824579141786,0.007038244377275347
B0,1.735,0.0009469696969698451,0.002600607374147881,0.007001937248260396,0.007001935824796434
B0,1.7356250000000002,0.0009469696969696769,0.002633374578775747,0.006964738655205683,0.006964737222686549
B0,1.73625,0.0009469696969696769,0.0026676774481204663,0.006926733882005156,0.006926732440703071
B0,1.7368750000000002,0.0009469696969696769,0.0027035108985349813,0.006888007971342162,0.00688800652153416
B0,1.7375,0.0009469696969696769,0.0027408698276272497,0.006848646630033572,0.0068486451720019504
B0,1.7381250000000001,0.0009469696969696769,0.002779749115533479,0.006808735734086873,0.006808734268118635
B0,1.73875,0.0009469696969696769,0.002820143626121351,0.006768360850956774,0.006768359377342773
B0,1.7393750000000001,0.0009469696969698451,0.002862048208195693,0.006727606782031952,0.006727605301066825
B0,1.7400000000000002,0.0009469696969696769,0.002905457696633763,0.0066865571280495814,0.006686555640031384
B0,1.740625,0.0009469696969696769,0.002950366913457821,0.006645293879786666,0.00664529238501639
B0,1.7412500000000002,0.0009469696969696769,0.0029967706688599064,0.0066038970360198295,0.0066038955348004
B0,1.741875,0.0009469696969696769,0.003044663762243903,0.006562444250382752,0.006562442743019223
B0,1.7425000000000002,0.0009469696969696769,0.0030940409831250286,0.00652101050838827,0.006521008995187493
B0,1.743125,0.0009469696969696769,0.003144897112005001,0.006479667835527617,0.006479666316797028
B0,1.7437500000000001,0.0009469696969698451,0.0031972269212651354,0.00643848503701153,0.006438483513059113
B0,1.7443750000000002,0.0009469696969696769,0.0032510251759144283,0.006397527469388404,0.006397525940522184
B0,1.745,0.0009469696969695087,0.003306286634346717,0.00635685684396038,0.006356855310487777
B0,1.745625,0.0009469696969696769,0.0033630060490491406,0.0063165310616267924,0.006316529523854259
B0,1.74625,0.0009469696969698451,0.00342117816722335,0.006276604078517737,0.006276602536750284
B0,1.7468750000000002,0.0009469696969696769,0.0034807977313716003,0.0062371258015389555,0.0062371242560794555
B0,1.7475,0.0009469696969696769,0.003541859479863946,0.006198142012737391,0.006198140463886098
B0,1.7481250000000002,0.0009469696969696769,0.003604358147438814,0.006159694321213055,0.0061596927692675486
B0,1.74875,0.0009469696969696769,0.003668288465611327,0.006121820141149919,0.006121818586404338
B0,1.7493750000000001,0.0009469696969696769,0.0037336451630638895,0.006084552694414416,0.006084551137158176
B0,1.75,0.0009469696969696769,0.003800422966068871,0.006047921036075881,0.006047919476594605
B0,1.750625,0.0009469696969698451,0.0038686165987074994,0.006011950101136206,0.006011948539710734
B0,1.7512500000000002,0.0009469696969696769,0.003938220783082305,0.005976660770717022,0.005976659207621572
B0,1.751875,0.0009469696969696769,0.004009230239667986,0.005942069955935958,0.00594206839144025
B0,1.7525000000000002,0.0009469696969696769,0.00408163968730522,0.005908190697711706,0.005908189132078812
B0,1.753125,0.0009469696969696769,0.004155443843330187,0.005875032280764567,0.005875030714250077
B0,1.7537500000000001,0.0009469696969696769,0.004230637423695002,0.0058426003601227735,0.005842598792975804
B0,1.754375,0.0009469696969696769,0.004307215142913105,0.0058108970985054145,0.005810895530967691
B0,1.7550000000000001,0.0009469696969698451,0.004385171713977951,0.005779921313022846,0.005779919745327548
B0,1.7556250000000002,0.0009469696969696769,0.004464501848317079,0.005749668629716676,0.005749667062088661
B0,1.75625,0.0009469696969696769,0.00454520025565811,0.005720131644548302,0.005720130077204469
B0,1.7568750000000002,0.0009469696969696769,0.004627261643740234,0.005691300089536978,0.005691298522684625
B0,1.7575,0.0009469696969696769,0.004710680718142727,0.0056631610028419314,0.0056631594366788
B0,1.7581250000000002,0.0009469696969696769,0.004795452181984679,0.005635698901677107,0.005635697336391714
B0,1.75875,0.0009469696969696769,0.004881570735551592,0.005608895957040005,0.005608894392811233
B0,1.7593750000000001,0.0009469696969698451,0.004969031075859193,0.005582732169325434,0.005582730606321255
B0,1.7600000000000002,0.0009469696969696769,0.00505782789629405,0.005557185543981061,0.005557183982359253
B0,1.760625,0.0009469696969695087,0.005147955886071261,0.005532232266442413,0.005532230706350432
B0,1.76125,0.0009469696969696769,0.005239409729647577,0.005507846875661027,0.005507845317235102
B0,1.761875,0.0009469696969698451,0.005332184106205973,0.005484002435609077,0.005484000878974857
B0,1.7625000000000002,0.0009469696969696769,0.0054262736889248995,0.005460670704208609,0.005460669149480214
B0,1.763125,0.0009469696969696769,0.00552167314431983,0.00543782229919223,0.005437820746472092
B0,1.7637500000000002,0.0009469696969696769,0.005618377131530722,0.0054154268604556036,0.005415425309835327
B0,1.764375,0.0009469696969696769,0.005716380301456727,0.005393453208511387,0.005393451660070971
B0,1.7650000000000001,0.0009469696969696769,0.005815677295928816,0.005371869498698289,0.005371867952505672
B0,1.765625,0.0009469696969696769,0.005916262746846389,0.005350643370840182,0.005350641826951679
B0,1.76625,0.0009469696969698451,0.006018131275218759,0.005329742094087589,0.00532974055254817
B0,1.7668750000000002,0.0009469696969696769,0.006121277490109878,0.0053091327067094005,0.005309131167551752
B0,1.7675,0.0009469696969696769,0.0062256959876856414,0.005288782150635527,0.005288780613880654
B0,1.7681250000000002,0.0009469696969696769,0.0063313813500918996,0.005268657400582907,0.005268655866240377
B0,1.76875,0.0009469696969696769,0.006438328144268421,0.005248725587628003,0.0052487240556954385
B0,1.7693750000000001,0.0009469696969696769,0.006546530920781155,0.005228954117118322,0.005228952587581087
B0,1.77,0.0009469696969696769,0.006655984212680233,0.0052093107808447794,0.00520930925367733
B0,1.7706250000000001,0.0009469696969698451,0.006766682534110122,0.005189763863424988,0.005189762338590384
B0,1.7712500000000002,0.0009469696969696769,0.006878620378925605,0.005170282242876121,0.005170280720324387
B0,1.771875,0.0009469696969696769,0.006991792219591083,0.005150835485382617,0.005150833965053835
B0,1.7725000000000002,0.0009469696969696769,0.007106192505494042,0.0051313939342910765,0.005131392416113722
B0,1.773125,0.0009469696969696769,0.007221815661576896,0.005111928793390312,0.005111927277280876
B0,1.7737500000000002,0.0009469696969696769,0.00733865608695468,0.005092412204557706,0.005092410690422423
B0,1.774375,0.0009469696969696769,0.0074567081532375245,0.00507281731987642,0.005072815807610623
B0,1.7750000000000001,0.0009469696969698451,0.0075759662029975545,0.005053118368347173,0.005053116857834844
B0,1.7756250000000002,0.0009469696969696769,0.007696424548216434,0.005033290717336367,0.005033289208450904
B0,1.77625,0.0009469696969695087,0.007818077468633576,0.005013310928916585,0.005013309421521368
B0,1.776875,0.0009469696969696769,0.007940919210029004,0.004993156811267085,0.004993155305214894
B0,1.7775,0.0009469696969698451,0.008064943982546894,0.0049728074653093875,0.004972805960442729
B0,1.7781250000000002,0.0009469696969696769,0.00819014595899518,0.004952243326757175,0.004952241822908866
B0,1.77875,0.0009469696969696769,0.008316519273080844,0.004931446203759623,0.004931444700752864
B0,1.7793750000000002,0.0009469696969696769,0.008444058017564374,0.004910399310313533,0.004910397807961238
B0,1.78,0.0009469696969696769,0.008572756242609723,0.004889087295611763,0.004889085793718069
B0,1.7806250000000001,0.0009469696969696769,0.008702607953855346,0.004867496269483712,0.004867494767843725
B0,1.78125,0.0009469696969696769,0.008833607110581652,0.004845613824069272,0.0048456123224686195
B0,1.781875,0.0009469696969698451,0.008965747623983215,0.004823429051848724,0.004823427550064831
B0,1.7825000000000002,0.0009469696969696769,0.009099023355177552,0.004800932560131331,0.004800931057932462
B0,1.783125,0.0009469696969696769,0.009233428113474388,0.004778116482082246,0.0047781149792285715
B0,1.7837500000000002,0.0009469696969696769,0.00936895565447407,0.004754974484343284,0.004754972980586981
B0,1.784375,0.0009469696969696769,0.009505599678213003,0.0047315017712787795,0.004731500266364019
B0,1.7850000000000001,0.0009469696969696769,0.00964335382731022,0.004707695085852762,0.004707693579516019
B0,1.785625,0.0009469696969696769,0.009782211685132852,0.00468355270712001,0.004683551199090044
B0,1.7862500000000001,0.0009469696969698451,0.009922166774030072,0.004659074444291157,0.00465907293428991
B0,1.7868750000000002,0.0009469696969696769,0.010063212553411109,0.00463426162731236,0.004634260115054336
B0,1.7875,0.0009469696969696769,0.010205342418036088,0.004609117093883007,0.004609115579075768
B0,1.7881250000000002,0.0009469696969696769,0.010348549696249952,0.004583645172821594,0.004583643655166466
B0,1.78875,0.0009469696969696769,0.010492827648219889,0.004557851663681486,0.004557850142873536
B0,1.7893750000000002,0.0009469696969696769,0.010638169464137096,0.004531743812513622,0.004531742288240874
B0,1.79,0.0009469696969696769,0.010784568262735762,0.004505330283674481,0.00450532875561975
B0,1.7906250000000001,0.0009469696969698451,0.010932017089513676,0.004478621127583609,0.004478619595424274
B0,1.7912500000000002,0.0009469696969696769,0.01108050891502719,0.004451627744347509,0.004451626207754098
B0,1.791875,0.0009469696969695087,0.0112300366336332,0.004424362843182924,0.004424361301821654
B0,1.7925,0.0009469696969696769,0.011380593061765792,0.004396840397595947,0.004396838851128557
B0,1.793125,0.0009469696969698451,0.011532170936381824,0.004369075596300942,0.00436907404438314
B0,1.7937500000000002,0.0009469696969696769,0.011684762913769688,0.004341084789895041,0.004341083232178185
B0,1.794375,0.0009469696969696769,0.011838361568134732,0.004312885433340755,0.004312883869472482
B0,1.7950000000000002,0.0009469696969696769,0.011992959390147438,0.00428449602434921,0.004284494453972232
B0,1.795625,0.0009469696969696769,0.012148548785866367,0.004255936037798868,0.004255934460552203
B0,1.7962500000000001,0.0009469696969696769,0.01230512207551445,0.0042272258563692345,0.004227224271888446
B0,1.796875,0.0009469696969696769,0.012462671492304227,0.004198386697615135,0.004198385105532322
B0,1.7975,0.0009469696969698451,0.012621189181385033,0.00416944053775278,0.004169438937696611
B0,1.7981250000000002,0.0009469696969696769,0.012780667198899798,0.004140410032474424,0.004140408424070673
B0,1.79875,0.0009469696969696769,0.012941097511047894,0.004111318435152007,0.0041113168180240845
B0,1.7993750000000002,0.0009469696969696769,0.013102471993068942,0.004082189512831939,0.0040821878865997495
B0,1.8,0.0009469696969696769,0.01326478242872224,0.004053047460461028,0.004053045824743379
B0,1.8006250000000001,0.0009469696969696769,0.013428020509304382,0.004023916813817617,0.004023915168231301
B0,1.80125,0.0009469696969696769,0.013592177832962272,0.00399482236165216,0.003994820705811362
B0,1.8018750000000001,0.0009469696969698451,0.013757245904310477,0.003965789057564398,0.003965787391082731
B0,1.8025000000000002,0.0009469696969696769,0.01392321613359477,0.003936841932163855,0.003936840254653044
B0,1.803125,0.0009469696969696769,0.014090079836385116,0.003908006006071593,0.003908004317142591
B0,1.8037500000000002,0.0009469696969696769,0.01425782823310208,0.0038793062043270257,0.0038793045035904914
B0,1.804375,0.0009469696969696769,0.01442645244852792,0.00385076727276244,0.0038507655598284084
B0,1.8050000000000002,0.0009469696969696769,0.014595943511528256,0.003822413696899786,0.003822411971377877
B0,1.805625,0.0009469696969696769,0.014766292354793103,0.0037942696239097176,0.003794267885409667
B0,1.8062500000000001,0.0009469696969698451,0.014937489814600741,0.003766358788151235,0.0037663570362837244
B0,1.8068750000000002,0.0009469696969696769,0.015109526630447252,0.003738704440783001,0.0037387026751586443
B0,1.8075,0.0009469696969695087,0.015282393445025536,0.0037113292839033724,0.0037113275041335487
B0,1.808125,0.0009469696969696769,0.015456080804166685,0.003684255409636755,0.0036842536153352456
B0,1.80875,0.0009469696969698451,0.01563057915641352,0.0036575042445397216,0.003657502435321064
B0,1.8093750000000002,0.0009469696969696769,0.015805878853045418,0.003631096499651215,0.00363109467513053
B0,1.81,0.0009469696969696769,0.015981970148289566,0.0036050521264578157,0.0036050502862537723
B0,1.8106250000000002,0.0009469696969696769,0.016158843198792655,0.0035793902789891625,0.003579388422722178
B0,1.81125,0.0009469696969696769,0.016336488063722614,0.0035541292821998035,0.0035541274094920924
B0,1.8118750000000001,0.0009469696969696769,0.0165148947048648,0.0035292866067322144,0.0035292847172096
B0,1.8125,0.0009469696969696769,0.016694052986262184,0.003504878850094497,0.00350487694338559
B0,1.813125,0.0009469696969698451,0.01687395267423474,0.0034809217242231212,0.0034809197999594033
B0,1.8137500000000002,0.0009469696969696769,0.01705458343726901,0.0034574300493390425,0.003457428107155364
B0,1.814375,0.0009469696969696769,0.017235934845928814,0.003434417753943722,0.003434415793479337
B0,1.8150000000000002,0.0009469696969696769,0.017417996372484215,0.0034118978807419834,0.0034118959016394535
B0,1.815625,0.0009469696969696769,0.017600757390848796,0.0033898825982206574,0.0033898806001265965
B0,1.8162500000000001,0.0009469696969696769,0.017784207176325024,0.003368383217556818,0.003368381200122617
B0,1.816875,0.0009469696969696769,0.017968334905201763,0.0033474102144781127,0.0033474081773597368
B0,1.8175000000000001,0.0009469696969698451,0.01815312965437622,0.0033269732556494413,0.0033269711985072135
B0,1.8181250000000002,0.0009469696969696769,0.018338580400980842,0.0033070812291169597,0.0033070791516159525
B0,1.81875,0.0009469696969696769,0.01852467602197365,0.003287742278301261,0.00328774018011246
B0,1.8193750000000002,0.0009469696969696769,0.01871140529328368,0.0032689638389981164,0.0032689617197967603
B0,1.82,0.0009469696969696769,0.018898756889515526,0.0032507526788165936,0.0032507505382840893
B0,1.8206250000000002,0.0009469696969696769,0.019086719382981534,0.003233114938461474,0.003233112776284807
B0,1.82125,0.0009469696969696769,0.019275281242884874,0.003216056174250479,0.0032160539901215585
B0,1.8218750000000001,0.0009469696969698451,0.019464430834676513,0.0031995814012452275,0.0031995791948625477
B0,1.8225000000000002,0.0009469696969696769,0.01965415641874542,0.0031836951363706668,0.003183692907438067
B0,1.823125,0.0009469696969695087,0.019844446149535934,0.0031684014408986235,0.0031683991891258943
B0,1.82375,0.0009469696969696769,0.02003528807438885,0.003153703961678636,0.0031537016867818563
B0,1.824375,0.0009469696969698451,0.0202266701321996,0.0031396059705128708,0.0031396036722145847
B0,1.8250000000000002,0.0009469696969696769,0.020418580151968284,0.0031261104010911443,0.0031261080791194743
B0,1.825625,0.0009469696969696769,0.02061100585146792,0.003113219882927426,0.0031132175370164232
B0,1.8262500000000002,0.0009469696969696769,0.0208039348357301,0.0031009367717698853,0.0031009344016603305
B0,1.826875,0.0009469696969696769,0.020997354595247146,0.0030892631759927795,0.0030892607814318306
B0,1.8275000000000001,0.0009469696969696769,0.021191252504134526,0.003078200978519471,0.0030781985592594967
B0,1.828125,0.0009469696969696769,0.021385615818618184,0.0030677518538718166,0.003067749409672288
B0,1.82875,0.0009469696969698451,0.021580431674768873,0.003057917279991105,0.003057914810617732
B0,1.8293750000000002,0.0009469696969696769,0.021775687086363366,0.003048698544530098,0.003048696049752963
B0,1.83,0.0009469696969696769,0.021971368943322044,0.0030400967453727704,0.003040094224969664
B0,1.8306250000000002,0.0009469696969696769,0.022167464008881668,0.0030321127851991618,0.003032110238953311
B0,1.83125,0.0009469696969696769,0.022363958917524483,0.0030247473599756703,0.0030247447876754234
B0,1.8318750000000001,0.0009469696969696769,0.022560840172753054,0.003018000941315751,0.003017998342755784
B0,1.8325,0.0009469696969696769,0.022758094144448637,0.0030118737527227274,0.0030118711277034357
B0,1.8331250000000001,0.0009469696969698451,0.022955707066363067,0.003006365739793288,0.0030063630881199503
B0,1.8337500000000002,0.0009469696969696769,0.02315366503360198,0.003001476534527878,0.003001473856010652
B0,1.834375,0.0009469696969696769,0.02335195400015628,0.0029972054139613354,0.0029972027084166127
B0,1.8350000000000002,0.0009469696969696769,0.023550559775867303,0.002993551253393447,0.002993548520641923
B0,1.835625,0.0009469696969696769,0.02374946802390645,0.0029905124745639357,0.0029905097144306
B0,1.8362500000000002,0.0009469696969696769,0.023948664258126307,0.002988086989179204,0.002988084201494274
B0,1.836875,0.0009469696969696769,0.024148133840093157,0.0029862721382583847,0.002986269322856596
B0,1.8375000000000001,0.0009469696969698451,0.0243478619762438,0.002985064627823249,0.0029850617845429786
B0,1.8381250000000002,0.0009469696969696769,0.024547833715230526,0.002984460461509868,0.0029844575901936173
B0,1.83875,0.0009469696969695087,0.024748033945040333,0.0029844548707290064,0.0029844519712234393
B0,1.839375,0.0009469696969696769,0.024948447390014637,0.0029850422430465987,0.0029850393152013785
B0,1.84,0.0009469696969698451,0.025149058608289955,0.002986216049494829,0.0029862130931636944
B0,1.8406250000000002,0.0009469696969696769,0.02534985198873589,0.0029879687715578694,0.0029879657865973137
B0,1.84125,0.0009469696969696769,0.025550811748300827,0.002990291828603913,0.002990288814873005
B0,1.8418750000000002,0.0009469696969696769,0.02575192192937458,0.0029931755065562664,0.002993172463917549
B0,1.8425,0.0009469696969696769,0.02595316639688018,0.0029966088886107804,0.0029966058169292493
B0,1.8431250000000001,0.0009469696969696769,0.026154528835694135,0.003000579788814481,0.003000576687957164
B0,1.84375,0.0009469696969696769,0.02635599274808926,0.003005074689320702,0.0030050715591567086
B0,1.844375,0.0009469696969698451,0.026557541451284274,0.003010078682129238,0.0030100755225303945
B0,1.8450000000000002,0.0009469696969696769,0.026759158074733183,0.0030155754161057657,0.0030155722269451426
B0,1.845625,0.0009469696969696769,0.02696082555793391,0.0030215470500533554,0.0030215438312054584
B0,1.8462500000000002,0.0009469696969696769,0.0271625266481942,0.0030279742125798826,0.003027970963921277
B0,1.846875,0.0009469696969696769,0.027364243898299074,0.003034835969469074,0.0030348326908777893
B0,1.8475000000000001,0.0009469696969696769,0.027565959664336084,0.00304210979921973,0.003042106490574189
B0,1.848125,0.0009469696969696769,0.027767656104045895,0.003049771577367586,0.003049768238548207
B0,1.8487500000000001,0.0009469696969698451,0.027969315174664524,0.00305779557014787,0.0030577922010363496
B0,1.8493750000000002,0.0009469696969696769,0.02817091863098127,0.0030661544379936866,0.003066151038470907
B0,1.85,0.0009469696969696769,0.028372448024424672,0.003074819249297254,0.003074815819246712
B0,1.8506250000000002,0.0009469696969696769,0.028573884700879015,0.003083759504787208,0.0030837560440930443
B0,1.85125,0.0009469696969696769,0.028775209799482414,0.00309294317279683,0.003092939681343042
B0,1.8518750000000002,0.0009469696969696769,0.02897640425169442,0.003102336735616091,0.00310233321328814
B0,1.8525,0.0009469696969696769,0.029177448779981997,0.0031119052470342198,0.0031119016937185403
B0,1.8531250000000001,0.0009469696969698451,0.02937832389690658,0.0031216124010914744,0.003121608816674934
B0,1.8537500000000002,0.0009469696969696769,0.029579009904416774,0.0031314206119682393,0.0031314169963382347
B0,1.854375,0.0009469696969695087,0.02977948689337418,0.003141291104848235,0.003141287457893655
B0,1.855,0.0009469696969696769,0.029979734742982097,0.003151184017500527,0.003151180339111609
B0,1.855625,0.0009469696969698451,0.030179733120398178,0.0031610585122339293,0.0031610548023013147
B0,1.8562500000000002,0.0009469696969696769,0.030379461480839375,0.003170872897786959,0.003170869156202399
B0,1.856875,0.0009469696969696769,0.030578899067786505,0.003180584760628779,0.0031805809872866627
B0,1.8575000000000002,0.0009469696969696769,0.030778024912683312,0.0031901511050611933,0.003190147299856118
B0,1.858125,0.0009469696969696769,0.030976817836008502,0.0031995285014306605,0.0031995246642599205
B0,1.8587500000000001,0.0009469696969696769,0.031175256447493804,0.003208673241682371,0.0032086693724455253
B0,1.859375,0.0009469696969696769,0.03137331914676774,0.0032175415014166573,0.003217537600014271
B0,1.86,0.0009469696969698451,0.03157098412490317,0.00322608950754277,0.00322608557387941
B0,1.8606250000000002,0.0009469696969696769,0.03176822936487158,0.003234273710565571,0.00323426974454791
B0,1.86125,0.0009469696969695087,0.03196503264321251,0.0032420509604891533,0.0032420469620266868
B0,1.861875,0.0009469696969698451,0.032161371531619784,0.003249378685277158,0.003249374654283659
B0,1.8625000000000003,0.0009469696969698451,0.0323572233983011,0.003256215070773605,0.003256211007166233
B0,1.8631250000000001,0.0009469696969695087,0.032552565410009705,0.003262519240960665,0.0032625151446605033
B0,1.86375,0.0009469696969696769,0.032747374534146986,0.003268251437411391,0.003268247308344565
B0,1.8643750000000001,0.0009469696969698451,0.03294162754082264,0.003273373196785819,0.003273369034883581
B0,1.8650000000000002,0.0009469696969696769,0.033135301005123435,0.003277847525218848,0.003277843330416973
B0,1.865625,0.0009469696969695087,0.033328371309941776,0.0032816390684572453,0.003281634840697428
B0,1.86625,0.0009469696969696769,0.033520814648653974,0.0032847142766215818,0.0032847100158528075
B0,1.866875,0.0009469696969698451,0.033712607027665174,0.0032870415624962736,0.003287037268673621
B0,1.8675000000000002,0.0009469696969696769,0.033903724269585656,0.003288591452287346,0.003288587125371906
B0,1.868125,0.0009469696969696769,0.03409414201685018,0.00328933672783258,0.003289332367794483
B0,1.8687500000000001,0.0009469696969698451,0.034283835734528555,0.003289252559301933,0.0032892481661194626
B0,1.8693750000000002,0.0009469696969696769,0.03447278071375388,0.003288316627487282,0.0032883122011455887
B0,1.87,0.0009469696969695087,0.03466095207602393,0.003286509234848977,0.0032865047753433754
B0,1.870625,0.0009469696969696769,0.03484832477651674,0.0032838134045617947,0.0032838089118978975
B0,1.87125,0.0009469696969698451,0.03503487360773597,0.003280214966884186,0.0032802104410761144
B0,1.8718750000000002,0.0009469696969696769,0.03522057320414754,0.0032757026322612916,0.0032756980733338378
B0,1.8725,0.0009469696969696769,0.035405398046180786,0.0032702680506634485,0.003270263458653254
B0,1.8731250000000002,0.0009469696969698451,0.03558932246415415,0.0032639058567571003,0.0032639012317112227
B0,1.8737500000000002,0.0009469696969696769,0.03577232064309445,0.003256613700603122,0.0032566090425804
B0,1.8743750000000001,0.0009469696969695087,0.03595436662720256,0.0032483922636778904,0.003248387572750028
B0,1.875,0.0009469696969696769,0.036135434324299484,0.0032392452601141394,0.0032392405363656143
B0,1.875625,0.0009469696969698451,0.0363154975105056,0.0032291794231607057,0.0032291746666884146
B0,1.8762500000000002,0.0009469696969696769,0.036494529835267436,0.0032182044769619327,0.0032181996878763905
B0,1.876875,0.0009469696969695087,0.03667250482618224,0.0032063330938577918,0.0032063282722837954
B0,1.8775,0.0009469696969698451,0.03684939589385591,0.003193580837504101,0.0031935759835807066
B0,1.8781250000000003,0.0009469696969698451,0.03702517633692021,0.0031799660922072264,0.0031799612060875444
B0,1.8787500000000001,0.0009469696969695087,0.037199819347326205,0.003165509978959166,0.0031655050608113307
B0,1.879375,0.0009469696969696769,0.03737329801545522,0.003150236258745513,0.0031502313087532026
B0,1.8800000000000001,0.0009469696969698451,0.03754558533523193,0.0031341712237805994,0.0031341662421427094
B0,1.8806250000000002,0.0009469696969696769,0.03771665420946469,0.0031173435773992923,0.0031173385643300617
B0,1.88125,0.0009469696969695087,0.03788647745527362,0.0030997843034042123,0.003099779259133757
B0,1.881875,0.0009469696969696769,0.038055027809454495,0.0030815265257287503,0.0030815214505034863
B0,1.8825,0.0009469696969698451,0.038222277933817356,0.0030626053593308103,0.003062600253413288
B0,1.8831250000000002,0.0009469696969696769,0.03838820042062185,0.0030430577532783443,0.0030430526169468682
B0,1.88375,0.0009469696969696769,0.03855276779821853,0.003022922327026064,0.0030229171605750914
B0,1.8843750000000001,0.0009469696969698451,0.038715952536672905,0.003002239200912051,0.0030022340046531007
B0,1.8850000000000002,0.0009469696969696769,0.03887772705292862,0.0029810498219243124,0.0029810445961842816
B0,1.885625,0.0009469696969695087,0.039038063716786094,0.0029593967857995604,0.002959391530921258
B0,1.88625,0.0009469696969696769,0.03919693485668174,0.0029373236565200626,0.0029373183728636414
B0,1.886875,0.0009469696969698451,0.03935431276483471,0.0029148747842699936,0.002914869472210996
B0,1.8875000000000002,0.0009469696969696769,0.039510169703107334,0.0028920951228996812,0.002892089782827954
B0,1.888125,0.0009469696969696769,0.039664477909344006,0.0028690300479248046,0.002869024680247221
B0,1.8887500000000002,0.0009469696969698451,0.03981720960247506,0.00284572517605953,0.0028457197811982957
B0,1.8893750000000002,0.0009469696969696769,0.03996833698827423,0.0028222261872468146,0.0028222207656373524
B0,1.8900000000000001,0.0009469696969695087,0.0401178322659599,0.0027985786501063623,0.002798573202199861
B0,1.890625,0.0009469696969696769,0.040265667633543244,0.0027748278516727828,0.0027748223779351317
B0,1.89125,0.0009469696969698451,0.04041181529362832,0.0027510186322426133,0.002751013133152209
B0,1.8918750000000002,0.0009469696969696769,0.0405562474599251,0.002727195226089988,0.0027271897021386377
B0,1.8925,0.0009469696969695087,0.040698936363134944,0.002703401108748168,0.0027033955604408647
B0,1.893125,0.0009469696969698451,0.04083985425701983,0.002679678851488212,0.002679673279342262
B0,1.8937500000000003,0.0009469696969698451,0.040978973424572476,0.0026560699835571164,0.0026560643881010414
B0,1.8943750000000001,0.0009469696969695087,0.04111626618444211,0.0026326148626672013,0.002632609244440329
B0,1.895,0.0009469696969696769,0.0412517048974505,0.0026093525541565944,0.00260934691370955
B0,1.8956250000000001,0.0009469696969698451,0.04138526197263928,0.0025863207191686027,0.002586315057061215
B0,1.8962500000000002,0.0009469696969696769,0.04151690987412611,0.0025635555121254774,0.002563549828926294
B0,1.896875,0.0009469696969695087,0.04164662112791328,0.00254109148770081,0.0025410857839875374
B0,1.8975,0.0009469696969696769,0.041774368328355065,0.002518961517425507,0.0025189557937834233
B0,1.898125,0.0009469696969698451,0.04190012414521439,0.002497196715994323,0.002497190973015627
B0,1.8987500000000002,0.0009469696969696769,0.04202386133062168,0.0024758263772751495,0.002475820615557898
B0,1.899375,0.0009469696969696769,0.042145552726359455,0.002454877919961517,0.002454872140109186
B0,1.9000000000000001,0.0009469696969698451,0.042265171271239875,0.0024343768427501794,0.0024343710453716746
B0,1.9006250000000002,0.0009469696969696769,0.042382690008185155,0.0024143466888716576,0.002414340874579134
B0,1.90125,0.0009469696969695087,0.042498082092187466,0.002394809019751069,0.0023948031891597946
B0,1.901875,0.0009469696969696769,0.04261132079806377,0.00237578339753088,0.0023757775512590748
B0,1.9025,0.0009469696969698451,0.04272237952819597,0.002357287376146336,0.0023572815148137816
B0,1.9031250000000002,0.0009469696969696769,0.04283123182068697,0.002339336500607566,0.0023393306248345328
B0,1.90375,0.0009469696969696769,0.04293785135770877,0.0023219443141110907,0.0023219384245177963
B0,1.9043750000000002,0.0009469696969698451,0.04304221197414421,0.0023051223725764295,0.002305116469783316
B0,1.9050000000000002,0.0009469696969696769,0.04314428766581351,0.0022888802661817807,0.002288874350807428
B0,1.9056250000000001,0.0009469696969695087,0.043244052598520065,0.002273225647455192,0.002273219720115449
B0,1.90625,0.0009469696969696769,0.04334148111749817,0.0022581642654648654,0.002258158326774405
B0,1.906875,0.0009469696969698451,0.04343654775592723,0.0022437000056439666,0.0022436940562137017
B0,1.9075000000000002,0.0009469696969696769,0.04352922724449879,0.002229834934780855,0.002229828975216042
B0,1.908125,0.0009469696969695087,0.04361949452178765,0.0022165693507051583,0.002216563381608035
B0,1.90875,0.0009469696969698451,0.043707324743390404,0.002203901836203497,0.0022038958581719215
B0,1.9093750000000003,0.0009469696969698451,0.04379269329157618,0.0021918293167051814,0.002191823330328955
B0,1.9100000000000001,0.0009469696969695087,0.043875575786557236,0.002180347121287604,0.002180341127151086
B0,1.910625,0.0009469696969696769,0.043955948096497666,0.0021694490465633195,0.002169443045245624
B0,1.9112500000000001,0.0009469696969698451,0.0440337863474983,0.002159127423025778,0.0021591214150972183
B0,1.9118750000000002,0.0009469696969696769,0.04410906693523238,0.0021493731834468545,0.0021493671694703927
B0,1.9125,0.0009469696969695087,0.0441817665357211,0.002140175932938116,0.002140169913469418
B0,1.913125,0.0009469696969696769,0.044251862116300736,0.00213152402030747,0.0021315179958937194
B0,1.91375,0.0009469696969698451,0.04431933094710136,0.0021234046103637623,0.0021233985815433433
B0,1.9143750000000002,0.0009469696969696769,0.04438415061265741,0.0021158037568436826,0.0021157977241462317
B0,1.915,0.0009469696969696769,0.0444462990236735,0.0021087064756575087,0.002108700439604314
B0,1.9156250000000001,0.0009469696969698451,0.04450575442856404,0.0021020968181728918,0.002102090779275486
B0,1.9162500000000002,0.0009469696969696769,0.044562495425788086,0.0020959579442782717,0.002095951903038994
B0,1.916875,0.0009469696969695087,0.04461650097600862,0.0020902721949899008,0.0020902661519023456
B0,1.9175,0.0009469696969696769,0.0446677504141232,0.0020850211643883886,0.0020850151199364297
B0,1.918125,0.0009469696969698451,0.04471622346198714,0.0020801857706919122,0.0020801797253506117
B0,1.9187500000000002,0.0009469696969696769,0.04476190024067994,0.0020757463262938308,0.0020757402805286
B0,1.919375,0.0009469696969696769,0.04480476128334081,0.0020716826066121026,0.0020716765608791822
B0,1.9200000000000002,0.0009469696969698451,0.04484478754795666,0.00206797391761648,0.0020679678723638127
B0,1.9206250000000002,0.0009469696969696769,0.04488196042984981,0.002064599161917083,0.002064593117583254
B0,1.9212500000000001,0.0009469696969695087,0.0449162617749182,0.0020615369033142768,0.002061530860329539
B0,1.921875,0.0009469696969696769,0.04494767389239411,0.002058765429724904,0.002058759388511398
B0,1.9225,0.0009469696969698451,0.04497617956789232,0.0020562628144139014,0.002056256775386108
B0,1.9231250000000002,0.0009469696969696769,0.04500176207627068,0.0020540069754729088,0.0020540009390374106
B0,1.92375,0.0009469696969695087,0.045024405194687034,0.0020519757334988903,0.002051969700054471
B0,1.924375,0.0009469696969698451,0.04504409321608149,0.002050146867435959,0.0020501408373761777
B0,1.9250000000000003,0.0009469696969698451,0.045060810961283414,0.002048498168552523,0.002048492142263497
B0,1.9256250000000001,0.0009469696969695087,0.0450745437925064,0.002047007492533748,0.002047001470394927
B0,1.92625,0.0009469696969696769,0.045085277626737585,0.0020456528096759706,0.0020456467920634013
B0,1.9268750000000001,0.0009469696969698451,0.045092998947593735,0.0020444122531754596,0.002044406240459636
B0,1.9275000000000002,0.0009469696969696769,0.04509769481843674,0.0020432641655086787,0.0020432581580544936
B0,1.928125,0.0009469696969695087,0.04509935289566973,0.002042187142905031,0.0020421811410749006
B0,1.92875,0.0009469696969696769,0.045097961440668265,0.002041160077916239,0.0020411540820699033
B0,1.929375,0.0009469696969698451,0.04509350933203725,0.0020401622000888993,0.0020401562105823922
B0,1.9300000000000002,0.0009469696969696769,0.045085986078443774,0.0020391731147485315,0.002039167131936071
B0,1.930625,0.0009469696969696769,0.045075381830637536,0.002038172839904758,0.002038166864140088
B0,1.9312500000000001,0.0009469696969698451,0.04506168739290983,0.0020371418412881005,0.002037135872923433
B0,1.9318750000000002,0.0009469696969696769,0.04504489423534695,0.0020360610655293715,0.002036055104916985
B0,1.9325,0.0009469696969695087,0.04502499450523441,0.002034911971492878,0.002034906018986105
B0,1.933125,0.0009469696969696769,0.04500198103814662,0.002033676559774722,0.0020336706157279955
B0,1.93375,0.0009469696969698451,0.04497584736910963,0.002032337400377373,0.0020323314651467883
B0,1.9343750000000002,0.0009469696969696769,0.044946587743363485,0.0020308776585715956,0.0020308717325155023
B0,1.935,0.0009469696969696769,0.04491419712702856,0.002029281118956622,0.0020292752024371904
B0,1.9356250000000002,0.0009469696969698451,0.04487867121690541,0.0020275322077294485,0.002027526301112122
B0,1.9362500000000002,0.0009469696969696769,0.0448400064506789,0.0020256160131740843,0.002025610116828723
B0,1.9368750000000001,0.0009469696969695087,0.044798200016361034,0.002023518304381762,0.002023512418683296
B0,1.9375,0.0009469696969696769,0.044753249861469474,0.002021225548213415,0.002021219673542328
B0,1.938125,0.0009469696969698451,0.044705154701886796,0.002018724924516187,0.0020187190612592936
B0,1.9387500000000002,0.0009469696969696769,0.04465391403016557,0.002016004339606493,0.002015998488156649
B0,1.939375,0.0009469696969695087,0.04459952812388579,0.002013052438032968,0.00201304659879033
B0,1.94,0.0009469696969698451,0.04454199805322928,0.0020098586126337916,0.002009852786006762
B0,1.9406250000000003,0.0009469696969698451,0.04448132568789219,0.0020064130129041876,0.002006407199308458
B0,1.9412500000000001,0.0009469696969695087,0.044417513704376695,0.002002706551691417,0.002002700751551434
B0,1.941875,0.0009469696969696769,0.044350565592163556,0.0019987309102362403,0.0019987251239858344
B0,1.9425000000000001,0.0009469696969698451,0.04428048565948514,0.001994478541581785,0.0019944727696638957
B0,1.9431250000000002,0.0009469696969696769,0.044207279038882275,0.001989942672372687,0.0019899369152395767
B0,1.94375,0.0009469696969695087,0.04413095169216027,0.0019851173030696204,0.001985111561183294
B0,1.944375,0.0009469696969696769,0.044051510415129086,0.0019799972066065004,0.0019799914804402097
B0,1.945,0.0009469696969698451,0.04396896284103959,0.001974577925520058,0.00197457221555709
B0,1.9456250000000002,0.0009469696969696769,0.0438833174442087,0.001968855767583849,0.001968850074317169
B0,1.94625,0.0009469696969696769,0.04379458354348656,0.001962827799981151,0.0019628221239155674
B0,1.9468750000000001,0.0009469696969698451,0.04370277130409471,0.0019564918420536042,0.0019564861837049205
B0,1.9475000000000002,0.0009469696969696769,0.043607891739401196,0.001949846456664949,0.0019498408165586204
B0,1.948125,0.0009469696969695087,0.04350995671302617,0.0019428909402213301,0.001942885318894816
B0,1.94875,0.0009469696969696769,0.04340897893909951,0.0019356253113920327,0.0019356197093942844
B0,1.949375,0.0009469696969698451,0.0433049719822578,0.0019280502985766848,0.0019280447164664646
B0,1.9500000000000002,0.0009469696969696769,0.04319795025794756,0.0019201673261668053,0.001920161764513905
B0,1.950625,0.0009469696969696769,0.04308792903135398,0.0019119784996516251,0.0019119729590370254
B0,1.9512500000000002,0.0009469696969698451,0.042974924415710394,0.0019034865896197638,0.0019034810706343387
B0,1.9518750000000002,0.0009469696969696769,0.04285895337063937,0.001894695014709939,0.0018946895179548675
B0,1.9525000000000001,0.0009469696969695087,0.04274003369952755,0.0018856078235651836,0.001885602349652027
B0,1.953125,0.0009469696969696769,0.04261818404627933,0.0018762296758463655,0.0018762242253963146
B0,1.95375,0.0009469696969698451,0.0424934238916264,0.001866565822361755,0.0018665603960049413
B0,1.9543750000000002,0.0009469696969696769,0.042365773548981606,0.001856622084370202,0.0018566166827455668
B0,1.955,0.0009469696969695087,0.04223525415969247,0.0018464048321161098,0.0018463994558716385
B0,1.955625,0.0009469696969698451,0.04210188768743582,0.0018359209626549466,0.0018359156124466728
B0,1.9562500000000003,0.0009469696969698451,0.04196569691223603,0.0018251778770281696,0.0018251725535191415
B0,1.9568750000000001,0.0009469696969695087,0.04182670542416762,0.0018141834568466532,0.0018141781607069385
B0,1.9575,0.0009469696969696769,0.041684937616291814,0.0018029460403415386,0.001802940772248174
B0,1.9581250000000001,0.0009469696969698451,0.041540418676799334,0.0017914743979413577,0.001791469158577087
B0,1.9587500000000002,0.0009469696969696769,0.04139317458087935,0.0017797777074337873,0.0017797724974859801
B0,1.959375,0.0009469696969695087,0.04124323208226529,0.0017678655287700017,0.001767860348930829
B0,1.96,0.0009469696969696769,0.041090618703846636,0.0017557477785689044,0.001755742629534705
B0,1.960625,0.0009469696969698451,0.04093536272777619,0.0017434347043779612,0.0017434295868480757
B0,1.9612500000000002,0.0009469696969696769,0.04077749318525164,0.0017309368587464019,0.0017309317734222332
B0,1.961875,0.0009469696969696769,0.04061703984583712,0.0017182650731658506,0.0017182600207505936
B0,1.9625000000000001,0.0009469696969698451,0.040454033206106674,0.0017054304319323566,0.0017054254131303834
B0,1.9631250000000002,0.0009469696969696769,0.04028850447762366,0.0016924442459830156,0.0016924392614981812
B0,1.96375,0.0009469696969695087,0.04012048557495758,0.0016793180267592345,0.001679313077294676
B0,1.964375,0.0009469696969696769,0.03995000910294251,0.001666063460147638,0.0016660585464056596
B0,1.965,0.0009469696969698451,0.03977710834310961,0.0016526923805486753,0.0016526875032287786
B0,1.9656250000000002,0.0009469696969696769,0.0396018172401218,0.0016392167451219374,0.0016392119049194547
B0,1.96625,0.0009469696969696769,0.03942417038816564,0.0016256486082559195,0.0016256438058632285
B0,1.9668750000000002,0.0009469696969698451,0.03924420301580732,0.0016120000963091782,0.001611995332413652
B0,1.9675000000000002,0.0009469696969696769,0.039061950971014364,0.0015982833826687784,0.0015982786579507996
B0,1.9681250000000001,0.0009469696969695087,0.03887745070642386,0.0015845106631706646,0.0015845059783048281
B0,1.96875,0.0009469696969696769,0.03869073926312683,0.0015706941319258236,0.0015706894875795504
B0,1.969375,0.0009469696969698451,0.03850185425438841,0.0015568459575951484,0.001556841354426628
B0,1.9700000000000002,0.0009469696969696769,0.03831083384957297,0.0015429782601547512,0.0015429736988129537
B0,1.970625,0.0009469696969695087,0.038117716757243084,0.0015291030881926335,0.0015290985693168545
B0,1.97125,0.0009469696969698451,0.03792254220785017,0.0015152323967767794,0.0015152279209955082
B0,1.9718750000000003,0.0009469696969698451,0.03772534993619138,0.0015013780259336552,0.0015013735938630294
B0,1.9725000000000001,0.0009469696969695087,0.037526180163905895,0.0014875516797752805,0.001487547292018951
B0,1.973125,0.0009469696969696769,0.03732507358140856,0.0014737649063119944,0.0014737605634610258
B0,1.9737500000000001,0.0009469696969698451,0.037122071329177525,0.0014600290779872714,0.0014600247806179764
B0,1.9743750000000002,0.0009469696969696769,0.036917214979532875,0.0014463553729698534,0.0014463511216436353
B0,1.975,0.0009469696969695087,0.036710546517829734,0.0014327547572374052,0.0014327505525005644
B0,1.975625,0.0009469696969696769,0.03650210832317477,0.0014192379674851058,0.001419233809867354
B0,1.97625,0.0009469696969698451,0.036291943149370925,0.001405815494891268,0.001405811384905549
B0,1.9768750000000002,0.0009469696969696769,0.036080094105366015,0.0013924975697710519,0.0013924935079124572
B0,1.9775,0.0009469696969696769,0.03586660463579931,0.0013792941471481301,0.001379290133893658
B0,1.9781250000000001,0.0009469696969698451,0.03565151850118151,0.001366214893272773,0.001366210929080965
B0,1.9787500000000002,0.0009469696969696769,0.03543487975778151,0.0013532691731136153,0.0013532652584229417
B0,1.979375,0.0009469696969695087,0.03521673273801562,0.0013404660388486945,0.0013404621740780813
B0,1.98,0.0009469696969696769,0.03499712203006185,0.0013278142193798108,0.0013278104049278725
B0,1.980625,0.0009469696969698451,0.034776092457695536,0.0013153221108926669,0.0013153183471371424
B0,1.9812500000000002,0.0009469696969696769,0.03455368906000461,0.001302997768483181,0.0013029940557803736
B0,1.981875,0.0009469696969696769,0.034329957071067126,0.0012908488988685918,0.0012908452375529388
B0,1.9825000000000002,0.0009469696969698451,0.03410494189974608,0.0012788828541996705,0.0012788792445840762
B0,1.9831250000000002,0.0009469696969696769,0.03387868910898089,0.0012671066269882463,0.0012671030693627925
B0,1.9837500000000001,0.0009469696969695087,0.033651244395605594,0.0012555268461617274,0.001255523340793629
B0,1.984375,0.0009469696969696769,0.0334226535701645,0.001244149774253662,0.001244146321388067
B0,1.985,0.0009469696969698451,0.03319296253610626,0.001232981305736811,0.001232977905595363
B0,1.9856250000000002,0.0009469696969696769,0.03296221726964345,0.0012220269665021836,0.0012220236192825146
B0,1.98625,0.0009469696969695087,0.03273046379988975,0.0012112919144843435,0.0012112886203613472
B0,1.986875,0.0009469696969698451,0.03249774818834851,0.0012007809414302495,0.0012007777005557006
B0,1.9875000000000003,0.0009469696969698451,0.03226411650859268,0.0011904984758054355,0.0011904952883065385
B0,1.9881250000000001,0.0009469696969695087,0.032029614826868266,0.0011804485868277675,0.0011804454528083284
B0,1.98875,0.0009469696969696769,0.03179428918213521,0.0011706349896152945,0.0011706319091563005
B0,1.9893750000000001,0.0009469696969698451,0.03155818556587729,0.0011610610514311728,0.0011610580245892449
B0,1.9900000000000002,0.0009469696969696769,0.03132134990310413,0.0011517297990043468,0.0011517268258126733
B0,1.990625,0.0009469696969695087,0.03108382803285343,0.0011426439269008474,0.0011426410073696143
B0,1.99125,0.0009469696969696769,0.03084566568883161,0.0011338058069164177,0.0011338029410324951
B0,1.991875,0.0009469696969698451,0.030606908480482673,0.0011252174984568443,0.001125214686183823
B0,1.9925000000000002,0.0009469696969696769,0.030367601874303856,0.0011168807598681877,0.0011168780011469347
B0,1.993125,0.0009469696969696769,0.0301277911752721,0.001108797060674645,0.0011087943554238288
B0,1.9937500000000001,0.0009469696969698451,0.02988752150825704,0.0011009675946775468,0.0011009649427930366
B0,1.9943750000000002,0.0009469696969696769,0.029646837800254643,0.0010933932938645204,0.0010933906952202378
B0,1.995,0.0009469696969695087,0.02940578476249123,0.0010860748430734824,0.0010860722975220242
B0,1.995625,0.0009469696969696769,0.029164406872737143,0.0010790126953519274,0.0010790102027244401
B0,1.99625,0.0009469696969698451,0.028922748358195947,0.0010722070879476261,0.001072204648054458
B0,1.9968750000000002,0.0009469696969696769,0.028680853178368826,0.001065658058862782,0.0010656556714935335
B0,1.9975,0.0009469696969696769,0.028438765008562863,0.001059365463899684,0.0010593631288239038
B0,1.9981250000000002,0.0009469696969698451,0.028196527223536334,0.0010533289941220098,0.0010533267110898882
B0,1.9987500000000002,0.0009469696969696769,0.027954182881268545,0.0010475481936523946,0.0010475459623946928
B0,1.9993750000000001,0.0009469696969695087,0.027711774707505653,0.0010420224777233518,0.0010420202979522116
B0,2.0,0.0009469696969698451,0.027469345080389448,0.0010367511508955433,0.001036749022305273
B0,2.0006250000000003,0.0009469696969698451,0.027226936015238228,0.0010317334253545406,0.0010317313476213897
B0,2.00125,0.0009469696969695087,0.026984589150178658,0.001026968439194688,0.0010269664119777842
B0,2.001875,0.0009469696969695087,0.026742345731840318,0.0010224552745964606,0.0010224532975384964
B0,2.0025,0.0009469696969698451,0.0265002466014891,0.0010181929758020596,0.0010181910485301952
B0,2.0031250000000003,0.0009469696969698451,0.02625833218124144,0.0010141805667925202,0.001014178688917855
B0,2.00375,0.0009469696969695087,0.026016642461229048,0.0010104170685688698,0.0010104152396872266
B0,2.004375,0.0009469696969695087,0.02577521698710413,0.0010069015159393097,0.0010068997356330847
B0,2.005,0.0009469696969698451,0.02553409484725406,0.0010036329737147438,0.0010036312415524194
B0,2.005625,0.0009469696969698451,0.025293314660963108,0.0010006105522154876,0.0010006088677517514
B0,2.00625,0.0009469696969695087,0.025052914567258316,0.0009978334219933238,0.0009978317847705274
B0,2.006875,0.0009469696969698451,0.024812932213686037,0.000995300827674849,0.0009952992372238836
B0,2.0075000000000003,0.0009469696969698451,0.024573404745217256,0.0009930121008346006,0.0009930105566739564
B0,2.008125,0.0009469696969695087,0.024334368794637042,0.0009909666718093974,0.000990965173446924
B0,2.00875,0.0009469696969698451,0.024095860472519475,0.0009891640803690602,0.000989162627302868
B0,2.0093750000000004,0.0009469696969698451,0.023857915357380417,0.0009876039851630524,0.0009876025768804897
B0,2.0100000000000002,0.0009469696969695087,0.023620568487342185,0.0009862861718674333,0.0009862848078468602
B0,2.010625,0.0009469696969695087,0.02338385435132779,0.000985210559962146,0.0009852092396734251
B0,2.01125,0.0009469696969695087,0.023147806880779546,0.0009843772080748514,0.0009843759309792382
B0,2.011875,0.0009469696969698451,0.022912459442233846,0.0009837863178342554,0.0009837850833854989
B0,2.0125,0.0009469696969698451,0.022677844829804512,0.0009834382361832749,0.0009834370438274525
B0,2.013125,0.0009469696969695087,0.02244399525857571,0.0009833334561102226,0.0009833323052866204
B0,2.01375,0.0009469696969698451,0.022210942358126786,0.0009834726157646242,0.00098347150590633
B0,2.0143750000000002,0.0009469696969698451,0.0219787171663777,0.0009838564959331229,0.0009838554264669243
B0,2.015,0.0009469696969695087,0.021747350124212403,0.0009844860158601588,0.0009844849862072837
B0,2.015625,0.0009469696969698451,0.02151687107030164,0.0009853622274077743,0.0009853612369843507
B0,2.0162500000000003,0.0009469696969698451,0.02128730923624938,0.000986486307558773,0.000986485355775897
B0,2.016875,0.0009469696969695087,0.021058693242362696,0.0009878595492776162,0.0009878586355418122
B0,2.0175,0.0009469696969695087,0.020831051093741185,0.0009894833507537323,0.0009894824744673108
B0,2.018125,0.0009469696969698451,0.02060441017673497,0.0009913592030622712,0.0009913583636236675
B0,2.0187500000000003,0.0009469696969698451,0.02037879725574638,0.0009934886762877383,0.0009934878730914272
B0,2.019375,0.0009469696969695087,0.020154238470638748,0.0009958734041661615,0.0009958726366030772
B0,2.02,0.00047348484848475434,0.019931184338337037,0.0009985150673116063,0.00099851658012043
coarse,1.36,0.00047348484848492255,1.0350351051719895e-05,0.044478221788794334,0.04446533645901238
coarse,1.3606250000000002,0.0009469696969696769,9.526259765177415e-06,0.044307750679028285,0.044295578818794284
coarse,1.36125,0.0009469696969696769,9.131077852076749e-06,0.04414267598786639,0.04413092957906259
coarse,1.3618750000000002,0.0009469696969696769,8.747976379506362e-06,0.043981908794786764,0.043970557717418285
coarse,1.3625,0.0009469696969696769,8.37689242791444e-06,0.04382452746083726,0.04381354362867071
coarse,1.3631250000000001,0.0009469696969696769,8.017741696556567e-06,0.043669762737205256,0.04365912001875784
coarse,1.36375,0.0009469696969696769,7.670419443624357e-06,0.04351698349206726,0.043506657630114284
coarse,1.3643750000000001,0.0009469696969696769,7.3348015339086444e-06,0.04336568307005491,0.043355651600109575
coarse,1.365,0.0009469696969696769,7.010745573823484e-06,0.043215466295136326,0.04320570846333375
coarse,1.365625,0.0009469696969698451,6.698092114813813e-06,0.04306603712434773,0.04305653380514067
coarse,1.3662500000000002,0.0009469696969696769,6.396665907568966e-06,0.042917186956631236,0.042907920570679624
coarse,1.366875,0.0009469696969696769,6.106277190772091e-06,0.042768783598039845,0.042759738030649655
coarse,1.3675000000000002,0.0009469696969696769,5.826722999495325e-06,0.04262076088176325,0.04261192140220291
coarse,1.368125,0.0009469696969696769,5.557788479881917e-06,0.04247310893881338,0.04246446212080769
coarse,1.3687500000000001,0.0009469696969696769,5.299248197810581e-06,0.0423258651127767,0.04231739875645123
coarse,1.369375,0.0009469696969696769,5.0508674310329855e-06,0.042179105509801695,0.042170808565321585
coarse,1.37,0.0009469696969698451,4.812403435029457e-06,0.04203293717293133,0.04202479966605184
coarse,1.3706250000000002,0.0009469696969696769,4.583606674610253e-06,0.04188749086802056,0.04187950382773939
coarse,1.37125,0.0009469696969696769,4.364222014109808e-06,0.04174291446677935,0.04173506985525443
coarse,1.3718750000000002,0.0009469696969696769,4.153989860222593e-06,0.041599366910963276,0.04159165755583444
coarse,1.3725,0.0009469696969696769,3.952647252874505e-06,0.04145701274038379,0.04144943226961271
coarse,1.3731250000000002,0.0009469696969696769,3.759928900081513e-06,0.04131601716621539,0.04130855994553485
coarse,1.37375,0.0009469696969696769,3.575568153988375e-06,0.04117654167005291,0.04116920274309455
coarse,1.3743750000000001,0.0009469696969696769,3.3992979259559493e-06,0.04103874010828737,0.041031515139436696
coarse,1.375,0.0009469696969696769,3.2308515394966437e-06,0.040902755300634266,0.04089564052064269
coarse,1.375625,0.0009469696969698451,3.069962462244557e-06,0.040768716081049525,0.04076170824184083
coarse,1.3762500000000002,0.0009469696969696769,2.916368362274087e-06,0.040636734788730235,0.04062983110115492
coarse,1.376875,0.0009469696969696769,2.769809317261129e-06,0.040506905176978705,0.040500103265089335
coarse,1.3775000000000002,0.0009469696969696769,2.630026359801544e-06,0.04037930071639797,0.04037259858784903
coarse,1.378125,0.0009469696969696769,2.4967654842822798e-06,0.04025397327022523,0.04024736926832131
coarse,1.3787500000000001,0.0009469696969696769,2.3697769131074467e-06,0.04013095211848209,0.04012444488406429
coarse,1.379375,0.0009469696969696769,2.248815526956407e-06,0.040010243308145094,0.04000383174402645
coarse,1.3800000000000001,0.0009469696969696769,2.133641241468983e-06,0.039891829306624674,0.03988551254450209
coarse,1.380625,0.0009469696969696769,2.0240193329042965e-06,0.03977566893608584,0.03976944630584956
coarse,1.38125,0.0009469696969698451,1.9197207153753206e-06,0.03966169756645639,0.03965556856781238
coarse,1.3818750000000002,0.0009469696969696769,1.8205221724917307e-06,0.039549827545356256,0.039543791821671975
coarse,1.3825,0.0009469696969696769,1.7262065461571586e-06,0.03943994884362355,0.03943400615790449
coarse,1.3831250000000002,0.0009469696969696769,1.6365628854043152e-06,0.039331929895613696,0.039326080108515106
coarse,1.38375,0.0009469696969696769,1.5513865581017916e-06,0.03922561861399795,0.03921986166377467
coarse,1.3843750000000001,0.0009469696969696769,1.4704793283557264e-06,0.03912084355938025,0.03911517944367643
coarse,1.385,0.0009469696969696769,1.3936494023794834e-06,0.039017415245683446,0.03901184400506385
coarse,1.385625,0.0009469696969698451,1.3207114455206892e-06,0.03891512756292219,0.03890964926604695
coarse,1.3862500000000002,0.0009469696969696769,1.2514865730884422e-06,0.038813759299674386,0.03880837403002031
coarse,1.386875,0.0009469696969696769,1.1858023174895234e-06,0.03871307574828345,0.03870778359231629
coarse,1.3875000000000002,0.0009469696969696769,1.1234925740886846e-06,0.03861283037656227,0.03860763141326643
coarse,1.388125,0.0009469696969696769,1.0643975281231642e-06,0.03851276655052872,0.038507660842202966
coarse,1.3887500000000002,0.0009469696969696769,1.0083635648150004e-06,0.03841261929347063,0.03840760687770134
coarse,1.389375,0.0009469696969696769,9.55243164816378e-07,0.03831211706741794,0.038307197950143826
coarse,1.3900000000000001,0.0009469696969696769,9.048947868192743e-07,0.03821098356388453,0.03820615771347054
coarse,1.390625,0.0009469696969696769,8.571827392298024e-07,0.038108939491532386,0.038104206833773385
coarse,1.39125,0.0009469696969698451,8.119770425751372e-07,0.038005704349196666,0.038001064763174934
coarse,1.3918750000000002,0.0009469696969696769,7.691532841544047e-07,0.037900998173499366,0.037896451488223584
coarse,1.3925,0.0009469696969696769,7.285924664383311e-07,0.03779454325105912,0.03779008924281632
coarse,1.3931250000000002,0.0009469696969696769,6.901808505076757e-07,0.037686065786079,0.03768170417643419
coarse,1.39375,0.0009469696969696769,6.538097957269373e-07,0.03757529751485958,0.03757102796924159
coarse,1.3943750000000001,0.0009469696969696769,6.193755967942379e-07,0.0374619772595365,0.03745779938635223
coarse,1.395,0.0009469696969696769,5.867793191166574e-07,0.0373458524140828,0.03734176576430566
coarse,1.3956250000000001,0.0009469696969696769,5.559266334382895e-07,0.037226680356339095,0.03722268442352067
coarse,1.39625,0.0009469696969696769,5.267276505298857e-07,0.03710422978054366,0.037100324001201196
coarse,1.396875,0.0009469696969698451,4.99096756606082e-07,0.036978281945522,0.03697446569985783
coarse,1.3975000000000002,0.0009469696969696769,4.729524501697015e-07,0.036848631834365916,0.03684490444727774
coarse,1.398125,0.0009469696969696769,4.4821718078773314e-07,0.03671508922207775,0.03671144996442202
coarse,1.3987500000000002,0.0009469696969696769,4.248171902960584e-07,0.036577479648283284,0.036573927738356965
coarse,1.399375,0.0009469696969696769,4.026823568736169e-07,0.03643564529271687,0.036432179897925555
coarse,1.4000000000000001,0.0009469696969696769,3.8174604229748356e-07,0.036289445751758714,0.03628606599044188
coarse,1.400625,0.0009469696969696769,3.619449427152855e-07,0.03613875871486064,0.03613546365824709
coarse,1.40125,0.0009469696969698451,3.432189431778746e-07,0.035983480540215634,0.035980269214485175
coarse,1.4018750000000002,0.0009469696969696769,3.255109761221516e-07,0.03582352672953373,0.03582039811796278
coarse,1.4025,0.0009469696969696769,3.087668839576934e-07,0.0356588323022536,0.03565578534742532
coarse,1.4031250000000002,0.0009469696969696769,2.9293528589799095e-07,0.03548935206996698,0.0354863856760277
coarse,1.40375,0.0009469696969696769,2.779674491247385e-07,0.03531506081225195,0.03531217384719812
coarse,1.4043750000000002,0.0009469696969696769,2.638171643088781e-07,0.03513595335549963,0.03513314465348123
coarse,1.405,0.0009469696969696769,2.5044062555027496e-07,0.034952044556685005,0.03494931292031272
coarse,1.4056250000000001,0.0009469696969696769,2.3779631472217213e-07,0.03476336919436634,0.03476071339701156
coarse,1.40625,0.0009469696969696769,2.2584489020466515e-07,0.03456998176951098,0.034567400557589195
coarse,1.406875,0.0009469696969698451,2.1454907997729456e-07,0.034371956219027694,0.03436944831425644
coarse,1.4075000000000002,0.0009469696969696769,2.0387357901585526e-07,0.034169385545145606,0.03416694964677011
coarse,1.408125,0.0009469696969696769,1.937849509115043e-07,0.03396238136401308,0.033960016150993845
coarse,1.4087500000000002,0.0009469696969696769,1.8425153365132474e-07,0.03375107337710405,0.03374877751026056
coarse,1.409375,0.0009469696969696769,1.7524334947605231e-07,0.03353560876920464,0.03353338089331136
coarse,1.4100000000000001,0.0009469696969696769,1.6673201869706574e-07,0.03331615153692015,0.03331399028275124
coarse,1.410625,0.0009469696969696769,1.5869067738067664e-07,0.03309288175179333,0.03309078573811346
coarse,1.4112500000000001,0.0009469696969698451,1.5109389878658965e-07,0.03286599476224432,0.03286396259774334
coarse,1.4118750000000002,0.0009469696969696769,1.439176184550654e-07,0.0326357003386601,0.032633730623830126
coarse,1.4125,0.0009469696969696769,1.3713906281404565e-07,0.032402221766048366,0.0324003130950022
coarse,1.4131250000000002,0.0009469696969696769,1.307366811952354e-07,0.032165794888747774,0.03216394585097806
coarse,1.41375,0.0009469696969696769,1.2469008114095276e-07,0.031926667111751836,0.031924876293830645
coarse,1.4143750000000002,0.0009469696969696769,1.189799668714766e-07,0.03168509636324812,0.03168336235046723
coarse,1.415,0.0009469696969696769,1.1358808079886757e-07,0.03144135002301401,0.03143967140096614
coarse,1.4156250000000001,0.0009469696969696769,1.0849714797082064e-07,0.031195703821331612,0.031194079177433276
coarse,1.41625,0.0009469696969696769,1.0369082332298029e-07,0.030948440713102914,0.030946868638059587
coarse,1.416875,0.0009469696969698451,9.915364161709223e-08,0.030699849731845988,0.030698328821060716
coarse,1.4175000000000002,0.0009469696969696769,9.487096996762497e-08,0.030450224828252284,0.03044875368317864
coarse,1.418125,0.0009469696969696769,9.082896282397557e-08,0.03019986369796724,0.03019844092740784
coarse,1.4187500000000002,0.0009469696969696769,8.701451931249081e-08,0.029949066603240045,0.02994769082459188
coarse,1.419375,0.0009469696969696769,8.341524283310875e-08,0.02969813519305397,0.02969680503350183
coarse,1.4200000000000002,0.0009469696969696769,8.001940279262693e-08,0.02944737132631175,0.029446085423971008
coarse,1.420625,0.0009469696969696769,7.681589839362506e-08,0.029197075902609865,0.029195832907619842
coarse,1.4212500000000001,0.0009469696969696769,7.379422436713806e-08,0.02894754770507274,0.028946346280641987
coarse,1.421875,0.0009469696969696769,7.09444385597316e-08,0.02869908225966527,0.028697921083070052
coarse,1.4225,0.0009469696969698451,6.825713128947573e-08,0.028451970715324962,0.02845084847886193
coarse,1.4231250000000002,0.0009469696969696769,6.572339637616759e-08,0.02820649874917777,0.028205414161072268
coarse,1.42375,0.0009469696969696769,6.333480376200719e-08,0.02796294550100998,0.02796189728628085
coarse,1.4243750000000002,0.0009469696969696769,6.108337364859912e-08,0.027721582541070405,0.027720569442352388
coarse,1.425,0.0009469696969696769,5.8961552071531256e-08,0.02748267287516392,0.027481693653488556
coarse,1.4256250000000001,0.0009469696969696769,5.6962187828032404e-08,0.02724646999087252,0.02724552342640854
coarse,1.42625,0.0009469696969696769,5.50785106991575e-08,0.02701321694860772,0.02701230184136166
coarse,1.4268750000000001,0.0009469696969698451,5.330411089411673e-08,0.026783145521044487,0.0267822606915222
coarse,1.4275000000000002,0.0009469696969696769,5.163291964454967e-08,0.02655647538432574,0.02655561967415574
coarse,1.428125,0.0009469696969696769,5.005919090130748e-08,0.0263334133642462,0.026332585636765056
coarse,1.4287500000000002,0.0009469696969696769,4.857748405934745e-08,0.026114152740432772,0.026113351881233357
coarse,1.429375,0.0009469696969696769,4.718264766390171e-08,0.025898872611328505,0.025898097528771535
coarse,1.4300000000000002,0.0009469696969696769,4.5869804040326554e-08,0.02568773732255978,0.025686986948248922
coarse,1.430625,0.0009469696969696769,4.46343347922062e-08,0.02548089596103172,0.02548016925025276
coarse,1.4312500000000001,0.0009469696969696769,4.347186712389403e-08,0.025278481916830575,0.025277777848954974
coarse,1.431875,0.0009469696969696769,4.237826094198225e-08,0.025080612514748274,0.025079930093601297
coarse,1.4325,0.0009469696969696769,4.134959668671616e-08,0.024887388716949743,0.024886726971143427
coarse,1.433125,0.0009469696969696769,4.038216385584613e-08,0.024698894898005107,0.024698252881236237
coarse,1.43375,0.0009469696969698451,3.94724501733247e-08,0.02451519869318959,0.02451457548450295
coarse,1.4343750000000002,0.0009469696969696769,3.861713136682581e-08,0.024336350920628948,0.02433574562464607
coarse,1.435,0.0009469696969696769,3.7813061530633655e-08,0.02416238557752539,0.024161797324638815
coarse,1.4356250000000002,0.0009469696969696769,3.70572640209649e-08,0.02399331991035024,0.023992747856883507
coarse,1.43625,0.0009469696969696769,3.634692286129657e-08,0.023829154558534495,0.023828597886868107
coarse,1.4368750000000001,0.0009469696969696769,3.567937462762616e-08,0.02366987377082278,0.023669331689486275
coarse,1.4375,0.0009469696969696769,3.5052100777242006e-08,0.02351544569309248,0.023514917436822803
coarse,1.438125,0.0009469696969698451,3.446272040249785e-08,0.023365822726069036,0.023365307555835525
coarse,1.4387500000000002,0.0009469696969696769,3.3908983378852566e-08,0.023220941951008055,0.023220439154004128
coarse,1.439375,0.0009469696969696769,3.338876388015434e-08,0.023080725621045545,0.02308023451064757
coarse,1.4400000000000002,0.0009469696969696769,3.290005424145963e-08,0.02294508171556837,0.022944601631262038
coarse,1.440625,0.0009469696969696769,3.244095915013031e-08,0.02281390455461042,0.02281343486188485
coarse,1.4412500000000001,0.0009469696969696769,3.2009690137290303e-08,0.022687075469943647,0.022686615560153788
coarse,1.441875,0.0009469696969696769,3.160456035658237e-08,0.022564463529221077,0.022564012819418854
coarse,1.4425000000000001,0.0009469696969698451,3.122397962825236e-08,0.022445926309225255,0.022445484241960068
coarse,1.4431250000000002,0.0009469696969696769,3.086644973211343e-08,0.022331310714000262,0.02233087675708931
coarse,1.44375,0.0009469696969696769,3.053055993703095e-08,0.022220453833388852,0.022220027479658053
coarse,1.4443750000000002,0.0009469696969696769,3.021498274686945e-08,0.022113183837269963,0.02211276460426611
coarse,1.445,0.0009469696969696769,2.9918469850175404e-08,0.022009320900590462,0.022008908330265427
coarse,1.4456250000000002,0.0009469696969696769,2.9639848264311308e-08,0.021908678154115728,0.021908271812483535
coarse,1.44625,0.0009469696969696769,2.937801665568393e-08,0.021811062655688267,0.021810662132456
coarse,1.4468750000000001,0.0009469696969696769,2.9131941830260454e-08,0.02171627637667894,0.021715881284852304
coarse,1.4475,0.0009469696969696769,2.8900655379316793e-08,0.021624117198249276,0.02162372717371399
coarse,1.448125,0.0009469696969696769,2.8683250472227214e-08,0.02153437991201059,0.021533994613090558
coarse,1.44875,0.0009469696969696769,2.8478878794874174e-08,0.021446857219674022,0.021446476326667418
coarse,1.449375,0.0009469696969698451,2.8286747607044025e-08,0.02136134072632454,0.021360963941019044
coarse,1.4500000000000002,0.0009469696969696769,2.8106116928656547e-08,0.021277621922036003,0.021277248967204395
coarse,1.450625,0.0009469696969696769,2.793629684477786e-08,0.02119549314665839,0.02119512376553563
coarse,1.4512500000000002,0.0009469696969696769,2.7776644909400265e-08,0.021114748532761497,0.021114382488504765
coarse,1.451875,0.0009469696969696769,2.7626563660124886e-08,0.021035184921907528,0.02103482199704046
coarse,1.4525000000000001,0.0009469696969696769,2.7485498229028538e-08,0.020956602749644327,0.020956242745486797
coarse,1.453125,0.0009469696969696769,2.7352934042246343e-08,0.02087880689486392,0.0208784496309488
coarse,1.45375,0.0009469696969698451,2.7228394612360448e-08,0.020801607489451042,0.020801252802929295
coarse,1.4543750000000002,0.0009469696969696769,2.7111439410444007e-08,0.02072482068445578,0.02072446842949136
coarse,1.455,0.0009469696969696769,2.700166181952763e-08,0.020648269369355807,0.020647919416511673
coarse,1.4556250000000002,0.0009469696969696769,2.689868716510309e-08,0.020571783841326578,0.020571436076943443
coarse,1.45625,0.0009469696969696769,2.68021708182212e-08,0.020495202421811104,0.020494856747380177
coarse,1.4568750000000001,0.0009469696969696769,2.6711796371561116e-08,0.020418372018065803,0.020418028349596953
coarse,1.4575,0.0009469696969696769,2.66272738823229e-08,0.02034114862775798,0.02034080689514485
coarse,1.4581250000000001,0.0009469696969698451,2.6548338179974043e-08,0.020263397785095463,0.020263057931478826
coarse,1.4587500000000002,0.0009469696969696769,2.6474747239621573e-08,0.020184994947381414,0.020184656928512165
coarse,1.459375,0.0009469696969696769,2.640628061881454e-08,0.0201058258212961,0.02010548960489924
coarse,1.4600000000000002,0.0009469696969696769,2.6342737952299272e-08,0.020025786628618557,0.02002545219375941
coarse,1.460625,0.0009469696969696769,2.6283937510482212e-08,0.019944784311503982,0.01994445164795805
coarse,1.4612500000000002,0.0009469696969696769,2.6229714811183984e-08,0.01986273667782434,0.019862405785451925
coarse,1.461875,0.0009469696969696769,2.617992128851979e-08,0.019779572487463697,0.01977924337559046
coarse,1.4625000000000001,0.0009469696969696769,2.613442302338578e-08,0.019695231480823163,0.019694904167627866
coarse,1.463125,0.0009469696969696769,2.6093099521854427e-08,0.019609664351139047,0.01960933886304949
coarse,1.46375,0.0009469696969696769,2.6055842548658605e-08,0.019522832662542705,0.019522509033640924
coarse,1.464375,0.0009469696969696769,2.6022555018075023e-08,0.0194347087160949,0.019434386987532616
coarse,1.465,0.0009469696969698451,2.5993149932132324e-08,0.019345275366303444,0.019344955585728595
coarse,1.4656250000000002,0.0009469696969696769,2.5967549370141433e-08,0.019254525790883825,0.01925420801187919
coarse,1.46625,0.0009469696969696769,2.5945683531944044e-08,0.019162463216742625,0.019162147498277257
coarse,1.4668750000000002,0.0009469696969696769,2.592748982774594e-08,0.019069100605355868,0.019068787011249977
coarse,1.4675,0.0009469696969696769,2.5912912017943268e-08,0.01897446030087325,0.018974148899277357
coarse,1.4681250000000001,0.0009469696969696769,2.5901899403021734e-08,0.018878573644407086,0.01887826450729601
coarse,1.46875,0.0009469696969696769,2.5894406056160803e-08,0.018781480558063772,0.01878117376074584
coarse,1.469375,0.0009469696969698451,2.5890390104741653e-08,0.01868322910233572,0.018682924722977844
coarse,1.4700000000000002,0.0009469696969696769,2.5889813059273816e-08,0.018583875010508885,0.018583573129677837
coarse,1.470625,0.0009469696969696769,2.5892639181672473e-08,0.018483481203739605,0.018483181903959756
coarse,1.4712500000000002,0.0009469696969696769,2.5898834903188018e-08,0.018382117290427533,0.018381820655755426
coarse,1.471875,0.0009469696969696769,2.590836827873522e-08,0.018279859053454174,0.018279565169070047
coarse,1.4725000000000001,0.0009469696969696769,2.592120848848082e-08,0.018176787928771063,0.018176496880587516
coarse,1.473125,0.0009469696969696769,2.593732537842648e-08,0.01807299047871159,0.01807270235299938
coarse,1.4737500000000001,0.0009469696969698451,2.5956689036230913e-08,0.017968557863264407,0.01796827274629554
coarse,1.4743750000000002,0.0009469696969696769,2.5979269408526204e-08,0.017863585312391593,0.017863303290099518
coarse,1.475,0.0009469696969696769,2.600503595680886e-08,0.017758171602296126,0.017757892759953008
coarse,1.4756250000000002,0.0009469696969696769,2.603395734662869e-08,0.01765241853834964,0.017652142960260585
coarse,1.47625,0.0009469696969696769,2.6066001169405293e-08,0.01754643044718367,0.017546158216397646
coarse,1.4768750000000002,0.0009469696969696769,2.6101133702565088e-08,0.017440313680223973,0.017440044878261212
coarse,1.4775,0.0009469696969696769,2.6139319698954944e-08,0.01733417613071832,0.017333910837313914
coarse,1.4781250000000001,0.0009469696969696769,2.6180522201558115e-08,0.017228126766067275,0.017227865058930668
coarse,1.47875,0.0009469696969696769,2.622470239463706e-08,0.017122275177028107,0.017122017131618067
coarse,1.479375,0.0009469696969696769,2.6271819482185672e-08,0.01701673114511271,0.017016476834427394
coarse,1.48,0.0009469696969696769,2.63218305853828e-08,0.01691160422926062,0.016911353723642386
coarse,1.480625,0.0009469696969698451,2.63746906703534e-08,0.016807003372624876,0.016806756739579286
coarse,1.4812500000000002,0.0009469696969696769,2.643035249789472e-08,0.01670303653007489,0.016702793834103533
coarse,1.481875,0.0009469696969696769,2.6488766596731573e-08,0.016599810316792717,0.016599571619239254
coarse,1.4825000000000002,0.0009469696969696769,2.654988125203275e-08,0.016497429678123864,0.01649719503703291
coarse,1.483125,0.0009469696969696769,2.6613642518411548e-08,0.016395997580638658,0.016395767050626897
coarse,1.4837500000000001,0.0009469696969696769,2.6679994247973454e-08,0.01629561472416989,0.01629538835630894
coarse,1.484375,0.0009469696969696769,2.6748878132346116e-08,0.016196379274419824,0.016196157116130313
coarse,1.485,0.0009469696969698451,2.682023376109032e-08,0.01609838661557069,0.016098168710527095
coarse,1.4856250000000002,0.0009469696969696769,2.689399869646598e-08,0.016001729122196176,0.01600151551024171
coarse,1.48625,0.0009469696969696769,2.697010855610153e-08,0.015906495949650625,0.015906286666721864
coarse,1.4868750000000002,0.0009469696969696769,2.7048497104800562e-08,0.015812772842015814,0.01581256792007646
coarse,1.4875,0.0009469696969696769,2.7129096361778643e-08,0.01572064195660564,0.015720441423588867
coarse,1.4881250000000001,0.0009469696969696769,2.721183671053186e-08,0.01563018170397145,0.01562998558373047
coarse,1.48875,0.0009469696969696769,2.7296647019025193e-08,0.015541466602316987,0.01554127491458325
coarse,1.4893750000000001,0.0009469696969698451,2.738345476514957e-08,0.01545456714521213,0.015454379905560759
coarse,1.4900000000000002,0.0009469696969696769,2.7472186164849396e-08,0.015369549681502918,0.015369366901324974
coarse,1.490625,0.0009469696969696769,2.7562766306968868e-08,0.01528647630633636,0.015286297992817435
coarse,1.4912500000000002,0.0009469696969696769,2.7655119290691053e-08,0.015205404762261251,0.015205230918366069
coarse,1.491875,0.0009469696969696769,2.7749168361343143e-08,0.015126388349425885,0.01512621897388854
coarse,1.4925000000000002,0.0009469696969696769,2.7844836050610483e-08,0.01504947584396729,0.015049310931286763
coarse,1.493125,0.0009469696969696769,2.7942044320664622e-08,0.01497471142377646,0.014974550964217057
coarse,1.4937500000000001,0.0009469696969696769,2.8040714699849168e-08,0.014902134600924356,0.014901978580520867
coarse,1.494375,0.0009469696969696769,2.8140768419884918e-08,0.014831780160146402,0.014831628560713635
coarse,1.495,0.0009469696969696769,2.824212655706427e-08,0.014763678102902408,0.014763530902048889
coarse,1.495625,0.0009469696969696769,2.834471016371822e-08,0.014697853596656409,0.014697710767802073
coarse,1.49625,0.0009469696969698451,2.8448440400159427e-08,0.014634326929150655,0.01463418844154826
coarse,1.4968750000000002,0.0009469696969696769,2.8553238663529196e-08,0.014573113467583155,0.014572979286343315
coarse,1.4975,0.0009469696969696769,2.8659026712345613e-08,0.014514223622728462,0.014514093708848154
coarse,1.4981250000000002,0.0009469696969696769,2.8765726788879582e-08,0.014457662818173952,0.014457537128568395
coarse,1.49875,0.0009469696969696769,2.8873261734501805e-08,0.014403431464969953,0.014403309952507725
coarse,1.4993750000000001,0.0009469696969696769,2.8981555100958037e-08,0.014351524942110434,0.01435140755565181
coarse,1.5,0.0009469696969696769,2.909053125777242e-08,0.014301933583374272,0.014301820267812704
coarse,1.500625,0.0009469696969698451,2.9200115493981512e-08,0.014254642671156972,0.014254533367463705
coarse,1.5012500000000002,0.0009469696969696769,2.9310234115988474e-08,0.014209632438012557,0.014209527083284313
coarse,1.501875,0.0009469696969696769,2.9420814540544117e-08,0.014166878076700926,0.014166776604210755
coarse,1.5025000000000002,0.0009469696969696769,2.9531785378670993e-08,0.014126349759597527,0.014126252098848775
coarse,1.503125,0.0009469696969696769,2.9643076516838587e-08,0.014088012668367164,0.014087918745150564
coarse,1.5037500000000001,0.0009469696969696769,2.9754619195131e-08,0.014051827034832199,0.014051736771286228
coarse,1.504375,0.0009469696969696769,2.986634607694861e-08,0.014017748193977103,0.014017661508651552
coarse,1.5050000000000001,0.0009469696969698451,2.9978191312490105e-08,0.013985726650023943,0.013985643457946782
coarse,1.5056250000000002,0.0009469696969696769,3.00900906009614e-08,0.013955708156489183,0.013955628369236828
coarse,1.50625,0.0009469696969696769,3.0201981244829155e-08,0.013927633811088944,0.013927557336859932
coarse,1.5068750000000002,0.0009469696969696769,3.0313802199913155e-08,0.013901440166299787,0.013901366909991966
coarse,1.5075,0.0009469696969696769,3.0425494121055733e-08,0.013877059356304365,0.013876989219595596
coarse,1.5081250000000002,0.0009469696969696769,3.0536999402018275e-08,0.013854419240956763,0.013854352122389287
coarse,1.50875,0.0009469696969696769,3.0648262211393664e-08,0.013833443567293734,0.013833379362362187
coarse,1.5093750000000001,0.0009469696969696769,3.075922852466257e-08,0.013814052148993143,0.013813990750236291
coarse,1.51,0.0009469696969696769,3.0869846150627844e-08,0.013796161064045156,0.013796102361141392
coarse,1.510625,0.0009469696969696769,3.098006475400876e-08,0.01377968287075312,0.013779626750619764
coarse,1.51125,0.0009469696969696769,3.1089835877332937e-08,0.013764526842023634,0.013764473188920004
coarse,1.511875,0.0009469696969698451,3.119911295359124e-08,0.013750599217739539,0.013750547913373915
coarse,1.5125000000000002,0.0009469696969696769,3.1307851317737755e-08,0.01373780347483854,0.013737754398478887
coarse,1.513125,0.0009469696969696769,3.141600821836202e-08,0.013726040614544537,0.013725993643133035
coarse,1.5137500000000002,0.0009469696969696769,3.1523542820852275e-08,0.013715209466021757,0.013715164474293114
coarse,1.514375,0.0009469696969696769,3.1630416207388334e-08,0.013705207005545273,0.013705163866148718
coarse,1.5150000000000001,0.0009469696969696769,3.173659138010888e-08,0.013695928690107047,0.013695887273731982
coarse,1.515625,0.0009469696969696769,3.184203325410248e-08,0.01368726880420687,0.01368722897971208
coarse,1.51625,0.0009469696969698451,3.194670865190455e-08,0.013679120818414625,0.013679082452960935
coarse,1.5168750000000002,0.0009469696969696769,3.205058629624355e-08,0.013671377758135778,0.013671340717322025
coarse,1.5175,0.0009469696969696769,3.215363679754014e-08,0.013663932580867805,0.01366389672887
coarse,1.5181250000000002,0.0009469696969696769,3.225583264086827e-08,0.013656678560103705,0.01365664375981727
coarse,1.51875,0.0009469696969696769,3.2357148168767024e-08,0.013649509673920885,0.01364947578710567
coarse,1.5193750000000001,0.0009469696969696769,3.245755956734328e-08,0.013642320996191096,0.013642287883619097
coarse,1.52,0.0009469696969696769,3.2557044843109344e-08,0.01363500908826164,0.013634976609867153
coarse,1.5206250000000001,0.0009469696969698451,3.2655583804054926e-08,0.013627472388889852,0.013627440403921835
coarse,1.5212500000000002,0.0009469696969696769,3.2753158037378075e-08,0.013619611600164153,0.013619579967340527
coarse,1.521875,0.0009469696969696769,3.284975088056397e-08,0.013611330067114898,0.01361129864477863
coarse,1.5225000000000002,0.0009469696969696769,3.2945347401518905e-08,0.013602534148709062,0.013602502794985594
coarse,1.523125,0.0009469696969696769,3.303993436739905e-08,0.013593133577933307,0.013593102150889162
coarse,1.5237500000000002,0.0009469696969696769,3.313350021415653e-08,0.013583041808700819,0.013583010166503071
coarse,1.524375,0.0009469696969696769,3.322603502218807e-08,0.013572176347369253,0.013572144348445461
coarse,1.5250000000000001,0.0009469696969696769,3.3317530479330105e-08,0.013560459066727456,0.01356042656992584
coarse,1.525625,0.0009469696969696769,3.340797985074146e-08,0.013547816500399728,0.0135477833651492
coarse,1.52625,0.0009469696969696769,3.349737794454779e-08,0.013534180115724829,0.013534146202194581
coarse,1.526875,0.0009469696969696769,3.358572107480991e-08,0.01351948656329394,0.013519451732552193
coarse,1.5275,0.0009469696969698451,3.367300703050151e-08,0.013503677901474012,0.01350364201564562
coarse,1.5281250000000002,0.0009469696969696769,3.375923503555927e-08,0.01348670179440152,0.013486664716824064
coarse,1.52875,0.0009469696969696769,3.3844405708744014e-08,0.013468511682102904,0.013468473277480922
coarse,1.5293750000000002,0.0009469696969696769,3.3928521029008055e-08,0.01344906692158162,0.013449027056138645
coarse,1.53,0.0009469696969696769,3.401158429177527e-08,0.013428332897905931,0.01342829143953396
coarse,1.5306250000000001,0.0009469696969696769,3.4093600070952356e-08,0.01340628110453404,0.013406237922940122
coarse,1.53125,0.0009469696969696769,3.41745741756766e-08,0.013382889192322542,0.013382844159172118
coarse,1.531875,0.0009469696969698451,3.425451360855798e-08,0.013358140986878292,0.01335809397593499
coarse,1.5325000000000002,0.0009469696969696769,3.433342652482704e-08,0.013332026474130895,0.013331977361392442
coarse,1.533125,0.0009469696969696769,3.441132218364984e-08,0.013304541754221168,0.0133044904180511
coarse,1.5337500000000002,0.0009469696969696769,3.448821090868356e-08,0.013275688964017608,0.013275635285272494
coarse,1.534375,0.0009469696969696769,3.456410403948616e-08,0.01324547616878775,0.013245420030939679
coarse,1.5350000000000001,0.0009469696969696769,3.463901388628103e-08,0.013213917223760393,0.013213858513014393
coarse,1.535625,0.0009469696969696769,3.4712953687971134e-08,0.013181031606518009,0.013180970211924166
coarse,1.5362500000000001,0.0009469696969698451,3.478593756067068e-08,0.013146844221353482,0.013146780034913553
coarse,1.5368750000000002,0.0009469696969696769,3.485798045135736e-08,0.01311138517691137,0.013111318093679644
coarse,1.5375,0.0009469696969696769,3.4929098094027155e-08,0.013074689538606979,0.013074619456785178
coarse,1.5381250000000002,0.0009469696969696769,3.49993069580939e-08,0.013036797057479156,0.013036723878505225
coarse,1.53875,0.0009469696969696769,3.5068624202824574e-08,0.012997751877280897,0.012997675505911514
coarse,1.5393750000000002,0.0009469696969696769,3.513706762749201e-08,0.012957602221744368,0.012957522566131007
coarse,1.54,0.0009469696969696769,3.5204655625353065e-08,0.012916400064075805,0.012916317035834301
coarse,1.5406250000000001,0.0009469696969696769,3.527140713395443e-08,0.01287420078083672,0.012874114295110154
coarse,1.54125,0.0009469696969696769,3.53373415881846e-08,0.012831062792452691,0.012830972767967606
coarse,1.541875,0.0009469696969696769,3.540247887226144e-08,0.01278704719265816,0.012786953551773995
coarse,1.5425,0.0009469696969696769,3.5466839267985866e-08,0.012742217369235944,0.012742120037987727
coarse,1.543125,0.0009469696969698451,3.553044341438721e-08,0.012696638618442025,0.012696537526576197
coarse,1.5437500000000002,0.0009469696969696769,3.559331225638758e-08,0.012650377755521023,0.01265027283652458
coarse,1.544375,0.0009469696969696769,3.565546699623447e-08,0.012603502723715066,0.012603393914837922
coarse,1.5450000000000002,0.0009469696969696769,3.5716929050046725e-08,0.012556082204149256,0.012555969446419908
coarse,1.545625,0.0009469696969696769,3.577772000043547e-08,0.012508185228941014,0.012508068467175643
coarse,1.5462500000000001,0.0009469696969696769,3.58378615536114e-08,0.012459880799827724,0.012459759982632782
coarse,1.546875,0.0009469696969696769,3.5897375491833536e-08,0.012411237514541838,0.012411112594310266
coarse,1.5475,0.0009469696969698451,3.595628363316932e-08,0.012362323203078833,0.012362194135980036
coarse,1.5481250000000002,0.0009469696969696769,3.601460778673621e-08,0.012313204575910742,0.012313071321874435
coarse,1.54875,0.0009469696969696769,3.60723697086539e-08,0.012263946886089606,0.01226380940878379
coarse,1.5493750000000002,0.0009469696969696769,3.6129591065679866e-08,0.01221461360706684,0.012214471873870016
coarse,1.55,0.0009469696969696769,3.618629339186136e-08,0.012165266127926361,0.01216512010989422
coarse,1.5506250000000001,0.0009469696969696769,3.624249805170994e-08,0.012115963467590841,0.012115813139417607
coarse,1.55125,0.0009469696969696769,3.6298226202091716e-08,0.012066762009415626,0.012066607349390336
coarse,1.5518750000000001,0.0009469696969698451,3.6353498753979014e-08,0.01201771525743189,0.01201755624738979
coarse,1.5525000000000002,0.0009469696969696769,3.640833634131611e-08,0.01196887361534374,0.011968710240613047
coarse,1.553125,0.0009469696969696769,3.6462759283223445e-08,0.011920284189222006,0.011920116438566337
coarse,1.5537500000000002,0.0009469696969696769,3.6516787552926e-08,0.011871990614672097,0.011871818480228767
coarse,1.554375,0.0009469696969696769,3.657044074885653e-08,0.011824032909087987,0.011823856386302477
coarse,1.5550000000000002,0.0009469696969696769,3.66237380614528e-08,0.011776447349436187,0.011776266436993013
coarse,1.555625,0.0009469696969696769,3.667669824632491e-08,0.011729266375847534,0.01172908107559786
coarse,1.5562500000000001,0.0009469696969696769,3.672933959812373e-08,0.011682518521129129,0.011682328838015314
coarse,1.556875,0.0009469696969696769,3.6781679926926516e-08,0.011636228366147174,0.011636034308124585
coarse,1.5575,0.0009469696969696769,3.6833736532301636e-08,0.011590416520871132,0.01159021809882747
coarse,1.558125,0.0009469696969696769,3.688552617941118e-08,0.01154509963071678,0.011544896858389211
coarse,1.55875,0.0009469696969698451,3.6937065083514834e-08,0.01150029040767558,0.011500083301565937
coarse,1.5593750000000002,0.0009469696969696769,3.698836888879218e-08,0.01145599768557546,0.011455786264863758
coarse,1.56,0.0009469696969696769,3.703945264861389e-08,0.011412226498681377,0.011412010785137953
coarse,1.5606250000000002,0.0009469696969696769,3.7090330812399665e-08,0.01136897818271615,0.011368758200612637
coarse,1.56125,0.0009469696969696769,3.714101721295681e-08,0.011326250497261003,0.011326026273280405
coarse,1.5618750000000001,0.0009469696969696769,3.7191525049611915e-08,0.011284037768382823,0.011283809331528966
coarse,1.5625,0.0009469696969696769,3.724186687944244e-08,0.011242331050233322,0.011242098431739882
coarse,1.563125,0.0009469696969698451,3.729205461102897e-08,0.011201118304270227,0.011200881537509554
coarse,1.5637500000000002,0.0009469696969696769,3.7342099489438215e-08,0.011160384594667772,0.011160143715059781
coarse,1.564375,0.0009469696969696769,3.739201209460464e-08,0.011120112298408761,0.011119867343330099
coarse,1.5650000000000002,0.0009469696969696769,3.7441802338019345e-08,0.011080281328487429,0.01108003233718101
coarse,1.565625,0.0009469696969696769,3.7491479453950465e-08,0.011040869368597831,0.011040616382083118
coarse,1.5662500000000001,0.0009469696969696769,3.754105200152914e-08,0.011001852117639155,0.011001595178623244
coarse,1.566875,0.0009469696969696769,3.759052786365169e-08,0.010963203542336764,0.010962942695126454
coarse,1.5675000000000001,0.0009469696969698451,3.763991424668699e-08,0.010924896136253713,0.010924631426668777
coarse,1.5681250000000002,0.0009469696969696769,3.768921768593492e-08,0.010886901183455769,0.01088663265874354
coarse,1.56875,0.0009469696969696769,3.7738444043343105e-08,0.010849189025089585,0.010848916733841047
coarse,1.5693750000000002,0.0009469696969696769,3.778759851915032e-08,0.010811729327140621,0.010811453319208082
coarse,1.57,0.0009469696969696769,3.783668565493702e-08,0.01077449134765459,0.010774211674071096
coarse,1.5706250000000002,0.0009469696969696769,3.788570933872395e-08,0.010737444201731713,0.010737160914632355
coarse,1.57125,0.0009469696969696769,3.7934672821113934e-08,0.010700557122638446,0.010700270275183586
coarse,1.5718750000000001,0.0009469696969696769,3.798357871904568e-08,0.010663799717424902,0.010663509363725471
coarse,1.5725,0.0009469696969696769,3.8032429027526923e-08,0.010627142215488848,0.010626848410533834
coarse,1.573125,0.0009469696969696769,3.8081225137095456e-08,0.010590555708587024,0.010590258508173127
coarse,1.57375,0.0009469696969696769,3.81299678415304e-08,0.010554012380862626,0.010553711841526262
coarse,1.574375,0.0009469696969698451,3.817865735336359e-08,0.010517485727532548,0.010517181906484239
coarse,1.5750000000000002,0.0009469696969696769,3.8227293323330865e-08,0.01048095076096077,0.010480643716021911
coarse,1.575625,0.0009469696969696769,3.8275874851772465e-08,0.010444384202930977,0.010444073992473128
coarse,1.5762500000000002,0.0009469696969696769,3.8324400509695936e-08,0.010407764662026597,0.01040745134491325
coarse,1.576875,0.0009469696969696769,3.83728683565993e-08,0.010371072795125722,0.010370756430656651
coarse,1.5775000000000001,0.0009469696969696769,3.8421275955810753e-08,0.010334291452121449,0.010333972099979643
coarse,1.578125,0.0009469696969696769,3.8469620399457096e-08,0.010297405803087875,0.010297083523289053
coarse,1.57875,0.0009469696969698451,3.8517898328307775e-08,0.010260403447223329,0.010260078300068065
coarse,1.5793750000000002,0.0009469696969696769,3.856610594994209e-08,0.010223274503018125,0.01022294654904662
coarse,1.58,0.0009469696969696769,3.86142390624043e-08,0.010186011679211914,0.010185680979161395
coarse,1.5806250000000002,0.0009469696969696769,3.866229307756302e-08,0.010148610326226212,0.010148276940990925
coarse,1.58125,0.0009469696969696769,3.8710263042449706e-08,0.010111068467879021,0.01011073245847284
coarse,1.5818750000000001,0.0009469696969696769,3.875814366255335e-08,0.010073386813310865,0.010073048240832529
coarse,1.5825,0.0009469696969696769,3.8805929329365205e-08,0.010035568749175041,0.0100352276747759
coarse,1.5831250000000001,0.0009469696969698451,3.8853614140475466e-08,0.009997620312266737,0.009997276797121082
coarse,1.5837500000000002,0.0009469696969696769,3.890119192405295e-08,0.009959550142888058,0.009959204248165956
coarse,1.584375,0.0009469696969696769,3.89486562639132e-08,0.009921369419365545,0.009921021206208127
coarse,1.5850000000000002,0.0009469696969696769,3.89960005243734e-08,0.009883091774255674,0.00988274130375284
coarse,1.585625,0.0009469696969696769,3.904321787665314e-08,0.009844733192888547,0.009844380526059043
coarse,1.5862500000000002,0.0009469696969696769,3.909030131905595e-08,0.009806311895012059,0.009805957092785866
coarse,1.586875,0.0009469696969696769,3.913724370468955e-08,0.009767848200407665,0.009767491323610612
coarse,1.5875000000000001,0.0009469696969696769,3.918403776310288e-08,0.009729364379450836,0.00972900548879143
coarse,1.588125,0.0009469696969696769,3.9230676126330575e-08,0.00969088448968927,0.009690523645747559
coarse,1.58875,0.0009469696969696769,3.927715135146946e-08,0.009652434199602888,0.009652071462821385
coarse,1.589375,0.0009469696969696769,3.932345594096259e-08,0.009614040600796726,0.00961367603147326
coarse,1.59,0.0009469696969698451,3.936958237017297e-08,0.009575732009956092,0.009575365668238457
coarse,1.5906250000000002,0.0009469696969696769,3.941552310549788e-08,0.009537537761965663,0.00953716970784802
coarse,1.59125,0.0009469696969696769,3.946127062457672e-08,0.009499487995656919,0.009499118288977846
coarse,1.5918750000000002,0.0009469696969696769,3.950681743803643e-08,0.009461613433703518,0.009461242134145547
coarse,1.5925,0.0009469696969696769,3.9552156108778816e-08,0.009423945158230074,0.009423572325320633
coarse,1.5931250000000001,0.0009469696969696769,3.959727927004437e-08,0.00938651438373574,0.00938614007684939
coarse,1.59375,0.0009469696969696769,3.964217964393945e-08,0.00934935222896063,0.009348976507322436
coarse,1.594375,0.0009469696969698451,3.9686850053204894e-08,0.009312489489338648,0.009312112412028603
coarse,1.5950000000000002,0.0009469696969696769,3.9731283441583694e-08,0.009275956411686742,0.009275578037645062
coarse,1.595625,0.0009469696969696769,3.9775472886930696e-08,0.00923978247277379,0.009239402860806947
coarse,1.5962500000000002,0.0009469696969696769,3.981941160775626e-08,0.009203996163396861,0.009203615372184289
coarse,1.596875,0.0009469696969696769,3.986309298134356e-08,0.009168624779565048,0.009168242867666227
coarse,1.5975000000000001,0.0009469696969696769,3.9906510551941634e-08,0.00913369422235108,0.009133311248212997
coarse,1.598125,0.0009469696969696769,3.9949658036262626e-08,0.009099228807922263,0.00909884482988706
coarse,1.5987500000000001,0.0009469696969698451,3.9992529333181844e-08,0.009065251089200057,0.009064866165512645
coarse,1.5993750000000002,0.0009469696969696769,4.0035118528729035e-08,0.00903178169052601,0.00903139587934159
coarse,1.6,0.0009469696969696769,4.007741989878195e-08,0.008998839156628635,0.008998452516019946
coarse,1.6006250000000002,0.0009469696969696769,4.0119427912294934e-08,0.008966439817093151,0.008966052405057264
coarse,1.60125,0.0009469696969696769,4.016113723198511e-08,0.008934597667432624,0.008934209541897182
coarse,1.6018750000000002,0.0009469696969696769,4.0202542713308956e-08,0.008903324267746836,0.008902935486575538
coarse,1.6025,0.0009469696969696769,4.0243639402686015e-08,0.00887262865983458,0.008872239280831818
coarse,1.6031250000000001,0.0009469696969696769,4.028442253326721e-08,0.00884251730349548,0.008842127384409978
coarse,1.60375,0.0009469696969696769,4.0324887521575684e-08,0.008812994032621965,0.008812603631149224
coarse,1.604375,0.0009469696969696769,4.036502995780774e-08,0.008784060031538718,0.008783669205322232
coarse,1.605,0.0009469696969696769,4.0404845597720304e-08,0.008755713831900274,0.00875532263853131
coarse,1.605625,0.0009469696969698451,4.044433035725916e-08,0.008727951330303962,0.00872755982731982
coarse,1.6062500000000002,0.0009469696969696769,4.048348029712006e-08,0.008700765826621376,0.008700374071502008
coarse,1.606875,0.0009469696969696769,4.052229161367007e-08,0.008674148082893424,0.00867375613305632
coarse,1.6075000000000002,0.0009469696969696769,4.056076062592666e-08,0.0086480864024761,0.008647694315269315
coarse,1.608125,0.0009469696969696769,4.0598883756440654e-08,0.008622566728966594,0.008622174561659875
coarse,1.6087500000000001,0.0009469696969696769,4.063665752122749e-08,0.00859757276428305,0.008597180574056933
coarse,1.609375,0.0009469696969696769,4.0674078513273156e-08,0.008573086105118557,0.008572693949051403
coarse,1.61,0.0009469696969698451,4.071114338257862e-08,0.008549086396840943,0.008548694331893843
coarse,1.6106250000000002,0.0009469696969696769,4.074784882089054e-08,0.008525551503767274,0.008525159586766789
coarse,1.61125,0.0009469696969696769,4.0784191542645855e-08,0.008502457694605324,0.00850206598222402
coarse,1.6118750000000002,0.0009469696969696769,4.08201682656469e-08,0.008479779841726221,0.008479388390460994
coarse,1.6125,0.0009469696969696769,4.08557756921835e-08,0.008457491632813776,0.008457100498961947
coarse,1.6131250000000001,0.0009469696969696769,4.089101049239464e-08,0.008435565793327285,0.00843517503296045
coarse,1.61375,0.0009469696969696769,4.0925869280666954e-08,0.008413974318117664,0.008413583987053408
coarse,1.6143750000000001,0.0009469696969698451,4.096034859589944e-08,0.008392688710451816,0.008392298864223234
coarse,1.6150000000000002,0.0009469696969696769,4.0994444889027675e-08,0.00837168022662936,0.00837129092045246
coarse,1.615625,0.0009469696969695087,4.102815449989099e-08,0.00835092012431743,0.008350531413056531
coarse,1.61625,0.0009469696969696769,4.1061473638018616e-08,0.008330379912687109,0.00832999185081825
coarse,1.616875,0.0009469696969698451,4.109439836593725e-08,0.008310031602407224,0.008309644243979727
coarse,1.6175000000000002,0.0009469696969696769,4.112692458137855e-08,0.008289847953538385,0.008289461352134667
coarse,1.618125,0.0009469696969696769,4.115904800412045e-08,0.00826980271937405,0.008269416928067803
coarse,1.6187500000000001,0.0009469696969698451,4.119076416042397e-08,0.008249870884294179,0.008249485955607037
coarse,1.6193750000000002,0.0009469696969696769,4.122206836639984e-08,0.008230028893731887,0.008229644879588778
coarse,1.62,0.0009469696969695087,4.125295571674404e-08,0.008210254874403362,0.00820987182608669
coarse,1.620625,0.0009469696969696769,4.128342107559028e-08,0.008190528843016982,0.00819014681111981
coarse,1.62125,0.0009469696969698451,4.1313459065535096e-08,0.00817083290175693,0.008170451936135352
coarse,1.6218750000000002,0.0009469696969696769,4.134306405758957e-08,0.008151151418930493,0.008150771568655419
coarse,1.6225,0.0009469696969696769,4.13722301669294e-08,0.00813147119327478,0.008131092506583336
coarse,1.6231250000000002,0.0009469696969696769,4.140095124936901e-08,0.008111781600537995,0.008111404124784756
coarse,1.62375,0.0009469696969696769,4.142922089742168e-08,0.008092074721080353,0.008091698502688646
coarse,1.6243750000000001,0.0009469696969696769,4.145703244077102e-08,0.008072345447379989,0.008071970531793513
coarse,1.625,0.0009469696969696769,4.148437894548926e-08,0.00805259157047911,0.008052218002114132
coarse,1.625625,0.0009469696969698451,4.1511253219341867e-08,0.008032813844561702,0.008032441666760029
coarse,1.6262500000000002,0.0009469696969696769,4.153764781654077e-08,0.008013016029018171,0.008012645284001248
coarse,1.626875,0.0009469696969696769,4.156355504529039e-08,0.007993204907520165,0.00799283563634447
coarse,1.6275000000000002,0.0009469696969696769,4.158896697906827e-08,0.007973390283800483,0.007973022526314544
coarse,1.628125,0.0009469696969696769,4.1613875468113434e-08,0.007953584954007307,0.007953218748810553
coarse,1.6287500000000001,0.0009469696969696769,4.163827215209922e-08,0.007933804655676151,0.007933440040079924
coarse,1.629375,0.0009469696969696769,4.16621484779347e-08,0.007914067993537208,0.00791370500352813
coarse,1.6300000000000001,0.0009469696969698451,4.168549571729316e-08,0.00789439634254717,0.007894035012753178
coarse,1.6306250000000002,0.0009469696969696769,4.170830498772469e-08,0.00787481372870345,0.007874454092362704
coarse,1.63125,0.0009469696969696769,4.1730567275207036e-08,0.007855346688361945,0.007854988777294859
coarse,1.6318750000000002,0.0009469696969696769,4.1752273455173265e-08,0.00783602410693723,0.007835667951521894
coarse,1.6325,0.0009469696969696769,4.177341432334129e-08,0.007816877038014723,0.007816522667165891
coarse,1.6331250000000002,0.0009469696969696769,4.1793980620063935e-08,0.00779793850404646,0.007797585945198332
coarse,1.63375,0.0009469696969696769,4.1813963058389016e-08,0.007779243279935192,0.007778892559028205
coarse,1.6343750000000001,0.0009469696969698451,4.183335235724887e-08,0.007760827660934413,0.007760478802406179
coarse,1.6350000000000002,0.0009469696969696769,4.1852139272951634e-08,0.007742729216404145,0.007742382243184743
coarse,1.635625,0.0009469696969695087,4.187031463112204e-08,0.007724986531062206,0.00772464146457392
coarse,1.63625,0.0009469696969696769,4.1887869360743403e-08,0.007707638935459178,0.007707295795620857
coarse,1.636875,0.0009469696969698451,4.190479452769303e-08,0.007690726227480706,0.007690385032716825
coarse,1.6375000000000002,0.0009469696969696769,4.1921081372006797e-08,0.007674288386742768,0.007673949153997255
coarse,1.638125,0.0009469696969696769,4.1936721343138785e-08,0.00765836528379473,0.007658028028549646
coarse,1.6387500000000002,0.0009469696969696769,4.195170613316411e-08,0.0076429963860804515,0.007642661122379524
coarse,1.639375,0.0009469696969696769,4.196602771583011e-08,0.007628220462629345,0.007627887203106402
coarse,1.6400000000000001,0.0009469696969696769,4.19796783832617e-08,0.007614075289457553,0.007613744045369778
coarse,1.640625,0.0009469696969696769,4.199265077421965e-08,0.0076005973576543755,0.0076002681389204275
coarse,1.64125,0.0009469696969698451,4.2004937915929027e-08,0.007587821586110443,0.007587494401353276
coarse,1.6418750000000002,0.0009469696969696769,4.201653325743275e-08,0.007575781040813045,0.007575455897407387
coarse,1.6425,0.0009469696969696769,4.2027430697521806e-08,0.0075645066625899815,0.0075641835667143355
coarse,1.6431250000000002,0.0009469696969696769,4.2037624621442426e-08,0.007554027005127793,0.007553705961820787
coarse,1.64375,0.0009469696969696769,4.204710992840133e-08,0.007544367985022603,0.007544048998243564
coarse,1.6443750000000001,0.0009469696969696769,4.205588206161742e-08,0.007535552645543765,0.007535235718237247
coarse,1.645,0.0009469696969696769,4.2063937035063255e-08,0.0075276009357023044,0.007527286069866381
coarse,1.6456250000000001,0.0009469696969698451,4.207127145781137e-08,0.007520529506117902,0.007520216702875969
coarse,1.6462500000000002,0.0009469696969696769,4.207788255812229e-08,0.0075143515230720916,0.007514040782747885
coarse,1.646875,0.0009469696969696769,4.208376820393751e-08,0.007509076502020567,0.007508767824216122
coarse,1.6475000000000002,0.0009469696969696769,4.208892691799558e-08,0.007504710161716265,0.007504403545392475
coarse,1.648125,0.0009469696969696769,4.2093357898878964e-08,0.00750125429996728,0.0075009497435267174
coarse,1.6487500000000002,0.0009469696969696769,4.209706103169737e-08,0.0074987066919207515,0.0074984041932924204
coarse,1.649375,0.0009469696969696769,4.210003689540026e-08,0.00749706101162685,0.007496760568352469
coarse,1.6500000000000001,0.0009469696969698451,4.2102286774692635e-08,0.007496306777496351,0.0074960083868177915
coarse,1.6506250000000002,0.0009469696969696769,4.210381266291883e-08,0.007496429322122357,0.0074961329810698234
coarse,1.65125,0.0009469696969695087,4.2104617263460723e-08,0.007497409786792096,0.007497115492272678
coarse,1.651875,0.0009469696969696769,4.210470398801568e-08,0.007499225140869667,0.007498932889755798
coarse,1.6525,0.0009469696969698451,4.2104076953289765e-08,0.007501848226085612,0.007501558015303039
coarse,1.6531250000000002,0.0009469696969696769,4.210274097059106e-08,0.007505247825625441,0.007504959652240275
coarse,1.65375,0.0009469696969696769,4.21007015370918e-08,0.007509388757767546,0.007509102619071958
coarse,1.6543750000000002,0.0009469696969696769,4.2097964824773596e-08,0.0075142319936817616,0.0075139478872779
coarse,1.655,0.0009469696969696769,4.2094537658919684e-08,0.007519734798864565,0.00751945272274627
coarse,1.6556250000000001,0.0009469696969696769,4.209042750051228e-08,0.007525850897555529,0.007525570850187421
coarse,1.65625,0.0009469696969696769,4.208564242465047e-08,0.007532530659353341,0.00753225263974688
coarse,1.656875,0.0009469696969698451,4.208019109436612e-08,0.0075397213071289534,0.007539445314915048
coarse,1.6575000000000002,0.0009469696969696769,4.2074082732934456e-08,0.007547367145218519,0.007547093180716314
coarse,1.658125,0.0009469696969696769,4.206732709354568e-08,0.0075554098067704125,0.007555137871051866
coarse,1.6587500000000002,0.0009469696969696769,4.205993442663344e-08,0.0075637885190193285,0.00756351861396921
coarse,1.659375,0.0009469696969696769,4.205191544395492e-08,0.0075724403851659215,0.007572172513536916
coarse,1.6600000000000001,0.0009469696969696769,4.2043281281801325e-08,0.00758130068145395,0.007581034846916512
coarse,1.660625,0.0009469696969696769,4.203404346250789e-08,0.0075903031679574315,0.007590039375144082
coarse,1.6612500000000001,0.0009469696969698451,4.202421385182944e-08,0.007599380411519018,0.007599118666062842
coarse,1.6618750000000002,0.0009469696969696769,4.201380461734579e-08,0.007608464119217049,0.007608204427784097
coarse,1.6625,0.0009469696969696769,4.200282818534027e-08,0.0076174854806829815,0.007617227850998347
coarse,1.6631250000000002,0.0009469696969696769,4.1991297195364365e-08,0.007626375517542538,0.007626119958409929
coarse,1.66375,0.0009469696969696769,4.197922445275216e-08,0.007635065438213346,0.007634811959527945
coarse,1.6643750000000002,0.0009469696969696769,4.1966622880836126e-08,0.007643486996258749,0.007643235609013225
coarse,1.665,0.0009469696969696769,4.195350547764732e-08,0.007651572850471253,0.007651323566754798
coarse,1.6656250000000001,0.0009469696969698451,4.193988526685532e-08,0.0076592569248403915,0.007659009757830678
coarse,1.6662500000000002,0.0009469696969696769,4.192577524531425e-08,0.007666474766547112,0.007666229730495144
coarse,1.666875,0.0009469696969695087,4.1911188339713606e-08,0.007673163900121685,0.007672921010329451
coarse,1.6675,0.0009469696969696769,4.189613735943219e-08,0.007679264175902198,0.007679023448693197
coarse,1.668125,0.0009469696969698451,4.188063494663707e-08,0.007684718110937808,0.0076844795636204
coarse,1.6687500000000002,0.0009469696969696769,4.186469353057785e-08,0.00768947122049335,0.0076892348713170425
coarse,1.669375,0.0009469696969696769,4.18483252824085e-08,0.007693472338330632,0.0076932382064353625
coarse,1.6700000000000002,0.0009469696969696769,4.183154207306115e-08,0.007696673923965662,0.007696442029324215
coarse,1.670625,0.0009469696969696769,4.181435542770712e-08,0.007699032355131201,0.007698802718484876
coarse,1.6712500000000001,0.0009469696969696769,4.179677648566726e-08,0.007700508203709634,0.007700280846497364
coarse,1.671875,0.0009469696969696769,4.1778815958840314e-08,0.007701066493442692,0.0077008414377238
coarse,1.6725,0.0009469696969698451,4.176048409439719e-08,0.007700676937772221,0.007700454206143056
coarse,1.6731250000000002,0.0009469696969696769,4.174179064163079e-08,0.0076993141562201155,0.007699093771724792
coarse,1.67375,0.0009469696969696769,4.172274481527167e-08,0.007696957867776197,0.007696739853811767
coarse,1.6743750000000002,0.0009469696969696769,4.1703355264517554e-08,0.007693593059830382,0.0076933774400466835
coarse,1.675,0.0009469696969696769,4.168363004490889e-08,0.007689210131260779,0.007688996929455344
coarse,1.6756250000000001,0.0009469696969696769,4.16635765905098e-08,0.007683805008372446,0.007683594248380761
coarse,1.67625,0.0009469696969696769,4.164320169218648e-08,0.0076773792324731525,0.007677170938054686
coarse,1.6768750000000001,0.0009469696969698451,4.162251147761571e-08,0.007669940017973435,0.0076697342126937846
coarse,1.6775000000000002,0.0009469696969696769,4.160151138933666e-08,0.007661500280008327,0.007661296987117906
coarse,1.678125,0.0009469696969696769,4.158020617369711e-08,0.007652078630698672,0.0076518778730083475
coarse,1.6787500000000002,0.0009469696969696769,4.1558599868393037e-08,0.00764169934330086,0.007641501143054969
coarse,1.679375,0.0009469696969696769,4.153669579099682e-08,0.007630392283635566,0.007630196662382781
coarse,1.6800000000000002,0.0009469696969696769,4.1514496537434566e-08,0.007618192808339164,0.0076179997868016346
coarse,1.680625,0.0009469696969696769,4.149200397647132e-08,0.007605141629645686,0.007604951227586951
coarse,1.6812500000000001,0.0009469696969698451,4.146921925277907e-08,0.0075912846465828725,0.007591096882674985
coarse,1.6818750000000002,0.0009469696969696769,4.144614279024447e-08,0.007576672742652547,0.007576487634342932
coarse,1.6825,0.0009469696969695087,4.1422774299014264e-08,0.007561361550262796,0.007561179113641304
coarse,1.683125,0.0009469696969696769,4.139911278682407e-08,0.007545411182387314,0.007545231432053955
coarse,1.68375,0.0009469696969698451,4.1375156572034676e-08,0.007528885932143828,0.00752870888107769
coarse,1.6843750000000002,0.0009469696969696769,4.135090330177781e-08,0.007511853941208717,0.007511679600638541
coarse,1.685,0.0009469696969696769,4.132634997130596e-08,0.0074943868382169945,0.007494215217493936
coarse,1.6856250000000002,0.0009469696969696769,4.130149294769206e-08,0.0074765593485340166,0.007476390455007009
coarse,1.68625,0.0009469696969696769,4.127632799616055e-08,0.007458448877026463,0.00745828271592071
coarse,1.6868750000000001,0.0009469696969696769,4.1250850308200424e-08,0.007440135065702272,0.007439971640001327
coarse,1.6875,0.0009469696969696769,4.12250545346023e-08,0.007421699328331201,0.007421538638663077
coarse,1.688125,0.0009469696969698451,4.1198934820595265e-08,0.007403224364395855,0.007403066408923646
coarse,1.6887500000000002,0.0009469696969696769,4.117248484129733e-08,0.007384793654956147,0.00738463842927355
coarse,1.689375,0.0009469696969696769,4.114569784262587e-08,0.007366490943233948,0.007366338440266142
coarse,1.6900000000000002,0.0009469696969696769,4.111856668437352e-08,0.007348399702937469,0.0073482499128477465
coarse,1.690625,0.0009469696969696769,4.109108388205113e-08,0.0073306025975435046,0.007330455507646034
coarse,1.6912500000000001,0.0009469696969696769,4.106324165429987e-08,0.007313180933936552,0.007313036528615632
coarse,1.691875,0.0009469696969696769,4.103503197109806e-08,0.007296214113964887,0.0072960723746010505
coarse,1.6925000000000001,0.0009469696969698451,4.1006446602511324e-08,0.007279779087611545,0.007279639992514836
coarse,1.6931250000000002,0.0009469696969696769,4.097747717209239e-08,0.0072639498115907855,0.007263813335941474
coarse,1.69375,0.0009469696969696769,4.094811520652779e-08,0.0072487967172642255,0.007248662833061274
coarse,1.6943750000000002,0.0009469696969696769,4.091835218881997e-08,0.007234386191824866,0.00723425486784236
coarse,1.695,0.0009469696969696769,4.088817961457664e-08,0.007220780076718414,0.007220651278470189
coarse,1.6956250000000002,0.0009469696969696769,4.085758904560581e-08,0.007208035187257883,0.00720790887697052
coarse,1.69625,0.0009469696969696769,4.0826572166890393e-08,0.007196202857339254,0.007196078993933619
coarse,1.6968750000000001,0.0009469696969698451,4.079512083854253e-08,0.0071853285130805905,0.0071852070521620254
coarse,1.6975000000000002,0.0009469696969696769,4.076322715168642e-08,0.0071754512790848015,0.0071753321729420665
coarse,1.698125,0.0009469696969695087,4.073088348703731e-08,0.007166603620866543,0.0071664868184795685
coarse,1.69875,0.0009469696969696769,4.069808256468306e-08,0.0071588110267873945,0.007158696473843887
coarse,1.699375,0.0009469696969698451,4.0664817499492786e-08,0.007152091732610484,0.007151979371531366
coarse,1.7000000000000002,0.0009469696969696769,4.0631081854921826e-08,0.007146456491517874,0.007146346261491519
coarse,1.700625,0.0009469696969696769,4.0596869692552075e-08,0.007141908392132824,0.007141800229158032
coarse,1.7012500000000002,0.0009469696969696769,4.056217561975061e-08,0.007138442726756383,0.007138336563693995
coarse,1.701875,0.0009469696969696769,4.0526994842458805e-08,0.007136046911666264,0.007135942678299267
coarse,1.7025000000000001,0.0009469696969696769,4.0491323209240314e-08,0.007134700460938609,0.007134598084040586
coarse,1.703125,0.0009469696969696769,4.045515725306978e-08,0.007134375014843044,0.007134274418254774
coarse,1.70375,0.0009469696969698451,4.041849423661979e-08,0.007135034423432262,0.00713493552814623
coarse,1.7043750000000002,0.0009469696969696769,4.0381332189678857e-08,0.007136634885502828,0.007136537609755424
coarse,1.705,0.0009469696969696769,4.034366994511825e-08,0.007139125142648434,0.007139029402019547
coarse,1.7056250000000002,0.0009469696969696769,4.0305507174739484e-08,0.007142446727664465,0.007142352435184171
coarse,1.70625,0.0009469696969696769,4.0266844418800554e-08,0.0071465342660982974,0.007146441332360327
coarse,1.7068750000000001,0.0009469696969696769,4.0227683113329147e-08,0.007151315829277643,0.007151224162559276
coarse,1.7075,0.0009469696969696769,4.01880256161084e-08,0.007156713336694261,0.007156622843082301
coarse,1.7081250000000001,0.0009469696969698451,4.014787522770357e-08,0.007162643005177354,0.007162553588699775
coarse,1.7087500000000002,0.0009469696969696769,4.010723621015126e-08,0.007169015841864211,0.007168927404627105
coarse,1.709375,0.0009469696969696769,4.006611379919342e-08,0.007175738177570241,0.007175650619899637
coarse,1.7100000000000002,0.0009469696969696769,4.0024514219450924e-08,0.007182712236780709,0.0071826254573688735
coarse,1.710625,0.0009469696969696769,3.998244469113257e-08,0.0071898367401362455,0.007189750636192
coarse,1.7112500000000002,0.0009469696969696769,3.993991343189706e-08,0.007197007534968101,0.007196922002370756
coarse,1.711875,0.0009469696969696769,3.989692966290847e-08,0.00720411824916051,0.007204033182616953
coarse,1.7125000000000001,0.0009469696969698451,3.985350360328494e-08,0.007211060963379909,0.007210976256584418
coarse,1.7131250000000002,0.0009469696969696769,3.9809646465627686e-08,0.007217726896517111,0.007217642442313465
coarse,1.71375,0.0009469696969695087,3.97653704488923e-08,0.0072240070990419215,0.007223922789587337
coarse,1.714375,0.0009469696969696769,3.972068872589447e-08,0.0072297931488712495,0.00722970887580175
coarse,1.715,0.0009469696969698451,3.967561542922533e-08,0.00723497784430426,0.007234893498901027
coarse,1.7156250000000002,0.0009469696969696769,3.963016563333487e-08,0.007239455888582196,0.007239371361938498
coarse,1.71625,0.0009469696969696769,3.958435533562946e-08,0.007243124560686268,0.00724303974387454
coarse,1.7168750000000002,0.0009469696969696769,3.9538201433621e-08,0.007245884367095583,0.007245799151334267
coarse,1.7175,0.0009469696969696769,3.949172170005091e-08,0.0072476396693866045,0.007247553946206376
coarse,1.7181250000000001,0.0009469696969696769,3.9444934755663244e-08,0.007248299282766123,0.0072482129441751066
coarse,1.71875,0.0009469696969696769,3.939786004155104e-08,0.0072477770408883166,0.007247689979535946
coarse,1.719375,0.0009469696969698451,3.935051778657891e-08,0.007245992322611586,0.0072459044319507625
coarse,1.7200000000000002,0.0009469696969696769,3.9302928975580416e-08,0.007242870536699233,0.007242781711146439
coarse,1.720625,0.0009469696969696769,3.925511531547953e-08,0.007238343560856099,0.007238253695949159
coarse,1.7212500000000002,0.0009469696969696769,3.9207099199934746e-08,0.007232350131917048,0.0072322591244702444
coarse,1.721875,0.0009469696969696769,3.9158903672623204e-08,0.007224836184458442,0.0072247439327146916
coarse,1.7225000000000001,0.0009469696969696769,3.9110552390992144e-08,0.0072157551355849225,0.0072156615393647264
coarse,1.723125,0.0009469696969696769,3.9062069587364715e-08,0.007205068114146351,0.007204973074993293
coarse,1.7237500000000001,0.0009469696969698451,3.901348003027526e-08,0.007192744133157269,0.007192647554479818
coarse,1.7243750000000002,0.0009469696969696769,3.896480898622766e-08,0.007178760204718623,0.00717866199192798
coarse,1.725,0.0009469696969696769,3.891608217898128e-08,0.007163101397272022,0.007163001457915842
coarse,1.7256250000000002,0.0009469696969696769,3.886732575245472e-08,0.007145760835544776,0.007145659079436519
coarse,1.72625,0.0009469696969696769,3.8818566229906135e-08,0.00712673964406341,0.007126635983407169
coarse,1.7268750000000002,0.0009469696969696769,3.8769830473820756e-08,0.007106046835617755,0.007105941185128361
coarse,1.7275,0.0009469696969696769,3.872114564908463e-08,0.007083699146541812,0.007083591423560051
coarse,1.7281250000000001,0.0009469696969698451,3.867253918460584e-08,0.0070597208211354845,0.0070596109457382854
coarse,1.7287500000000002,0.0009469696969696769,3.862403873289759e-08,0.00703414334797817,0.007034031243083565
coarse,1.729375,0.0009469696969695087,3.857567213473322e-08,0.007007005151275727,0.0070068907427425
coarse,1.73,0.0009469696969696769,3.852746738227034e-08,0.006978351240732877,0.006978234457454737
coarse,1.730625,0.0009469696969698451,3.8479452581549444e-08,0.00694823282374978,0.006948113597743931
coarse,1.7312500000000002,0.0009469696969696769,3.8431655918501156e-08,0.006916706884001303,0.006916585150491296
coarse,1.731875,0.0009469696969696769,3.8384105624892315e-08,0.006883835730667373,0.006883711428160121
coarse,1.7325000000000002,0.0009469696969696769,3.833682994250433e-08,0.006849686522742659,0.006849559593099512
coarse,1.733125,0.0009469696969696769,3.828985709153348e-08,0.006814330772961452,0.0068142011614632245
coarse,1.7337500000000001,0.0009469696969696769,3.8243215239325274e-08,0.006777843835928032,0.006777711491333901
coarse,1.734375,0.0009469696969696769,3.819693246887767e-08,0.0067403043850477445,0.006740169259647906
coarse,1.735,0.0009469696969698451,3.8151036747678034e-08,0.006701793882806516,0.0067016559324685355
coarse,1.7356250000000002,0.0009469696969696769,3.810555589970703e-08,0.006662396048852022,0.006662255233060794
coarse,1.73625,0.0009469696969696769,3.806051757554921e-08,0.006622196330188334,0.006622052612079589
coarse,1.7368750000000002,0.0009469696969696769,3.8015949225837964e-08,0.006581281377612911,0.006581134724000212
coarse,1.7375,0.0009469696969696769,3.7971878075752524e-08,0.006539738532301711,0.006539588913696877
coarse,1.7381250000000001,0.0009469696969696769,3.7928331096378006e-08,0.006497655326190899,0.006497502716817816
coarse,1.73875,0.0009469696969696769,3.7885334982798073e-08,0.006455118999516349,0.006454963377318155
coarse,1.7393750000000001,0.0009469696969698451,3.7842916127277047e-08,0.006412216038558681,0.006412057385198298
coarse,1.7400000000000002,0.0009469696969696769,3.780110059715051e-08,0.006369031736308756,0.006368870037162747
coarse,1.740625,0.0009469696969696769,3.775991411314353e-08,0.006325649778419738,0.0063254850225655124
coarse,1.7412500000000002,0.0009469696969696769,3.771938202654485e-08,0.0062821518564543976,0.006281984036650775
coarse,1.741875,0.0009469696969696769,3.7679529298589076e-08,0.006238617310073514,0.006238446422734698
coarse,1.7425000000000002,0.0009469696969696769,3.764038048063719e-08,0.006195122799448761,0.006194948844611749
coarse,1.743125,0.0009469696969696769,3.760195969308159e-08,0.006151742008828454,0.00615156499011397
coarse,1.7437500000000001,0.0009469696969698451,3.756429060962114e-08,0.006108545381836113,0.006108365306403142
coarse,1.7443750000000002,0.0009469696969696769,3.75273964386494e-08,0.006065599888751751,0.006065416767245752
coarse,1.745,0.0009469696969695087,3.749129990344756e-08,0.0060229688257105495,0.006022782672205514
coarse,1.745625,0.0009469696969696769,3.745602322846142e-08,0.005980711645461385,0.0059805224773958245
coarse,1.74625,0.0009469696969698451,3.742158812365068e-08,0.005938883819059979,0.005938691657167031
coarse,1.7468750000000002,0.0009469696969696769,3.7388015768781786e-08,0.00589753672762885,0.005897341595860653
coarse,1.7475,0.0009469696969696769,3.7355326800406236e-08,0.005856717583103308,0.005856519508549837
coarse,1.7481250000000002,0.0009469696969696769,3.7323541297554866e-08,0.005816469376697815,0.005816268389500396
coarse,1.74875,0.0009469696969696769,3.729267876811299e-08,0.005776830853672903,0.005776626986932618
coarse,1.7493750000000001,0.0009469696969696769,3.7262758140751494e-08,0.005737836512857376,0.005737629802538578
coarse,1.75,0.0009469696969696769,3.723379774974126e-08,0.005699516629285063,0.005699307114114295
coarse,1.750625,0.0009469696969698451,3.7205815326711804e-08,0.00566189729823692,0.005661685019597467
coarse,1.7512500000000002,0.0009469696969696769,3.71788279924117e-08,0.005625000498939095,0.0056247855007614585
coarse,1.751875,0.0009469696969696769,3.7152852245261104e-08,0.005588844176149386,0.005588626504797986
coarse,1.7525000000000002,0.0009469696969696769,3.71279039557286e-08,0.0055534423378715775,0.005553222042027959
coarse,1.753125,0.0009469696969696769,3.710399835663153e-08,0.0055188051674627345,0.005518582298005604
coarse,1.7537500000000001,0.0009469696969696769,3.70811500388669e-08,0.00548493914844104,0.005484713758323465
coarse,1.754375,0.0009469696969696769,3.705937294491051e-08,0.00545184720036121,0.005451619344485247
coarse,1.7550000000000001,0.0009469696969698451,3.703868036300204e-08,0.005419528824193488,0.005419298559282649
coarse,1.7556250000000002,0.0009469696969696769,3.7019084923796005e-08,0.0053879802557226224,0.005387747640192443
coarse,1.75625,0.0009469696969696769,3.70005985957001e-08,0.00535719462556917,0.005356959719396245
coarse,1.7568750000000002,0.0009469696969696769,3.698323268375472e-08,0.005327162124526868,0.0053269249891166725
coarse,1.7575,0.0009469696969696769,3.696699782514051e-08,0.0052978701730027195,0.0052976308710565665
coarse,1.7581250000000002,0.0009469696969696769,3.69519039879237e-08,0.005269303593440059,0.005269062188821491
coarse,1.75875,0.0009469696969696769,3.693796047095231e-08,0.005241444784697416,0.005241201342298376
coarse,1.7593750000000001,0.0009469696969698451,3.692517590203005e-08,0.005214273897445119,0.00521402848305222
coarse,1.7600000000000002,0.0009469696969696769,3.691355823939273e-08,0.0051877690097276484,0.005187521689888834
coarse,1.760625,0.0009469696969695087,3.690311477150407e-08,0.005161906301920485,0.005161657143812394
coarse,1.76125,0.0009469696969696769,3.689385211902098e-08,0.005136660230386454,0.0051364093016827836
coarse,1.761875,0.0009469696969698451,3.688577623502479e-08,0.005112003699206563,0.005111751067947705
coarse,1.7625000000000002,0.0009469696969696769,3.6878892407609977e-08,0.005087908229425392,0.005087653963889639
coarse,1.763125,0.0009469696969696769,3.687320526369471e-08,0.00506434412531052,0.005064088293887057
coarse,1.7637500000000002,0.0009469696969696769,3.6868718771342997e-08,0.0050412806371793895,0.0050410233082433635
coarse,1.764375,0.0009469696969696769,3.686543624407557e-08,0.0050186861203971485,0.005018427362187027
coarse,1.7650000000000001,0.0009469696969696769,3.6863360343913296e-08,0.004996528190193697,0.004996268070691148
coarse,1.765625,0.0009469696969696769,3.686249308623831e-08,0.004974773871990339,0.004974512458802842
coarse,1.76625,0.0009469696969698451,3.6862835845386515e-08,0.00495338974696464,0.0049531271072110125
coarse,1.7668750000000002,0.0009469696969696769,3.686438935985243e-08,0.004932342092618527,0.0049320782928175735
coarse,1.7675,0.0009469696969696769,3.686715373715621e-08,0.004911597018148514,0.004911332124110946
coarse,1.7681250000000002,0.0009469696969696769,3.6871128461337965e-08,0.004891120594449539,0.004890854671173333
coarse,1.76875,0.0009469696969696769,3.687631239954041e-08,0.004870878978615502,0.0048706120901848456
coarse,1.7693750000000001,0.0009469696969696769,3.68827038079323e-08,0.004850838532830045,0.0048505707423179886
coarse,1.77,0.0009469696969696769,3.68903003403666e-08,0.004830965937571154,0.004830697306946106
coarse,1.7706250000000001,0.0009469696969698451,3.6899099056824886e-08,0.004811228299082341,0.004810958889118509
coarse,1.7712500000000002,0.0009469696969696769,3.6909096430396466e-08,0.004791593251092564,0.004791323121284428
coarse,1.771875,0.0009469696969696769,3.692028835779662e-08,0.0047720290507942825,0.004771758259275216
coarse,1.7725000000000002,0.0009469696969696769,3.6932670168864314e-08,0.004752504669116985,0.00475223327258207
coarse,1.773125,0.0009469696969696769,3.69462366348153e-08,0.004732989875359511,0.0047327179289926476
coarse,1.7737500000000002,0.0009469696969696769,3.6960981979564956e-08,0.004713455316268449,0.004713182873673788
coarse,1.774375,0.0009469696969696769,3.697689989167944e-08,0.004693872589673429,0.00469359970281121
coarse,1.7750000000000001,0.0009469696969698451,3.6993983535549086e-08,0.004674214312809904,0.0046739410319367215
coarse,1.7756250000000002,0.0009469696969696769,3.701222556260242e-08,0.00465445418547809,0.004654180559091626
coarse,1.77625,0.0009469696969695087,3.703161812415391e-08,0.00463456704820123,0.0046342931229895095
coarse,1.776875,0.0009469696969696769,3.705215288621512e-08,0.004614528935557983,0.004614254756353124
coarse,1.7775,0.0009469696969698451,3.707382104124949e-08,0.004594317124871034,0.004594042734607571
coarse,1.7781250000000002,0.0009469696969696769,3.70966133234641e-08,0.00457391018043809,0.004573635620115847
coarse,1.77875,0.0009469696969696769,3.712052002415698e-08,0.004553287993490945,0.004553013302142476
coarse,1.7793750000000002,0.0009469696969696769,3.714553100676127e-08,0.004532431818064246,0.004532157032726828
coarse,1.78,0.0009469696969696769,3.717163572429581e-08,0.004511324302947127,0.004511049458639345
coarse,1.7806250000000001,0.0009469696969696769,3.7198823234535516e-08,0.004489949519878695,0.004489674649581571
coarse,1.78125,0.0009469696969696769,3.722708221819321e-08,0.004468292988133168,0.004468018122775853
coarse,1.781875,0.0009469696969698451,3.725640099789151e-08,0.0044463416956209405,0.004446066864070926
coarse,1.7825000000000002,0.0009469696969696769,3.7286767555451864e-08,0.004424084116611095,0.004423809345668952
coarse,1.783125,0.0009469696969696769,3.7318169550921354e-08,0.004401510226156941,0.0044012355405555585
coarse,1.7837500000000002,0.0009469696969696769,3.735059434465113e-08,0.004378611511281037,0.004378336933689308
coarse,1.784375,0.0009469696969696769,3.738402901589437e-08,0.004355380978950751,0.004355106529981704
coarse,1.7850000000000001,0.0009469696969696769,3.741846038357629e-08,0.004331813160849267,0.004331538859072587
coarse,1.785625,0.0009469696969696769,3.7453875028714406e-08,0.004307904114922133,0.0043076299768810495
coarse,1.7862500000000001,0.0009469696969698451,3.749025931526446e-08,0.004283651423655756,0.004283377463888221
coarse,1.7868750000000002,0.0009469696969696769,3.752759941264442e-08,0.004259054189023375,0.004258780420087511
coarse,1.7875,0.0009469696969696769,3.756588131971029e-08,0.004234113024015645,0.004233839456519381
coarse,1.7881250000000002,0.0009469696969696769,3.760509088581811e-08,0.004208830040658321,0.004208556683293171
coarse,1.78875,0.0009469696969696769,3.764521383579017e-08,0.00418320883440979,0.004182935693988686
coarse,1.7893750000000002,0.0009469696969696769,3.768623579358468e-08,0.004157254464825139,0.004156981546324259
coarse,1.79,0.0009469696969696769,3.772814230401075e-08,0.004130973432373477,0.004130700738977979
coarse,1.7906250000000001,0.0009469696969698451,3.777091885934167e-08,0.004104373651299792,0.004104101184453355
coarse,1.7912500000000002,0.0009469696969696769,3.781455092211815e-08,0.004077464418433913,0.004077192177892002
coarse,1.791875,0.0009469696969695087,3.785902394866295e-08,0.004050256377864091,0.00404998436175083
coarse,1.7925,0.0009469696969696769,3.7904323414807394e-08,0.0040227614814149545,0.004022489686283498
coarse,1.793125,0.0009469696969698451,3.7950434838667456e-08,0.003994992944895977,0.00399472136579225
coarse,1.7937500000000002,0.0009469696969696769,3.7997343803893565e-08,0.0039669652001173335,0.003966693830647036
coarse,1.794375,0.0009469696969696769,3.804503598329707e-08,0.0039386938427058114,0.003938422675104521
coarse,1.7950000000000002,0.0009469696969696769,3.809349716295413e-08,0.003910195575792537,0.003909924600998756
coarse,1.795625,0.0009469696969696769,3.814271326426478e-08,0.0038814881496857852,0.0038812173574168185
coarse,1.7962500000000001,0.0009469696969696769,3.819267036460503e-08,0.0038525902976861764,0.0038523196765166295
coarse,1.796875,0.0009469696969696769,3.824335472011054e-08,0.003823521668247042,0.0038232512056897896
coarse,1.7975,0.0009469696969698451,3.8294752785494005e-08,0.003794302753727942,0.00379403243631738
coarse,1.7981250000000002,0.0009469696969696769,3.834685123393535e-08,0.003764954816034603,0.003764684629411986
coarse,1.79875,0.0009469696969696769,3.83996369761397e-08,0.0037354998094819908,0.0037352297384826575
coarse,1.7993750000000002,0.0009469696969696769,3.845309717838189e-08,0.0037059603012589504,0.0037056903300012323
coarse,1.8,0.0009469696969696769,3.850721927742995e-08,0.0036763593899108472,0.0036760895018864417
coarse,1.8006250000000001,0.0009469696969696769,3.8561990997790864e-08,0.0036467206222909635,0.0036464508004565477
coarse,1.80125,0.0009469696969696769,3.861740036486207e-08,0.0036170679094620307,0.00361679813633188
coarse,1.8018750000000001,0.0009469696969698451,3.867343571659486e-08,0.003587425442052786,0.003587155699792164
coarse,1.8025000000000002,0.0009469696969696769,3.8730085717267e-08,0.003557817605594736,0.0035575478761138025
coarse,1.803125,0.0009469696969696769,3.878733936427793e-08,0.00352826889637648,0.0035279991614244853
coarse,1.8037500000000002,0.0009469696969696769,3.88451859964007e-08,0.0034988038383597635,0.0034985340796192584
coarse,1.804375,0.0009469696969696769,3.890361530080871e-08,0.0034694469017015825,0.003469177100882383
coarse,1.8050000000000002,0.0009469696969696769,3.89626173163414e-08,0.0034402224234198094,0.003439952562352464
coarse,1.805625,0.0009469696969696769,3.902218243596586e-08,0.00341115453072679,0.003410884591455289
coarse,1.8062500000000001,0.0009469696969698451,3.908230140757827e-08,0.003382267067535252,0.0033819970324086915
coarse,1.8068750000000002,0.0009469696969696769,3.9142965331056316e-08,0.0033535835246153592,0.003353313376378312
coarse,1.8075,0.0009469696969695087,3.9204165655399625e-08,0.003325126973849503,0.0033248566957308308
coarse,1.808125,0.0009469696969696769,3.9265894172790256e-08,0.003296920006993945,0.0032966495827937694
coarse,1.80875,0.0009469696969698451,3.9328143009620967e-08,0.0032689846793142264,0.0032687140934888224
coarse,1.8093750000000002,0.0009469696969696769,3.939090461740104e-08,0.0032413424584142748,0.003241071696158603
coarse,1.81,0.0009469696969696769,3.945417175999533e-08,0.003214014178527895,0.003213743225855538
coarse,1.8106250000000002,0.0009469696969696769,3.951793749992035e-08,0.0031870200004876763,0.003186748844307928
coarse,1.81125,0.0009469696969696769,3.9582195179701444e-08,0.0031603793775297575,0.0031601080057216133
coarse,1.8118750000000001,0.0009469696969696769,3.9646938404278063e-08,0.0031341110270335665,0.0031338394285164075
coarse,1.8125,0.0009469696969696769,3.971216102319821e-08,0.003108232908236748,0.0031079610730374587
coarse,1.813125,0.0009469696969698451,3.9777857103526105e-08,0.0030827622059045367,0.0030824901252208886
coarse,1.8137500000000002,0.0009469696969696769,3.984402090684414e-08,0.003057715319873063,0.003057442986133133
coarse,1.814375,0.0009469696969696769,3.9910646864065707e-08,0.0030331078603264322,0.003032835267243868
coarse,1.8150000000000002,0.0009469696969696769,3.9977729546080896e-08,0.0030089546486099968,0.0030086817912349725
coarse,1.815625,0.0009469696969696769,4.004526363427526e-08,0.0029852697233263004,0.002984996598091987
coarse,1.8162500000000001,0.0009469696969696769,4.011324388896893e-08,0.0029620663514070204,0.002961792956171428
coarse,1.816875,0.0009469696969696769,4.018166511684082e-08,0.002939357043804852,0.0029390833778879235
coarse,1.8175000000000001,0.0009469696969698451,4.0250522137916565e-08,0.002917153575402797,0.002916879639618617
coarse,1.8181250000000002,0.0009469696969696769,4.031980974972423e-08,0.0028954670086967535,0.0028951928053808037
coarse,1.81875,0.0009469696969696769,4.038952268999465e-08,0.0028743077207696787,0.002874033253801048
coarse,1.8193750000000002,0.0009469696969696769,4.0459655601462365e-08,0.002853685433043612,0.0028534107078621008
coarse,1.82,0.0009469696969696769,4.053020299418652e-08,0.002833609243268468,0.0028333342668865466
coarse,1.8206250000000002,0.0009469696969696769,4.060115920735192e-08,0.0028140876591847834,0.0028138124401943824
coarse,1.82125,0.0009469696969696769,4.067251837088111e-08,0.002795128633282146,0.002794853181856272
coarse,1.8218750000000001,0.0009469696969698451,4.074427436642366e-08,0.0027767395980641506,0.0027764639259533546
coarse,1.8225000000000002,0.0009469696969696769,4.081642079035242e-08,0.0027589275012272776,0.0027586516217509858
coarse,1.823125,0.0009469696969695087,4.088895091605438e-08,0.0027416988401623293,0.0027414227681951103
coarse,1.82375,0.0009469696969696769,4.0961857654943825e-08,0.0027250596951948853,0.002724783447147721
coarse,1.824375,0.0009469696969698451,4.103513352038823e-08,0.002709015760994948,0.0027087393547915927
coarse,1.8250000000000002,0.0009469696969696769,4.110877059230004e-08,0.0026935723756050583,0.0026932958306535915
coarse,1.825625,0.0009469696969696769,4.11827604802183e-08,0.002678734546561255,0.0026784578837209666
coarse,1.8262500000000002,0.0009469696969696769,4.125709429141087e-08,0.00266450697361146,0.0026642302151551984
coarse,1.826875,0.0009469696969696769,4.1331762599499856e-08,0.0026508940675715287,0.002650617237143653
coarse,1.8275000000000001,0.0009469696969696769,4.1406755410881666e-08,0.00263789996489932,0.002637623087469477
coarse,1.828125,0.0009469696969696769,4.1482062136075824e-08,0.002625528537612264,0.002625251639425133
coarse,1.82875,0.0009469696969698451,4.155767156425438e-08,0.002613783398222591,0.002613506506743811
coarse,1.8293750000000002,0.0009469696969696769,4.1633571837844916e-08,0.0026026678994176457,0.0026023910432761413
coarse,1.83,0.0009469696969696769,4.170975042776343e-08,0.0025921851282682596,0.0025919083371951958
coarse,1.8306250000000002,0.0009469696969696769,4.1786194113560056e-08,0.002582337894807511,0.002582061199572109
coarse,1.83125,0.0009469696969696769,4.18628889651279e-08,0.0025731287148834736,0.0025728521472259272
coarse,1.8318750000000001,0.0009469696969696769,4.193982032792146e-08,0.0025645597872524365,0.002564283379814186
coarse,1.8325,0.0009469696969696769,4.201697280776866e-08,0.0025566329649440206,0.0025563567511956518
coarse,1.8331250000000001,0.0009469696969698451,4.2094330260772896e-08,0.0025493497209945243,0.0025490737351615586
coarse,1.8337500000000002,0.0009469696969696769,4.2171875786861724e-08,0.002542711108710562,0.0025424353856973985
coarse,1.834375,0.0009469696969696769,4.224959172265849e-08,0.0025367177166900744,0.0025364422920023783
coarse,1.8350000000000002,0.0009469696969696769,4.232745964057133e-08,0.002531369618892138,0.002531094528557938
coarse,1.835625,0.0009469696969696769,4.240546034935738e-08,0.002526666320109671,0.0025263916005994515
coarse,1.8362500000000002,0.0009469696969696769,4.2483573896668666e-08,0.002522606697259863,0.002522332385405935
coarse,1.836875,0.0009469696969696769,4.256177957510182e-08,0.0025191889369652718,0.0025189150698807007
coarse,1.8375000000000001,0.0009469696969698451,4.264005593229582e-08,0.0025164104699534288,0.0025161370849507898
coarse,1.8381250000000002,0.0009469696969696769,4.271838078303208e-08,0.002514267902854073,0.0025139950373643093
coarse,1.83875,0.0009469696969695087,4.279673122239197e-08,0.0025127569480201777,0.002512484639511844
coarse,1.839375,0.0009469696969696769,4.287508364329823e-08,0.002511872352041346,0.002511600637940492
coarse,1.84,0.0009469696969698451,4.295341375820306e-08,0.0025116078236553825,0.00251133674126633
coarse,1.8406250000000002,0.0009469696969696769,4.303169661939561e-08,0.0025119559617955405,0.0025116855482228227
coarse,1.84125,0.0009469696969696769,4.3109906644397556e-08,0.0025129081845367738,0.0025126384766084725
coarse,1.8418750000000002,0.0009469696969696769,4.3188017644716505e-08,0.0025144546597237567,0.002514185693916463
coarse,1.8425,0.0009469696969696769,4.326600285236833e-08,0.0025165842380763586,0.002516316050442018
coarse,1.8431250000000001,0.0009469696969696769,4.334383495383606e-08,0.0025192843895744067,0.0025190170156692226
coarse,1.84375,0.0009469696969696769,4.342148612379019e-08,0.0025225411439225606,0.002522274618738196
coarse,1.844375,0.0009469696969698451,4.349892805916271e-08,0.0025263390358881343,0.0025260733937854003
coarse,1.8450000000000002,0.0009469696969696769,4.3576132017345714e-08,0.0025306610562892433,0.0025303963309344507
coarse,1.845625,0.0009469696969696769,4.3653068853794145e-08,0.002535488609388157,0.0025352248336923265
coarse,1.8462500000000002,0.0009469696969696769,4.372970906344954e-08,0.0025408014774148473,0.0025405386834759154
coarse,1.846875,0.0009469696969696769,4.3806022821728846e-08,0.0025465777929087278,0.002546316011956915
coarse,1.8475000000000001,0.0009469696969696769,4.388198002666338e-08,0.002552794019522727,0.0025525332818692086
coarse,1.848125,0.0009469696969696769,4.3957550343747177e-08,0.0025594249418830995,0.00255916527687209
coarse,1.8487500000000001,0.0009469696969698451,4.4032703249348966e-08,0.0025664436650414246,0.0025661851010058082
coarse,1.8493750000000002,0.0009469696969696769,4.410740807544356e-08,0.0025738216239918864,0.0025735641882124825
coarse,1.85,0.0009469696969696769,4.4181634055586e-08,0.0025815286036584527,0.0025812723223270057
coarse,1.8506250000000002,0.0009469696969696769,4.425535037131074e-08,0.0025895327696824465,0.0025892776678684204
coarse,1.85125,0.0009469696969696769,4.4328526197493084e-08,0.0025978007102624634,0.002597546811883702
coarse,1.8518750000000002,0.0009469696969696769,4.4401130748525924e-08,0.002606297489216381,0.0026060448170136846
coarse,1.8525,0.0009469696969696769,4.447313332440109e-08,0.002614986710349011,0.0026147352858646683
coarse,1.8531250000000001,0.0009469696969698451,4.4544503355049666e-08,0.00262383059312073,0.002623580436681036
coarse,1.8537500000000002,0.0009469696969696769,4.4615210447656476e-08,0.0026327900595219337,0.002632541190223698
coarse,1.854375,0.0009469696969695087,4.468522443046356e-08,0.0026418248319667508,0.0026415772676678037
coarse,1.855,0.0009469696969696769,4.475451539530368e-08,0.002650893541927435,0.0026506472992411266
coarse,1.855625,0.0009469696969698451,4.482305374214118e-08,0.002659953848939742,0.002659708943233396
coarse,1.8562500000000002,0.0009469696969696769,4.489081022000491e-08,0.002668962569519288,0.0026687190149166018
coarse,1.856875,0.0009469696969696769,4.4957755968529086e-08,0.0026778758154411986,0.0026776336248285097
coarse,1.8575000000000002,0.0009469696969696769,4.502386255688927e-08,0.0026866491407501036,0.0026864083257864993
coarse,1.858125,0.0009469696969696769,4.508910202138622e-08,0.0026952376967865166,0.002694998267917695
coarse,1.8587500000000001,0.0009469696969696769,4.515344690342678e-08,0.002703596394438871,0.0027033583609146756
coarse,1.859375,0.0009469696969696769,4.521687028294062e-08,0.0027116800727588174,0.002711443442654361
coarse,1.86,0.0009469696969698451,4.52793458122036e-08,0.002719443673012323,0.0027192084532525985
coarse,1.8606250000000002,0.0009469696969696769,4.5340847747906015e-08,0.0027268424171798477,0.002726608613567686
coarse,1.86125,0.0009469696969695087,4.5401350977883904e-08,0.002733831989867484,0.00273359960711478
coarse,1.861875,0.0009469696969698451,4.546083105080306e-08,0.0027403687225470586,0.002740137764309077
coarse,1.8625000000000003,0.0009469696969698451,4.551926420106735e-08,0.002746409779007468,0.0027461802479201176
coarse,1.8631250000000001,0.0009469696969695087,4.55766273700799e-08,0.002751913340872555,0.002751685238592457
coarse,1.86375,0.0009469696969696769,4.563289822827106e-08,0.002756838792022807,0.002756612119269994
coarse,1.8643750000000001,0.0009469696969698451,4.56880551924385e-08,0.0027611469007490915,0.0027609216573521635
coarse,1.8650000000000002,0.0009469696969696769,4.574207744273358e-08,0.0027647999984672105,0.0027645761834107435
coarse,1.865625,0.0009469696969695087,4.5794944934211215e-08,0.002767762153831649,0.0027675397653056833
coarse,1.86625,0.0009469696969696769,4.5846638409370055e-08,0.0027699993411061724,0.002769778376557553
coarse,1.866875,0.0009469696969698451,4.5897139406131736e-08,0.0027714796016771476,0.0027712600578625166
coarse,1.8675000000000002,0.0009469696969696769,4.594643026185301e-08,0.0027721731976328894,0.0027719550706731136
coarse,1.868125,0.0009469696969696769,4.599449411873222e-08,0.0027720527563785315,0.0027718360418143143
coarse,1.8687500000000001,0.0009469696969698451,4.604131492375583e-08,0.00277109340531034,0.002770878098158812
coarse,1.8693750000000002,0.0009469696969696769,4.608687742629023e-08,0.0027692728956359436,0.0027690589904479737
coarse,1.87,0.0009469696969695087,4.6131167174440415e-08,0.002766571714496853,0.0027663592054148456
coarse,1.870625,0.0009469696969696769,4.6174170507687655e-08,0.002762973184626356,0.00276276206544229
coarse,1.87125,0.0009469696969698451,4.621587454718698e-08,0.0027584635508589445,0.002758253815072393
coarse,1.8718750000000002,0.0009469696969696769,4.625626718544983e-08,0.002753032052895794,0.002752823693771692
coarse,1.8725,0.0009469696969696769,4.62953370710066e-08,0.0027466709838240974,0.0027464639944499948
coarse,1.8731250000000002,0.0009469696969698451,4.633307359172586e-08,0.002739375733985254,0.0027391701073278154
coarse,1.8737500000000002,0.0009469696969696769,4.636946685828618e-08,0.002731144819887198,0.002730940548847692
coarse,1.8743750000000001,0.0009469696969695087,4.640450768376367e-08,0.0027219798979586877,0.002721776975427234
coarse,1.875,0.0009469696969696769,4.643818755932522e-08,0.002711885763047409,0.002711684181955743
coarse,1.875625,0.0009469696969698451,4.6470498630914686e-08,0.002700870331668143,0.0027006700850406677
coarse,1.8762500000000002,0.0009469696969696769,4.650143367494978e-08,0.002688944610111322,0.002688745691114224
coarse,1.876875,0.0009469696969695087,4.65309860703371e-08,0.0026761226476249775,0.002675925049613186
coarse,1.8775,0.0009469696969698451,4.655914976908053e-08,0.002662421474983828,0.002662225191545626
coarse,1.8781250000000003,0.0009469696969698451,4.6585919266909315e-08,0.002647861028856632,0.0026476660538557227
coarse,1.8787500000000001,0.0009469696969695087,4.661128957461259e-08,0.002632464062476794,0.0026322703900916317
coarse,1.879375,0.0009469696969696769,4.66352561825508e-08,0.002616256043210106,0.002616063667970343
coarse,1.8800000000000001,0.0009469696969698451,4.665781503110831e-08,0.002599265037697475,0.002599073954517358
coarse,1.8806250000000002,0.0009469696969696769,4.6678962479184986e-08,0.002581521585327823,0.0025813317895364025
coarse,1.88125,0.0009469696969695087,4.669869526700951e-08,0.00256305856086755,0.002562870048235603
coarse,1.881875,0.0009469696969696769,4.6717010485917514e-08,0.0025439110271364574,0.0025437237938999934
coarse,1.8825,0.0009469696969698451,4.673390554551382e-08,0.002524116078676241,0.0025239301215565207
coarse,1.8831250000000002,0.0009469696969696769,4.67493781390971e-08,0.002503712677405302,0.0025035279936253
coarse,1.88375,0.0009469696969696769,4.676342621117473e-08,0.0024827414812932844,0.002482558068590553
coarse,1.8843750000000001,0.0009469696969698451,4.6776047926951075e-08,0.0024612446671191824,0.0024610625237550705
coarse,1.8850000000000002,0.0009469696969696769,4.678724164071013e-08,0.002439265748399127,0.002439084873164358
coarse,1.885625,0.0009469696969695087,4.679700586510595e-08,0.0024168493895828183,0.002416669781799432
coarse,1.88625,0.0009469696969696769,4.68053392416507e-08,0.002394041217621651,0.0023938628771413345
coarse,1.886875,0.0009469696969698451,4.6812240514396716e-08,0.0023708876320073426,0.0023707105592061946
coarse,1.8875000000000002,0.0009469696969696769,4.68177085020294e-08,0.002347435614366819,0.0023472598101366192
coarse,1.888125,0.0009469696969696769,4.682174207234417e-08,0.002323732538677545,0.002323558004413595
coarse,1.8887500000000002,0.0009469696969698451,4.682434012061654e-08,0.002299825983138854,0.0022996527207245036
coarse,1.8893750000000002,0.0009469696969696769,4.6825501545385696e-08,0.002275763544698429,0.0022755915564863964
coarse,1.8900000000000001,0.0009469696969695087,4.6825225230333636e-08,0.002251592657189321,0.002251421945979934
coarse,1.890625,0.0009469696969696769,4.6823510025331346e-08,0.0022273604139837876,0.0022271909830002927
coarse,1.89125,0.0009469696969698451,4.682035473001633e-08,0.0022031133960150107,0.0022029452488761102
coarse,1.8918750000000002,0.0009469696969696769,4.681575808062688e-08,0.002178897505957239,0.002178730646647027
coarse,1.8925,0.0009469696969695087,4.680971873614284e-08,0.0021547578092906087,0.0021545922421260825
coarse,1.893125,0.0009469696969698451,4.6802235269857514e-08,0.002130738382909045,0.0021305741125053905
coarse,1.8937500000000003,0.0009469696969698451,4.679330616023371e-08,0.0021068821718585847,0.0021067192030924343
coarse,1.8943750000000001,0.0009469696969695087,4.678292978508559e-08,0.0020832308547207743,0.0020830691926916447
coarse,1.895,0.0009469696969696769,4.6771104417743596e-08,0.0020598247180815027,0.002059664368071628
coarse,1.8956250000000001,0.0009469696969698451,4.675782822503438e-08,0.0020367025404511912,0.0020365435078839736
coarse,1.8962500000000002,0.0009469696969696769,4.674309926815074e-08,0.0020139014859275246,0.002013743776324825
coarse,1.896875,0.0009469696969695087,4.6726915502829226e-08,0.001991457007818078,0.00199130062675657
coarse,1.8975,0.0009469696969696769,4.6709274785008834e-08,0.0019694027623683736,0.0019692477154351967
coarse,1.898125,0.0009469696969698451,4.66901748760998e-08,0.0019477705326703685,0.0019476168254182954
coarse,1.8987500000000002,0.0009469696969696769,4.6669613450690197e-08,0.0019265901627590182,0.0019264378006613745
coarse,1.899375,0.0009469696969696769,4.664758810469464e-08,0.0019058895018403041,0.0019057384902458562
coarse,1.9000000000000001,0.0009469696969698451,4.662409636649986e-08,0.0018856943585330115,0.001885544702621052
coarse,1.9006250000000002,0.0009469696969696769,4.659913571098411e-08,0.0018660284649501544,0.0018658801696859852
coarse,1.90125,0.0009469696969695087,4.657270356987167e-08,0.0018469134503929893,0.001846766520484032
coarse,1.901875,0.0009469696969696769,4.6544797349252055e-08,0.001828368824382645,0.0018282232642353685
coarse,1.9025,0.0009469696969698451,4.651541444514642e-08,0.0018104119687113141,0.0018102677823891807
coarse,1.9031250000000002,0.0009469696969696769,4.648455225817572e-08,0.0017930581381561531,0.0017929153293387756
coarse,1.90375,0.0009469696969696769,4.645220821511986e-08,0.0017763204694658027,0.0017761790414094827
coarse,1.9043750000000002,0.0009469696969698451,4.641837978536281e-08,0.0017602099982006502,0.001760069953700477
coarse,1.9050000000000002,0.0009469696969696769,4.638306449929275e-08,0.0017447356829844798,0.0017445970243381496
coarse,1.9056250000000001,0.0009469696969695087,4.6346259971476126e-08,0.0017299044367061497,0.0017297671656796465
coarse,1.90625,0.0009469696969696769,4.630796391928536e-08,0.0017157211641957047,0.0017155852819909882
coarse,1.906875,0.0009469696969698451,4.6268174183070426e-08,0.0017021888058898287,0.0017020543131146594
coarse,1.9075000000000002,0.0009469696969696769,4.6226888747676074e-08,0.0016893083869959926,0.0016891752836360068
coarse,1.908125,0.0009469696969695087,4.618410576303451e-08,0.001677079071663204,0.0016769473570563387
coarse,1.90875,0.0009469696969698451,4.6139823565830855e-08,0.0016654982216698182,0.0016653678944831877
coarse,1.9093750000000003,0.0009469696969698451,4.6094040700493516e-08,0.0016545614591447141,0.0016544325173540081
coarse,1.9100000000000001,0.0009469696969695087,4.6046755938163925e-08,0.0016442627328470134,0.001644135173718495
coarse,1.910625,0.0009469696969696769,4.59979682989202e-08,0.001634594387541405,0.0016344682076165574
coarse,1.9112500000000001,0.0009469696969698451,4.5947677070497866e-08,0.0016255472360207693,0.00162542243110364
coarse,1.9118750000000002,0.0009469696969696769,4.58958818270747e-08,0.0016171106333439133,0.0016169871984911864
coarse,1.9125,0.0009469696969695087,4.584258244985308e-08,0.0016092725528749129,0.001609150482388728
coarse,1.913125,0.0009469696969696769,4.5787779142724104e-08,0.0016020196637303917,0.0016018989511539267
coarse,1.91375,0.0009469696969698451,4.573147245042172e-08,0.001595337409262129,0.001595218047377936
coarse,1.9143750000000002,0.0009469696969696769,4.567366327549389e-08,0.0015892100862244891,0.001589092067055575
coarse,1.915,0.0009469696969696769,4.561435289324632e-08,0.0015836209242986957,0.001583504239112326
coarse,1.9156250000000001,0.0009469696969698451,4.555354296623953e-08,0.0015785521656690815,0.0015784368049832696
coarse,1.9162500000000002,0.0009469696969696769,4.54912355573362e-08,0.0015739851443693903,0.0015738710979620355
coarse,1.916875,0.0009469696969695087,4.542743314264149e-08,0.0015699003651401934,0.0015697876220608046
coarse,1.9175,0.0009469696969696769,4.53621386231171e-08,0.0015662775815610472,0.0015661661301450028
coarse,1.918125,0.0009469696969698451,4.529535533408528e-08,0.0015630958732430512,0.0015629857011283147
coarse,1.9187500000000002,0.0009469696969696769,4.5227087054496693e-08,0.0015603337218887594,0.0015602248160349796
coarse,1.919375,0.0009469696969696769,4.515733801456703e-08,0.0015579690860469458,0.0015578614327568497
coarse,1.9200000000000002,0.0009469696969698451,4.508611290262091e-08,0.0015559794744091546,0.0015558730593521444
coarse,1.9206250000000002,0.0009469696969696769,4.501341687059499e-08,0.001554342017513483,0.0015542368257513315
coarse,1.9212500000000001,0.0009469696969695087,4.4939255537837005e-08,0.0015530335377383422,0.0015529295537528875
coarse,1.921875,0.0009469696969696769,4.4863634993587044e-08,0.0015520306174850306,0.001551927825207753
coarse,1.9225,0.0009469696969698451,4.478656179937096e-08,0.0015513096654629268,0.0015512080483062922
coarse,1.9231250000000002,0.0009469696969696769,4.470804298987921e-08,0.0015508469810046987,0.0015507465218951443
coarse,1.92375,0.0009469696969695087,4.462808607007791e-08,0.0015506188163514215,0.001550519497763865
coarse,1.924375,0.0009469696969698451,4.454669901549329e-08,0.001550601436858666,0.001550503240852398
coarse,1.9250000000000003,0.0009469696969698451,4.446389026787575e-08,0.0015507711790846588,0.001550674087340497
coarse,1.9256250000000001,0.0009469696969695087,4.437966873005115e-08,0.0015511045067305332,0.001551008500589094
coarse,1.92625,0.0009469696969696769,4.429404376188695e-08,0.0015515780644104553,0.001551483124911411
coarse,1.9268750000000001,0.0009469696969698451,4.420702517302569e-08,0.001552168729236231,0.0015520748371584086
coarse,1.9275000000000002,0.0009469696969696769,4.4118623214337963e-08,0.0015528536602068192,0.001552760796109009
coarse,1.928125,0.0009469696969695087,4.402884857003537e-08,0.001553610345398183,0.0015535184896605077
coarse,1.92875,0.0009469696969696769,4.3937712348565546e-08,0.0015544166469530624,0.0015543257798187693
coarse,1.929375,0.0009469696969698451,4.384522606990401e-08,0.0015552508438737742,0.0015551609454913149
coarse,1.9300000000000002,0.0009469696969696769,4.375140165548321e-08,0.0015560916726239872,0.001556002723089239
coarse,1.930625,0.0009469696969696769,4.3656251414983e-08,0.0015569183655478112,0.0015568303449463067
coarse,1.9312500000000001,0.0009469696969698451,4.3559788032717706e-08,0.001557710687116371,0.001557623575565398
coarse,1.9318750000000002,0.0009469696969696769,4.346202455493954e-08,0.0015584489680136398,0.0015583627457040796
coarse,1.9325,0.0009469696969695087,4.336297437312129e-08,0.0015591141370745066,0.0015590287843122788
coarse,1.933125,0.0009469696969696769,4.3262651209621166e-08,0.0015596877510891012,0.0015596032483360892
coarse,1.93375,0.0009469696969698451,4.3161069102020444e-08,0.0015601520224882946,0.0015600683504026238
coarse,1.9343750000000002,0.0009469696969696769,4.3058242384914104e-08,0.0015604898449260857,0.00156040698440164
coarse,1.935,0.0009469696969696769,4.2954185675022166e-08,0.0015606848167753643,0.0015606027489804206
coarse,1.9356250000000002,0.0009469696969698451,4.2848913852222656e-08,0.0015607212625543237,0.0015606399689691948
coarse,1.9362500000000002,0.0009469696969696769,4.274244204152092e-08,0.0015605842523016586,0.001560503714755241
coarse,1.9368750000000001,0.0009469696969695087,4.263478559651397e-08,0.0015602596189196296,0.001560179819624748
coarse,1.9375,0.0009469696969696769,4.252596007993293e-08,0.0015597339735051211,0.001559654895092584
coarse,1.938125,0.0009469696969698451,4.2415981245145905e-08,0.0015589947186900532,0.0015589163442413221
coarse,1.9387500000000002,0.0009469696969696769,4.2304865018254944e-08,0.0015580300600138682,0.0015579523730922611
coarse,1.939375,0.0009469696969695087,4.219262747895855e-08,0.0015568290153522978,0.001556752000032647
coarse,1.94,0.0009469696969698451,4.207928484180582e-08,0.001555381422428358,0.001555305063325053
coarse,1.9406250000000003,0.0009469696969698451,4.196485343845961e-08,0.00155367794443331,0.0015536022267266586
coarse,1.9412500000000001,0.0009469696969695087,4.184934969871053e-08,0.0015517100737873614,0.0015516349832482138
coarse,1.941875,0.0009469696969696769,4.173279013184777e-08,0.0015494701340719563,0.001549395657084538
coarse,1.9425000000000001,0.0009469696969698451,4.161519130939204e-08,0.001546951280167794,0.0015468774037507038
coarse,1.9431250000000002,0.0009469696969696769,4.1496569847550335e-08,0.001544147496635024,0.0015440742084603582
coarse,1.94375,0.0009469696969695087,4.137694238920604e-08,0.0015410535943744847,0.0015409808827850577
coarse,1.944375,0.0009469696969696769,4.1256325587432725e-08,0.0015376652056113048,0.0015375930596359406
coarse,1.945,0.0009469696969698451,4.113473608905948e-08,0.0015339787772446789,0.0015339071866115506
coarse,1.9456250000000002,0.0009469696969696769,4.101219051799923e-08,0.0015299915626101053,0.0015299205177581221
coarse,1.94625,0.0009469696969696769,4.088870546022771e-08,0.0015257016117027982,0.0015256311037910226
coarse,1.9468750000000001,0.0009469696969698451,4.076429744826009e-08,0.0015211077599133638,0.0015210377808284664
coarse,1.9475000000000002,0.0009469696969696769,4.063898294758752e-08,0.00151620961532922,0.0015161401576909805
coarse,1.948125,0.0009469696969695087,4.051277834229966e-08,0.0015110075446572798,0.0015109386018221389
coarse,1.94875,0.0009469696969696769,4.0385699921547185e-08,0.001505502657825598,0.001505434223888292
coarse,1.949375,0.0009469696969698451,4.025776386735898e-08,0.0014996967913236065,0.0014996288611168948
coarse,1.9500000000000002,0.0009469696969696769,4.012898624356011e-08,0.001493592490342188,0.0014935250594347155
coarse,1.950625,0.0009469696969696769,3.999938298360558e-08,0.0014871929897765257,0.0014871260544688453
coarse,1.9512500000000002,0.0009469696969698451,3.986896987951428e-08,0.0014805021941559683,0.0014804357514747724
coarse,1.9518750000000002,0.0009469696969696769,3.973776257380371e-08,0.0014735246565663565,0.0014734587042569518
coarse,1.9525000000000001,0.0009469696969695087,3.960577655027243e-08,0.0014662655566311247,0.0014662000931482053
coarse,1.953125,0.0009469696969696769,3.947302712471898e-08,0.0014587306776183413,0.0014586657021151124
coarse,1.95375,0.0009469696969698451,3.9339529437403545e-08,0.001450926382741287,0.0014508618950569915
coarse,1.9543750000000002,0.0009469696969696769,3.920529844790502e-08,0.0014428595907205045,0.0014427955913664157
coarse,1.955,0.0009469696969695087,3.907034892774574e-08,0.001434537750675313,0.0014344742408192554
coarse,1.955625,0.0009469696969698451,3.8934695455287015e-08,0.0014259688164127578,0.0014259057978622184
coarse,1.9562500000000003,0.0009469696969698451,3.879835241100063e-08,0.0014171612201815328,0.001417098695365438
coarse,1.9568750000000001,0.0009469696969695087,3.8661333975093e-08,0.0014081238459580446,0.0014080618179072625
coarse,1.9575,0.0009469696969696769,3.8523654123042915e-08,0.00139886600233098,0.0013988044746576318
coarse,1.9581250000000001,0.0009469696969698451,3.8385326622481106e-08,0.0013893973950500867,0.0013893363719257325
coarse,1.9587500000000002,0.0009469696969696769,3.824636503392777e-08,0.0013797280993037282,0.0013796675854365072
coarse,1.959375,0.0009469696969695087,3.810678270741402e-08,0.001369868531788805,0.0013698085323996026
coarse,1.96,0.0009469696969696769,3.79665927835863e-08,0.0013598294226353,0.0013597699434330231
coarse,1.960625,0.0009469696969698451,3.782580819327837e-08,0.0013496217872465148,0.0013495628344025517
coarse,1.9612500000000002,0.0009469696969696769,3.768444165772117e-08,0.0013392568981145424,0.001339198478236481
coarse,1.961875,0.0009469696969696769,3.7542505691291446e-08,0.0013287462566691556,0.001328688376773845
coarse,1.9625000000000001,0.0009469696969698451,3.740001260276309e-08,0.001318101565216647,0.0013180442327026766
coarse,1.9631250000000002,0.0009469696969696769,3.7256974497739674e-08,0.0013073346990237686,0.0013072779216434386
coarse,1.96375,0.0009469696969695087,3.7113403281786867e-08,0.0012964576786002034,0.0012964014644310724
coarse,1.964375,0.0009469696969696769,3.696931066382542e-08,0.0012854826422314207,0.001285426999647499
coarse,1.965,0.0009469696969698451,3.68247081605658e-08,0.0012744218188122619,0.0012743667564549257
coarse,1.9656250000000002,0.0009469696969696769,3.6679607100279396e-08,0.001263287501030014,0.0012632330277787202
coarse,1.96625,0.0009469696969696769,3.653401862709195e-08,0.0012520920189440124,0.0012520381438868794
coarse,1.9668750000000002,0.0009469696969698451,3.638795370764364e-08,0.0012408477140074775,0.001240794446411808
coarse,1.9675000000000002,0.0009469696969696769,3.6241423134978524e-08,0.0012295669135757993,0.0012295142628586098
coarse,1.9681250000000001,0.0009469696969695087,3.6094437535065435e-08,0.0012182619059437926,0.001218209881642422
coarse,1.96875,0.0009469696969696769,3.59470073730316e-08,0.0012069449159532576,0.0012068935276961152
coarse,1.969375,0.0009469696969698451,3.579914295856113e-08,0.0011956280812107849,0.0011955773386883055
coarse,1.9700000000000002,0.0009469696969696769,3.5650854452919905e-08,0.001184323428954274,0.0011842733418901386
coarse,1.970625,0.0009469696969695087,3.550215187590272e-08,0.0011730428536054116,0.0011729934317280932
coarse,1.97125,0.0009469696969698451,3.535304511237532e-08,0.0011617980950441764,0.0011617493480588679
coarse,1.9718750000000003,0.0009469696969698451,3.520354391899779e-08,0.0011506007176400913,0.0011505526552010718
coarse,1.9725000000000001,0.0009469696969695087,3.5053657931735346e-08,0.0011394620900738118,0.001139414721757298
coarse,1.973125,0.0009469696969696769,3.490339667257608e-08,0.0011283933659813994,0.001128346701258937
coarse,1.9737500000000001,0.0009469696969698451,3.475276955730917e-08,0.0011174054654525733,0.0011173595136650112
coarse,1.9743750000000002,0.0009469696969696769,3.460178590267371e-08,0.0011065090574129855,0.0011064638277450795
coarse,1.975,0.0009469696969695087,3.4450454932692794e-08,0.0010957145429193469,0.001095670044375036
coarse,1.975625,0.0009469696969696769,3.429878578661622e-08,0.0010850320393952233,0.0010849882807736125
coarse,1.97625,0.0009469696969698451,3.414678752664047e-08,0.001074471365833947,0.0010744283557060376
coarse,1.9768750000000002,0.0009469696969696769,3.3994469144041606e-08,0.00106404202899391,0.0010639997756801112
coarse,1.9775,0.0009469696969696769,3.3841839566464935e-08,0.001053753210610254,0.0010537117221587054
coarse,1.9781250000000001,0.0009469696969698451,3.368890766541868e-08,0.0010436137556455061,0.001043573039811242
coarse,1.9787500000000002,0.0009469696969696769,3.353568226240689e-08,0.0010336321616004774,0.0010335922258254597
coarse,1.979375,0.0009469696969695087,3.338217213571993e-08,0.0010238165689050735,0.001023777420299113
coarse,1.98,0.0009469696969696769,3.322838602754552e-08,0.0010141747524071336,0.0010141363977297301
coarse,1.980625,0.0009469696969698451,3.307433264952847e-08,0.0010047141139758351,0.0010046765596189466
coarse,1.9812500000000002,0.0009469696969696769,3.2920020689367504e-08,0.0009954416762342376,0.0009954049282060013
coarse,1.981875,0.0009469696969696769,3.2765458816568126e-08,0.0009863640774337807,0.0009863281413432015
coarse,1.9825000000000002,0.0009469696969698451,3.261065568846845e-08,0.000977487567481403,0.0009774524485240195
coarse,1.9831250000000002,0.0009469696969696769,3.245561995538878e-08,0.0009688180051278823,0.0009687837080724227
coarse,1.9837500000000001,0.0009469696969695087,3.23003602662617e-08,0.0009603608563236443,0.000960327385499682
coarse,1.984375,0.0009469696969696769,3.21448852747013e-08,0.0009521211937457892,0.000952088553032404
coarse,1.985,0.0009469696969698451,3.198920364184097e-08,0.0009441036974976254,0.0009440718903130799
coarse,1.9856250000000002,0.0009469696969696769,3.1833324042187987e-08,0.0009363126569791635,0.0009362816862715949
coarse,1.98625,0.0009469696969695087,3.167725516788206e-08,0.0009287519739241023,0.0009287218421632312
coarse,1.986875,0.0009469696969698451,3.15210057326827e-08,0.0009214251665958848,0.0009213958757657489
coarse,1.9875000000000003,0.0009469696969698451,3.136458447625683e-08,0.0009143353751322038,0.0009143069267249081
coarse,1.9881250000000001,0.0009469696969695087,3.120800016723636e-08,0.0009074853680239318,0.000907457763034421
coarse,1.98875,0.0009469696969696769,3.1051261606788475e-08,0.0009008775497109742,0.0009008507886328222
coarse,1.9893750000000001,0.0009469696969698451,3.089437763197231e-08,0.0008945139692741146,0.000894488052096326
coarse,1.9900000000000002,0.0009469696969696769,3.073735711881198e-08,0.0008883963301979252,0.0008883712564027489
coarse,1.990625,0.0009469696969695087,3.058020898410494e-08,0.0008825260011761486,0.0008825017697378957
coarse,1.99125,0.0009469696969696769,3.0422942188548576e-08,0.0008769040279269851,0.0008768806373118475
coarse,1.991875,0.0009469696969698451,3.026556573912197e-08,0.0008715311459816121,0.0008715085941484729
coarse,1.9925000000000002,0.0009469696969696769,3.010808869006608e-08,0.0008664077944052391,0.0008663860788074716
coarse,1.993125,0.0009469696969696769,2.9950520145147864e-08,0.0008615341304057411,0.0008615132479939886
coarse,1.9937500000000001,0.0009469696969698451,2.979286926001024e-08,0.0008569100447808129,0.0008568899920067396
coarse,1.9943750000000002,0.0009469696969696769,2.9635145242187416e-08,0.0008525351781502955,0.000852515950971305
coarse,1.995,0.0009469696969695087,2.9477357352622534e-08,0.0008484089379161171,0.0008483905318010271
coarse,1.995625,0.0009469696969696769,2.9319514907279087e-08,0.0008445305158881629,0.0008445129258238303
coarse,1.99625,0.0009469696969698451,2.9161627276799922e-08,0.0008408989065102134,0.0008408821270091011
coarse,1.9968750000000002,0.0009469696969696769,2.9003703887611487e-08,0.0008375129256160801,0.0008374969507247581
coarse,1.9975,0.0009469696969696769,2.8845754222317568e-08,0.0008343712296421525,0.0008343560529507224
coarse,1.9981250000000002,0.0009469696969698451,2.8687787819782918e-08,0.0008314723352187529,0.0008314579498711926
coarse,1.9987500000000002,0.0009469696969696769,2.8529814274998016e-08,0.0008288146390591801,0.000828801037764594
coarse,1.9993750000000001,0.0009469696969695087,2.8371843239368702e-08,0.000826396438061835,0.0008263836131066063
coarse,2.0,0.0009469696969698451,2.8213884420282177e-08,0.0008242159495377467,0.0008242038927985807
coarse,2.0006250000000003,0.0009469696969698451,2.8055947580712295e-08,0.0008222713314729184,0.0008222600344307688
coarse,2.00125,0.0009469696969695087,2.7898042538287912e-08,0.000820560702732367,0.0008205501564872361
coarse,2.001875,0.0009469696969695087,2.7740179165094037e-08,0.0008190821631104872,0.0008190723583970891
coarse,2.0025,0.0009469696969698451,2.7582367387255757e-08,0.0008178338131305818,0.000817824740334861
coarse,2.0031250000000003,0.0009469696969698451,2.7424617183180496e-08,0.0008168137734949343,0.0008168054226714303
coarse,2.00375,0.0009469696969695087,2.7266938582808866e-08,0.0008160202040858522,0.0008160125649758952
coarse,2.004375,0.0009469696969695087,2.710934166659918e-08,0.0008154513224175703,0.0008154443844683014
coarse,2.005,0.0009469696969698451,2.6951836564281484e-08,0.0008151054214389523,0.000815099173823154
coarse,2.005625,0.0009469696969698451,2.679443345312049e-08,0.0008149808865874182,0.0008149753182241401
coarse,2.00625,0.0009469696969695087,2.6637142557099493e-08,0.0008150762119956365,0.0008150713115716059
coarse,2.006875,0.0009469696969698451,2.6479974144576276e-08,0.0008153900157541835,0.0008153857717459835
coarse,2.0075000000000003,0.0009469696969698451,2.6322938526627042e-08,0.0008159210541356355,0.0008159174548326347
coarse,2.008125,0.0009469696969695087,2.616604605568922e-08,0.0008166682346884422,0.000816665268216456
coarse,2.00875,0.0009469696969698451,2.6009307123461147e-08,0.0008176306281124227,0.0008176282824580895
coarse,2.0093750000000004,0.0009469696969698451,2.5852732158331138e-08,0.0008188074788318511,0.0008188057418676987
coarse,2.0100000000000002,0.0009469696969695087,2.56963316231585e-08,0.0008201982141868659,0.000820197073697046
coarse,2.010625,0.0009469696969695087,2.5540116013485803e-08,0.0008218024521693293,0.0008218018958759963
coarse,2.01125,0.0009469696969695087,2.538409585429973e-08,0.0008236200076352266,0.0008236200232255267
coarse,2.011875,0.0009469696969698451,2.5228281697932103e-08,0.0008256508969323478,0.0008256514720859944
coarse,2.0125,0.0009469696969698451,2.5072684120914927e-08,0.0008278953408891571,0.0008278964633065546
coarse,2.013125,0.0009469696969695087,2.491731372077605e-08,0.0008303537661184615,0.0008303554235493436
coarse,2.01375,0.0009469696969698451,2.476218111335652e-08,0.0008330268045978167,0.000833028984870358
coarse,2.0143750000000002,0.0009469696969698451,2.460729692899668e-08,0.0008359152914972672,0.0008359179825476286
coarse,2.015,0.0009469696969695087,2.4452671809007013e-08,0.0008390202612342324,0.000839023451136492
coarse,2.015625,0.0009469696969698451,2.4298316402129433e-08,0.0008423429417448979,0.0008423466187413197
coarse,2.0162500000000003,0.0009469696969698451,2.4144241360287114e-08,0.0008458847469713084,0.0008458888995028953
coarse,2.016875,0.0009469696969695087,2.3990457334642506e-08,0.000849647267573516,0.0008496518843107924
coarse,2.0175,0.0009469696969695087,2.3836974970868597e-08,0.0008536322598864513,0.0008536373297604138
coarse,2.018125,0.0009469696969698451,2.3683804904981832e-08,0.0008578416331515794,0.0008578471453847525
coarse,2.0187500000000003,0.0009469696969698451,2.3530957757892186e-08,0.0008622774350639147,0.0008622833792014439
coarse,2.019375,0.0009469696969695087,2.337844413035367e-08,0.0008669418356853119,0.0008669482016260229
coarse,2.02,0.00047348484848475434,2.3378443824769657e-08,0.0008718371097853107,0.0008718439058687932
fine,1.36,0.00047348484848492255,2.671395047227464e-06,0.044478221788794334,0.04447167147380348
fine,1.3606250000000002,0.0009469696969696769,2.3596785267198195e-06,0.04430773495351943,0.044301671142782315
fine,1.36125,0.0009469696969696769,2.261419025918612e-06,0.04414264650143134,0.04413679515328192
fine,1.3618750000000002,0.0009469696969696769,2.1661913580432536e-06,0.04398186734304706,0.04397621341707396
fine,1.3625,0.0009469696969696769,2.073977400465856e-06,0.04382447568297352,0.043819005155404746
fine,1.3631250000000001,0.0009469696969696769,1.984753815675219e-06,0.04366970212763938,0.04366440195157703
fine,1.36375,0.0009469696969696769,1.8984922873236242e-06,0.043516915411360324,0.043511773476309565
fine,1.3643750000000001,0.0009469696969696769,1.8151597824753117e-06,0.043365608755070936,0.04336061384598851
fine,1.365,0.0009469696969696769,1.7347188350807255e-06,0.04321538686851929,0.043210528624595554
fine,1.365625,0.0009469696969698451,1.657127845826881e-06,0.04306595360335606,0.04306122247673312
fine,1.3662500000000002,0.0009469696969696769,1.582341394134916e-06,0.04291710026137126,0.04291248747598591
fine,1.366875,0.0009469696969696769,1.5103105582384365e-06,0.04276869455913728,0.042764192069864454
fine,1.3675000000000002,0.0009469696969696769,1.440983239615204e-06,0.04262067024750915,0.0426162706997682
fine,1.368125,0.0009469696969696769,1.374304488532313e-06,0.042473017381818634,0.04246871407179026
fine,1.3687500000000001,0.0009469696969696769,1.310216827619096e-06,0.04232577323616718,0.042321560071755526
fine,1.369375,0.0009469696969696769,1.2486605709786605e-06,0.04217901385298392,0.04217488531564376
fine,1.37,0.0009469696969698451,1.189574136347096e-06,0.042032846216956674,0.04202879732449231
fine,1.3706250000000002,0.0009469696969696769,1.1328943484600757e-06,0.04188740104057415,0.04188342731100317
fine,1.37125,0.0009469696969696769,1.0785567318228404e-06,0.04174282614681821,0.04173892356337997
fine,1.3718750000000002,0.0009469696969696769,1.0264957914405794e-06,0.0415992804330264,0.0415954454104032
fine,1.3725,0.0009469696969696769,9.766452805170616e-07,0.04145692839859569,0.04145315775040121
fine,1.3731250000000002,0.0009469696969696769,9.289384539628766e-07,0.04131593521800307,0.041312226125582704
fine,1.37375,0.0009469696969696769,8.833083072044994e-07,0.041176462339594704,0.041172812322170876
fine,1.3743750000000001,0.0009469696969696769,8.396877997859261e-07,0.04103866358971123,0.041035070475896315
fine,1.375,0.0009469696969696769,7.980100634371882e-07,0.0409026817609817,0.04089914366167238
fine,1.375625,0.0009469696969698451,7.582085944969086e-07,0.04076864566302036,0.04076516094567805
fine,1.3762500000000002,0.0009469696969696769,7.202174307387321e-07,0.04063666761329281,0.04063323487760709
fine,1.376875,0.0009469696969696769,6.839713127536079e-07,0.04050684134557218,0.04050345940049653
fine,1.3775000000000002,0.0009469696969696769,6.494058301849039e-07,0.04037924031317606,0.04037590815531887
fine,1.378125,0.0009469696969696769,6.164575531759269e-07,0.04025391636405654,0.04025063315740452
fine,1.3787500000000001,0.0009469696969696769,5.85064149486428e-07,0.040130898764793456,0.04012766382173921
fine,1.379375,0.0009469696969696769,5.551644878764439e-07,0.040010193550617704,0.0400070063142585
fine,1.3800000000000001,0.0009469696969696769,5.266987282377137e-07,0.03989178317875265,0.0398886432064242
fine,1.380625,0.0009469696969696769,4.996083992471465e-07,0.039775626462605906,0.03977253341061083
fine,1.38125,0.0009469696969698451,4.738364640670497e-07,0.039661658764656986,0.03965861237414546
fine,1.3818750000000002,0.0009469696969696769,4.493273748933362e-07,0.039549792426273746,0.039546792510231604
fine,1.3825,0.0009469696969696769,4.260271170052874e-07,0.03943991741313283,0.039436963844430184
fine,1.3831250000000002,0.0009469696969696769,4.038832430294917e-07,0.039331902155420026,0.039328994855872754
fine,1.38375,0.0009469696969696769,3.828448981422451e-07,0.03922559456253624,0.039222733492931885
fine,1.3843750000000001,0.0009469696969696769,3.628628368870068e-07,0.03912082319262793,0.03911800834366665
fine,1.385,0.0009469696969696769,3.4388943233573686e-07,0.03901739855789252,0.039014629941993964
fine,1.385625,0.0009469696969698451,3.2587867820112466e-07,0.038915114547275656,0.0389123921912032
fine,1.3862500000000002,0.0009469696969696769,3.087861846153529e-07,0.03881374994887214,0.03881107388712554
fine,1.386875,0.0009469696969696769,2.9256916814144776e-07,0.03871307005506223,0.038710440323991596
fine,1.3875000000000002,0.0009469696969696769,2.771864366508801e-07,0.038612828334154164,0.03861024496674826
fine,1.388125,0.0009469696969696769,2.6259836963054133e-07,0.038512768153062274,0.03851023117436578
fine,1.3887500000000002,0.0009469696969696769,2.487668944309759e-07,0.038412624536318635,0.03841013395943438
fine,1.389375,0.0009469696969696769,2.3565545899118747e-07,0.03831212594749535,0.03830968177012871
fine,1.3900000000000001,0.0009469696969696769,2.232290014910942e-07,0.03821099607990025,0.038208598281404764
fine,1.390625,0.0009469696969696769,2.1145391741874394e-07,0.03810895564419806,0.03810660418308266
fine,1.39125,0.0009469696969698451,2.0029802440487047e-07,0.0380057241413957,0.03800341895325581
fine,1.3918750000000002,0.0009469696969696769,1.8973052524453856e-07,0.03790102161041889,0.03789876260625595
fine,1.3925,0.0009469696969696769,1.797219694542901e-07,0.03779457034028792,0.03779235740518266
fine,1.3931250000000002,0.0009469696969696769,1.7024421368110587e-07,0.03768609653767396,0.03768392952978121
fine,1.39375,0.0009469696969696769,1.612703812548267e-07,0.03757533194138291,0.037573210691217766
fine,1.3943750000000001,0.0009469696969696769,1.5277482115792133e-07,0.037462015376066374,0.037459939686052636
fine,1.395,0.0009469696969696769,1.4473306665505023e-07,0.03734589423819942,0.037343863882453476
fine,1.3956250000000001,0.0009469696969696769,1.3712179379030524e-07,0.03722672590808826,0.037224740632413406
fine,1.39625,0.0009469696969696769,1.2991877995748478e-07,0.0371042790823799,0.03710233860444723
fine,1.396875,0.0009469696969698451,1.2310286271146023e-07,0.03697833502223302,0.036976439031927294
fine,1.3975000000000002,0.0009469696969696769,1.1665389897038675e-07,0.03684868871298014,0.03684683687289032
fine,1.398125,0.0009469696969696769,1.1055272474654633e-07,0.03671514993175663,0.036713341877792294
fine,1.3987500000000002,0.0009469696969696769,1.0478111552574834e-07,0.036577544220199834,0.0365757795623162
fine,1.399375,0.0009469696969696769,9.93217473805031e-08,0.03643571375992195,0.036433992082937794
fine,1.4000000000000001,0.0009469696969696769,9.415815891757772e-08,0.03628951814903647,0.03628783901353015
fine,1.400625,0.0009469696969696769,8.927471412305887e-08,0.03613883507857421,0.036137198021844924
fine,1.40125,0.0009469696969698451,8.465656616721341e-08,0.03598356090814455,0.03598196544522653
fine,1.4018750000000002,0.0009469696969696769,8.028962220749445e-08,0.03582361114070401,0.035822056765422855
fine,1.4025,0.0009469696969696769,7.616050924305214e-08,0.03565892079676167,0.035657406982822965
fine,1.4031250000000002,0.0009469696969696769,7.225654103650925e-08,0.03548944468879833,0.03548797089089964
fine,1.40375,0.0009469696969696769,6.85656861167001e-08,0.03531515759709561,0.0353137232520542
fine,1.4043750000000002,0.0009469696969696769,6.507653688919351e-08,0.035136054348559154,0.035134658876448344
fine,1.405,0.0009469696969696769,6.177827985678204e-08,0.034952149800487,0.03495079260577445
fine,1.4056250000000001,0.0009469696969696769,5.866066693411894e-08,0.03476347873156707,0.03476215920425034
fine,1.40625,0.0009469696969696769,5.57139878651137e-08,0.03457009564270208,0.034568813159436225
fine,1.406875,0.0009469696969698451,5.292904373683728e-08,0.03437207447054132,0.03437082839575427
fine,1.4075000000000002,0.0009469696969696769,5.029712155755727e-08,0.03416950821685985,0.03416829790385224
fine,1.408125,0.0009469696969696769,4.780996989115862e-08,0.033962508497158324,0.03396133328918492
fine,1.4087500000000002,0.0009469696969696769,4.545977553956036e-08,0.03375120501207048,0.03375006424340005
fine,1.409375,0.0009469696969696769,4.323914122522982e-08,0.03353574494535187,0.03353463794230399
fine,1.4100000000000001,0.0009469696969696769,4.1141064261493296e-08,0.03331629229238907,0.033315218374345916
fine,1.410625,0.0009469696969696769,3.915891619962121e-08,0.033093027123320774,0.033091985603712334
fine,1.4112500000000001,0.0009469696969698451,3.7286423390427356e-08,0.032866144784981066,0.03286513497224311
fine,1.4118750000000002,0.0009469696969696769,3.5517648459861117e-08,0.032635855045992396,0.0326348762444962
fine,1.4125,0.0009469696969696769,3.384697266574062e-08,0.03240238118942349,0.03240143270037666
fine,1.4131250000000002,0.0009469696969696769,3.22690790884064e-08,0.03216595905750394,0.03216504017982225
fine,1.41375,0.0009469696969696769,3.0778936642589376e-08,0.031926836052952705,0.031925946084102805
fine,1.4143750000000002,0.0009469696969696769,2.9371784876421583e-08,0.03168527010152232,0.031684408338335225
fine,1.415,0.0009469696969696769,2.804311952067122e-08,0.03144152858039986,0.03144069431985542
fine,1.4156250000000001,0.0009469696969696769,2.6788678767967695e-08,0.03119588721712733,0.031195079757110042
fine,1.41625,0.0009469696969696769,2.5604430243719702e-08,0.030948628963722552,0.030947847603749065
fine,1.416875,0.0009469696969698451,2.44865586449155e-08,0.030700042850681328,0.030699286892600024
fine,1.4175000000000002,0.0009469696969696769,2.3431454019071005e-08,0.030450422825540953,0.030449691574204133
fine,1.418125,0.0009469696969696769,2.2435700651230462e-08,0.030200066580667095,0.03019935934457645
fine,1.4187500000000002,0.0009469696969696769,2.149606653367118e-08,0.029949274374910156,0.02994859046683595
fine,1.419375,0.0009469696969696769,2.0609493392627685e-08,0.029698347853742355,0.029697686591317076
fine,1.4200000000000002,0.0009469696969696769,1.9773087247156557e-08,0.02944758887244993,0.02944694957873694
fine,1.420625,0.0009469696969696769,1.898410947234768e-08,0.029197298326914457,0.029196680330952282
fine,1.4212500000000001,0.0009469696969696769,1.823996834646984e-08,0.028947774996454165,0.028947177633776938
fine,1.421875,0.0009469696969696769,1.7538211051182514e-08,0.02869931440314382,0.028698737016278664
fine,1.4225,0.0009469696969698451,1.6876516113873535e-08,0.028452207691954133,0.028451649630895963
fine,1.4231250000000002,0.0009469696969696769,1.6252686262139478e-08,0.028206740535975182,0.028206201158639466
fine,1.42375,0.0009469696969696769,1.566464167142995e-08,0.02796319207089576,0.027962670743549693
fine,1.4243750000000002,0.0009469696969696769,1.5110413585402466e-08,0.027721833862813308,0.027721329960486058
fine,1.425,0.0009469696969696769,1.4588138288724361e-08,0.02748292891333507,0.02748244182020753
fine,1.4256250000000001,0.0009469696969696769,1.4096051425431144e-08,0.027246730705806986,0.02724625981558118
fine,1.42625,0.0009469696969696769,1.3632482624008462e-08,0.027013482296373816,0.027013027012622703
fine,1.4268750000000001,0.0009469696969698451,1.3195850428100874e-08,0.026783415453420976,0.026782975189918873
fine,1.4275000000000002,0.0009469696969696769,1.278465751544787e-08,0.026556749848786837,0.026556324029820708
fine,1.428125,0.0009469696969696769,1.2397486182966733e-08,0.02633369230395447,0.026333280364616435
fine,1.4287500000000002,0.0009469696969696769,1.2032994088972126e-08,0.02611443609423984,0.026114037480701145
fine,1.429375,0.0009469696969696769,1.1689910234655078e-08,0.02589916031378361,0.025898774483550345
fine,1.4300000000000002,0.0009469696969696769,1.1367031176598222e-08,0.025688029303926174,0.02568765572607669
fine,1.430625,0.0009469696969696769,1.1063217452144608e-08,0.02548119214731076,0.0254808303027153
fine,1.4312500000000001,0.0009469696969696769,1.0777390204899172e-08,0.025278782229793587,0.02527843161131615
fine,1.431875,0.0009469696969696769,1.0508528008574468e-08,0.025080916871975976,0.02508057698465835
fine,1.4325,0.0009469696969696769,1.0255663866250802e-08,0.02488769703187931,0.024887367393107568
fine,1.433125,0.0009469696969696769,1.0017882380698451e-08,0.02469920707998459,0.024698887219638144
fine,1.43375,0.0009469696969698451,9.794317081913327e-09,0.024515514647539795,0.02451520410812312
fine,1.4343750000000002,0.0009469696969696769,9.584147911211693e-09,0.024336670548712434,0.02433636888546943
fine,1.435,0.0009469696969696769,9.386598843842924e-09,0.024162708776822625,0.024162415557833737
fine,1.4356250000000002,0.0009469696969696769,9.200935641777687e-09,0.02399364657454267,0.023993361380804948
fine,1.43625,0.0009469696969696769,9.0264637376611e-09,0.023829484577594384,0.0238292070030844
fine,1.4368750000000001,0.0009469696969696769,8.862526231905657e-09,0.02367020703110964,0.0236699366828295
fine,1.4375,0.0009469696969696769,8.708502002476707e-09,0.023515782077455943,0.023515518575462357
fine,1.438125,0.0009469696969698451,8.56380391501474e-09,0.023366162113957895,0.023365905091374647
fine,1.4387500000000002,0.0009469696969696769,8.427877134883533e-09,0.02322128421858531,0.023221033321599006
fine,1.439375,0.0009469696969696769,8.300197527164578e-09,0.023081070641309216,0.023080825529148537
fine,1.4400000000000002,0.0009469696969696769,8.180270141731364e-09,0.022945429358477827,0.02294518970337655
fine,1.440625,0.0009469696969696769,8.067627780416893e-09,0.02281425468721799,0.022814020174361866
fine,1.4412500000000001,0.0009469696969696769,7.9618296370876e-09,0.022687427956531267,0.02268719828398907
fine,1.441875,0.0009469696969696769,7.862460008488176e-09,0.022564818231441606,0.022564593110080515
fine,1.4425000000000001,0.0009469696969698451,7.769127071919523e-09,0.02244628308624836,0.022446062239633927
fine,1.4431250000000002,0.0009469696969696769,7.681461721781263e-09,0.02233166942266239,0.02233145258694349
fine,1.44375,0.0009469696969696769,7.599116465831905e-09,0.022220814328347153,0.022220601252126222
fine,1.4443750000000002,0.0009469696969696769,7.521764373326817e-09,0.022113545971159738,0.022113336415348683
fine,1.445,0.0009469696969696769,7.449098075223996e-09,0.02200968452418592,0.022009478261847945
fine,1.4456250000000002,0.0009469696969696769,7.380828812337277e-09,0.021909043116493658,0.021908839932671557
fine,1.44625,0.0009469696969696769,7.316685522766389e-09,0.021811428804394396,0.021811228495925858
fine,1.4468750000000001,0.0009469696969696769,7.25641397734862e-09,0.02171664355789656,0.02171644593321671
fine,1.4475,0.0009469696969696769,7.199775947655372e-09,0.02162448525696989,0.021624290135901895
fine,1.448125,0.0009469696969696769,7.146548413909812e-09,0.021534748692206212,0.021534555905740174
fine,1.44875,0.0009469696969696769,7.096522807105273e-09,0.021447226564470814,0.021447035954531707
fine,1.449375,0.0009469696969698451,7.049504280528274e-09,0.021361710478177462,0.021361521897382708
fine,1.4500000000000002,0.0009469696969696769,7.005311014760186e-09,0.02127799192290416,0.021277805234311335
fine,1.450625,0.0009469696969696769,6.963773549107939e-09,0.021195863238180727,0.021195678315026126
fine,1.4512500000000002,0.0009469696969696769,6.924734139069412e-09,0.021115118556432534,0.021114935281861254
fine,1.451875,0.0009469696969696769,6.888046141845687e-09,0.021035554719252874,0.02103537298604098
fine,1.4525000000000001,0.0009469696969696769,6.853573422536381e-09,0.02095697216239554,0.020956791872665154
fine,1.453125,0.0009469696969696769,6.8211897855528154e-09,0.02087917576513254,0.02087899683006037
fine,1.45375,0.0009469696969698451,6.7907784292201914e-09,0.02080197565990142,0.02080179799942156
fine,1.4543750000000002,0.0009469696969696769,6.762231415470315e-09,0.02072518799847643,0.02072501154097816
fine,1.455,0.0009469696969696769,6.735449165942849e-09,0.020648635671229,0.020648460353250075
fine,1.4556250000000002,0.0009469696969696769,6.710339972473189e-09,0.020572148976395945,0.020571974742312395
fine,1.45625,0.0009469696969696769,6.6868195254069775e-09,0.02049556623664689,0.020495393038359927
fine,1.4568750000000001,0.0009469696969696769,6.66481046418437e-09,0.020418734360627588,0.020418562157248205
fine,1.4575,0.0009469696969696769,6.644241943020361e-09,0.020341509347554645,0.020341338105086707
fine,1.4581250000000001,0.0009469696969698451,6.6250492077080235e-09,0.020263756733342082,0.020263586424364703
fine,1.4587500000000002,0.0009469696969696769,6.607173194247823e-09,0.02018535197715291,0.020185182580502704
fine,1.459375,0.0009469696969696769,6.590560144443476e-09,0.020106180787677452,0.020106012288131157
fine,1.4600000000000002,0.0009469696969696769,6.575161229581641e-09,0.020026139388851352,0.020025971776809866
fine,1.460625,0.0009469696969696769,6.56093219422844e-09,0.019945134725129078,0.01994496799630327
fine,1.4612500000000002,0.0009469696969696769,6.5478330139536624e-09,0.019863084606820576,0.019862918761919438
fine,1.461875,0.0009469696969696769,6.535827563561527e-09,0.019779917796382322,0.019779752840804285
fine,1.4625000000000001,0.0009469696969696769,6.5248833050985086e-09,0.01969557403691803,0.019695409980445833
fine,1.463125,0.0009469696969696769,6.514970985423964e-09,0.019610004024492252,0.019609840880991936
fine,1.46375,0.0009469696969696769,6.506064346529223e-09,0.019523169326185634,0.01952300711331033
fine,1.464375,0.0009469696969696769,6.498139851248927e-09,0.019435042246124624,0.01943488098502333
fine,1.465,0.0009469696969698451,6.491176422034718e-09,0.019345605641994175,0.01934544535702624
fine,1.4656250000000002,0.0009469696969696769,6.485155191414721e-09,0.019254852694793552,0.01925469341324918
fine,1.46625,0.0009469696969696769,6.480059264095344e-09,0.01916278663481473,0.019162628386641893
fine,1.4668750000000002,0.0009469696969696769,6.475873493675106e-09,0.019069420427015645,0.019069263244553825
fine,1.4675,0.0009469696969696769,6.472584269945436e-09,0.01897477641911933,0.01897462033684033
fine,1.4681250000000001,0.0009469696969696769,6.470179320510423e-09,0.0188788859558977,0.01887873101015391
fine,1.46875,0.0009469696969696769,6.4686475199159854e-09,0.018781788963197772,0.018781635191978063
fine,1.469375,0.0009469696969698451,6.4679787126082825e-09,0.018683533505328392,0.01868338094802199
fine,1.4700000000000002,0.0009469696969696769,6.468163549402622e-09,0.0185841753194625,0.018584024016630896
fine,1.470625,0.0009469696969696769,6.469193331443617e-09,0.018483777330708683,0.018483627323865798
fine,1.4712500000000002,0.0009469696969696769,6.4710598679587675e-09,0.018382409151478908,0.018382260482879616
fine,1.471875,0.0009469696969696769,6.473755340577003e-09,0.0182801465687217,0.018279999281158976
fine,1.4725000000000001,0.0009469696969696769,6.477272182025132e-09,0.01817707102250518,0.018176925159115627
fine,1.473125,0.0009469696969696769,6.4816029655863845e-09,0.01807326907932362,0.018073124683401626
fine,1.4737500000000001,0.0009469696969698451,6.486740298192263e-09,0.017968831903365692,0.01796868901818619
fine,1.4743750000000002,0.0009469696969696769,6.4926767288650425e-09,0.017863854728827434,0.017863713397477235
fine,1.475,0.0009469696969696769,6.499404665139661e-09,0.01775843633617469,0.017758296601392273
fine,1.4756250000000002,0.0009469696969696769,6.506916295704361e-09,0.017652678535065785,0.01765254043908957
fine,1.47625,0.0009469696969696769,6.515203524905943e-09,0.01754668565643775,0.01754654924086268
fine,1.4768750000000002,0.0009469696969696769,6.524257914231931e-09,0.017440564056035755,0.017440429361678014
fine,1.4775,0.0009469696969696769,6.5340706303623825e-09,0.01733442163143599,0.017334288698205923
fine,1.4781250000000001,0.0009469696969696769,6.544632401066183e-09,0.017228367354371693,0.017228236221154502
fine,1.47875,0.0009469696969696769,6.555933481428284e-09,0.01712251081993231,0.017122381524476524
fine,1.479375,0.0009469696969696769,6.567963623487309e-09,0.017016961813956788,0.017016834392770193
fine,1.48,0.0009469696969696769,6.5807120507908835e-09,0.01691182989970206,0.016911704387955005
fine,1.480625,0.0009469696969698451,6.5941674447821685e-09,0.016807224024624395,0.016807100456060133
fine,1.4812500000000002,0.0009469696969696769,6.608317932972947e-09,0.016703252147877965,0.016703130554729773
fine,1.481875,0.0009469696969696769,6.623151081020398e-09,0.01660002088890676,0.01659990130182179
fine,1.4825000000000002,0.0009469696969696769,6.63865389401261e-09,0.016497635197291288,0.016497517645260626
fine,1.483125,0.0009469696969696769,6.654812818815064e-09,0.016396198043805793,0.016396082554100723
fine,1.4837500000000001,0.0009469696969696769,6.671613752963069e-09,0.016295810132452015,0.016295696730566016
fine,1.484375,0.0009469696969696769,6.6890420563324155e-09,0.01619656963306223,0.01619645834265858
fine,1.485,0.0009469696969698451,6.7070825664056095e-09,0.016098571933906063,0.01609846277677074
fine,1.4856250000000002,0.0009469696969696769,6.725719617782196e-09,0.016001909413598255,0.016001802409597872
fine,1.48625,0.0009469696969696769,6.7449370622302665e-09,0.015906671231484388,0.015906566398528915
fine,1.4868750000000002,0.0009469696969696769,6.76471829464697e-09,0.015812943135584186,0.01581284048959422
fine,1.4875,0.0009469696969696769,6.7850462775635695e-09,0.015720807287092894,0.01572070684197118
fine,1.4881250000000001,0.0009469696969696769,6.8059035719465556e-09,0.01563034210038343,0.015630243867990404
fine,1.48875,0.0009469696969696769,6.8272723667045324e-09,0.01554162209741821,0.015541526087551383
fine,1.4893750000000001,0.0009469696969698451,6.84913450929193e-09,0.01545471777545995,0.015454623995836874
fine,1.4900000000000002,0.0009469696969696769,6.871471538625736e-09,0.015369695486978835,0.01536960394322339
fine,1.490625,0.0009469696969696769,6.894264718416042e-09,0.015286617330674558,0.015286528026306447
fine,1.4912500000000002,0.0009469696969696769,6.917495073864809e-09,0.015205541052574587,0.015205453989001737
fine,1.491875,0.0009469696969696769,6.94114342375922e-09,0.015126519956229306,0.015126435132743123
fine,1.4925000000000002,0.0009469696969696769,6.96519041565559e-09,0.01504960282109893,0.015049520234872105
fine,1.493125,0.0009469696969696769,6.989616562111069e-09,0.01497483382831644,0.014974753474403262
fine,1.4937500000000001,0.0009469696969696769,7.014402274511972e-09,0.014902252493111431,0.014902174364450394
fine,1.494375,0.0009469696969696769,7.039527899040355e-09,0.014831893603292606,0.014831817690711166
fine,1.495,0.0009469696969696769,7.064973749183819e-09,0.014763787163305758,0.014763713455527211
fine,1.495625,0.0009469696969696769,7.090720139464228e-09,0.014697958343511815,0.014697886827164136
fine,1.49625,0.0009469696969698451,7.116747418096006e-09,0.014634427434459129,0.01463435809408565
fine,1.4968750000000002,0.0009469696969696769,7.14303599931631e-09,0.014573209806059459,0.014573142624131365
fine,1.4975,0.0009469696969696769,7.169566395754016e-09,0.014514315871707283,0.014514250828637795
fine,1.4981250000000002,0.0009469696969696769,7.196319245839757e-09,0.014457751057514701,0.014457688131674995
fine,1.49875,0.0009469696969696769,7.223275343736911e-09,0.014403515776960325,0.014403454944697046
fine,1.4993750000000001,0.0009469696969696769,7.2504156673634795e-09,0.014351605411368814,0.014351546647023171
fine,1.5,0.0009469696969696769,7.277721403943509e-09,0.01430201029675109,0.014301953572679568
fine,1.500625,0.0009469696969698451,7.305173976796026e-09,0.014254715717635116,0.014254661004231724
fine,1.5012500000000002,0.0009469696969696769,7.332755067425871e-09,0.014209701908606941,0.014209649174327004
fine,1.501875,0.0009469696969696769,7.360446639442916e-09,0.014166944064357295,0.014166893275742838
fine,1.5025000000000002,0.0009469696969696769,7.388230959383212e-09,0.014126412359090615,0.01412636348079731
fine,1.503125,0.0009469696969696769,7.416090617481742e-09,0.014088071976198272,0.014088024971023964
fine,1.5037500000000001,0.0009469696969696769,7.444008544536984e-09,0.01405188314912631,0.014051837978041149
fine,1.504375,0.0009469696969696769,7.471968030819628e-09,0.014017801214379597,0.0140177578365578
fine,1.5050000000000001,0.0009469696969698451,7.499952741248044e-09,0.013985776677597015,0.013985735050450324
fine,1.5056250000000002,0.0009469696969696769,7.527946730279205e-09,0.013955755293608017,0.013955715372820829
fine,1.50625,0.0009469696969696769,7.555934456987568e-09,0.013927678161337779,0.013927639900903954
fine,1.5068750000000002,0.0009469696969696769,7.583900793306061e-09,0.013901481834367884,0.013901445186629412
fine,1.5075,0.0009469696969696769,7.611831039030571e-09,0.013877098447882005,0.013877063363569359
fine,1.5081250000000002,0.0009469696969696769,7.639710931326062e-09,0.013854455862631336,0.013854422290905673
fine,1.50875,0.0009469696969696769,7.667526650544909e-09,0.01383347782644596,0.01383344571494325
fine,1.5093750000000001,0.0009469696969696769,7.695264829712561e-09,0.013814084153693567,0.013814053448570469
fine,1.51,0.0009469696969696769,7.722912561860663e-09,0.013796190922950893,0.01379616156893257
fine,1.510625,0.0009469696969696769,7.75045740478114e-09,0.013779710693005015,0.0137796826334349
fine,1.51125,0.0009469696969696769,7.777887385288446e-09,0.01376455273714382,0.01376452591403522
fine,1.511875,0.0009469696969698451,7.805191001330703e-09,0.013750623295529535,0.013750597649619225
fine,1.5125000000000002,0.0009469696969696769,7.832357228126326e-09,0.013737825845277881,0.01373780131608156
fine,1.513125,0.0009469696969696769,7.859375518801954e-09,0.013726061387690065,0.013726037913559731
fine,1.5137500000000002,0.0009469696969696769,7.886235805168067e-09,0.013715228751907603,0.013715206270090848
fine,1.514375,0.0009469696969696769,7.912928497484975e-09,0.013705224914083599,0.013705203360784712
fine,1.5150000000000001,0.0009469696969696769,7.93944448380405e-09,0.013695945330989629,0.013695924641432568
fine,1.515625,0.0009469696969696769,7.965775130842085e-09,0.013687284286807558,0.01368726439530071
fine,1.51625,0.0009469696969698451,7.991912280947766e-09,0.01367913525169278,0.0136791160916954
fine,1.5168750000000002,0.0009469696969696769,8.017848249526292e-09,0.013671391250540737,0.013671372754731084
fine,1.5175,0.0009469696969696769,8.043575823520033e-09,0.013663945240244425,0.013663927340589497
fine,1.5181250000000002,0.0009469696969696769,8.069088255725405e-09,0.013656690493599088,0.013656673121425864
fine,1.51875,0.0009469696969696769,8.094379262206935e-09,0.013649520987892322,0.013649504073960459
fine,1.5193750000000001,0.0009469696969696769,8.119443019304232e-09,0.01364233179611533,0.013642315270691117
fine,1.52,0.0009469696969696769,8.144274154875942e-09,0.013635019478645486,0.013635003271577111
fine,1.5206250000000001,0.0009469696969698451,8.168867745169145e-09,0.013627482473182281,0.013627466513976125
fine,1.5212500000000002,0.0009469696969696769,8.193219310622261e-09,0.013619621480669884,0.013619605698567832
fine,1.521875,0.0009469696969696769,8.217324806900431e-09,0.013611339844909599,0.013611324168967199
fine,1.5225000000000002,0.0009469696969696769,8.241180619349562e-09,0.013602543923556233,0.013602528282721526
fine,1.523125,0.0009469696969696769,8.264783556012105e-09,0.0135931434482029,0.01359312777139589
fine,1.5237500000000002,0.0009469696969696769,8.288130839861231e-09,0.013583051871289711,0.01358303608748219
fine,1.524375,0.0009469696969696769,8.311220103059787e-09,0.013572186697623622,0.013572170735919254
fine,1.5250000000000001,0.0009469696969696769,8.334049377631696e-09,0.013560469798367161,0.013560453588081684
fine,1.525625,0.0009469696969696769,8.356617085458167e-09,0.013547827705444774,0.013547811176186118
fine,1.52625,0.0009469696969696769,8.378922032845661e-09,0.01353419188442399,0.013534174966172166
fine,1.526875,0.0009469696969696769,8.400963400964524e-09,0.013519498984055635,0.01351948160724216
fine,1.5275,0.0009469696969698451,8.422740734831573e-09,0.01350369106079951,0.013503673156386311
fine,1.5281250000000002,0.0009469696969696769,8.444253936839247e-09,0.01348671577682058,0.013486697276378114
fine,1.52875,0.0009469696969696769,8.465503256348991e-09,0.013468526570111893,0.013468507405896307
fine,1.5293750000000002,0.0009469696969696769,8.486489278093213e-09,0.013449082795584232,0.013449062900613424
fine,1.53,0.0009469696969696769,8.507212912817565e-09,0.013428349836156574,0.013428329144284991
fine,1.5306250000000001,0.0009469696969696769,8.527675390025287e-09,0.013406299183083972,0.013406277629075931
fine,1.53125,0.0009469696969696769,8.54787824438105e-09,0.013382908484968824,0.013382886004570195
fine,1.531875,0.0009469696969698451,8.567823304771045e-09,0.013358161565115666,0.013358138095123782
fine,1.5325000000000002,0.0009469696969696769,8.587512686542414e-09,0.013332048407106643,0.013332023885438273
fine,1.533125,0.0009469696969696769,8.606948777654588e-09,0.013304565108692995,0.013304539474450214
fine,1.5337500000000002,0.0009469696969696769,8.626134228230905e-09,0.013275713804314686,0.013275686997848448
fine,1.534375,0.0009469696969696769,8.645071941345836e-09,0.013245502556774928,0.013245474519746309
fine,1.5350000000000001,0.0009469696969696769,8.663765058676464e-09,0.013213945218805652,0.013213915894244529
fine,1.535625,0.0009469696969696769,8.682216950615078e-09,0.013181061265463236,0.013181030597824337
fine,1.5362500000000001,0.0009469696969698451,8.700431202950274e-09,0.013146875598488582,0.013146843533704749
fine,1.5368750000000002,0.0009469696969696769,8.718411607428517e-09,0.0131114183239518,0.013111384809484379
fine,1.5375,0.0009469696969696769,8.736162149441955e-09,0.013074724504674708,0.013074689489560946
fine,1.5381250000000002,0.0009469696969696769,8.753686993338565e-09,0.013036833889087093,0.013036797323984498
fine,1.53875,0.0009469696969696769,8.770990474861486e-09,0.012997790618320857,0.012997752455548395
fine,1.5393750000000002,0.0009469696969696769,8.788077086514953e-09,0.012957642913478527,0.012957603107054605
fine,1.54,0.0009469696969696769,8.80495146510828e-09,0.01291644274513172,0.012916401250808882
fine,1.5406250000000001,0.0009469696969696769,8.821618380160345e-09,0.012874245487205883,0.012874202262502224
fine,1.54125,0.0009469696969696769,8.838082723753477e-09,0.01283110955749263,0.01283106456171984
fine,1.541875,0.0009469696969696769,8.854349496060003e-09,0.012787096047098073,0.012787049241386073
fine,1.5425,0.0009469696969696769,8.87042379349485e-09,0.012742268341185876,0.012742219688504117
fine,1.543125,0.0009469696969698451,8.88631079965559e-09,0.012696691733405503,0.01269664119858084
fine,1.5437500000000002,0.0009469696969696769,8.902015770828013e-09,0.01265043303641121,0.01265038058614235
fine,1.544375,0.0009469696969696769,8.917544025271825e-09,0.012603560190874288,0.012603505793742937
fine,1.5450000000000002,0.0009469696969696769,8.932900930986792e-09,0.012556141875371931,0.01255608550185061
fine,1.545625,0.0009469696969696769,8.94809189484761e-09,0.012508247119499907,0.012508188741956403
fine,1.5462500000000001,0.0009469696969696769,8.963122352418075e-09,0.01245994492250343,0.012459884515202056
fine,1.546875,0.0009469696969696769,8.97799775571469e-09,0.012411303879655482,0.012411241418755124
fine,1.5475,0.0009469696969698451,8.992723562052321e-09,0.01236239181852784,0.012362327282076896
fine,1.5481250000000002,0.0009469696969696769,9.007305222750629e-09,0.012313275447207629,0.01231320881513592
fine,1.54875,0.0009469696969696769,9.021748176016962e-09,0.012264020016403714,0.012263951270511405
fine,1.5493750000000002,0.0009469696969696769,9.036057833205621e-09,0.012214688997268837,0.012214618121212533
fine,1.55,0.0009469696969696769,9.050239569986025e-09,0.012165343776635487,0.012165270755911528
fine,1.5506250000000001,0.0009469696969696769,9.064298718931357e-09,0.012116043371224714,0.012115968193149838
fine,1.55125,0.0009469696969696769,9.078240555542848e-09,0.012066844162242542,0.012066766815932013
fine,1.5518750000000001,0.0009469696969698451,9.09207029351235e-09,0.012017799651625412,0.012017720127968706
fine,1.5525000000000002,0.0009469696969696769,9.105793076756684e-09,0.011968960241039524,0.011968878532673675
fine,1.553125,0.0009469696969696769,9.119413964809939e-09,0.011920373034576687,0.011920289135857534
fine,1.5537500000000002,0.0009469696969696769,9.132937930293902e-09,0.011872081665924053,0.011871995572895387
fine,1.554375,0.0009469696969696769,9.146369850080945e-09,0.01182412615061992,0.0118240378609807
fine,1.5550000000000002,0.0009469696969696769,9.159714497426672e-09,0.01177654276383927,0.011776452276909105
fine,1.555625,0.0009469696969696769,9.172976536101227e-09,0.011729363943987053,0.011729271260669987
fine,1.5562500000000001,0.0009469696969696769,9.186160510982792e-09,0.011682618222211392,0.011682523344958236
fine,1.556875,0.0009469696969696769,9.199270845227298e-09,0.01163633017778758,0.011636233110556823
fine,1.5575,0.0009469696969696769,9.212311833026261e-09,0.011590520419163197,0.01159042116738072
fine,1.558125,0.0009469696969696769,9.225287634016907e-09,0.011545205590301979,0.011545104160819619
fine,1.55875,0.0009469696969698451,9.238202268529774e-09,0.011500398401813829,0.01150029480286703
fine,1.5593750000000002,0.0009469696969696769,9.251059612306933e-09,0.011456107686216065,0.011456001927380685
fine,1.56,0.0009469696969696769,9.263863393509814e-09,0.011412338476534323,0.011412230568682744
fine,1.5606250000000002,0.0009469696969696769,9.27661718915783e-09,0.0113690921073235,0.011368982062580137
fine,1.56125,0.0009469696969696769,9.289324418655347e-09,0.011326366337068286,0.01132625416876468
fine,1.5618750000000001,0.0009469696969696769,9.301988343224995e-09,0.011284155490810258,0.011284041213439844
fine,1.5625,0.0009469696969696769,9.31461206376065e-09,0.011242450621746683,0.011242334250919344
fine,1.563125,0.0009469696969698451,9.327198517788261e-09,0.011201239690451208,0.011201121242847735
fine,1.5637500000000002,0.0009469696969696769,9.339750477266838e-09,0.011160507760283704,0.01116038725361028
fine,1.564375,0.0009469696969696769,9.352270546483132e-09,0.011120237207481506,0.011120114660424316
fine,1.5650000000000002,0.0009469696969696769,9.364761162311567e-09,0.011080407944361331,0.011080283376541381
fine,1.565625,0.0009469696969696769,9.377224592903739e-09,0.011040997654006568,0.01104087108593487
fine,1.5662500000000001,0.0009469696969696769,9.389662936589891e-09,0.011001982034771323,0.011001853487804455
fine,1.566875,0.0009469696969696769,9.40207812325711e-09,0.010963335052900123,0.010963204549196302
fine,1.5675000000000001,0.0009469696969698451,9.414471913923093e-09,0.0109250292015379,0.010924896764013618
fine,1.5681250000000002,0.0009469696969696769,9.426845900607661e-09,0.010887035764393392,0.010886901416680753
fine,1.56875,0.0009469696969696769,9.439201509045444e-09,0.010849325082315564,0.010849188848720333
fine,1.5693750000000002,0.0009469696969696769,9.451539999189144e-09,0.010811866821049662,0.010811728726510123
fine,1.57,0.0009469696969696769,9.463862464941841e-09,0.010774630238456696,0.010774490308503387
fine,1.5706250000000002,0.0009469696969696769,9.476169840033776e-09,0.010737584449505636,0.01073744271022195
fine,1.57125,0.0009469696969696769,9.488462898450549e-09,0.010700698687382961,0.010700555165366762
fine,1.5718750000000001,0.0009469696969696769,9.500742254295023e-09,0.010663942559107832,0.010663797281434136
fine,1.5725,0.0009469696969696769,9.513008370144884e-09,0.010627286294093782,0.010627139288278433
fine,1.573125,0.0009469696969696769,9.525261556965986e-09,0.010590700984157597,0.010590552278122108
fine,1.57375,0.0009469696969696769,9.53750197533364e-09,0.010554158813544379,0.010554008435581887
fine,1.574375,0.0009469696969698451,9.549729644330666e-09,0.010517633277612229,0.010517481256354641
fine,1.5750000000000002,0.0009469696969696769,9.561944440978477e-09,0.010481099388903077,0.010480945753289433
fine,1.575625,0.0009469696969696769,9.574146107558608e-09,0.010444533869412687,0.01044437864865874
fine,1.5762500000000002,0.0009469696969696769,9.586334255192792e-09,0.010407915327968047,0.010407758551537109
fine,1.576875,0.0009469696969696769,9.598508365263837e-09,0.010371224421719605,0.010371066119294661
fine,1.5775000000000001,0.0009469696969696769,9.610667799637611e-09,0.010334444000858926,0.010334284202316009
fine,1.578125,0.0009469696969696769,9.622811802854917e-09,0.010297559235781972,0.010297397971164872
fine,1.57875,0.0009469696969698451,9.6349395064477e-09,0.01026055772602964,0.010260395025525894
fine,1.5793750000000002,0.0009469696969696769,9.647049935188559e-09,0.010223429590452797,0.010223265484370987
fine,1.58,0.0009469696969696769,9.659142013340032e-09,0.010186167538166944,0.010186002056915326
fine,1.5806250000000002,0.0009469696969696769,9.67121457004601e-09,0.010148766919982094,0.010148600094048475
fine,1.58125,0.0009469696969696769,9.683266344264547e-09,0.010111225760114717,0.01011105762004771
fine,1.5818750000000001,0.0009469696969696769,9.695295991606127e-09,0.010073544768111205,0.01007337534450272
fine,1.5825,0.0009469696969696769,9.70730208976982e-09,0.01003572733103554,0.010035556654504594
fine,1.5831250000000001,0.0009469696969698451,9.71928314363807e-09,0.009997779486095926,0.00999760758727369
fine,1.5837500000000002,0.0009469696969696769,9.731237592751095e-09,0.009959709874007336,0.00995953678352346
fine,1.584375,0.0009469696969696769,9.743163818323153e-09,0.009921529673506672,0.00992135542197683
fine,1.5850000000000002,0.0009469696969696769,9.75506014736393e-09,0.00988325251755595,0.009883077135570581
fine,1.585625,0.0009469696969696769,9.76692485857862e-09,0.009844894391883754,0.009844717909998031
fine,1.5862500000000002,0.0009469696969696769,9.778756189753864e-09,0.009806473516627267,0.009806295965352183
fine,1.586875,0.0009469696969696769,9.790552344647606e-09,0.009768010211945996,0.009767831621740553
fine,1.5875000000000001,0.0009469696969696769,9.802311496983235e-09,0.00972952674858028,0.009729347149844823
fine,1.588125,0.0009469696969696769,9.814031796510626e-09,0.009691047184427662,0.009690866607498235
fine,1.58875,0.0009469696969696769,9.825711377033744e-09,0.009652597188301165,0.009652415663444847
fine,1.589375,0.0009469696969696769,9.837348359062765e-09,0.009614203852120572,0.00961402140953184
fine,1.59,0.0009469696969698451,9.848940857631449e-09,0.009575895492866113,0.009575712162664075
fine,1.5906250000000002,0.0009469696969696769,9.860486986730746e-09,0.009537701445696198,0.009537517257922724
fine,1.59125,0.0009469696969696769,9.871984864483999e-09,0.009499651849693643,0.009499466834312294
fine,1.5918750000000002,0.0009469696969696769,9.883432618905786e-09,0.009461777427759978,0.00946159161465571
fine,1.5925,0.0009469696969696769,9.894828391555017e-09,0.00942410926222327,0.00942392268120285
fine,1.5931250000000001,0.0009469696969696769,9.906170342030538e-09,0.009386678567760938,0.009386491248553987
fine,1.59375,0.0009469696969696769,9.917456654445023e-09,0.00934951646326554,0.009349328435526159
fine,1.594375,0.0009469696969698451,9.92868553819262e-09,0.009312653744297109,0.009312465037606039
fine,1.5950000000000002,0.0009469696969696769,9.939855232599206e-09,0.009276120657772101,0.009275931301639333
fine,1.595625,0.0009469696969696769,9.950964013327226e-09,0.009239946680532095,0.009239756704399834
fine,1.5962500000000002,0.0009469696969696769,9.962010190451575e-09,0.009204160303420071,0.009203969736666047
fine,1.596875,0.0009469696969696769,9.972992115336523e-09,0.009168788822464377,0.009168597694405367
fine,1.5975000000000001,0.0009469696969696769,9.983908181545547e-09,0.009133858138730673,0.009133666478626193
fine,1.598125,0.0009469696969696769,9.994756824188217e-09,0.009099392568353359,0.009099200405409477
fine,1.5987500000000001,0.0009469696969698451,1.0005536525783931e-08,0.00906541466419577,0.009065222027568893
fine,1.5993750000000002,0.0009469696969696769,1.0016245817031891e-08,0.009031945050516936,0.009031751969317554
fine,1.6,0.0009469696969696769,1.0026883273410822e-08,0.008999002271939416,0.008998808775235735
fine,1.6006250000000002,0.0009469696969696769,1.0037447520593463e-08,0.008966602657920153,0.008966408774741474
fine,1.60125,0.0009469696969696769,1.0047937233428522e-08,0.008934760203822893,0.00893456596316272
fine,1.6018750000000002,0.0009469696969696769,1.0058351133253393e-08,0.008903486469578475,0.0089032919003973
fine,1.6025,0.0009469696969696769,1.0068687989336436e-08,0.008872790496798722,0.008872595628026328
fine,1.6031250000000001,0.0009469696969696769,1.0078946616304474e-08,0.008842678745079938,0.00884248360561725
fine,1.60375,0.0009469696969696769,1.008912587652171e-08,0.008813155048096766,0.00881295966681708
fine,1.604375,0.0009469696969696769,1.0099224674131434e-08,0.008784220589943608,0.008784024995693222
fine,1.605,0.0009469696969696769,1.0109241953525492e-08,0.008755873902034346,0.008755678123632468
fine,1.605625,0.0009469696969698451,1.0119176699475701e-08,0.008728110880717486,0.008727914946955406
fine,1.6062500000000002,0.0009469696969696769,1.0129027932579527e-08,0.008700924825610003,0.008700728765249419
fine,1.606875,0.0009469696969696769,1.0138794705428176e-08,0.008674306498494818,0.008674110340265308
fine,1.6075000000000002,0.0009469696969696769,1.0148476099450362e-08,0.008648244202469093,0.00864804797506467
fine,1.608125,0.0009469696969696769,1.015807122423389e-08,0.008622723880872978,0.008622527612947682
fine,1.6087500000000001,0.0009469696969696769,1.0167579210073328e-08,0.00859772923537206,0.008597532955534525
fine,1.609375,0.0009469696969696769,1.0176999204855195e-08,0.008573241862414111,0.00857304559922114
fine,1.61,0.0009469696969698451,1.0186330370705331e-08,0.008549241407131689,0.008549045189080735
fine,1.6106250000000002,0.0009469696969696769,1.0195571878918768e-08,0.008525705733619503,0.00852550958914006
fine,1.61125,0.0009469696969696769,1.0204722904946691e-08,0.008502611110378753,0.008502415067822676
fine,1.6118750000000002,0.0009469696969696769,1.0213782624659897e-08,0.008479932409592683,0.00847973649722337
fine,1.6125,0.0009469696969696769,1.022275020825039e-08,0.008457643318778817,0.008457447564759295
fine,1.6131250000000001,0.0009469696969696769,1.0231624816676992e-08,0.008435716563254654,0.008435520995634532
fine,1.61375,0.0009469696969696769,1.0240405597043555e-08,0.00841412413775668,0.008413928784458029
fine,1.6143750000000001,0.0009469696969698451,1.0249091675272136e-08,0.00839283754546758,0.00839264243426974
fine,1.6150000000000002,0.0009469696969696769,1.0257682154649138e-08,0.00837182804263576,0.008371633201159051
fine,1.615625,0.0009469696969695087,1.0266176109595062e-08,0.008351066886912874,0.008350872342601307
fine,1.61625,0.0009469696969696769,1.0274572579732676e-08,0.00833052558749292,0.008330331367595974
fine,1.616875,0.0009469696969698451,1.0282870567613777e-08,0.008310176155108605,0.00830998228666198
fine,1.6175000000000002,0.0009469696969696769,1.0291069035744089e-08,0.008289991349927835,0.00828979785973338
fine,1.618125,0.0009469696969696769,1.029916689877452e-08,0.00826994492539716,0.008269751840001983
fine,1.6187500000000001,0.0009469696969698451,1.030716302150661e-08,0.00825001186609762,0.008249819211772464
fine,1.6193750000000002,0.0009469696969696769,1.0315056217765816e-08,0.008230168617713493,0.008229976420430392
fine,1.62,0.0009469696969695087,1.0322845244495514e-08,0.008210393307264141,0.008210201592673515
fine,1.620625,0.0009469696969696769,1.0330528799107793e-08,0.008190665951814903,0.008190474745222179
fine,1.62125,0.0009469696969698451,1.033810551840324e-08,0.00817096865396226,0.008170777980304066
fine,1.6218750000000002,0.0009469696969696769,1.0345573976825356e-08,0.008151285782482571,0.008151095666302614
fine,1.6225,0.0009469696969696769,1.0352932684718796e-08,0.008131604136639981,0.008131414602064756
fine,1.6231250000000002,0.0009469696969696769,1.0360180086581292e-08,0.00811191309276868,0.008111724163483089
fine,1.62375,0.0009469696969696769,1.0367314559737194e-08,0.008092204731874617,0.008092016431097634
fine,1.6243750000000001,0.0009469696969696769,1.037433441806475e-08,0.008072473947141962,0.00807228629760243
fine,1.625,0.0009469696969696769,1.038123790814443e-08,0.008052718530379603,0.008052531554292332
fine,1.625625,0.0009469696969698451,1.0388023210855148e-08,0.008032939236598922,0.00803275295564121
fine,1.6262500000000002,0.0009469696969696769,1.0394688446652281e-08,0.00801313982607834,0.008012954261366972
fine,1.626875,0.0009469696969696769,1.0401231673597099e-08,0.007993327083437722,0.007993142255506715
fine,1.6275000000000002,0.0009469696969696769,1.0407650892085208e-08,0.007973510813417684,0.007973326742196765
fine,1.628125,0.0009469696969696769,1.0413944045781016e-08,0.007953703813232947,0.007953520518027023
fine,1.6287500000000001,0.0009469696969696769,1.0420109027018814e-08,0.00793392182154318,0.007933739321012837
fine,1.629375,0.0009469696969696769,1.0426143682564725e-08,0.007914183444258992,0.00791400175640217
fine,1.6300000000000001,0.0009469696969698451,1.0432045814329917e-08,0.007894510057572156,0.007894329199707211
fine,1.6306250000000002,0.0009469696969696769,1.0437813186769948e-08,0.007874925688767994,0.007874745677518169
fine,1.63125,0.0009469696969696769,1.044344353244306e-08,0.007855456875541086,0.007855277726820544
fine,1.6318750000000002,0.0009469696969696769,1.0448934557970039e-08,0.007836132504693177,0.007835954233694733
fine,1.6325,0.0009469696969696769,1.045428395202897e-08,0.007816983631242839,0.007816806252427491
fine,1.6331250000000002,0.0009469696969696769,1.0459489389335594e-08,0.0077980432791185175,0.007797866806206871
fine,1.63375,0.0009469696969696769,1.0464548539338369e-08,0.007779346224739744,0.007779170670705462
fine,1.6343750000000001,0.0009469696969698451,1.0469459076229617e-08,0.0077609287649140395,0.007760754141979338
fine,1.6350000000000002,0.0009469696969696769,1.0474218683355785e-08,0.0077428284705894435,0.0077426547902228
fine,1.635625,0.0009469696969695087,1.0478825062073323e-08,0.007725083928102321,0.007724911201018407
fine,1.63625,0.0009469696969696769,1.0483275942965679e-08,0.007707734469648769,0.007707562705810678
fine,1.636875,0.0009469696969698451,1.0487569091814007e-08,0.007690819894783155,0.007690649103407017
fine,1.6375000000000002,0.0009469696969696769,1.0491702319611044e-08,0.007674380184809583,0.007674210374371536
fine,1.638125,0.0009469696969696769,1.0495673491150858e-08,0.00765845521198097,0.0076582863902265805
fine,1.6387500000000002,0.0009469696969696769,1.049948053310383e-08,0.0076430844454561195,0.0076429166194122355
fine,1.639375,0.0009469696969696769,1.0503121444824547e-08,0.007628306655986681,0.007628139831975741
fine,1.6400000000000001,0.0009469696969696769,1.050659430618433e-08,0.007614159621314158,0.007613993804970894
fine,1.640625,0.0009469696969696769,1.0509897285540704e-08,0.007600679834252135,0.007600515030542742
fine,1.64125,0.0009469696969698451,1.0513028649503036e-08,0.0075879022154102405,0.007587738428653874
fine,1.6418750000000002,0.0009469696969696769,1.051598677255073e-08,0.007575859832485236,0.007575697066377854
fine,1.6425,0.0009469696969696769,1.0518770141371148e-08,0.007564583628000686,0.007564421885641156
fine,1.6431250000000002,0.0009469696969696769,1.0521377365773758e-08,0.007554102157320998,0.00755394144123938
fine,1.64375,0.0009469696969696769,1.0523807186123652e-08,0.007544441338698155,0.007544281650886069
fine,1.6443750000000001,0.0009469696969696769,1.0526058478432746e-08,0.007535624217031301,0.007535465558974323
fine,1.645,0.0009469696969696769,1.0528130263155162e-08,0.00752767074293121,0.007527513115643103
fine,1.6456250000000001,0.0009469696969698451,1.0530021710248375e-08,0.007520597568583403,0.007520440972642134
fine,1.6462500000000002,0.0009469696969696769,1.0531732144641059e-08,0.007514417861797589,0.007514262297382921
fine,1.646875,0.0009469696969696769,1.0533261051562755e-08,0.007509141139516323,0.007508986606448899
fine,1.6475000000000002,0.0009469696969696769,1.0534608081766893e-08,0.007504773121934629,0.0075046196197163404
fine,1.648125,0.0009469696969696769,1.053577305324147e-08,0.007501315608254551,0.007501163136110043
fine,1.6487500000000002,0.0009469696969696769,1.0536755954679114e-08,0.007498766374965894,0.007498614931885018
fine,1.649375,0.0009469696969696769,1.053755695039849e-08,0.007497119097407211,0.0074969686821882275
fine,1.6500000000000001,0.0009469696969698451,1.053817638026066e-08,0.007496363295220573,0.0074962139065139505
fine,1.6506250000000002,0.0009469696969696769,1.0538614760808506e-08,0.007496484302170688,0.007496335938523245
fine,1.65125,0.0009469696969695087,1.0538872785661162e-08,0.0074974632606542874,0.0074973159205535215
fine,1.651875,0.0009469696969696769,1.0538951322456807e-08,0.007499277141080689,0.007499130822999038
fine,1.6525,0.0009469696969698451,1.0538851415097442e-08,0.007501898786159384,0.0075017534885982555
fine,1.6531250000000002,0.0009469696969696769,1.053857428174378e-08,0.0075052969799868086,0.007505152701520102
fine,1.65375,0.0009469696969696769,1.0538121309739276e-08,0.0075094365416827225,0.007509293280999686
fine,1.6543750000000002,0.0009469696969696769,1.0537494052883714e-08,0.007514278443187462,0.007514136199134656
fine,1.655,0.0009469696969696769,1.0536694227393827e-08,0.007519779950696068,0.007519638722318192
fine,1.6556250000000001,0.0009469696969696769,1.0535723705569747e-08,0.00752589478907386,0.007525754575653267
fine,1.65625,0.0009469696969696769,1.0534584511879845e-08,0.007532573328471867,0.007532434129566549
fine,1.656875,0.0009469696969698451,1.0533278816075501e-08,0.007539762792239539,0.007539624607719381
fine,1.6575000000000002,0.0009469696969696769,1.0531808925465728e-08,0.007547407485117518,0.007547270315198598
fine,1.658125,0.0009469696969696769,1.0530177276653922e-08,0.007555449040584698,0.007555312885861497
fine,1.6587500000000002,0.0009469696969696769,1.052838642892763e-08,0.007563826686132556,0.007563691547607878
fine,1.659375,0.0009469696969696769,1.0526439054416578e-08,0.007572477525145259,0.00757234340425765
fine,1.6600000000000001,0.0009469696969696769,1.0524337928700043e-08,0.007581336833977471,0.007581203732626008
fine,1.660625,0.0009469696969696769,1.0522085920910789e-08,0.0075903383727423425,0.0075902062933086755
fine,1.6612500000000001,0.0009469696969698451,1.0519685982263706e-08,0.007599414708250929,0.007599283653618352
fine,1.6618750000000002,0.0009469696969696769,1.0517141138379904e-08,0.007608497547480472,0.007608367521049965
fine,1.6625,0.0009469696969696769,1.0514454476061618e-08,0.007617518079893201,0.0076173890855963065
fine,1.6631250000000002,0.0009469696969696769,1.0511629132033829e-08,0.0076264073268790325,0.007626279369187445
fine,1.66375,0.0009469696969696769,1.0508668281972272e-08,0.007635096496554915,0.007634969580486708
fine,1.6643750000000002,0.0009469696969696769,1.0505575128206909e-08,0.007643517342120473,0.007643391473242918
fine,1.665,0.0009469696969696769,1.0502352887880243e-08,0.007651602521943431,0.007651477706372294
fine,1.6656250000000001,0.0009469696969698451,1.0499004782229391e-08,0.0076592859595295635,0.007659162203924864
fine,1.6662500000000002,0.0009469696969696769,1.0495534024009073e-08,0.007666503201519315,0.007666380513077517
fine,1.666875,0.0009469696969695087,1.0491943804389319e-08,0.007673191771847986,0.007673070158290601
fine,1.6675,0.0009469696969696769,1.0488237282598911e-08,0.00767929152020665,0.00767917098976526
fine,1.668125,0.0009469696969698451,1.0484417573974978e-08,0.007684744962947877,0.007684625524345567
fine,1.6687500000000002,0.0009469696969696769,1.0480487737810032e-08,0.007689497614592902,0.007689379277022154
fine,1.669375,0.0009469696969696769,1.0476450766636158e-08,0.007693498308115522,0.007693381081212617
fine,1.6700000000000002,0.0009469696969696769,1.0472309574960421e-08,0.007696699502202008,0.007696583396017998
fine,1.670625,0.0009469696969696769,1.0468066990220439e-08,0.0076990575737163475,0.00769894259868463
fine,1.6712500000000001,0.0009469696969696769,1.0463725739800663e-08,0.007700533093635876,0.0077004192605365125
fine,1.671875,0.0009469696969696769,1.0459288441496709e-08,0.00770109108476374,0.007700978404684604
fine,1.6725,0.0009469696969698451,1.0454757597621967e-08,0.007700701259572466,0.007700589743867321
fine,1.6731250000000002,0.0009469696969696769,1.0450135583862918e-08,0.007699338236586674,0.00769922789683031
fine,1.67375,0.0009469696969696769,1.04454246397329e-08,0.0076969817337737435,0.00769687258171434
fine,1.6743750000000002,0.0009469696969696769,1.0440626863051057e-08,0.007693616737478752,0.007693508784987599
fine,1.675,0.0009469696969696769,1.0435744201632781e-08,0.007689233645515357,0.007689126904534081
fine,1.6756250000000001,0.0009469696969696769,1.0430778447357643e-08,0.007683828383107252,0.007683722865592762
fine,1.67625,0.0009469696969696769,1.0425731231461256e-08,0.0076774024904666845,0.00767729820833399
fine,1.6768750000000001,0.0009469696969698451,1.0420604018003059e-08,0.0076699631808971516,0.007669860145960272
fine,1.6775000000000002,0.0009469696969696769,1.0415398100530809e-08,0.007661523368417789,0.007661421592328918
fine,1.678125,0.0009469696969696769,1.0410114596881491e-08,0.007652101664027261,0.0076520011582144444
fine,1.6787500000000002,0.0009469696969696769,1.0404754449132183e-08,0.0076417223398560375,0.007641623115459536
fine,1.679375,0.0009469696969696769,1.0399318421173158e-08,0.007630415260597621,0.00763031732840522
fine,1.6800000000000002,0.0009469696969696769,1.039380709453845e-08,0.007618215781762382,0.007618119152143863
fine,1.680625,0.0009469696969696769,1.0388220871639798e-08,0.007605164614461878,0.007605069297302876
fine,1.6812500000000001,0.0009469696969698451,1.0382559974731313e-08,0.007591307656607212,0.0075912136612427015
fine,1.6818750000000002,0.0009469696969696769,1.037682444644519e-08,0.007576695790591618,0.007576603125739282
fine,1.6825,0.0009469696969695087,1.037101415369189e-08,0.007561384647724816,0.007561293321418529
fine,1.683125,0.0009469696969696769,1.0365128788989285e-08,0.00754543433989442,0.007545344359418089
fine,1.68375,0.0009469696969698451,1.0359167873818694e-08,0.007528909159146389,0.007528820530968407
fine,1.6843750000000002,0.0009469696969696769,1.0353130765263899e-08,0.007511877246101554,0.007511789975810094
fine,1.685,0.0009469696969696769,1.0347016660076826e-08,0.00749441022835747,0.007494324320596891
fine,1.6856250000000002,0.0009469696969696769,1.0340824600290832e-08,0.007476582830261878,0.00747649828867045
fine,1.68625,0.0009469696969696769,1.0334553479372257e-08,0.007458472455685382,0.007458389282834602
fine,1.6868750000000001,0.0009469696969696769,1.0328202050229712e-08,0.0074401587456629815,0.00744007694299869
fine,1.6875,0.0009469696969696769,1.0321768935233386e-08,0.007421723113016165,0.007421642680801688
fine,1.688125,0.0009469696969698451,1.0315252633449921e-08,0.007403248256305368,0.007403169193566946
fine,1.6887500000000002,0.0009469696969696769,1.0308651529119037e-08,0.007384817655695795,0.00738473996017048
fine,1.689375,0.0009469696969696769,1.0301963903365385e-08,0.007366515053543335,0.007366438721629572
fine,1.6900000000000002,0.0009469696969696769,1.02951879445636e-08,0.007348423922720136,0.007348348949431238
fine,1.690625,0.0009469696969696769,1.0288321758285344e-08,0.007330626925897956,0.00733055330481866
fine,1.6912500000000001,0.0009469696969696769,1.0281363381038117e-08,0.007313205369188297,0.007313133092434589
fine,1.691875,0.0009469696969696769,1.0274310789473741e-08,0.007296238653699422,0.007296167711881794
fine,1.6925000000000001,0.0009469696969698451,1.0267161916489558e-08,0.007279803728708208,0.007279734110898503
fine,1.6931250000000002,0.0009469696969696769,1.0259914663083209e-08,0.0072639745502573695,0.00726390624395937
fine,1.69375,0.0009469696969696769,1.0252566906868986e-08,0.007248821549072297,0.007248754540196215
fine,1.6943750000000002,0.0009469696969696769,1.0245116521735573e-08,0.007234411111745699,0.007234345384586625
fine,1.695,0.0009469696969696769,1.0237561389409965e-08,0.007220805079159481,0.007220740616379959
fine,1.6956250000000002,0.0009469696969696769,1.0229899411652094e-08,0.007208060266099781,0.007207997048716584
fine,1.69625,0.0009469696969696769,1.0222128525125155e-08,0.007196228005973045,0.007196166013348213
fine,1.6968750000000001,0.0009469696969698451,1.021424671460523e-08,0.0071853537244454466,0.007185292934281665
fine,1.6975000000000002,0.0009469696969696769,1.0206252028145621e-08,0.007175476545705894,0.007175416934046247
fine,1.698125,0.0009469696969695087,1.019814258997277e-08,0.0071666289348931034,0.007166570476125244
fine,1.69875,0.0009469696969696769,1.0189916613163541e-08,0.007158836380030885,0.007158779046895631
fine,1.699375,0.0009469696969698451,1.0181572413276759e-08,0.0071521171165828,0.007152060880187147
fine,1.7000000000000002,0.0009469696969696769,1.0173108423229178e-08,0.0071464818974695185,0.007146426727304051
fine,1.700625,0.0009469696969696769,1.0164523203651105e-08,0.0071419338110909995,0.007141879675051673
fine,1.7012500000000002,0.0009469696969696769,1.015581545528021e-08,0.007138468149562923,0.0071384150139771636
fine,1.701875,0.0009469696969696769,1.0146984032796498e-08,0.007136072329015367,0.007136020158672408
fine,1.7025000000000001,0.0009469696969696769,1.013802795459016e-08,0.0071347258634142895,0.007134674621599692
fine,1.703125,0.0009469696969696769,1.012894641334248e-08,0.007134400392956292,0.007134350041490509
fine,1.70375,0.0009469696969698451,1.011973878801439e-08,0.0071350597676578045,0.007135010266938732
fine,1.7043750000000002,0.0009469696969696769,1.0110404652332755e-08,0.007136660186315508,0.007136611495364819
fine,1.705,0.0009469696969696769,1.0100943783565662e-08,0.007139150390559085,0.007139102467072306
fine,1.7056250000000002,0.0009469696969696769,1.0091356170438036e-08,0.0071424719132553195,0.007142424713655414
fine,1.70625,0.0009469696969696769,1.0081642021309244e-08,0.00714655938005782,0.007146512859552169
fine,1.7068750000000001,0.0009469696969696769,1.0071801771827425e-08,0.007151340862434798,0.00715129497507537
fine,1.7075,0.0009469696969696769,1.0061836088939417e-08,0.007156738280052153,0.00715669297879871
fine,1.7081250000000001,0.0009469696969698451,1.0051745877023533e-08,0.00716266784994622,0.007162623086732345
fine,1.7087500000000002,0.0009469696969696769,1.0041532282130533e-08,0.007169040579493736,0.007168996305295499
fine,1.709375,0.0009469696969696769,1.003119669597412e-08,0.00717576279978116,0.007175718964688205
fine,1.7100000000000002,0.0009469696969696769,1.0020740757564352e-08,0.0071827367355956784,0.007182693288884543
fine,1.710625,0.0009469696969696769,1.0010166354811421e-08,0.007189861107909966,0.007189817998119392
fine,1.7112500000000002,0.0009469696969696769,9.999475626687107e-09,0.0071970317644166615,0.007196988939424699
fine,1.711875,0.0009469696969696769,9.988670962659352e-09,0.007204142333389943,0.007204099740492617
fine,1.7125000000000001,0.0009469696969698451,9.977755001503496e-09,0.0072110848959139285,0.007211042481905265
fine,1.7131250000000002,0.0009469696969696769,9.966730630531411e-09,0.007217750671324049,0.007217708382577215
fine,1.71375,0.0009469696969695087,9.955600983190894e-09,0.007224030710560802,0.0072239884931101644
fine,1.714375,0.0009469696969696769,9.944369434389885e-09,0.007229816592037044,0.007229774391660912
fine,1.715,0.0009469696969698451,9.933039598961901e-09,0.0072350011145722645,0.007234958876876128
fine,1.7156250000000002,0.0009469696969696769,9.921615327148596e-09,0.007239478981951552,0.00723943665245157
fine,1.71625,0.0009469696969696769,9.9101006969807e-09,0.0072431474737226,0.007243104997929187
fine,1.7168750000000002,0.0009469696969696769,9.898500010663954e-09,0.007245907096952761,0.007245864420454003
fine,1.7175,0.0009469696969696769,9.886817787229128e-09,0.0072476622138275965,0.0072476192823723706
fine,1.7181250000000001,0.0009469696969696769,9.875058755681002e-09,0.007248321640182954,0.007248278399763521
fine,1.71875,0.0009469696969696769,9.863227848548832e-09,0.0072477992103211035,0.0072477556072550135
fine,1.719375,0.0009469696969698451,9.851330193308502e-09,0.007246014303766651,0.00724597028477777
fine,1.7200000000000002,0.0009469696969696769,9.83937110345287e-09,0.00724289232996627,0.00724284784226481
fine,1.720625,0.0009469696969696769,9.827356070290804e-09,0.007238365167324386,0.007238320158685717
fine,1.7212500000000002,0.0009469696969696769,9.815290755748827e-09,0.007232371553390691,0.0072323259722328155
fine,1.721875,0.0009469696969696769,9.803180981495602e-09,0.007224857423470619,0.007224811218930186
fine,1.7225000000000001,0.0009469696969696769,9.791032718114018e-09,0.007215776195411123,0.007215729317417815
fine,1.723125,0.0009469696969696769,9.778852078560404e-09,0.007205088998816571,0.007205041398165756
fine,1.7237500000000001,0.0009469696969698451,9.766645307193323e-09,0.007192764847467161,0.007192716475890667
fine,1.7243750000000002,0.0009469696969696769,9.754418769030487e-09,0.00717878075423953,0.007178731564474469
fine,1.725,0.0009469696969696769,9.742178941752012e-09,0.007163121788359919,0.0071630717342154055
fine,1.7256250000000002,0.0009469696969696769,9.729932404127926e-09,0.007145781075348031,0.007145730111769739
fine,1.72625,0.0009469696969696769,9.717685827268385e-09,0.0071267597405293755,0.007126707823661793
fine,1.7268750000000002,0.0009469696969696769,9.705445964115323e-09,0.00710606679749811,0.007106013884744469
fine,1.7275,0.0009469696969696769,9.693219639711151e-09,0.007083718983396652,0.007083665033476362
fine,1.7281250000000001,0.0009469696969698451,9.681013742883164e-09,0.007059740543336084,0.00705968551633966
fine,1.7287500000000002,0.0009469696969696769,9.66883521522328e-09,0.007034162966708392,0.007034106824149789
fine,1.729375,0.0009469696969695087,9.656691042408087e-09,0.007007024678532037,0.007006967383398295
fine,1.73,0.0009469696969696769,9.644588244859911e-09,0.0069783706893228915,0.0069783122061210495
fine,1.730625,0.0009469696969698451,9.63253386839493e-09,0.006948252207289336,0.006948192502090529
fine,1.7312500000000002,0.0009469696969696769,9.620534976575413e-09,0.006916726216909971,0.006916665257390669
fine,1.731875,0.0009469696969696769,9.608598640863944e-09,0.006883855028162387,0.006883792783642733
fine,1.7325000000000002,0.0009469696969696769,9.596731933245986e-09,0.006849705800831213,0.006849642242310349
fine,1.733125,0.0009469696969696769,9.584941917118927e-09,0.006814350048431316,0.006814285148619708
fine,1.7337500000000001,0.0009469696969696769,9.573235639460507e-09,0.006777863126336454,0.00677779685968515
fine,1.734375,0.0009469696969696769,9.561620123586598e-09,0.006740323708708597,0.006740256051435357
fine,1.735,0.0009469696969698451,9.550102361744765e-09,0.0067018132587756555,0.0067017441888879165
fine,1.7356250000000002,0.0009469696969696769,9.538689308216165e-09,0.006662415496910835,0.006662344994225494
fine,1.73625,0.0009469696969696769,9.527387870125058e-09,0.0066222158708254385,0.006622143916985408
fine,1.7368750000000002,0.0009469696969696769,9.516204902523197e-09,0.006581301032004002,0.0065812276104915
fine,1.7375,0.0009469696969696769,9.505147201652605e-09,0.006539758322287543,0.006539683418434102
fine,1.7381250000000001,0.0009469696969696769,9.494221498167929e-09,0.006497675274253392,0.006497598875246569
fine,1.73875,0.0009469696969696769,9.483434450824709e-09,0.00645513912875283,0.006455061223639598
fine,1.7393750000000001,0.0009469696969698451,9.472792640138977e-09,0.0064122363726542685,0.006412156952341078
fine,1.7400000000000002,0.0009469696969696769,9.46230256329206e-09,0.006369052299506909,0.006368971356756432
fine,1.740625,0.0009469696969696769,9.45197062904212e-09,0.0063256705954910005,0.00632558812491553
fine,1.7412500000000002,0.0009469696969696769,9.441803151665568e-09,0.006282172952663375,0.00628208895071492
fine,1.741875,0.0009469696969696769,9.431806344871882e-09,0.006238638711144143,0.006238553176101228
fine,1.7425000000000002,0.0009469696969696769,9.421986318276334e-09,0.006195144531527908,0.0061950574634791165
fine,1.743125,0.0009469696969696769,9.4123490719922e-09,0.006151764098447933,0.006151675499272176
fine,1.7437500000000001,0.0009469696969698451,9.402900492186304e-09,0.006108567855873185,0.0061084777292168095
fine,1.7443750000000002,0.0009469696969696769,9.39364634672187e-09,0.006065622774388207,0.006065531125638946
fine,1.745,0.0009469696969695087,9.38459228112827e-09,0.006022992150390465,0.006022898986648305
fine,1.745625,0.0009469696969696769,9.375743813969808e-09,0.005980735436847658,0.005980640766892685
fine,1.74625,0.0009469696969698451,9.367106332820187e-09,0.00593890810498976,0.005938811939247083
fine,1.7468750000000002,0.0009469696969696769,9.358685092344204e-09,0.005897561536068002,0.005897463886569801
fine,1.7475,0.0009469696969696769,9.350485209626013e-09,0.005856742942100015,0.00585664382244484
fine,1.7481250000000002,0.0009469696969696769,9.342511660048278e-09,0.005816495314335491,0.005816394739644914
fine,1.74875,0.0009469696969696769,9.33476927607814e-09,0.005776857398022537,0.005776755384895244
fine,1.7493750000000001,0.0009469696969696769,9.327262743495291e-09,0.005737863691929463,0.005737760258392926
fine,1.75,0.0009469696969696769,9.319996598686446e-09,0.005699544470981303,0.005699439636441161
fine,1.750625,0.0009469696969698451,9.3129752263467e-09,0.005661925830301817,0.005661819615489073
fine,1.7512500000000002,0.0009469696969696769,9.30620285690372e-09,0.0056250297489116325,0.00562492217582785
fine,1.751875,0.0009469696969696769,9.29968356527125e-09,0.005588874171314954,0.005588765263175537
fine,1.7525000000000002,0.0009469696969696769,9.293421268263852e-09,0.005553473105214306,0.005553362886390084
fine,1.753125,0.0009469696969696769,9.287419723133408e-09,0.005518836733618409,0.005518725229575628
fine,1.7537500000000001,0.0009469696969696769,9.281682525331122e-09,0.005484971539650779,0.005484858776889679
fine,1.754375,0.0009469696969696769,9.276213108063861e-09,0.005451880442426036,0.005451766448418178
fine,1.7550000000000001,0.0009469696969698451,9.27101474161066e-09,0.005419562942430012,0.005419447745554497
fine,1.7556250000000002,0.0009469696969696769,9.266090531062674e-09,0.005388015274919942,0.0053878989043987385
fine,1.75625,0.0009469696969696769,9.261443415805638e-09,0.00535723056994718,0.005357113055779657
fine,1.7568750000000002,0.0009469696969696769,9.257076169697836e-09,0.005327199017696119,0.005327080390592997
fine,1.7575,0.0009469696969696769,9.2529913995813e-09,0.005297908037925965,0.005297788329242853
fine,1.7581250000000002,0.0009469696969696769,9.249191545622209e-09,0.005269342452395631,0.005269221694066275
fine,1.75875,0.0009469696969696769,9.245678881453708e-09,0.005241484659244562,0.005241362883714004
fine,1.7593750000000001,0.0009469696969698451,9.242455512930933e-09,0.0052143148083914174,0.0052141920485491945
fine,1.7600000000000002,0.0009469696969696769,9.239523379359298e-09,0.005187810977098608,0.005187687266212184
fine,1.760625,0.0009469696969695087,9.236884253209165e-09,0.0051619493449314375,0.0051618247165799705
fine,1.76125,0.0009469696969696769,9.234539741024769e-09,0.00513670436741682,0.00513657885542544
fine,1.761875,0.0009469696969698451,9.232491283677883e-09,0.005112048947776577,0.005111922586151311
fine,1.7625000000000002,0.0009469696969696769,9.23074015619176e-09,0.005087954606175356,0.0050878274290388405
fine,1.763125,0.0009469696969696769,9.229287469691457e-09,0.005064391645982625,0.005064263687510725
fine,1.7637500000000002,0.0009469696969696769,9.228134172015247e-09,0.005041329316602176,0.005041200610961626
fine,1.764375,0.0009469696969696769,9.227281048525258e-09,0.005018735972472601,0.005018606553759819
fine,1.7650000000000001,0.0009469696969696769,9.226728723338769e-09,0.004996579227887031,0.0049964491300681785
fine,1.765625,0.0009469696969696769,9.22647765991911e-09,0.004974826107322458,0.004974695364174872
fine,1.76625,0.0009469696969698451,9.226528163290296e-09,0.004953443191007264,0.004953311836062355
fine,1.7668750000000002,0.0009469696969696769,9.226880381517531e-09,0.004932396755491988,0.004932264821979686
fine,1.7675,0.0009469696969696769,9.227534305770417e-09,0.004911652909022172,0.004911520429817029
fine,1.7681250000000002,0.0009469696969696769,9.228489773444093e-09,0.004891177721544781,0.00489104472911377
fine,1.76875,0.0009469696969696769,9.229746469517201e-09,0.004870937349211296,0.0048708038755634125
fine,1.7693750000000001,0.0009469696969696769,9.231303928403008e-09,0.004850898153270946,0.0048507642299086655
fine,1.77,0.0009469696969696769,9.233161535773868e-09,0.004831026813277718,0.004830892471150365
fine,1.7706250000000001,0.0009469696969698451,9.235318529989323e-09,0.004811290434563869,0.004811155704022966
fine,1.7712500000000002,0.0009469696969696769,9.237774005277049e-09,0.004791656649962048,0.004791521560718659
fine,1.771875,0.0009469696969696769,9.240526913865323e-09,0.0047720937157855045,0.004771958296869671
fine,1.7725000000000002,0.0009469696969696769,9.243576068044387e-09,0.004752570602103616,0.004752434881825869
fine,1.773125,0.0009469696969696769,9.246920143109172e-09,0.004733057077376125,0.004732921083291142
fine,1.7737500000000002,0.0009469696969696769,9.250557679483113e-09,0.004713523787533305,0.0047133875464057395
fine,1.774375,0.0009469696969696769,9.254487084913006e-09,0.004693942329612923,0.004693805867385415
fine,1.7750000000000001,0.0009469696969698451,9.258706639264827e-09,0.004674285320084532,0.004674148661847927
fine,1.7756250000000002,0.0009469696969696769,9.263214496870646e-09,0.004654526458009791,0.004654389627975588
fine,1.77625,0.0009469696969695087,9.268008688665771e-09,0.004634640583201981,0.00463450360467705
fine,1.776875,0.0009469696969696769,9.2730871257872e-09,0.00461460372955949,0.004614466624923017
fine,1.7775,0.0009469696969698451,9.27844760400445e-09,0.004594393173755372,0.004594255964438083
fine,1.7781250000000002,0.0009469696969696769,9.28408780666749e-09,0.004573987479469154,0.0045738501859348205
fine,1.77875,0.0009469696969696769,9.290005309158816e-09,0.004553366537346561,0.0045532291790757635
fine,1.7793750000000002,0.0009469696969696769,9.296197581636299e-09,0.004532511600868783,0.004532374196344967
fine,1.78,0.0009469696969696769,9.302661993591217e-09,0.004511405318304485,0.004511267885002293
fine,1.7806250000000001,0.0009469696969696769,9.309395819097421e-09,0.004490031760905501,0.004489894315281371
fine,1.78125,0.0009469696969696769,9.316396239961303e-09,0.004468376447492059,0.004468239004977094
fine,1.781875,0.0009469696969698451,9.323660350032574e-09,0.004446426365553764,0.004446288940548883
fine,1.7825000000000002,0.0009469696969696769,9.331185160538018e-09,0.004424169988971922,0.004424032594845232
fine,1.783125,0.0009469696969696769,9.33896760562239e-09,0.004401597292444734,0.0044014599415311585
fine,1.7837500000000002,0.0009469696969696769,9.347004545831488e-09,0.004378699762671856,0.004378562466275
fine,1.784375,0.0009469696969696769,9.355292773465645e-09,0.00435547040632937,0.004355333174725582
fine,1.7850000000000001,0.0009469696969696769,9.363829018582709e-09,0.004331903754840079,0.004331766597284714
fine,1.785625,0.0009469696969696769,9.372609954056637e-09,0.004307995865919234,0.0043078587906550895
fine,1.7862500000000001,0.0009469696969698451,9.381632200400484e-09,0.004283744321852108,0.0042836073361200025
fine,1.7868750000000002,0.0009469696969696769,9.390892332453731e-09,0.004259148224438938,0.004259011334490413
fine,1.7875,0.0009469696969696769,9.400386884164204e-09,0.004234208186524376,0.004234071397636506
fine,1.7881250000000002,0.0009469696969696769,9.410112353862508e-09,0.004208926320013984,0.004208789636506243
fine,1.78875,0.0009469696969696769,9.42006521115239e-09,0.004183306220270464,0.004183169645523621
fine,1.7893750000000002,0.0009469696969696769,9.43024190305167e-09,0.00415735294677637,0.0041572164832533644
fine,1.79,0.0009469696969696769,9.440638858606445e-09,0.004131072999950014,0.004130936649218804
fine,1.7906250000000001,0.0009469696969698451,9.451252495399378e-09,0.004104474294005834,0.004104338056764132
fine,1.7912500000000002,0.0009469696969696769,9.462079226189433e-09,0.004077566125761837,0.004077430001863704
fine,1.791875,0.0009469696969695087,9.473115463658252e-09,0.004050359139311599,0.004050223127795855
fine,1.7925,0.0009469696969696769,9.484357627660323e-09,0.004022865286500626,0.004022729385620994
fine,1.793125,0.0009469696969698451,9.495802150507714e-09,0.003995097783173198,0.003994961990430132
fine,1.7937500000000002,0.0009469696969696769,9.507445481851007e-09,0.003967071061186562,0.003966935373360737
fine,1.794375,0.0009469696969696769,9.51928409639837e-09,0.003938800716225215,0.003938665129412505
fine,1.7950000000000002,0.0009469696969696769,9.531314498578249e-09,0.003910303451486937,0.0039101679611349294
fine,1.795625,0.0009469696969696769,9.54353322765059e-09,0.003881597017353978,0.0038814616182998585
fine,1.7962500000000001,0.0009469696969696769,9.555936864339902e-09,0.003852700147206595,0.003852564833716367
fine,1.796875,0.0009469696969696769,9.568522034431808e-09,0.0038236324895817974,0.003823497255390735
fine,1.7975,0.0009469696969698451,9.581285415327691e-09,0.0037944145369252632,0.00379427937527949
fine,1.7981250000000002,0.0009469696969696769,9.594223740591321e-09,0.0037650675512297155,0.0037649324549288415
fine,1.79875,0.0009469696969696769,9.607333803496254e-09,0.0037356134868964577,0.0037354784483371707
fine,1.7993750000000002,0.0009469696969696769,9.620612462803906e-09,0.003706074911198534,0.0037059399224190137
fine,1.8,0.0009469696969696769,9.634056645594708e-09,0.00367647492276193,0.0036763399754870044
fine,1.8006250000000001,0.0009469696969696769,9.64766335178589e-09,0.00364683706851559,0.003646702154202521
fine,1.80125,0.0009469696969696769,9.661429656901062e-09,0.003617185259591619,0.0036170503694763828
fine,1.8018750000000001,0.0009469696969698451,9.67535271577008e-09,0.0035875436866805955,0.003587408811824555
fine,1.8025000000000002,0.0009469696969696769,9.689429764904205e-09,0.003557936735367131,0.0035578018667039727
fine,1.803125,0.0009469696969696769,9.703658123840113e-09,0.003528388901983086,0.0035282540303658875
fine,1.8037500000000002,0.0009469696969696769,9.718035198612121e-09,0.003498924710522577,0.0034987898267709074
fine,1.804375,0.0009469696969696769,9.73255848167549e-09,0.003469568631163127,0.0034694337261100133
fine,1.8050000000000002,0.0009469696969696769,9.747225553476438e-09,0.0034403450009304042,0.0034402100654690533
fine,1.805625,0.0009469696969696769,9.762034082878386e-09,0.003411277947031037,0.003411142972161177
fine,1.8062500000000001,0.0009469696969698451,9.776981826560706e-09,0.0033823913133578056,0.0033822562902315213
fine,1.8068750000000002,0.0009469696969696769,9.79206662905727e-09,0.003353708590646088,0.0033535735106130023
fine,1.8075,0.0009469696969695087,9.807286421573401e-09,0.003325252850728128,0.0033251177053797974
fine,1.808125,0.0009469696969696769,9.822639219656411e-09,0.0032970466852942377,0.003296911466507647
fine,1.80875,0.0009469696969698451,9.838123121495032e-09,0.003269112149527872,0.003268976849507892
fine,1.8093750000000002,0.0009469696969696769,9.853736305974402e-09,0.0032414707109344886,0.003241335322255138
fine,1.81,0.0009469696969696769,9.869477027917976e-09,0.0032141432036328806,0.0032140077192773136
fine,1.8106250000000002,0.0009469696969696769,9.885343615532666e-09,0.003187149788324033,0.003187014201723094
fine,1.81125,0.0009469696969696769,9.901334465809495e-09,0.003160509918095907,0.003160374223165144
fine,1.8118750000000001,0.0009469696969696769,9.917448038814738e-09,0.003134242310163313,0.0031341065013383296
fine,1.8125,0.0009469696969696769,9.933682854178374e-09,0.0031083649235830457,0.0031082289958530877
fine,1.813125,0.0009469696969698451,9.950037484216837e-09,0.0030828949429235596,0.0030827588918632192
fine,1.8137500000000002,0.0009469696969696769,9.966510547011652e-09,0.003057848767808665,0.0030577125896076194
fine,1.814375,0.0009469696969696769,9.983100700549441e-09,0.0030332420081950703,0.0030331056996857524
fine,1.8150000000000002,0.0009469696969696769,9.999806636150972e-09,0.003009089485186216,0.003008953043869301
fine,1.815625,0.0009469696969696769,1.0016627069653693e-08,0.0029854052371288396,0.0029852686611965182
fine,1.8162500000000001,0.0009469696969696769,1.0033560733496702e-08,0.0029622025306856254,0.0029620658190425662
fine,1.816875,0.0009469696969696769,1.005060637015291e-08,0.0029394938765278642,0.0029393570288097698
fine,1.8175000000000001,0.0009469696969698451,1.006776272162257e-08,0.0029172910492455822,0.0029171540658353467
fine,1.8181250000000002,0.0009469696969696769,1.008502852109732e-08,0.002895605111031034,0.002895467993072407
fine,1.81875,0.0009469696969696769,1.0102402484914457e-08,0.002874446438653832,0.0028743091880625454
fine,1.8193750000000002,0.0009469696969696769,1.0119883301921238e-08,0.0028538247532139765,0.002853687372686344
fine,1.82,0.0009469696969696769,1.013746962419274e-08,0.0028337491521317204,0.00283361164515066
fine,1.8206250000000002,0.0009469696969696769,1.0155160058544707e-08,0.0028142281428114252,0.0028140905136498813
fine,1.82125,0.0009469696969696769,1.0172953156745766e-08,0.002795269677401127,0.0027951319311229177
fine,1.8218750000000001,0.0009469696969698451,1.0190847404377075e-08,0.002776881188058681,0.002776743330516778
fine,1.8225000000000002,0.0009469696969696769,1.0208841212932709e-08,0.0027590696221318385,0.002758931659964072
fine,1.823125,0.0009469696969695087,1.0226932910175435e-08,0.0027418414766609165,0.002741703417283137
fine,1.82375,0.0009469696969696769,1.024512073003034e-08,0.002725202831620494,0.002725064683217252
fine,1.824375,0.0009469696969698451,1.0263402804095239e-08,0.002709159381330311,0.002709021152843076
fine,1.8250000000000002,0.0009469696969696769,1.0281777151871566e-08,0.0026937164634846435,0.0026935781645976158
fine,1.825625,0.0009469696969696769,1.030024167288909e-08,0.0026788790852745195,0.0026787407263981046
fine,1.8262500000000002,0.0009469696969696769,1.0318794138084408e-08,0.002664651946107356,0.0026645135383593756
fine,1.826875,0.0009469696969696769,1.0337432181716166e-08,0.0026510394564642405,0.0026509010116489476
fine,1.8275000000000001,0.0009469696969696769,1.0356153293888053e-08,0.00263804575247523,0.00263790728306022
fine,1.828125,0.0009469696969696769,1.0374954813122257e-08,0.002625674705838103,0.002625536224929219
fine,1.82875,0.0009469696969698451,1.0393833919642938e-08,0.0026139299287547615,0.002613791450069093
fine,1.8293750000000002,0.0009469696969696769,1.041278763017909e-08,0.0026028147736126776,0.002602676311449738
fine,1.83,0.0009469696969696769,1.0431812791060735e-08,0.0025923323271943525,0.002592193896405589
fine,1.8306250000000002,0.0009469696969696769,1.0450906072880662e-08,0.0025824853992571345,0.0025823470152138627
fine,1.83125,0.0009469696969696769,1.0470063967756828e-08,0.0025732765053869612,0.0025731381839468287
fine,1.8318750000000001,0.0009469696969696769,1.0489282784393831e-08,0.0025647078440925323,0.0025645696015646853
fine,1.8325,0.0009469696969696769,1.0508558644736133e-08,0.0025567812681713156,0.0025566431212803624
fine,1.8331250000000001,0.0009469696969698451,1.0527887482116486e-08,0.0025494982504437273,0.002549360216292645
fine,1.8337500000000002,0.0009469696969696769,1.0547265039209652e-08,0.0025428598440175375,0.002542721940049651
fine,1.834375,0.0009469696969696769,1.0566686866740896e-08,0.002536866637309585,0.002536728881269768
fine,1.8350000000000002,0.0009469696969696769,1.0586148322896095e-08,0.00253151870411622,0.0025313811140114575
fine,1.835625,0.0009469696969696769,1.060564457402002e-08,0.002526815549086574,0.002526678143146006
fine,1.8362500000000002,0.0009469696969696769,1.0625170595979785e-08,0.0025227560490134766,0.002522618845648082
fine,1.836875,0.0009469696969696769,1.0644721175146645e-08,0.0025193383904149715,0.002519201408177028
fine,1.8375000000000001,0.0009469696969698451,1.0664290910866e-08,0.0025165600039342606,0.002516423261476726
fine,1.8381250000000002,0.0009469696969696769,1.0683874219567233e-08,0.0025144174961371996,0.0025142810121731255
fine,1.83875,0.0009469696969695087,1.070346533723153e-08,0.0025129065793335166,0.002512770372595663
fine,1.839375,0.0009469696969696769,1.0723058324443314e-08,0.0025120220000903106,0.0025118860892910794
fine,1.84,0.0009469696969698451,1.0742647071987837e-08,0.002511757467143663,0.002511621870935469
fine,1.8406250000000002,0.0009469696969696769,1.0762225305869463e-08,0.0025121055794458374,0.0025119703163820626
fine,1.84125,0.0009469696969696769,1.0781786593874832e-08,0.002513057755111417,0.00251292284360806
fine,1.8418750000000002,0.0009469696969696769,1.080132435290606e-08,0.0025146041620451327,0.0025144696203432742
fine,1.8425,0.0009469696969696769,1.0820831856382284e-08,0.002516733651047075,0.0025165994971762706
fine,1.8431250000000001,0.0009469696969696769,1.0840302241520961e-08,0.0025194336921971184,0.002519299943939837
fine,1.84375,0.0009469696969696769,1.0859728518691228e-08,0.002522690315319407,0.002522556990176599
fine,1.844375,0.0009469696969698451,1.0879103580559649e-08,0.0025264880553197006,0.0025263551704776174
fine,1.8450000000000002,0.0009469696969696769,1.0898420210836684e-08,0.0025308099031729958,0.0025306774754713392
fine,1.845625,0.0009469696969696769,1.091767109375745e-08,0.0025356372633162927,0.002535505309217796
fine,1.8462500000000002,0.0009469696969696769,1.0936848825083324e-08,0.0025409499181714987,0.0025408184537329985
fine,1.846875,0.0009469696969696769,1.0955945922592152e-08,0.0025467260004864677,0.0025465950413315576
fine,1.8475000000000001,0.0009469696969696769,1.0974954835780835e-08,0.002552941974138335,0.002552811535431669
fine,1.848125,0.0009469696969696769,1.0993867957924383e-08,0.0025595726239925286,0.002559442720415839
fine,1.8487500000000001,0.0009469696969698451,1.1012677636706979e-08,0.002566591055353943,0.0025664617010838177
fine,1.8493750000000002,0.0009469696969696769,1.1031376185489535e-08,0.002573968703483343,0.0025738399121708333
fine,1.85,0.0009469696969696769,1.1049955894795767e-08,0.0025816753535836453,0.0025815471383357274
fine,1.8506250000000002,0.0009469696969696769,1.1068409043689157e-08,0.0025896791715865584,0.0025895515449495046
fine,1.85125,0.0009469696969696769,1.1086727912077573e-08,0.002597946745991541,0.002597819719936213
fine,1.8518750000000002,0.0009469696969696769,1.1104904791276257e-08,0.002606443140926837,0.002606316726835947
fine,1.8525,0.0009469696969696769,1.1122931995353615e-08,0.0026151319605161394,0.0026150061691734925
fine,1.8531250000000001,0.0009469696969698451,1.1140801873551601e-08,0.0026239754245462195,0.002623850266127938
fine,1.8537500000000002,0.0009469696969696769,1.1158506820730762e-08,0.002632934455340371,0.002632809939408124
fine,1.854375,0.0009469696969695087,1.117603928901679e-08,0.002641968775651123,0.0026418449111473524
fine,1.855,0.0009469696969696769,1.1193391798449776e-08,0.0026510370172936155,0.0026509138125387567
fine,1.855625,0.0009469696969698451,1.121055694737302e-08,0.0026600968401499876,0.0026599743028416795
fine,1.8562500000000002,0.0009469696969696769,1.1227527423633915e-08,0.0026691050610847516,0.0026689831982990033
fine,1.856875,0.0009469696969696769,1.1244296013872269e-08,0.002678017792223467,0.00267789661041778
fine,1.8575000000000002,0.0009469696969696769,1.1260855613780497e-08,0.0026867905879617952,0.0026866700929801916
fine,1.858125,0.0009469696969696769,1.1277199237817999e-08,0.0026953785999909593,0.00269525879707089
fine,1.8587500000000001,0.0009469696969696769,1.1293320028146518e-08,0.002703736739548883,0.0027036176333299767
fine,1.859375,0.0009469696969696769,1.130921126258212e-08,0.002711819846034638,0.0027117014405692516
fine,1.86,0.0009469696969698451,1.1324866363246226e-08,0.002719582861058727,0.0027194651598242314
fine,1.8606250000000002,0.0009469696969696769,1.1340278905209298e-08,0.002726981006942474,0.0027268640128552167
fine,1.86125,0.0009469696969695087,1.1355442622102374e-08,0.0027339699686284476,0.0027338536840593557
fine,1.861875,0.0009469696969698451,1.1370351413245856e-08,0.002740506077919874,0.002740390504711595
fine,1.8625000000000003,0.0009469696969698451,1.1384999350919323e-08,0.0027465464989313466,0.0027464316384168746
fine,1.8631250000000001,0.0009469696969695087,1.139938068492918e-08,0.0027520494136061297,0.0027519352666288298
fine,1.86375,0.0009469696969696769,1.1413489847944207e-08,0.0027569742061373456,0.0027568607730722944
fine,1.8643750000000001,0.0009469696969698451,1.1427321459810529e-08,0.002761281645121257,0.002761168925897813
fine,1.8650000000000002,0.0009469696969696769,1.1440870331497039e-08,0.002764934062271429,0.0027648220563969315
fine,1.865625,0.0009469696969695087,1.1454131467744782e-08,0.002767895526532156,0.002767784233116668
fine,1.86625,0.0009469696969696769,1.1467100070790256e-08,0.002770132012448796,0.0027700214302307687
fine,1.866875,0.0009469696969698451,1.1479771541598424e-08,0.002771611561680911,0.0027715016890536726
fine,1.8675000000000002,0.0009469696969696769,1.149214148064018e-08,0.0027723044365814816,0.0027721952716204547
fine,1.868125,0.0009469696969696769,1.150420569012246e-08,0.0027721832648117273,0.0027720748053022314
fine,1.8687500000000001,0.0009469696969698451,1.1515960172473922e-08,0.00277122317401544,0.002771115417480985
fine,1.8693750000000002,0.0009469696969696769,1.1527401129711893e-08,0.002769401915639292,0.0027692948593702384
fine,1.87,0.0009469696969695087,1.1538524963829171e-08,0.002766699977055513,0.0027665936181379656
fine,1.870625,0.0009469696969696769,1.154932827389293e-08,0.002763100681219999,0.0027629950165648284
fine,1.87125,0.0009469696969698451,1.1559807852364803e-08,0.002758590273182023,0.002758485299553884
fine,1.8718750000000002,0.0009469696969696769,1.1569960684257647e-08,0.002753157992850061,0.0027530537068962703
fine,1.8725,0.0009469696969696769,1.1579783942510306e-08,0.0027467961335115292,0.0027466925317906994
fine,1.8731250000000002,0.0009469696969698451,1.158927498324718e-08,0.002739500085701441,0.002739397164711729
fine,1.8737500000000002,0.0009469696969696769,1.1598431342324781e-08,0.0027312683661152417,0.0027311661223220983
fine,1.8743750000000001,0.0009469696969695087,1.1607250729032267e-08,0.0027221026313636763,0.002722001061226972
fine,1.875,0.0009469696969696769,1.1615731020865991e-08,0.0027120076764714967,0.0027119067764719076
fine,1.875625,0.0009469696969698451,1.1623870257459908e-08,0.002700991418126292,0.002700891184790827
fine,1.8762500000000002,0.0009469696969696769,1.1631666633857986e-08,0.002689064862787731,0.0026889652927142896
fine,1.876875,0.0009469696969695087,1.1639118494117626e-08,0.0026762420598702365,0.0026761431497510954
fine,1.8775,0.0009469696969698451,1.164622432339419e-08,0.002662540040312826,0.0026624417869569456
fine,1.8781250000000003,0.0009469696969698451,1.1652982740637456e-08,0.0026479787409472394,0.002647881141301295
fine,1.8787500000000001,0.0009469696969695087,1.1659392491427992e-08,0.002632580915169334,0.0026324839663373865
fine,1.879375,0.0009469696969696769,1.1665452439149424e-08,0.0026163720305076256,0.002616275729769345
fine,1.8800000000000001,0.0009469696969698451,1.167116155761604e-08,0.0025993801537668266,0.002599284498594188
fine,1.8806250000000002,0.0009469696969696769,1.1676518922801802e-08,0.0025816358245015474,0.0025815408125739385
fine,1.88125,0.0009469696969695087,1.1681523703717856e-08,0.002563171917646563,0.0025630775468642435
fine,1.881875,0.0009469696969696769,1.1686175154733644e-08,0.002544023496193517,0.002543929764689373
fine,1.8825,0.0009469696969698451,1.169047260817667e-08,0.0025242276548601943,0.0025241345610097408
fine,1.8831250000000002,0.0009469696969696769,1.1694415464795685e-08,0.0025038233557460664,0.0025037308981756805
fine,1.88375,0.0009469696969696769,1.1698003185088517e-08,0.0024828512570075597,0.0024827594346009093
fine,1.8843750000000001,0.0009469696969698451,1.1701235283580502e-08,0.002461353535616836,0.0024612623475194833
fine,1.8850000000000002,0.0009469696969696769,1.1704111319637765e-08,0.0024393737052902306,0.0024392831509124197
fine,1.885625,0.0009469696969695087,1.1706630889901402e-08,0.0024169564306852883,0.0024168665097029102
fine,1.88625,0.0009469696969696769,1.1708793621747504e-08,0.0023941473389694403,0.002394058051323193
fine,1.886875,0.0009469696969698451,1.1710599165443259e-08,0.0023709928298591403,0.002370904175751908
fine,1.8875000000000002,0.0009469696969696769,1.1712047188489844e-08,0.0023475398852152,0.002347451865107676
fine,1.888125,0.0009469696969696769,1.1713137368957749e-08,0.0023238358792585026,0.002323748493863108
fine,1.8887500000000002,0.0009469696969698451,1.1713869389946511e-08,0.0022999283904416735,0.0022998416407148115
fine,1.8893750000000002,0.0009469696969696769,1.1714242934279067e-08,0.0022758650159758224,0.0022757789031085263
fine,1.8900000000000001,0.0009469696969695087,1.1714257679173914e-08,0.0022516931899677624,0.002251607715374812
fine,1.890625,0.0009469696969696769,1.1713913292252572e-08,0.0022274600060739847,0.0022273751713815515
fine,1.89125,0.0009469696969698451,1.171320942734831e-08,0.002203212045522443,0.0022031278525543483
fine,1.8918750000000002,0.0009469696969696769,1.1712145721355462e-08,0.0021789952112926925,0.0021789116620553653
fine,1.8925,0.0009469696969695087,1.1710721791176903e-08,0.0021548545691806404,0.0021547716658468644
fine,1.893125,0.0009469696969698451,1.170893723092609e-08,0.0021308341964063086,0.002130751941297853
fine,1.8937500000000003,0.0009469696969698451,1.170679161091365e-08,0.0021069770383519443,0.0021068954339211843
fine,1.8943750000000001,0.0009469696969695087,1.170428447574044e-08,0.0020833247739451485,0.0020832438227557683
fine,1.895,0.0009469696969696769,1.1701415342942296e-08,0.002059917690127363,0.0020598373948342665
fine,1.8956250000000001,0.0009469696969698451,1.1698183703979265e-08,0.002036794565773657,0.002036714929102179
fine,1.8962500000000002,0.0009469696969696769,1.1694589023556684e-08,0.0020139925653549938,0.002013913590079534
fine,1.896875,0.0009469696969695087,1.1690630739686668e-08,0.001991547142560329,0.0019914688314825175
fine,1.8975,0.0009469696969696769,1.1686308265737251e-08,0.001969491954024084,0.0019694143099505982
fine,1.898125,0.0009469696969698451,1.1681620992120686e-08,0.0019478587832339983,0.001947781808954132
fine,1.8987500000000002,0.0009469696969696769,1.1676568287159143e-08,0.0019266774746270067,0.0019266011728901217
fine,1.899375,0.0009469696969696769,1.1671149500539241e-08,0.0019059758778165298,0.0019059002513094885
fine,1.9000000000000001,0.0009469696969698451,1.1665363966344267e-08,0.0018857798018334772,0.0018857048531581697
fine,1.9006250000000002,0.0009469696969696769,1.1659211005117687e-08,0.0018661129792068552,0.001866038710857935
fine,1.90125,0.0009469696969695087,1.1652689927849134e-08,0.0018469970396569246,0.0018469234539998515
fine,1.901875,0.0009469696969696769,1.1645800040047185e-08,0.0018284514931259516,0.0018283785923754446
fine,1.9025,0.0009469696969698451,1.1638540645472555e-08,0.0018104937218284835,0.0018104215080274877
fine,1.9031250000000002,0.0009469696969696769,1.1630911050776143e-08,0.0017931389809643173,0.0017930674559635683
fine,1.90375,0.0009469696969696769,1.162291056980314e-08,0.0017764004077040635,0.0017763295731423512
fine,1.9043750000000002,0.0009469696969698451,1.1614538528582146e-08,0.001760289038028442,0.001760218895313651
fine,1.9050000000000002,0.0009469696969696769,1.160579426999335e-08,0.0017448138309789556,0.0017447443812699651
fine,1.9056250000000001,0.0009469696969695087,1.1596677158929822e-08,0.0017299816998585784,0.001729912944048098
fine,1.90625,0.0009469696969696769,1.1587186587840332e-08,0.0017157975499068822,0.0017157294886052886
fine,1.906875,0.0009469696969698451,1.1577321981291377e-08,0.0017022643219645058,0.001702196955484749
fine,1.9075000000000002,0.0009469696969696769,1.1567082801219845e-08,0.0016893830416363225,0.0016893163699799594
fine,1.908125,0.0009469696969695087,1.1556468552748014e-08,0.001677152873461218,0.00167708689630562
fine,1.90875,0.0009469696969698451,1.1545478789706057e-08,0.0016655711795989499,0.0016655058962857338
fine,1.9093750000000003,0.0009469696969698451,1.153411311871734e-08,0.0016546335825503777,0.0016545689920751069
fine,1.9100000000000001,0.0009469696969695087,1.1522371204881404e-08,0.0016443340314362693,0.0016442701324394502
fine,1.910625,0.0009469696969696769,1.151025277743889e-08,0.0016346648713717262,0.0016346016621311276
fine,1.9112500000000001,0.0009469696969698451,1.1497757633772643e-08,0.0016256169154879414,0.0016255543939122678
fine,1.9118750000000002,0.0009469696969696769,1.1484885644978257e-08,0.0016171795191690967,0.001617117682793023
fine,1.9125,0.0009469696969695087,1.1471636760408113e-08,0.001609340656090897,0.0016092795020714802
fine,1.913125,0.0009469696969696769,1.1458011011245396e-08,0.0016020869956670791,0.0016020265207815525
fine,1.91375,0.0009469696969698451,1.1444008516298286e-08,0.0015954039815312892,0.0015953441821762292
fine,1.9143750000000002,0.0009469696969696769,1.1429629484430581e-08,0.0015892759107038164,0.0015892167828956904
fine,1.915,0.0009469696969696769,1.1414874219470819e-08,0.001583686013115218,0.0015836275524922885
fine,1.9156250000000001,0.0009469696969698451,1.1399743124140297e-08,0.001578616531181961,0.0015785587330075337
fine,1.9162500000000002,0.0009469696969696769,1.1384236701908844e-08,0.001574048799152163,0.0015739916583191642
fine,1.916875,0.0009469696969695087,1.1368355560783187e-08,0.0015699633219624944,0.0015699068329993386
fine,1.9175,0.0009469696969696769,1.135210041704137e-08,0.0015663398533698717,0.001566284010447597
fine,1.918125,0.0009469696969698451,1.1335472097135719e-08,0.0015631574731435954,0.0015631022700842289
fine,1.9187500000000002,0.0009469696969696769,1.1318471538279297e-08,0.0015603946631249019,0.0015603400934110197
fine,1.919375,0.0009469696969696769,1.1301099792104536e-08,0.001558029381981408,0.001557975438766842
fine,1.9200000000000002,0.0009469696969698451,1.1283358026506411e-08,0.0015560391385034057,0.001555985814625048
fine,1.9206250000000002,0.0009469696969696769,1.1265247526084677e-08,0.0015544010633074294,0.0015543483512980916
fine,1.9212500000000001,0.0009469696969695087,1.1246769692794101e-08,0.0015530919788298658,0.001553039870932138
fine,1.921875,0.0009469696969696769,1.1227926047538881e-08,0.0015520884675094206,0.0015520369556904692
fine,1.9225,0.0009469696969698451,1.1208718229957688e-08,0.00155136693807226,0.0015513160140395122
fine,1.9231250000000002,0.0009469696969696769,1.1189147998262837e-08,0.0015509036898472242,0.0015508533450648732
fine,1.92375,0.0009469696969695087,1.1169217229541178e-08,0.0015506749750510002,0.0015506252007572705
fine,1.924375,0.0009469696969698451,1.114892791904012e-08,0.0015506570589943112,0.00155060784621942
fine,1.9250000000000003,0.0009469696969698451,1.1128282178846189e-08,0.0015508262781702424,0.001550777617754987
fine,1.9256250000000001,0.0009469696969695087,1.1107282236931438e-08,0.001551159096194694,0.001551110978809603
fine,1.92625,0.0009469696969696769,1.1085930436271718e-08,0.0015516321575767687,0.0015515845737417422
fine,1.9268750000000001,0.0009469696969698451,1.106422923237857e-08,0.0015522223393036813,0.0015521752794080558
fine,1.9275000000000002,0.0009469696969696769,1.104218119138211e-08,0.0015529068002306293,0.001552860254553594
fine,1.928125,0.0009469696969695087,1.1019788987815703e-08,0.0015536630282710407,0.001553616987002338
fine,1.92875,0.0009469696969696769,1.0997055402783809e-08,0.001554468885386791,0.0015544233386476259
fine,1.929375,0.0009469696969698451,1.0973983320614988e-08,0.00155530265038149,0.0015552575882455824
fine,1.9300000000000002,0.0009469696969696769,1.0950575724848374e-08,0.0015561430595027854,0.0015560984720174986
fine,1.930625,0.0009469696969696769,1.092683569711485e-08,0.001556969344862017,0.0015569252220694837
fine,1.9312500000000001,0.0009469696969698451,1.0902766412821121e-08,0.0015577612706813983,0.0015577176026395844
fine,1.9318750000000002,0.0009469696969696769,1.0878371136919093e-08,0.0015584991673804867,0.001558455944184126
fine,1.9325,0.0009469696969695087,1.0853653221192871e-08,0.0015591639635149255,0.0015591211753162566
fine,1.933125,0.0009469696969696769,1.082861609939345e-08,0.0015597372155814744,0.001559694852610715
fine,1.93375,0.0009469696969698451,1.0803263284004693e-08,0.0015602011357042419,0.001560159188289742
fine,1.9343750000000002,0.0009469696969696769,1.0777598362013183e-08,0.0015605386172178313,0.0015604970758058452
fine,1.935,0.0009469696969696769,1.0751624989770696e-08,0.0015607332581638886,0.0015606921133379066
fine,1.9356250000000002,0.0009469696969698451,1.0725346889244318e-08,0.0015607693827183217,0.0015607286252179021
fine,1.9362500000000002,0.0009469696969696769,1.0698767843944073e-08,0.0015606320605673204,0.0015605916813063766
fine,1.9368750000000001,0.0009469696969695087,1.067189169324571e-08,0.0015603071242512646,0.001560267114335751
fine,1.9375,0.0009469696969696769,1.0644722328699807e-08,0.0015597811844966373,0.001559741535241588
fine,1.938125,0.0009469696969698451,1.0617263688955588e-08,0.001559041643557304,0.0015590023465031795
fine,1.9387500000000002,0.0009469696969696769,1.058951975515781e-08,0.0015580767065878757,0.0015580377535161754
fine,1.939375,0.0009469696969695087,1.0561494547085182e-08,0.0015568753910733576,0.0015568367740214605
fine,1.94,0.0009469696969698451,1.0533192116994013e-08,0.0015554275343410326,0.0015553892456162276
fine,1.9406250000000003,0.0009469696969698451,1.05046165457488e-08,0.0015537237991823103,0.0015536858313749883
fine,1.9412500000000001,0.0009469696969695087,1.0475771938568743e-08,0.0015517556776143125,0.0015517180236102879
fine,1.941875,0.0009469696969696769,1.0446662420004557e-08,0.001549515492813051,0.0015494781458049876
fine,1.9425000000000001,0.0009469696969698451,1.0417292129509455e-08,0.0015469963992523212,0.001546959352750239
fine,1.9431250000000002,0.0009469696969696769,1.038766521735441e-08,0.0015441923810847677,0.0015441556289256127
fine,1.94375,0.0009469696969695087,1.0357785839503966e-08,0.0015410982488039799,0.0015410617851602452
fine,1.944375,0.0009469696969696769,1.0327658153974596e-08,0.001537709634228945,0.0015376734536163192
fine,1.945,0.0009469696969698451,1.0297286317427193e-08,0.0015340229838546463,0.0015339870811386944
fine,1.9456250000000002,0.0009469696969696769,1.0266674479473937e-08,0.0015300355506151241,0.0015299999210169838
fine,1.94625,0.0009469696969696769,1.0235826779820745e-08,0.001525745384107678,0.001525710023208776
fine,1.9468750000000001,0.0009469696969698451,1.0204747344725907e-08,0.0015211513193293194,0.0015211162230751034
fine,1.9475000000000002,0.0009469696969696769,1.0173440283010366e-08,0.0015162529639789451,0.0015162181286816376
fine,1.948125,0.0009469696969695087,1.0141909682764572e-08,0.0015110506843807468,0.001511016106721127
fine,1.94875,0.0009469696969696769,1.0110159607679598e-08,0.0015055455900865647,0.0015055112671147866
fine,1.949375,0.0009469696969698451,1.0078194094923172e-08,0.0014997395172167928,0.0014997054463522543
fine,1.9500000000000002,0.0009469696969696769,1.0046017151268679e-08,0.0014936350106011086,0.0014936011896313813
fine,1.950625,0.0009469696969696769,1.0013632750425837e-08,0.0014872353047819327,0.00148720173186078
fine,1.9512500000000002,0.0009469696969698451,9.98104483119173e-09,0.0014805443039448889,0.0014805109775893777
fine,1.9518750000000002,0.0009469696969696769,9.948257294312594e-09,0.0014735665608416838,0.0014735334799284234
fine,1.9525000000000001,0.0009469696969695087,9.91527400025352e-09,0.0014663072547717341,0.0014662744185322645
fine,1.953125,0.0009469696969696769,9.882098767465084e-09,0.0014587721686896986,0.0014587395767050497
fine,1.95375,0.0009469696969698451,9.848735370834974e-09,0.001450967665506514,0.0014509353177009677
fine,1.9543750000000002,0.0009469696969696769,9.81518753963743e-09,0.0014429006636518713,0.0014428685602859556
fine,1.955,0.0009469696969695087,9.78145895639006e-09,0.0014345786119661181,0.0014345467536288651
fine,1.955625,0.0009469696969698451,9.747553254851728e-09,0.0014260094639895649,0.0014259778515900627
fine,1.9562500000000003,0.0009469696969698451,9.71347401954445e-09,0.0014172016517167293,0.0014171702864750058
fine,1.9568750000000001,0.0009469696969695087,9.679224784917284e-09,0.0014081640588826851,0.001408132942319957
fine,1.9575,0.0009469696969696769,9.64480903388555e-09,0.001398905993847884,0.0013988751277762058
fine,1.9581250000000001,0.0009469696969698451,9.61023019855592e-09,0.001389437162147151,0.0013894065486585022
fine,1.9587500000000002,0.0009469696969696769,9.57549165887609e-09,0.0013797676387674255,0.0013797372802222736
fine,1.959375,0.0009469696969695087,9.540596742019076e-09,0.001369907840217829,0.001369877739233209
fine,1.96,0.0009469696969696769,9.505548723126479e-09,0.0013598684964543299,0.0013598386558914739
fine,1.960625,0.0009469696969698451,9.470350825697528e-09,0.0013496606227200608,0.001349631045671618
fine,1.9612500000000002,0.0009469696969696769,9.435006220746979e-09,0.0013392954913608414,0.001339266181137731
fine,1.961875,0.0009469696969696769,9.399518027757675e-09,0.0013287846036740885,0.0013287555637920211
fine,1.9625000000000001,0.0009469696969698451,9.363889315537832e-09,0.001318139661847642,0.0013181108960133511
fine,1.9631250000000002,0.0009469696969696769,9.328123102314791e-09,0.0013073725410436624,0.001307344053140879
fine,1.96375,0.0009469696969695087,9.292222356834112e-09,0.0012964952616810312,0.0012964670557562479
fine,1.964375,0.0009469696969696769,9.2561899988442e-09,0.0012855199619681065,0.0012854920422161636
fine,1.965,0.0009469696969698451,9.220028900825301e-09,0.001274458870736178,0.0012744312414857111
fine,1.9656250000000002,0.0009469696969696769,9.183741888514323e-09,0.0012633242806223892,0.001263296946321174
fine,1.96625,0.0009469696969696769,9.147331742120166e-09,0.0012521285216491552,0.0012521014868493887
fine,1.9668750000000002,0.0009469696969698451,9.110801198230757e-09,0.001240883935245798,0.0012408572045893456
fine,1.9675000000000002,0.0009469696969696769,9.074152950433083e-09,0.0012296028487565982,0.0012295764269602497
fine,1.9681250000000001,0.0009469696969695087,9.037389651087274e-09,0.0012182975504778,0.0012182714423185608
fine,1.96875,0.0009469696969696769,9.000513912954371e-09,0.0012069802652648958,0.0012069544755653485
fine,1.969375,0.0009469696969698451,8.963528310643595e-09,0.0011956631307501414,0.001195637664363911
fine,1.9700000000000002,0.0009469696969696769,8.926435382689489e-09,0.001184358174208755,0.0011843330360061064
fine,1.970625,0.0009469696969695087,8.889237632369054e-09,0.0011730772901110676,0.0011730524849646686
fine,1.97125,0.0009469696969698451,8.851937529914362e-09,0.0011618322183966768,0.0011618077511675478
fine,1.9718750000000003,0.0009469696969698451,8.814537514554709e-09,0.001150634523505336,0.0011506103990290195
fine,1.9725000000000001,0.0009469696969695087,8.77703999551631e-09,0.0011394955741981594,0.001139471797271137
fine,1.973125,0.0009469696969696769,8.739447354670966e-09,0.001128426524201507,0.0011284030995678796
fine,1.9737500000000001,0.0009469696969698451,8.701761948127205e-09,0.0011174382937048262,0.00111741522604329
fine,1.9743750000000002,0.0009469696969696769,8.663986107520344e-09,0.0011065415517425127,0.0011065188456536486
fine,1.975,0.0009469696969695087,8.626122141984235e-09,0.0010957466994886088,0.0010957243594825097
fine,1.975625,0.0009469696969696769,8.588172340530292e-09,0.0010850638544921644,0.001085041884976414
fine,1.97625,0.0009469696969698451,8.550138973741372e-09,0.0010745028358797033,0.0010744812411477287
fine,1.9768750000000002,0.0009469696969696769,8.512024294762375e-09,0.0010640731505500705,0.0010640519347698881
fine,1.9775,0.0009469696969696769,8.473830541557987e-09,0.0010537839803856626,0.0010537631475890288
fine,1.9781250000000001,0.0009469696969698451,8.435559938957491e-09,0.0010436441705026077,0.0010436237245745892
fine,1.9787500000000002,0.0009469696969696769,8.397214700040098e-09,0.0010336622185612007,0.0010336421632301809
fine,1.979375,0.0009469696969695087,8.358797027674794e-09,0.0010238462651562497,0.0010238266039843788
fine,1.98,0.0009469696969696769,8.32030911622378e-09,0.0010142040853054507,0.0010141848216795569
fine,1.980625,0.0009469696969698451,8.281753153362305e-09,0.0010047430810523287,0.0010047242181752923
fine,1.9812500000000002,0.0009469696969696769,8.243131321043988e-09,0.0009954702751983151,0.0009954518160809238
fine,1.981875,0.0009469696969696769,8.20444579778992e-09,0.0009863923061767914,0.0009863742536300707
fine,1.9825000000000002,0.0009469696969698451,8.165698759447882e-09,0.0009775154240797461,0.0009774977807077874
fine,1.9831250000000002,0.0009469696969696769,8.126892380798305e-09,0.0009688454878456635,0.0009688282560389446
fine,1.9837500000000001,0.0009469696969695087,8.088028837334471e-09,0.0009603879636148882,0.0009603711455440928
fine,1.984375,0.0009469696969696769,8.049110305259406e-09,0.0009521479242562084,0.0009521315218665512
fine,1.985,0.0009469696969698451,8.01013896396373e-09,0.0009441300500659566,0.0009441140650720151
fine,1.9856250000000002,0.0009469696969696769,7.971116997009504e-09,0.0009363386306380822,0.0009363230645191349
fine,1.98625,0.0009469696969695087,7.932046592435122e-09,0.0009287775679007169,0.0009287624218965967
fine,1.986875,0.0009469696969698451,7.892929944370702e-09,0.0009214503803118283,0.0009214356554192813
fine,1.9875000000000003,0.0009469696969698451,7.853769253743246e-09,0.0009143602082033291,0.0009143459051728875
fine,1.9881250000000001,0.0009469696969695087,7.814566729611008e-09,0.000907509820259623,0.0009074959395929868
fine,1.98875,0.0009469696969696769,7.775324589569958e-09,0.0009009016211130864,0.0009008881630610146
fine,1.9893750000000001,0.0009469696969698451,7.736045060422194e-09,0.0008945376600355539,0.0008945246245962646
fine,1.9900000000000002,0.0009469696969696769,7.696730379322067e-09,0.0008884196407008837,0.0008884070276189566
fine,1.990625,0.0009469696969695087,7.657382794053617e-09,0.000882548931990007,0.0008825367407557922
fine,1.99125,0.0009469696969696769,7.618004563836058e-09,0.0008769265798058974,0.0008769148096554229
fine,1.991875,0.0009469696969698451,7.578597959610727e-09,0.0008715533198617872,0.0008715419697771645
fine,1.9925000000000002,0.0009469696969696769,7.539165264887196e-09,0.0008664295914019352,0.0008664186601122573
fine,1.993125,0.0009469696969696769,7.499708775817905e-09,0.0008615555518099874,0.0008615450377927197
fine,1.9937500000000001,0.0009469696969698451,7.460230801916622e-09,0.0008569310920558764,0.0008569209935387335
fine,1.9943750000000002,0.0009469696969696769,7.42073366589793e-09,0.0008525558529279058,0.0008525461678912116
fine,1.995,0.0009469696969695087,7.381219703949316e-09,0.0008484292419924695,0.0008484199681719953
fine,1.995625,0.0009469696969696769,7.341691266598033e-09,0.0008445504512197123,0.0008445415861099935
fine,1.99625,0.0009469696969698451,7.3021507181952255e-09,0.0008409184752092812,0.0008409100160674006
fine,1.9968750000000002,0.0009469696969696769,7.2626004374985765e-09,0.0008375321299462845,0.0008375240737961273
fine,1.9975,0.0009469696969696769,7.2230428177252e-09,0.000834390072013684,0.0008343824156506532
fine,1.9981250000000002,0.0009469696969698451,7.183480265853993e-09,0.000831490818183511,0.0008314835581797022
fine,1.9987500000000002,0.0009469696969696769,7.143915203269164e-09,0.0008288327653057849,0.000828825898015617
fine,1.9993750000000001,0.0009469696969695087,7.10435006596738e-09,0.0008264142104105359,0.00082640773197683
fine,2.0,0.0009469696969698451,7.064787303965366e-09,0.0008242333709352408,0.0008242272772957468
fine,2.0006250000000003,0.0009469696969698451,7.02522938130151e-09,0.0008222884049870968,0.0008222826918814613
fine,2.00125,0.0009469696969695087,6.9856787757923615e-09,0.0008205774315470063,0.0008205720945241768
fine,2.001875,0.0009469696969695087,6.946137979389879e-09,0.0008190985505198996,0.0008190935849459624
fine,2.0025,0.0009469696969698451,6.906609497429968e-09,0.000817849862534244,0.0008178452636006882
fine,2.0031250000000003,0.0009469696969698451,6.867095848181178e-09,0.0008168294883921077,0.0008168252511245131
fine,2.00375,0.0009469696969695087,6.827599563245386e-09,0.0008160355880702108,0.0008160317073373521
fine,2.004375,0.0009469696969695087,6.788123186878123e-09,0.0008154663791718538,0.0008154628496952155
fine,2.005,0.0009469696969698451,6.748669275726311e-09,0.000815120154729655,0.0008151169710933529
fine,2.005625,0.0009469696969698451,6.7092403985321875e-09,0.0008149953002595323,0.0008149924569206325
fine,2.00625,0.0009469696969695087,6.669839135545253e-09,0.0008150903099674606,0.0008150878012666916
fine,2.006875,0.0009469696969698451,6.630468078271599e-09,0.0008154038020122143,0.0008154016221850601
fine,2.0075000000000003,0.0009469696969698451,6.591129828783302e-09,0.0008159345327295509,0.0008159326759177247
fine,2.008125,0.0009469696969695087,6.55182699961547e-09,0.0008166814097261928,0.0008166798699894727
fine,2.00875,0.0009469696969698451,6.512562213345868e-09,0.0008176435037554424,0.0008176422750838644
fine,2.0093750000000004,0.0009469696969698451,6.473338101300735e-09,0.0008188200592903981,0.0008188191356167974
fine,2.0100000000000002,0.0009469696969695087,6.4341573034427145e-09,0.0008202105037155073,0.0008202098789283914
fine,2.010625,0.0009469696969695087,6.395022467964614e-09,0.0008218144550625797,0.0008218141230193221
fine,2.01125,0.0009469696969695087,6.3559362504043916e-09,0.0008236317282233489,0.0008236316827636924
fine,2.011875,0.0009469696969698451,6.3169013130889276e-09,0.0008256623395773305,0.0008256625745371778
fine,2.0125,0.0009469696969698451,6.277920324190291e-09,0.0008279065099808722,0.0008279070192063557
fine,2.013125,0.0009469696969695087,6.23899595686659e-09,0.0008303646660710164,0.0008303654434328227
fine,2.01375,0.0009469696969698451,6.200130888903104e-09,0.000833037439846104,0.0008330384792540348
fine,2.0143750000000002,0.0009469696969698451,6.161327801558477e-09,0.0008359256664937239,0.0008359269619114739
fine,2.015,0.0009469696969695087,6.122589378443866e-09,0.0008390303804458124,0.0008390319259059402
fine,2.015625,0.0009469696969698451,6.083918304894553e-09,0.0008423528096502647,0.0008423545992693323
fine,2.0162500000000003,0.0009469696969698451,6.045317267181166e-09,0.0008458943680582536,0.0008458963960521075
fine,2.016875,0.0009469696969695087,6.006788950659869e-09,0.0008496566463366104,0.0008496589070357775
fine,2.0175,0.0009469696969695087,5.96833603907013e-09,0.0008536414008249281,0.0008536438886900955
fine,2.018125,0.0009469696969698451,5.929961213702808e-09,0.0008578505407674587,0.0008578532504050058
fine,2.0187500000000003,0.0009469696969698451,5.891667151671997e-09,0.0008622861138603661,0.0008622890400379148
fine,2.019375,0.0009469696969695087,5.853456524506619e-09,0.0008669502901652623,0.000866953427827211
fine,2.02,0.00047348484848475434,5.891666797117969e-09,0.0008718453444502949,0.0008718487063994096
