scope,state,time,weight,phase_MSE,predicted_active_fraction,reference_restricted_native_indicator_fraction,reference_threshold_after_restriction_fraction
full,B0,1.36,0.0018939393939393539,0.0012097080762198116,0.020937499999999994,0.022499999999999992,0.02187499999999999
full,B0,1.3625,0.0037878787878787078,0.0011949172673063366,0.021249999999999995,0.022343749999999996,0.02187499999999999
full,B0,1.365,0.003787878787878876,0.001181485260631371,0.021249999999999995,0.022343749999999996,0.02187499999999999
full,B0,1.3675000000000002,0.003787878787878876,0.001169695354862557,0.021249999999999995,0.022343749999999996,0.02187499999999999
full,B0,1.37,0.0037878787878787078,0.0011598030650049065,0.021562499999999995,0.022343749999999996,0.02187499999999999
full,B0,1.3725,0.0037878787878787078,0.0011520353673070535,0.021562499999999995,0.022343749999999996,0.02187499999999999
full,B0,1.375,0.003787878787878876,0.001146590637504239,0.021562499999999995,0.022031249999999995,0.02187499999999999
full,B0,1.3775000000000002,0.003787878787878876,0.001143639148874717,0.021562499999999995,0.021718749999999995,0.02187499999999999
full,B0,1.3800000000000001,0.0037878787878787078,0.0011433240084710301,0.022187499999999992,0.021718749999999995,0.02187499999999999
full,B0,1.3825,0.0037878787878787078,0.0011457624242330986,0.022812499999999993,0.021718749999999995,0.02187499999999999
full,B0,1.385,0.003787878787878876,0.001151047210291977,0.022812499999999993,0.021718749999999995,0.02124999999999999
full,B0,1.3875000000000002,0.003787878787878876,0.0011592484517114773,0.022812499999999993,0.02156249999999999,0.02124999999999999
full,B0,1.3900000000000001,0.0037878787878787078,0.0011704152628411804,0.023124999999999993,0.02124999999999999,0.02124999999999999
full,B0,1.3925,0.0037878787878787078,0.0011845775852363887,0.023749999999999993,0.02109374999999999,0.02124999999999999
full,B0,1.395,0.003787878787878876,0.0012017479816850444,0.023749999999999993,0.02109374999999999,0.02124999999999999
full,B0,1.3975000000000002,0.003787878787878876,0.0012219233922611261,0.024062499999999994,0.02109374999999999,0.02124999999999999
full,B0,1.4000000000000001,0.0037878787878787078,0.0012450868265118497,0.024062499999999994,0.02109374999999999,0.02124999999999999
full,B0,1.4025,0.0037878787878787078,0.0012712089729262244,0.024374999999999994,0.02109374999999999,0.02124999999999999
full,B0,1.405,0.003787878787878876,0.001300249712786036,0.024687499999999994,0.02109374999999999,0.02124999999999999
full,B0,1.4075000000000002,0.003787878787878876,0.001332159530445117,0.024687499999999994,0.02093749999999999,0.02124999999999999
full,B0,1.4100000000000001,0.0037878787878787078,0.001366880816108033,0.024687499999999994,0.02093749999999999,0.02062499999999999
full,B0,1.4125,0.0037878787878787078,0.0014043490603816498,0.024687499999999994,0.020781249999999994,0.019999999999999997
full,B0,1.415,0.003787878787878876,0.0014444939423509384,0.024687499999999994,0.02062499999999999,0.019999999999999997
full,B0,1.4175000000000002,0.003787878787878876,0.0014872403147823377,0.024687499999999994,0.020468749999999994,0.019999999999999997
full,B0,1.4200000000000002,0.0037878787878787078,0.0015325090913779578,0.024999999999999994,0.02031249999999999,0.019999999999999997
full,B0,1.4225,0.0037878787878787078,0.0015802180418810828,0.025312499999999995,0.02015624999999999,0.019999999999999997
full,B0,1.425,0.003787878787878876,0.0016302825013487436,0.025312499999999995,0.02015624999999999,0.019999999999999997
full,B0,1.4275000000000002,0.003787878787878876,0.0016826160001344374,0.02562499999999999,0.02015624999999999,0.019999999999999997
full,B0,1.4300000000000002,0.0037878787878787078,0.0017371308211215919,0.02624999999999999,0.019687499999999993,0.019999999999999997
full,B0,1.4325,0.0037878787878787078,0.0017937384906630916,0.02656249999999999,0.019218749999999993,0.019999999999999997
full,B0,1.435,0.0037878787878787078,0.0018523502091396123,0.02656249999999999,0.019062499999999996,0.019999999999999997
full,B0,1.4375,0.003787878787878876,0.001912877227004037,0.02687499999999999,0.018906249999999993,0.019374999999999996
full,B0,1.4400000000000002,0.003787878787878876,0.001975231171735524,0.02687499999999999,0.018749999999999996,0.019374999999999996
full,B0,1.4425000000000001,0.0037878787878787078,0.002039324330431273,0.02687499999999999,0.018749999999999996,0.019374999999999996
full,B0,1.445,0.0037878787878787078,0.0021050698925548644,0.02718749999999999,0.018749999999999996,0.019374999999999996
full,B0,1.4475,0.003787878787878876,0.0021723821568804917,0.02718749999999999,0.018437499999999996,0.019374999999999996
full,B0,1.4500000000000002,0.003787878787878876,0.002241176706275357,0.02718749999999999,0.018124999999999995,0.018749999999999996
full,B0,1.4525000000000001,0.0037878787878787078,0.002311370553595163,0.02718749999999999,0.018124999999999995,0.018749999999999996
full,B0,1.455,0.0037878787878787078,0.0023828822616343867,0.02718749999999999,0.018124999999999995,0.018749999999999996
full,B0,1.4575,0.003787878787878876,0.0024556320397746884,0.02718749999999999,0.018124999999999995,0.018749999999999996
full,B0,1.4600000000000002,0.003787878787878876,0.002529541819711651,0.02718749999999999,0.01796874999999999,0.018749999999999996
full,B0,1.4625000000000001,0.0037878787878787078,0.002604535312409548,0.02718749999999999,0.01796874999999999,0.018124999999999995
full,B0,1.465,0.0037878787878787078,0.0026805380482341707,0.02718749999999999,0.017812499999999995,0.017499999999999995
full,B0,1.4675,0.003787878787878876,0.0027574774020408394,0.02718749999999999,0.01765624999999999,0.017499999999999995
full,B0,1.4700000000000002,0.003787878787878876,0.0028352826048460024,0.02718749999999999,0.01765624999999999,0.017499999999999995
full,B0,1.4725000000000001,0.0037878787878787078,0.0029138847435818756,0.02749999999999999,0.01734374999999999,0.016874999999999994
full,B0,1.475,0.0037878787878787078,0.002993216750321998,0.02749999999999999,0.01734374999999999,0.016874999999999994
full,B0,1.4775,0.0037878787878787078,0.003073213382266846,0.02749999999999999,0.01734374999999999,0.016249999999999994
full,B0,1.48,0.003787878787878876,0.003153811193691446,0.02749999999999999,0.01703124999999999,0.016249999999999994
full,B0,1.4825000000000002,0.003787878787878876,0.003234948500977373,0.02781249999999999,0.01703124999999999,0.016249999999999994
full,B0,1.485,0.0037878787878787078,0.0033165653417784446,0.02781249999999999,0.01703124999999999,0.016249999999999994
full,B0,1.4875,0.003787878787878876,0.0033986034293006185,0.02812499999999999,0.016874999999999994,0.016249999999999994
full,B0,1.4900000000000002,0.003787878787878876,0.00348100610261075,0.02812499999999999,0.01671874999999999,0.016249999999999994
full,B0,1.4925000000000002,0.0037878787878787078,0.00356371827382514,0.02812499999999999,0.01671874999999999,0.015624999999999995
full,B0,1.495,0.0037878787878787078,0.0036466863729664543,0.02812499999999999,0.01640624999999999,0.015624999999999995
full,B0,1.4975,0.0037878787878787078,0.0037298582912155707,0.02812499999999999,0.01640624999999999,0.015624999999999995
full,B0,1.5,0.003787878787878876,0.003813183323224268,0.02812499999999999,0.016249999999999994,0.015624999999999995
full,B0,1.5025000000000002,0.003787878787878876,0.003896612109093725,0.02812499999999999,0.015937499999999993,0.015624999999999995
full,B0,1.5050000000000001,0.0037878787878787078,0.00398009657656407,0.02812499999999999,0.015937499999999993,0.015624999999999995
full,B0,1.5075,0.0037878787878787078,0.004063589883901113,0.02812499999999999,0.015624999999999993,0.015624999999999995
full,B0,1.51,0.003787878787878876,0.004147046363908176,0.02812499999999999,0.015468749999999993,0.015624999999999995
full,B0,1.5125000000000002,0.003787878787878876,0.00423042146943451,0.02812499999999999,0.015312499999999993,0.014999999999999996
full,B0,1.5150000000000001,0.0037878787878787078,0.004313671720696769,0.02812499999999999,0.015156249999999993,0.014999999999999996
full,B0,1.5175,0.0037878787878787078,0.004396754654677384,0.02812499999999999,0.014999999999999993,0.014999999999999996
full,B0,1.52,0.003787878787878876,0.004479628776813129,0.02812499999999999,0.014999999999999993,0.014999999999999996
full,B0,1.5225000000000002,0.003787878787878876,0.004562253515139712,0.02812499999999999,0.014843749999999992,0.014999999999999996
full,B0,1.5250000000000001,0.0037878787878787078,0.004644589177013512,0.02812499999999999,0.014843749999999992,0.014999999999999996
full,B0,1.5275,0.0037878787878787078,0.0047265969084903225,0.02812499999999999,0.014687499999999992,0.014999999999999996
full,B0,1.53,0.003787878787878876,0.004808238656402646,0.02812499999999999,0.014531249999999992,0.014374999999999995
full,B0,1.5325000000000002,0.003787878787878876,0.0048894771331430675,0.02812499999999999,0.014374999999999992,0.014374999999999995
full,B0,1.5350000000000001,0.0037878787878787078,0.00497027578412994,0.02812499999999999,0.014374999999999992,0.014374999999999995
full,B0,1.5375,0.0037878787878787078,0.005050598757904617,0.02812499999999999,0.014374999999999992,0.014374999999999995
full,B0,1.54,0.0037878787878787078,0.005130410878785798,0.02812499999999999,0.014218749999999992,0.014374999999999995
full,B0,1.5425,0.003787878787878876,0.005209677621986351,0.02812499999999999,0.014218749999999992,0.014374999999999995
full,B0,1.5450000000000002,0.003787878787878876,0.005288365091081413,0.02812499999999999,0.014062499999999992,0.014374999999999995
full,B0,1.5475,0.0037878787878787078,0.005366439997703198,0.02812499999999999,0.013749999999999991,0.014374999999999995
full,B0,1.55,0.003787878787878876,0.005443869643327623,0.02812499999999999,0.013593749999999993,0.014374999999999995
full,B0,1.5525000000000002,0.003787878787878876,0.005520621903010546,0.02812499999999999,0.013593749999999993,0.013749999999999995
full,B0,1.5550000000000002,0.0037878787878787078,0.005596665210926826,0.02812499999999999,0.013437499999999995,0.013749999999999995
full,B0,1.5575,0.0037878787878787078,0.005671968547563239,0.02812499999999999,0.013281249999999994,0.013124999999999996
full,B0,1.56,0.0037878787878787078,0.00574650142841623,0.02812499999999999,0.013281249999999994,0.013124999999999996
full,B0,1.5625,0.003787878787878876,0.005820233894047745,0.02812499999999999,0.012968749999999994,0.012499999999999997
full,B0,1.5650000000000002,0.003787878787878876,0.005893136501355801,0.02812499999999999,0.012812499999999994,0.012499999999999997
full,B0,1.5675000000000001,0.0037878787878787078,0.005965180315922035,0.02812499999999999,0.012656249999999994,0.012499999999999997
full,B0,1.57,0.0037878787878787078,0.006036336905304692,0.02812499999999999,0.012656249999999994,0.012499999999999997
full,B0,1.5725,0.003787878787878876,0.006106578333152951,0.02812499999999999,0.012656249999999994,0.012499999999999997
full,B0,1.5750000000000002,0.003787878787878876,0.006175877154026859,0.02812499999999999,0.012656249999999994,0.012499999999999997
full,B0,1.5775000000000001,0.0037878787878787078,0.006244206408815897,0.02812499999999999,0.012656249999999994,0.011874999999999997
full,B0,1.58,0.0037878787878787078,0.006311539620658277,0.02812499999999999,0.012499999999999994,0.011874999999999997
full,B0,1.5825,0.003787878787878876,0.006377850791272554,0.02812499999999999,0.012187499999999995,0.011874999999999997
full,B0,1.5850000000000002,0.003787878787878876,0.006443114397622636,0.02812499999999999,0.012031249999999997,0.011874999999999997
full,B0,1.5875000000000001,0.0037878787878787078,0.00650730538884647,0.02812499999999999,0.012031249999999997,0.011874999999999997
full,B0,1.59,0.0037878787878787078,0.006570399183388071,0.02812499999999999,0.011718749999999997,0.011874999999999997
full,B0,1.5925,0.003787878787878876,0.006632371666281193,0.02781249999999999,0.011562499999999996,0.011874999999999997
full,B0,1.5950000000000002,0.003787878787878876,0.006693199186541637,0.02781249999999999,0.011562499999999996,0.011874999999999997
full,B0,1.5975000000000001,0.0037878787878787078,0.006752858554633156,0.02781249999999999,0.011406249999999996,0.011249999999999996
full,B0,1.6,0.0037878787878787078,0.006811327039979363,0.02781249999999999,0.011406249999999996,0.011249999999999996
full,B0,1.6025,0.0037878787878787078,0.006868582368501195,0.02781249999999999,0.011249999999999998,0.011249999999999996
full,B0,1.605,0.003787878787878876,0.006924602720165976,0.02781249999999999,0.010937499999999996,0.011249999999999996
full,B0,1.6075000000000002,0.003787878787878876,0.006979366726539718,0.02749999999999999,0.010937499999999996,0.011249999999999996
full,B0,1.61,0.0037878787878787078,0.00703285346833996,0.02749999999999999,0.010781249999999997,0.010624999999999996
full,B0,1.6125,0.003787878787878876,0.00708504247299095,0.02749999999999999,0.010624999999999997,0.010624999999999996
full,B0,1.6150000000000002,0.003787878787878876,0.007135913712187206,0.02749999999999999,0.010624999999999997,0.010624999999999996
full,B0,1.6175000000000002,0.0037878787878787078,0.007185447599475208,0.02749999999999999,0.010624999999999997,0.010624999999999996
full,B0,1.62,0.0037878787878787078,0.007233624987866002,0.02749999999999999,0.010468749999999999,0.009999999999999998
full,B0,1.6225,0.0037878787878787078,0.007280427167494205,0.02718749999999999,0.010468749999999999,0.009999999999999998
full,B0,1.625,0.003787878787878876,0.007325835863341138,0.02718749999999999,0.010312499999999999,0.009999999999999998
full,B0,1.6275000000000002,0.003787878787878876,0.007369833233041478,0.02718749999999999,0.009999999999999998,0.009999999999999998
full,B0,1.6300000000000001,0.0037878787878787078,0.0074124018647943055,0.02718749999999999,0.009999999999999998,0.009374999999999998
full,B0,1.6325,0.003787878787878876,0.0074535247754003945,0.02718749999999999,0.009999999999999998,0.009374999999999998
full,B0,1.6350000000000002,0.003787878787878876,0.007493185408448341,0.02718749999999999,0.009843749999999997,0.009374999999999998
full,B0,1.6375000000000002,0.0037878787878787078,0.007531367632672429,0.02718749999999999,0.009687499999999996,0.009374999999999998
full,B0,1.6400000000000001,0.0037878787878787078,0.007568055740505441,0.02718749999999999,0.009687499999999996,0.009374999999999998
full,B0,1.6425,0.0037878787878787078,0.007603234446849353,0.02718749999999999,0.009687499999999996,0.009374999999999998
full,B0,1.645,0.003787878787878876,0.007636888888086686,0.02718749999999999,0.009687499999999996,0.009374999999999998
full,B0,1.6475000000000002,0.003787878787878876,0.007669004621354647,0.02718749999999999,0.009374999999999998,0.009374999999999998
full,B0,1.6500000000000001,0.0037878787878787078,0.00769956762410366,0.02718749999999999,0.009062499999999998,0.009374999999999998
full,B0,1.6525,0.0037878787878787078,0.007728564293961035,0.02718749999999999,0.008749999999999997,0.009374999999999998
full,B0,1.655,0.003787878787878876,0.007755981448919485,0.02718749999999999,0.008749999999999997,0.009374999999999998
full,B0,1.6575000000000002,0.003787878787878876,0.007781806327869359,0.02687499999999999,0.008593749999999999,0.009374999999999998
full,B0,1.6600000000000001,0.0037878787878787078,0.007806026591492062,0.02687499999999999,0.008593749999999999,0.009374999999999998
full,B0,1.6625,0.0037878787878787078,0.007828630323531136,0.02687499999999999,0.008437499999999997,0.009374999999999998
full,B0,1.665,0.0037878787878787078,0.00784960603245595,0.02687499999999999,0.008437499999999997,0.009374999999999998
full,B0,1.6675,0.003787878787878876,0.007868942653531729,0.02687499999999999,0.008281249999999999,0.008124999999999997
full,B0,1.6700000000000002,0.003787878787878876,0.00788662955130822,0.02687499999999999,0.008124999999999999,0.007499999999999998
full,B0,1.6725,0.0037878787878787078,0.007902656522537743,0.026562499999999992,0.008124999999999999,0.007499999999999998
full,B0,1.675,0.003787878787878876,0.007917013799531933,0.026562499999999992,0.008124999999999999,0.007499999999999998
full,B0,1.6775000000000002,0.003787878787878876,0.007929692053965062,0.026562499999999992,0.007968749999999998,0.007499999999999998
full,B0,1.6800000000000002,0.0037878787878787078,0.007940682401130153,0.026562499999999992,0.007812499999999997,0.007499999999999998
full,B0,1.6825,0.0037878787878787078,0.007949976404652717,0.026562499999999992,0.007812499999999997,0.007499999999999998
full,B0,1.685,0.0037878787878787078,0.007957566081665379,0.026562499999999992,0.007499999999999998,0.007499999999999998
full,B0,1.6875,0.003787878787878876,0.00796344390844528,0.026562499999999992,0.007499999999999998,0.007499999999999998
full,B0,1.6900000000000002,0.003787878787878876,0.0079676028265146,0.026562499999999992,0.007499999999999998,0.007499999999999998
full,B0,1.6925000000000001,0.0037878787878787078,0.007970036249203356,0.026562499999999992,0.007499999999999998,0.006874999999999997
full,B0,1.695,0.003787878787878876,0.007970738068672198,0.026562499999999992,0.007343749999999998,0.006874999999999997
full,B0,1.6975000000000002,0.003787878787878876,0.007969702663391854,0.026562499999999992,0.007031249999999998,0.006874999999999997
full,B0,1.7000000000000002,0.0037878787878787078,0.007966924906074823,0.026249999999999992,0.007031249999999998,0.006874999999999997
full,B0,1.7025000000000001,0.0037878787878787078,0.007962400172053824,0.026249999999999992,0.007031249999999998,0.006874999999999997
full,B0,1.705,0.0037878787878787078,0.007956124348100902,0.026249999999999992,0.007031249999999998,0.006874999999999997
full,B0,1.7075,0.003787878787878876,0.007948093841680466,0.026249999999999992,0.006562499999999998,0.006249999999999999
full,B0,1.7100000000000002,0.003787878787878876,0.007938305590628846,0.025937499999999992,0.006562499999999998,0.006249999999999999
full,B0,1.7125000000000001,0.0037878787878787078,0.007926757073253098,0.025937499999999992,0.006249999999999999,0.006249999999999999
full,B0,1.715,0.0037878787878787078,0.007913446318841385,0.025937499999999992,0.0060937499999999985,0.006249999999999999
full,B0,1.7175,0.003787878787878876,0.00789837191857772,0.025937499999999992,0.005937499999999998,0.006249999999999999
full,B0,1.7200000000000002,0.003787878787878876,0.007881533036854065,0.02562499999999999,0.005937499999999998,0.006249999999999999
full,B0,1.7225000000000001,0.0037878787878787078,0.007862929422973489,0.02562499999999999,0.005937499999999998,0.006249999999999999
full,B0,1.725,0.0037878787878787078,0.00784256142323896,0.02562499999999999,0.005937499999999998,0.006249999999999999
full,B0,1.7275,0.0037878787878787078,0.007820429993423278,0.025312499999999995,0.005937499999999998,0.006249999999999999
full,B0,1.73,0.003787878787878876,0.007796536711617015,0.025312499999999995,0.005937499999999998,0.006249999999999999
full,B0,1.7325000000000002,0.003787878787878876,0.007770883791452623,0.025312499999999995,0.005937499999999998,0.005624999999999998
full,B0,1.735,0.0037878787878787078,0.007743474095704656,0.025312499999999995,0.005624999999999998,0.005624999999999998
full,B0,1.7375,0.003787878787878876,0.007714311150267118,0.024999999999999994,0.0053124999999999995,0.005624999999999998
full,B0,1.7400000000000002,0.003787878787878876,0.007683399158511456,0.024687499999999994,0.0053124999999999995,0.004999999999999998
full,B0,1.7425000000000002,0.0037878787878787078,0.0076507430160296834,0.024687499999999994,0.0053124999999999995,0.004999999999999998
full,B0,1.745,0.0037878787878787078,0.007616348325769168,0.024062499999999994,0.005156249999999999,0.004999999999999998
full,B0,1.7475,0.0037878787878787078,0.00758022141356686,0.023749999999999993,0.004999999999999999,0.004999999999999998
full,B0,1.75,0.003787878787878876,0.007542369344092279,0.023749999999999993,0.004999999999999999,0.004374999999999999
full,B0,1.7525000000000002,0.003787878787878876,0.007502799937209168,0.023437499999999993,0.004999999999999999,0.004374999999999999
full,B0,1.7550000000000001,0.0037878787878787078,0.007461521784767083,0.023437499999999993,0.004999999999999999,0.004374999999999999
full,B0,1.7575,0.003787878787878876,0.007418544267833255,0.023437499999999993,0.004843749999999999,0.004374999999999999
full,B0,1.7600000000000002,0.003787878787878876,0.007373877574375912,0.023437499999999993,0.0046875,0.004374999999999999
full,B0,1.7625000000000002,0.0037878787878787078,0.007327532717408368,0.023437499999999993,0.0045312500000000006,0.004374999999999999
full,B0,1.7650000000000001,0.0037878787878787078,0.007279521553601977,0.023437499999999993,0.0045312500000000006,0.004374999999999999
full,B0,1.7675,0.0037878787878787078,0.0072298568023734505,0.022499999999999992,0.004375,0.004374999999999999
full,B0,1.77,0.003787878787878876,0.007178552065448734,0.022187499999999992,0.004062500000000002,0.004374999999999999
full,B0,1.7725000000000002,0.003787878787878876,0.007125621846901504,0.022187499999999992,0.003906250000000002,0.004374999999999999
full,B0,1.7750000000000001,0.0037878787878787078,0.0070710815736595815,0.021562499999999995,0.003906250000000002,0.003749999999999999
full,B0,1.7775,0.0037878787878787078,0.0070149476164656135,0.021562499999999995,0.003906250000000002,0.003749999999999999
full,B0,1.78,0.003787878787878876,0.006957237311272811,0.021562499999999995,0.0037500000000000016,0.003749999999999999
full,B0,1.7825000000000002,0.003787878787878876,0.0068979689810472825,0.021562499999999995,0.0037500000000000016,0.003749999999999999
full,B0,1.7850000000000001,0.0037878787878787078,0.006837161957940766,0.021562499999999995,0.0037500000000000016,0.003749999999999999
full,B0,1.7875,0.0037878787878787078,0.006774836605787142,0.021249999999999995,0.0037500000000000016,0.003749999999999999
full,B0,1.79,0.0037878787878787078,0.006711014342866545,0.021249999999999995,0.0035937500000000006,0.003749999999999999
full,B0,1.7925,0.003787878787878876,0.006645717664869185,0.020624999999999994,0.0032812500000000003,0.003124999999999999
full,B0,1.7950000000000002,0.003787878787878876,0.0065789701679800135,0.020312499999999994,0.0032812500000000003,0.003124999999999999
full,B0,1.7975,0.0037878787878787078,0.006510796571993123,0.019687499999999993,0.0032812500000000003,0.003124999999999999
full,B0,1.8,0.003787878787878876,0.006441222743352489,0.019687499999999993,0.0032812500000000003,0.003124999999999999
full,B0,1.8025000000000002,0.003787878787878876,0.006370275718003748,0.019687499999999993,0.003125000000000001,0.003124999999999999
full,B0,1.8050000000000002,0.0037878787878787078,0.006297983723929307,0.019687499999999993,0.003125000000000001,0.003124999999999999
full,B0,1.8075,0.0037878787878787078,0.006224376203226442,0.019687499999999993,0.0029687500000000013,0.003124999999999999
full,B0,1.81,0.0037878787878787078,0.006149483833577423,0.019062499999999996,0.0029687500000000013,0.003124999999999999
full,B0,1.8125,0.003787878787878876,0.006073338548948367,0.018437499999999996,0.0029687500000000013,0.003124999999999999
full,B0,1.8150000000000002,0.003787878787878876,0.005995973559343717,0.018437499999999996,0.002500000000000001,0.003124999999999999
full,B0,1.8175000000000001,0.0037878787878787078,0.005917423369432568,0.018437499999999996,0.002500000000000001,0.003124999999999999
full,B0,1.82,0.003787878787878876,0.005837723795854295,0.017812499999999995,0.0023437500000000008,0.003124999999999999
full,B0,1.8225000000000002,0.003787878787878876,0.00575691198300228,0.017812499999999995,0.0023437500000000008,0.0018749999999999995
full,B0,1.8250000000000002,0.0037878787878787078,0.005675026417077206,0.017812499999999995,0.0023437500000000008,0.0018749999999999995
full,B0,1.8275000000000001,0.0037878787878787078,0.005592106938193632,0.017812499999999995,0.0021875,0.0018749999999999995
full,B0,1.83,0.0037878787878787078,0.005508194750318711,0.017812499999999995,0.0020312499999999996,0.0018749999999999995
full,B0,1.8325,0.003787878787878876,0.0054233324288151885,0.017812499999999995,0.0020312499999999996,0.0012499999999999996
full,B0,1.8350000000000002,0.003787878787878876,0.0053375639253568745,0.017499999999999995,0.0020312499999999996,0.0012499999999999996
full,B0,1.8375000000000001,0.0037878787878787078,0.005250934569979722,0.017187499999999994,0.0020312499999999996,0.0012499999999999996
full,B0,1.84,0.0037878787878787078,0.005163491070027847,0.017187499999999994,0.0018749999999999995,0.0012499999999999996
full,B0,1.8425,0.003787878787878876,0.005075281505750309,0.016874999999999994,0.0018749999999999995,0.0012499999999999996
full,B0,1.8450000000000002,0.003787878787878876,0.004986355322300971,0.016874999999999994,0.0017187499999999998,0.0012499999999999996
full,B0,1.8475000000000001,0.0037878787878787078,0.004896763317890275,0.016562499999999994,0.0017187499999999998,0.0012499999999999996
full,B0,1.85,0.0037878787878787078,0.004806557627835298,0.016249999999999994,0.0017187499999999998,0.0012499999999999996
full,B0,1.8525,0.0037878787878787078,0.004715791704251622,0.015937499999999997,0.00140625,0.0012499999999999996
full,B0,1.855,0.003787878787878876,0.0046245202911288676,0.015937499999999997,0.0012499999999999996,0.0012499999999999996
full,B0,1.8575000000000002,0.003787878787878876,0.004532799394529657,0.015624999999999997,0.0010937499999999992,0.0012499999999999996
full,B0,1.86,0.003787878787878876,0.004440686247652319,0.015312499999999996,0.0010937499999999992,0.0012499999999999996
full,B0,1.8625000000000003,0.003787878787878876,0.004348239270497528,0.014687499999999996,0.0010937499999999992,0.0012499999999999996
full,B0,1.8650000000000002,0.0037878787878787078,0.0042555180238831964,0.014374999999999995,0.0010937499999999992,0.0012499999999999996
full,B0,1.8675000000000002,0.0037878787878787078,0.0041625831575550585,0.013749999999999995,0.0010937499999999992,0.0012499999999999996
full,B0,1.87,0.0037878787878787078,0.004069496352149661,0.013749999999999995,0.000937499999999999,0.0012499999999999996
full,B0,1.8725,0.0037878787878787078,0.003976320254776386,0.013124999999999998,0.0007812499999999994,0.0012499999999999996
full,B0,1.875,0.0037878787878787078,0.003883118408000449,0.012499999999999997,0.0007812499999999994,0.0006249999999999998
full,B0,1.8775,0.003787878787878876,0.0037899551720276554,0.012499999999999997,0.0007812499999999994,0.0006249999999999998
full,B0,1.8800000000000001,0.003787878787878876,0.0036968956399161513,0.012499999999999997,0.0006249999999999998,0.0006249999999999998
full,B0,1.8825,0.003787878787878876,0.0036040055456697676,0.012187499999999997,0.0006249999999999998,0.0006249999999999998
full,B0,1.8850000000000002,0.003787878787878876,0.003511351165103028,0.011874999999999997,0.0003124999999999999,0.0
full,B0,1.8875000000000002,0.0037878787878787078,0.0034189992094095347,0.011249999999999996,0.0003124999999999999,0.0
full,B0,1.8900000000000001,0.0037878787878787078,0.0033270167114129437,0.011249999999999996,0.0003124999999999999,0.0
full,B0,1.8925,0.0037878787878787078,0.003235470904534587,0.011249999999999996,0.0003124999999999999,0.0
full,B0,1.895,0.0037878787878787078,0.0031444290945722123,0.011249999999999996,0.0001562500000000003,0.0
full,B0,1.8975,0.003787878787878876,0.003053958524450887,0.010937499999999996,0.0001562500000000003,0.0
full,B0,1.9000000000000001,0.003787878787878876,0.0029641262321802144,0.010312499999999995,0.0,0.0
full,B0,1.9025,0.003787878787878876,0.002874998902329543,0.010312499999999995,0.0,0.0
full,B0,1.9050000000000002,0.003787878787878876,0.0027866427114153812,0.010312499999999995,0.0,0.0
full,B0,1.9075000000000002,0.0037878787878787078,0.002699123167681546,0.009374999999999998,0.0,0.0
full,B0,1.9100000000000001,0.0037878787878787078,0.00261250494584129,0.009062499999999998,0.0,0.0
full,B0,1.9125,0.0037878787878787078,0.002526851717441565,0.009062499999999998,0.0,0.0
full,B0,1.915,0.0037878787878787078,0.0024422259776006447,0.008749999999999997,0.0,0.0
full,B0,1.9175,0.003787878787878876,0.0023586888689600466,0.008437499999999997,0.0,0.0
full,B0,1.9200000000000002,0.003787878787878876,0.002276300003779973,0.008124999999999997,0.0,0.0
full,B0,1.9225,0.003787878787878876,0.0021951172851909654,0.008124999999999997,0.0,0.0
full,B0,1.9250000000000003,0.003787878787878876,0.0021151967286928523,0.007187499999999998,0.0,0.0
full,B0,1.9275000000000002,0.0037878787878787078,0.0020365922850633933,0.007187499999999998,0.0,0.0
full,B0,1.9300000000000002,0.0037878787878787078,0.0019593556659008972,0.006874999999999998,0.0,0.0
full,B0,1.9325,0.0037878787878787078,0.001883536173077557,0.006562499999999999,0.0,0.0
full,B0,1.935,0.0037878787878787078,0.00180918053341965,0.005624999999999998,0.0,0.0
full,B0,1.9375,0.0037878787878787078,0.001736332739956882,0.005624999999999998,0.0,0.0
full,B0,1.94,0.003787878787878876,0.0016650339010945707,0.005624999999999998,0.0,0.0
full,B0,1.9425000000000001,0.003787878787878876,0.001595322099057086,0.005624999999999998,0.0,0.0
full,B0,1.945,0.003787878787878876,0.0015272322589283626,0.005312499999999999,0.0,0.0
full,B0,1.9475000000000002,0.003787878787878876,0.0014607960295748101,0.005312499999999999,0.0,0.0
full,B0,1.9500000000000002,0.0037878787878787078,0.0013960416776765288,0.004687499999999999,0.0,0.0
full,B0,1.9525000000000001,0.0037878787878787078,0.0013329939960141104,0.004374999999999999,0.0,0.0
full,B0,1.955,0.0037878787878787078,0.0012716742270619608,0.003437499999999999,0.0,0.0
full,B0,1.9575,0.0037878787878787078,0.001212100002822936,0.0024999999999999996,0.0,0.0
full,B0,1.96,0.003787878787878876,0.0011542853017072168,0.0024999999999999996,0.0,0.0
full,B0,1.9625000000000001,0.003787878787878876,0.0010982404231096505,0.0024999999999999996,0.0,0.0
full,B0,1.965,0.003787878787878876,0.0010439719801772752,0.0024999999999999996,0.0,0.0
full,B0,1.9675000000000002,0.003787878787878876,0.0009914829110844096,0.0021874999999999993,0.0,0.0
full,B0,1.9700000000000002,0.0037878787878787078,0.0009407725089488649,0.0021874999999999993,0.0,0.0
full,B0,1.9725000000000001,0.0037878787878787078,0.0008918364703322927,0.0015624999999999997,0.0,0.0
full,B0,1.975,0.0037878787878787078,0.0008446669620743413,0.0012499999999999996,0.0,0.0
full,B0,1.9775,0.0037878787878787078,0.0007992527060158565,0.0012499999999999996,0.0,0.0
full,B0,1.98,0.003787878787878876,0.0007555790809760919,0.0006249999999999998,0.0,0.0
full,B0,1.9825000000000002,0.003787878787878876,0.0007136282411647037,0.0003124999999999999,0.0,0.0
full,B0,1.985,0.003787878787878876,0.0006733792500351766,0.0003124999999999999,0.0,0.0
full,B0,1.9875000000000003,0.003787878787878876,0.0006348082284256056,0.0003124999999999999,0.0,0.0
full,B0,1.9900000000000002,0.0037878787878787078,0.0005978885156876393,0.0,0.0,0.0
full,B0,1.9925000000000002,0.0037878787878787078,0.0005625908423781327,0.0,0.0,0.0
full,B0,1.995,0.0037878787878787078,0.000528883512982724,0.0,0.0,0.0
full,B0,1.9975,0.0037878787878787078,0.0004967325970571379,0.0,0.0,0.0
full,B0,2.0,0.0037878787878787078,0.0004661021271129156,0.0,0.0,0.0
full,B0,2.0025,0.0037878787878787078,0.0004369543015391122,0.0,0.0,0.0
full,B0,2.005,0.003787878787879044,0.00040924969084090053,0.0,0.0,0.0
full,B0,2.0075000000000003,0.003787878787879044,0.00038294744548963435,0.0,0.0,0.0
full,B0,2.0100000000000002,0.0037878787878787078,0.0003580055037154331,0.0,0.0,0.0
full,B0,2.0125,0.0037878787878787078,0.0003343807976318341,0.0,0.0,0.0
full,B0,2.015,0.0037878787878787078,0.00031202945616061196,0.0,0.0,0.0
full,B0,2.0175,0.0037878787878787078,0.0002909070033208082,0.0,0.0,0.0
full,B0,2.02,0.0018939393939393539,0.0002709685505578393,0.0,0.0,0.0
full,coarse,1.36,0.0018939393939393539,0.0012097080762198116,0.020937499999999994,0.022499999999999992,0.02187499999999999
full,coarse,1.3625,0.0037878787878787078,0.001189424776697508,0.020624999999999994,0.022343749999999996,0.02187499999999999
full,coarse,1.365,0.003787878787878876,0.0011700777087113225,0.020624999999999994,0.022343749999999996,0.02187499999999999
full,coarse,1.3675000000000002,0.003787878787878876,0.0011516005933566672,0.020624999999999994,0.022343749999999996,0.02187499999999999
full,coarse,1.37,0.0037878787878787078,0.0011339313533730712,0.020624999999999994,0.022343749999999996,0.02187499999999999
full,coarse,1.3725,0.0037878787878787078,0.0011170120647158107,0.020624999999999994,0.022343749999999996,0.02187499999999999
full,coarse,1.375,0.003787878787878876,0.001100788950046533,0.020624999999999994,0.022031249999999995,0.02187499999999999
full,coarse,1.3775000000000002,0.003787878787878876,0.0010852123620491189,0.020624999999999994,0.021718749999999995,0.02187499999999999
full,coarse,1.3800000000000001,0.0037878787878787078,0.0010702367268678875,0.020312499999999994,0.021718749999999995,0.02187499999999999
full,coarse,1.3825,0.0037878787878787078,0.0010558204312855301,0.019687499999999993,0.021718749999999995,0.02187499999999999
full,coarse,1.385,0.003787878787878876,0.0010419256543658076,0.019687499999999993,0.021718749999999995,0.02124999999999999
full,coarse,1.3875000000000002,0.003787878787878876,0.0010285181492116565,0.019687499999999993,0.02156249999999999,0.02124999999999999
full,coarse,1.3900000000000001,0.0037878787878787078,0.0010155669857553691,0.019374999999999996,0.02124999999999999,0.02124999999999999
full,coarse,1.3925,0.0037878787878787078,0.001003044267514335,0.019374999999999996,0.02109374999999999,0.02124999999999999
full,coarse,1.395,0.003787878787878876,0.0009909248351078152,0.019374999999999996,0.02109374999999999,0.02124999999999999
full,coarse,1.3975000000000002,0.003787878787878876,0.0009791859680964557,0.019374999999999996,0.02109374999999999,0.02124999999999999
full,coarse,1.4000000000000001,0.0037878787878787078,0.000967807094807506,0.019374999999999996,0.02109374999999999,0.02124999999999999
full,coarse,1.4025,0.0037878787878787078,0.000956769517645681,0.019374999999999996,0.02109374999999999,0.02124999999999999
full,coarse,1.405,0.003787878787878876,0.000946056159237936,0.019374999999999996,0.02109374999999999,0.02124999999999999
full,coarse,1.4075000000000002,0.003787878787878876,0.0009356513327955741,0.019374999999999996,0.02093749999999999,0.02124999999999999
full,coarse,1.4100000000000001,0.0037878787878787078,0.000925540538395293,0.019374999999999996,0.02093749999999999,0.02062499999999999
full,coarse,1.4125,0.0037878787878787078,0.0009157102855202452,0.019374999999999996,0.020781249999999994,0.019999999999999997
full,coarse,1.415,0.003787878787878876,0.0009061479411611813,0.019062499999999996,0.02062499999999999,0.019999999999999997
full,coarse,1.4175000000000002,0.003787878787878876,0.0008968416020299709,0.018749999999999996,0.020468749999999994,0.019999999999999997
full,coarse,1.4200000000000002,0.0037878787878787078,0.000887779988943319,0.018749999999999996,0.02031249999999999,0.019999999999999997
full,coarse,1.4225,0.0037878787878787078,0.0008789523611482896,0.018749999999999996,0.02015624999999999,0.019999999999999997
full,coarse,1.425,0.003787878787878876,0.0008703484482383511,0.018749999999999996,0.02015624999999999,0.019999999999999997
full,coarse,1.4275000000000002,0.003787878787878876,0.0008619583973075769,0.018749999999999996,0.02015624999999999,0.019999999999999997
full,coarse,1.4300000000000002,0.0037878787878787078,0.0008537727328809885,0.018749999999999996,0.019687499999999993,0.019999999999999997
full,coarse,1.4325,0.0037878787878787078,0.0008457823280096524,0.018749999999999996,0.019218749999999993,0.019999999999999997
full,coarse,1.435,0.0037878787878787078,0.0008379783850682725,0.018437499999999996,0.019062499999999996,0.019999999999999997
full,coarse,1.4375,0.003787878787878876,0.000830352421177778,0.018124999999999995,0.018906249999999993,0.019374999999999996
full,coarse,1.4400000000000002,0.003787878787878876,0.0008228962613688259,0.018124999999999995,0.018749999999999996,0.019374999999999996
full,coarse,1.4425000000000001,0.0037878787878787078,0.0008156020351865296,0.018124999999999995,0.018749999999999996,0.019374999999999996
full,coarse,1.445,0.0037878787878787078,0.0008084621761696741,0.017812499999999995,0.018749999999999996,0.019374999999999996
full,coarse,1.4475,0.003787878787878876,0.0008014694231188281,0.017812499999999995,0.018437499999999996,0.019374999999999996
full,coarse,1.4500000000000002,0.003787878787878876,0.0007946168222150471,0.017812499999999995,0.018124999999999995,0.018749999999999996
full,coarse,1.4525000000000001,0.0037878787878787078,0.0007878977291917917,0.017812499999999995,0.018124999999999995,0.018749999999999996
full,coarse,1.455,0.0037878787878787078,0.0007813058109000732,0.017812499999999995,0.018124999999999995,0.018749999999999996
full,coarse,1.4575,0.003787878787878876,0.0007748350457425434,0.017499999999999995,0.018124999999999995,0.018749999999999996
full,coarse,1.4600000000000002,0.003787878787878876,0.0007684797225866872,0.016874999999999994,0.01796874999999999,0.018749999999999996
full,coarse,1.4625000000000001,0.0037878787878787078,0.0007622344378990218,0.016874999999999994,0.01796874999999999,0.018124999999999995
full,coarse,1.465,0.0037878787878787078,0.0007560940909683721,0.016874999999999994,0.017812499999999995,0.017499999999999995
full,coarse,1.4675,0.003787878787878876,0.0007500538772027788,0.016874999999999994,0.01765624999999999,0.017499999999999995
full,coarse,1.4700000000000002,0.003787878787878876,0.0007441092795870152,0.016874999999999994,0.01765624999999999,0.017499999999999995
full,coarse,1.4725000000000001,0.0037878787878787078,0.0007382560584719606,0.016562499999999994,0.01734374999999999,0.016874999999999994
full,coarse,1.475,0.0037878787878787078,0.0007324902399302171,0.016562499999999994,0.01734374999999999,0.016874999999999994
full,coarse,1.4775,0.0037878787878787078,0.000726808102952907,0.016562499999999994,0.01734374999999999,0.016249999999999994
full,coarse,1.48,0.003787878787878876,0.0007212061657808877,0.016562499999999994,0.01703124999999999,0.016249999999999994
full,coarse,1.4825000000000002,0.003787878787878876,0.0007156811716616379,0.016249999999999994,0.01703124999999999,0.016249999999999994
full,coarse,1.485,0.0037878787878787078,0.0007102300743043181,0.015937499999999993,0.01703124999999999,0.016249999999999994
full,coarse,1.4875,0.003787878787878876,0.0007048500232743104,0.015937499999999993,0.016874999999999994,0.016249999999999994
full,coarse,1.4900000000000002,0.003787878787878876,0.0006995383495298198,0.015312499999999996,0.01671874999999999,0.016249999999999994
full,coarse,1.4925000000000002,0.0037878787878787078,0.0006942925512615525,0.015312499999999996,0.01671874999999999,0.015624999999999995
full,coarse,1.495,0.0037878787878787078,0.00068911028015636,0.014999999999999996,0.01640624999999999,0.015624999999999995
full,coarse,1.4975,0.0037878787878787078,0.0006839893281703369,0.014999999999999996,0.01640624999999999,0.015624999999999995
full,coarse,1.5,0.003787878787878876,0.0006789276148685047,0.014999999999999996,0.016249999999999994,0.015624999999999995
full,coarse,1.5025000000000002,0.003787878787878876,0.0006739231753680281,0.014374999999999995,0.015937499999999993,0.015624999999999995
full,coarse,1.5050000000000001,0.0037878787878787078,0.0006689741489099355,0.014374999999999995,0.015937499999999993,0.015624999999999995
full,coarse,1.5075,0.0037878787878787078,0.0006640787680797728,0.014374999999999995,0.015624999999999993,0.015624999999999995
full,coarse,1.51,0.003787878787878876,0.0006592353486988774,0.014374999999999995,0.015468749999999993,0.015624999999999995
full,coarse,1.5125000000000002,0.003787878787878876,0.0006544422804131303,0.014374999999999995,0.015312499999999993,0.014999999999999996
full,coarse,1.5150000000000001,0.0037878787878787078,0.0006496980180129249,0.014062499999999995,0.015156249999999993,0.014999999999999996
full,coarse,1.5175,0.0037878787878787078,0.0006450010735246271,0.014062499999999995,0.014999999999999993,0.014999999999999996
full,coarse,1.52,0.003787878787878876,0.0006403500091181935,0.013437499999999995,0.014999999999999993,0.014999999999999996
full,coarse,1.5225000000000002,0.003787878787878876,0.0006357434308764614,0.013437499999999995,0.014843749999999992,0.014999999999999996
full,coarse,1.5250000000000001,0.0037878787878787078,0.0006311799834680569,0.013437499999999995,0.014843749999999992,0.014999999999999996
full,coarse,1.5275,0.0037878787878787078,0.000626658345757533,0.013124999999999996,0.014687499999999992,0.014999999999999996
full,coarse,1.53,0.003787878787878876,0.0006221772273733925,0.012812499999999996,0.014531249999999992,0.014374999999999995
full,coarse,1.5325000000000002,0.003787878787878876,0.0006177353662376924,0.012812499999999996,0.014374999999999992,0.014374999999999995
full,coarse,1.5350000000000001,0.0037878787878787078,0.0006133315270408471,0.012499999999999995,0.014374999999999992,0.014374999999999995
full,coarse,1.5375,0.0037878787878787078,0.0006089645006232423,0.012499999999999995,0.014374999999999992,0.014374999999999995
full,coarse,1.54,0.0037878787878787078,0.0006046331042025867,0.012499999999999995,0.014218749999999992,0.014374999999999995
full,coarse,1.5425,0.003787878787878876,0.0006003361823638103,0.012187499999999995,0.014218749999999992,0.014374999999999995
full,coarse,1.5450000000000002,0.003787878787878876,0.0005960726087080049,0.012187499999999995,0.014062499999999992,0.014374999999999995
full,coarse,1.5475,0.0037878787878787078,0.000591841288039411,0.012187499999999995,0.013749999999999991,0.014374999999999995
full,coarse,1.55,0.003787878787878876,0.0005876411589556864,0.012187499999999995,0.013593749999999993,0.014374999999999995
full,coarse,1.5525000000000002,0.003787878787878876,0.0005834711966973415,0.011874999999999997,0.013593749999999993,0.013749999999999995
full,coarse,1.5550000000000002,0.0037878787878787078,0.0005793304161077876,0.011874999999999997,0.013437499999999995,0.013749999999999995
full,coarse,1.5575,0.0037878787878787078,0.0005752178745561855,0.011562499999999996,0.013281249999999994,0.013124999999999996
full,coarse,1.56,0.0037878787878787078,0.0005711326746813871,0.011562499999999996,0.013281249999999994,0.013124999999999996
full,coarse,1.5625,0.003787878787878876,0.0005670739668265272,0.011249999999999996,0.012968749999999994,0.012499999999999997
full,coarse,1.5650000000000002,0.003787878787878876,0.000563040951050066,0.011249999999999996,0.012812499999999994,0.012499999999999997
full,coarse,1.5675000000000001,0.0037878787878787078,0.0005590328786196971,0.011249999999999996,0.012656249999999994,0.012499999999999997
full,coarse,1.57,0.0037878787878787078,0.0005550490529198169,0.011249999999999996,0.012656249999999994,0.012499999999999997
full,coarse,1.5725,0.003787878787878876,0.0005510888297302198,0.011249999999999996,0.012656249999999994,0.012499999999999997
full,coarse,1.5750000000000002,0.003787878787878876,0.0005471516168620883,0.011249999999999996,0.012656249999999994,0.012499999999999997
full,coarse,1.5775000000000001,0.0037878787878787078,0.0005432368731658604,0.010937499999999996,0.012656249999999994,0.011874999999999997
full,coarse,1.58,0.0037878787878787078,0.0005393441069526156,0.010937499999999996,0.012499999999999994,0.011874999999999997
full,coarse,1.5825,0.003787878787878876,0.000535472873894727,0.010624999999999997,0.012187499999999995,0.011874999999999997
full,coarse,1.5850000000000002,0.003787878787878876,0.0005316227744912058,0.010624999999999997,0.012031249999999997,0.011874999999999997
full,coarse,1.5875000000000001,0.0037878787878787078,0.0005277934511971921,0.010624999999999997,0.012031249999999997,0.011874999999999997
full,coarse,1.59,0.0037878787878787078,0.0005239845853244708,0.010624999999999997,0.011718749999999997,0.011874999999999997
full,coarse,1.5925,0.003787878787878876,0.0005201958938202305,0.010624999999999997,0.011562499999999996,0.011874999999999997
full,coarse,1.5950000000000002,0.003787878787878876,0.0005164271260245006,0.010312499999999997,0.011562499999999996,0.011874999999999997
full,coarse,1.5975000000000001,0.0037878787878787078,0.0005126780604933053,0.010312499999999997,0.011406249999999996,0.011249999999999996
full,coarse,1.6,0.0037878787878787078,0.0005089485019555624,0.009999999999999997,0.011406249999999996,0.011249999999999996
full,coarse,1.6025,0.0037878787878787078,0.0005052382784485629,0.009999999999999997,0.011249999999999998,0.011249999999999996
full,coarse,1.605,0.003787878787878876,0.0005015472386513291,0.009999999999999997,0.010937499999999996,0.011249999999999996
full,coarse,1.6075000000000002,0.003787878787878876,0.0004978752494092161,0.009999999999999997,0.010937499999999996,0.011249999999999996
full,coarse,1.61,0.0037878787878787078,0.0004942221934189149,0.009999999999999997,0.010781249999999997,0.010624999999999996
full,coarse,1.6125,0.003787878787878876,0.0004905879670224608,0.009999999999999997,0.010624999999999997,0.010624999999999996
full,coarse,1.6150000000000002,0.003787878787878876,0.00048697247804361263,0.009999999999999997,0.010624999999999997,0.010624999999999996
full,coarse,1.6175000000000002,0.0037878787878787078,0.0004833756435913048,0.009999999999999997,0.010624999999999997,0.010624999999999996
full,coarse,1.62,0.0037878787878787078,0.00047979738775345734,0.009687499999999998,0.010468749999999999,0.009999999999999998
full,coarse,1.6225,0.0037878787878787078,0.00047623763911030083,0.009374999999999998,0.010468749999999999,0.009999999999999998
full,coarse,1.625,0.003787878787878876,0.00047269632800902656,0.009374999999999998,0.010312499999999999,0.009999999999999998
full,coarse,1.6275000000000002,0.003787878787878876,0.0004691733835598065,0.009374999999999998,0.009999999999999998,0.009999999999999998
full,coarse,1.6300000000000001,0.0037878787878787078,0.0004656687303355584,0.009374999999999998,0.009999999999999998,0.009374999999999998
full,coarse,1.6325,0.003787878787878876,0.00046218228478235986,0.009062499999999998,0.009999999999999998,0.009374999999999998
full,coarse,1.6350000000000002,0.003787878787878876,0.0004587139513722923,0.009062499999999998,0.009843749999999997,0.009374999999999998
full,coarse,1.6375000000000002,0.0037878787878787078,0.0004552636185539136,0.009062499999999998,0.009687499999999996,0.009374999999999998
full,coarse,1.6400000000000001,0.0037878787878787078,0.00045183115457603836,0.009062499999999998,0.009687499999999996,0.009374999999999998
full,coarse,1.6425,0.0037878787878787078,0.0004484164032769359,0.008749999999999997,0.009687499999999996,0.009374999999999998
full,coarse,1.645,0.003787878787878876,0.00044501917994276767,0.008124999999999997,0.009687499999999996,0.009374999999999998
full,coarse,1.6475000000000002,0.003787878787878876,0.0004416392673458069,0.007812499999999997,0.009374999999999998,0.009374999999999998
full,coarse,1.6500000000000001,0.0037878787878787078,0.0004382764120748232,0.007499999999999998,0.009062499999999998,0.009374999999999998
full,coarse,1.6525,0.0037878787878787078,0.00043493032126728256,0.007499999999999998,0.008749999999999997,0.009374999999999998
full,coarse,1.655,0.003787878787878876,0.00043160065984624825,0.007499999999999998,0.008749999999999997,0.009374999999999998
full,coarse,1.6575000000000002,0.003787878787878876,0.0004282870483546392,0.007187499999999998,0.008593749999999999,0.009374999999999998
full,coarse,1.6600000000000001,0.0037878787878787078,0.0004249890614664117,0.006874999999999998,0.008593749999999999,0.009374999999999998
full,coarse,1.6625,0.0037878787878787078,0.00042170622723888953,0.006874999999999998,0.008437499999999997,0.009374999999999998
full,coarse,1.665,0.0037878787878787078,0.0004184380271534051,0.006874999999999998,0.008437499999999997,0.009374999999999998
full,coarse,1.6675,0.003787878787878876,0.00041518389697316183,0.006562499999999998,0.008281249999999999,0.008124999999999997
full,coarse,1.6700000000000002,0.003787878787878876,0.0004119432284282408,0.006562499999999998,0.008124999999999999,0.007499999999999998
full,coarse,1.6725,0.0037878787878787078,0.00040871537171837356,0.006249999999999999,0.008124999999999999,0.007499999999999998
full,coarse,1.675,0.003787878787878876,0.000405499638804857,0.005937499999999998,0.008124999999999999,0.007499999999999998
full,coarse,1.6775000000000002,0.003787878787878876,0.00040229530744414566,0.005937499999999998,0.007968749999999998,0.007499999999999998
full,coarse,1.6800000000000002,0.0037878787878787078,0.0003991016258975328,0.005624999999999998,0.007812499999999997,0.007499999999999998
full,coarse,1.6825,0.0037878787878787078,0.0003959178182342777,0.005624999999999998,0.007812499999999997,0.007499999999999998
full,coarse,1.685,0.0037878787878787078,0.0003927430901299265,0.005624999999999998,0.007499999999999998,0.007499999999999998
full,coarse,1.6875,0.003787878787878876,0.0003895766350478785,0.005624999999999998,0.007499999999999998,0.007499999999999998
full,coarse,1.6900000000000002,0.003787878787878876,0.00038641764068103005,0.005624999999999998,0.007499999999999998,0.007499999999999998
full,coarse,1.6925000000000001,0.0037878787878787078,0.0003832652955222135,0.005312499999999999,0.007499999999999998,0.006874999999999997
full,coarse,1.695,0.003787878787878876,0.000380118795427861,0.004999999999999999,0.007343749999999998,0.006874999999999997
full,coarse,1.6975000000000002,0.003787878787878876,0.0003769773500394819,0.004999999999999999,0.007031249999999998,0.006874999999999997
full,coarse,1.7000000000000002,0.0037878787878787078,0.00037384018893273,0.004999999999999999,0.007031249999999998,0.006874999999999997
full,coarse,1.7025000000000001,0.0037878787878787078,0.0003707065673742804,0.004999999999999999,0.007031249999999998,0.006874999999999997
full,coarse,1.705,0.0037878787878787078,0.00036757577158238146,0.004999999999999999,0.007031249999999998,0.006874999999999997
full,coarse,1.7075,0.003787878787878876,0.0003644471234071874,0.004374999999999999,0.006562499999999998,0.006249999999999999
full,coarse,1.7100000000000002,0.003787878787878876,0.00036131998437074423,0.004374999999999999,0.006562499999999998,0.006249999999999999
full,coarse,1.7125000000000001,0.0037878787878787078,0.0003581937590321957,0.004374999999999999,0.006249999999999999,0.006249999999999999
full,coarse,1.715,0.0037878787878787078,0.0003550678976694171,0.004374999999999999,0.0060937499999999985,0.006249999999999999
full,coarse,1.7175,0.003787878787878876,0.0003519418982916855,0.004062499999999999,0.005937499999999998,0.006249999999999999
full,coarse,1.7200000000000002,0.003787878787878876,0.0003488153080170377,0.004062499999999999,0.005937499999999998,0.006249999999999999
full,coarse,1.7225000000000001,0.0037878787878787078,0.0003456877238608636,0.004062499999999999,0.005937499999999998,0.006249999999999999
full,coarse,1.725,0.0037878787878787078,0.00034255879298791965,0.004062499999999999,0.005937499999999998,0.006249999999999999
full,coarse,1.7275,0.0037878787878787078,0.0003394282124780641,0.004062499999999999,0.005937499999999998,0.006249999999999999
full,coarse,1.73,0.003787878787878876,0.000336295728647368,0.003749999999999999,0.005937499999999998,0.006249999999999999
full,coarse,1.7325000000000002,0.003787878787878876,0.0003331611359525982,0.003749999999999999,0.005937499999999998,0.005624999999999998
full,coarse,1.735,0.0037878787878787078,0.0003300242754909814,0.003749999999999999,0.005624999999999998,0.005624999999999998
full,coarse,1.7375,0.003787878787878876,0.0003268850330917395,0.003749999999999999,0.0053124999999999995,0.005624999999999998
full,coarse,1.7400000000000002,0.003787878787878876,0.0003237433369843699,0.003749999999999999,0.0053124999999999995,0.004999999999999998
full,coarse,1.7425000000000002,0.0037878787878787078,0.00032059915502386405,0.003749999999999999,0.0053124999999999995,0.004999999999999998
full,coarse,1.745,0.0037878787878787078,0.00031745249145708604,0.003749999999999999,0.005156249999999999,0.004999999999999998
full,coarse,1.7475,0.0037878787878787078,0.00031430338322823467,0.003437499999999999,0.004999999999999999,0.004999999999999998
full,coarse,1.75,0.003787878787878876,0.0003111518958441837,0.0031249999999999993,0.004999999999999999,0.004374999999999999
full,coarse,1.7525000000000002,0.003787878787878876,0.00030799811885062766,0.0031249999999999993,0.004999999999999999,0.004374999999999999
full,coarse,1.7550000000000001,0.0037878787878787078,0.0003048421610042432,0.0031249999999999993,0.004999999999999999,0.004374999999999999
full,coarse,1.7575,0.003787878787878876,0.00030168414526058067,0.002812499999999999,0.004843749999999999,0.004374999999999999
full,coarse,1.7600000000000002,0.003787878787878876,0.0002985242037279164,0.002812499999999999,0.0046875,0.004374999999999999
full,coarse,1.7625000000000002,0.0037878787878787078,0.00029536247275991853,0.002812499999999999,0.0045312500000000006,0.004374999999999999
full,coarse,1.7650000000000001,0.0037878787878787078,0.0002921990883716285,0.002499999999999999,0.0045312500000000006,0.004374999999999999
full,coarse,1.7675,0.0037878787878787078,0.0002890341821621084,0.002499999999999999,0.004375,0.004374999999999999
full,coarse,1.77,0.003787878787878876,0.00028586787791276465,0.002499999999999999,0.004062500000000002,0.004374999999999999
full,coarse,1.7725000000000002,0.003787878787878876,0.0002827002890038558,0.0015624999999999994,0.003906250000000002,0.004374999999999999
full,coarse,1.7750000000000001,0.0037878787878787078,0.000279531516755259,0.0012499999999999996,0.003906250000000002,0.003749999999999999
full,coarse,1.7775,0.0037878787878787078,0.0002763616497542625,0.0012499999999999996,0.003906250000000002,0.003749999999999999
full,coarse,1.78,0.003787878787878876,0.00027319076418643503,0.0009374999999999997,0.0037500000000000016,0.003749999999999999
full,coarse,1.7825000000000002,0.003787878787878876,0.0002700189251389359,0.0009374999999999997,0.0037500000000000016,0.003749999999999999
full,coarse,1.7850000000000001,0.0037878787878787078,0.0002668461888020708,0.0006249999999999998,0.0037500000000000016,0.003749999999999999
full,coarse,1.7875,0.0037878787878787078,0.000263672605456966,0.0006249999999999998,0.0037500000000000016,0.003749999999999999
full,coarse,1.79,0.0037878787878787078,0.0002604982231067739,0.0006249999999999998,0.0035937500000000006,0.003749999999999999
full,coarse,1.7925,0.003787878787878876,0.0002573230915869721,0.0006249999999999998,0.0032812500000000003,0.003124999999999999
full,coarse,1.7950000000000002,0.003787878787878876,0.0002541472669776368,0.0006249999999999998,0.0032812500000000003,0.003124999999999999
full,coarse,1.7975,0.0037878787878787078,0.0002509708161371331,0.0006249999999999998,0.0032812500000000003,0.003124999999999999
full,coarse,1.8,0.003787878787878876,0.000247793821182137,0.0006249999999999998,0.0032812500000000003,0.003124999999999999
full,coarse,1.8025000000000002,0.003787878787878876,0.00024461638375263754,0.0006249999999999998,0.003125000000000001,0.003124999999999999
full,coarse,1.8050000000000002,0.0037878787878787078,0.00024143862892159827,0.0006249999999999998,0.003125000000000001,0.003124999999999999
full,coarse,1.8075,0.0037878787878787078,0.0002382607086359855,0.0006249999999999998,0.0029687500000000013,0.003124999999999999
full,coarse,1.81,0.0037878787878787078,0.00023508280460726863,0.0006249999999999998,0.0029687500000000013,0.003124999999999999
full,coarse,1.8125,0.003787878787878876,0.0002319051306033264,0.0006249999999999998,0.0029687500000000013,0.003124999999999999
full,coarse,1.8150000000000002,0.003787878787878876,0.00022872793412778247,0.0003124999999999999,0.002500000000000001,0.003124999999999999
full,coarse,1.8175000000000001,0.0037878787878787078,0.00022555149750492205,0.0003124999999999999,0.002500000000000001,0.003124999999999999
full,coarse,1.82,0.003787878787878876,0.00022237613841641598,0.0003124999999999999,0.0023437500000000008,0.003124999999999999
full,coarse,1.8225000000000002,0.003787878787878876,0.00021920220995833478,0.0003124999999999999,0.0023437500000000008,0.0018749999999999995
full,coarse,1.8250000000000002,0.0037878787878787078,0.00021603010030218204,0.0,0.0023437500000000008,0.0018749999999999995
full,coarse,1.8275000000000001,0.0037878787878787078,0.00021286023205132127,0.0,0.0021875,0.0018749999999999995
full,coarse,1.83,0.0037878787878787078,0.0002096930613843449,0.0,0.0020312499999999996,0.0018749999999999995
full,coarse,1.8325,0.003787878787878876,0.00020652907707039716,0.0,0.0020312499999999996,0.0012499999999999996
full,coarse,1.8350000000000002,0.003787878787878876,0.00020336879942946527,0.0,0.0020312499999999996,0.0012499999999999996
full,coarse,1.8375000000000001,0.0037878787878787078,0.0002002127792948143,0.0,0.0020312499999999996,0.0012499999999999996
full,coarse,1.84,0.0037878787878787078,0.00019706159701679657,0.0,0.0018749999999999995,0.0012499999999999996
full,coarse,1.8425,0.003787878787878876,0.0001939158615289156,0.0,0.0018749999999999995,0.0012499999999999996
full,coarse,1.8450000000000002,0.003787878787878876,0.00019077620947976863,0.0,0.0017187499999999998,0.0012499999999999996
full,coarse,1.8475000000000001,0.0037878787878787078,0.00018764330441950965,0.0,0.0017187499999999998,0.0012499999999999996
full,coarse,1.85,0.0037878787878787078,0.0001845178360175897,0.0,0.0017187499999999998,0.0012499999999999996
full,coarse,1.8525,0.0037878787878787078,0.00018140051928017937,0.0,0.00140625,0.0012499999999999996
full,coarse,1.855,0.003787878787878876,0.0001782920937309931,0.0,0.0012499999999999996,0.0012499999999999996
full,coarse,1.8575000000000002,0.003787878787878876,0.00017519332251807193,0.0,0.0010937499999999992,0.0012499999999999996
full,coarse,1.86,0.003787878787878876,0.000172104991411125,0.0,0.0010937499999999992,0.0012499999999999996
full,coarse,1.8625000000000003,0.003787878787878876,0.0001690279076588536,0.0,0.0010937499999999992,0.0012499999999999996
full,coarse,1.8650000000000002,0.0037878787878787078,0.0001659628986827728,0.0,0.0010937499999999992,0.0012499999999999996
full,coarse,1.8675000000000002,0.0037878787878787078,0.00016291081059283032,0.0,0.0010937499999999992,0.0012499999999999996
full,coarse,1.87,0.0037878787878787078,0.00015987250651994505,0.0,0.000937499999999999,0.0012499999999999996
full,coarse,1.8725,0.0037878787878787078,0.00015684886477072428,0.0,0.0007812499999999994,0.0012499999999999996
full,coarse,1.875,0.0037878787878787078,0.00015384077681925484,0.0,0.0007812499999999994,0.0006249999999999998
full,coarse,1.8775,0.003787878787878876,0.0001508491451592071,0.0,0.0007812499999999994,0.0006249999999999998
full,coarse,1.8800000000000001,0.003787878787878876,0.0001478748810457987,0.0,0.0006249999999999998,0.0006249999999999998
full,coarse,1.8825,0.003787878787878876,0.00014491890216090675,0.0,0.0006249999999999998,0.0006249999999999998
full,coarse,1.8850000000000002,0.003787878787878876,0.0001419821302355216,0.0,0.0003124999999999999,0.0
full,coarse,1.8875000000000002,0.0037878787878787078,0.0001390654886619004,0.0,0.0003124999999999999,0.0
full,coarse,1.8900000000000001,0.0037878787878787078,0.00013616990012358982,0.0,0.0003124999999999999,0.0
full,coarse,1.8925,0.0037878787878787078,0.00013329628426563328,0.0,0.0003124999999999999,0.0
full,coarse,1.895,0.0037878787878787078,0.00013044555542055187,0.0,0.0001562500000000003,0.0
full,coarse,1.8975,0.003787878787878876,0.00012761862039892014,0.0,0.0001562500000000003,0.0
full,coarse,1.9000000000000001,0.003787878787878876,0.00012481637634725813,0.0,0.0,0.0
full,coarse,1.9025,0.003787878787878876,0.00012203970867105035,0.0,0.0,0.0
full,coarse,1.9050000000000002,0.003787878787878876,0.00011928948901728184,0.0,0.0,0.0
full,coarse,1.9075000000000002,0.0037878787878787078,0.00011656657330903113,0.0,0.0,0.0
full,coarse,1.9100000000000001,0.0037878787878787078,0.0001138717998242836,0.0,0.0,0.0
full,coarse,1.9125,0.0037878787878787078,0.0001112059873120152,0.0,0.0,0.0
full,coarse,1.915,0.0037878787878787078,0.00010856993314046098,0.0,0.0,0.0
full,coarse,1.9175,0.003787878787878876,0.00010596441147503473,0.0,0.0,0.0
full,coarse,1.9200000000000002,0.003787878787878876,0.00010339017148632168,0.0,0.0,0.0
full,coarse,1.9225,0.003787878787878876,0.00010084793559168017,0.0,0.0,0.0
full,coarse,1.9250000000000003,0.003787878787878876,9.833839773704906e-05,0.0,0.0,0.0
full,coarse,1.9275000000000002,0.0037878787878787078,9.58622217283899e-05,0.0,0.0,0.0
full,coarse,1.9300000000000002,0.0037878787878787078,9.342003962465247e-05,0.0,0.0,0.0
full,coarse,1.9325,0.0037878787878787078,9.10124502061132e-05,0.0,0.0,0.0
full,coarse,1.935,0.0037878787878787078,8.86400175333056e-05,0.0,0.0,0.0
full,coarse,1.9375,0.0037878787878787078,8.630326961245834e-05,0.0,0.0,0.0
full,coarse,1.94,0.003787878787878876,8.40026971833392e-05,0.0,0.0,0.0
full,coarse,1.9425000000000001,0.003787878787878876,8.173875264465813e-05,0.0,0.0,0.0
full,coarse,1.945,0.003787878787878876,7.951184913074024e-05,0.0,0.0,0.0
full,coarse,1.9475000000000002,0.003787878787878876,7.732235975110296e-05,0.0,0.0,0.0
full,coarse,1.9500000000000002,0.0037878787878787078,7.517061700197409e-05,0.0,0.0,0.0
full,coarse,1.9525000000000001,0.0037878787878787078,7.305691235580123e-05,0.0,0.0,0.0
full,coarse,1.955,0.0037878787878787078,7.098149603158648e-05,0.0,0.0,0.0
full,coarse,1.9575,0.0037878787878787078,6.894457694560445e-05,0.0,0.0,0.0
full,coarse,1.96,0.003787878787878876,6.69463228388772e-05,0.0,0.0,0.0
full,coarse,1.9625000000000001,0.003787878787878876,6.498686057483828e-05,0.0,0.0,0.0
full,coarse,1.965,0.003787878787878876,6.306627659802975e-05,0.0,0.0,0.0
full,coarse,1.9675000000000002,0.003787878787878876,6.118461754252817e-05,0.0,0.0,0.0
full,coarse,1.9700000000000002,0.0037878787878787078,5.934189097713486e-05,0.0,0.0,0.0
full,coarse,1.9725000000000001,0.0037878787878787078,5.753806627321659e-05,0.0,0.0,0.0
full,coarse,1.975,0.0037878787878787078,5.5773075580429965e-05,0.0,0.0,0.0
full,coarse,1.9775,0.0037878787878787078,5.4046814895377255e-05,0.0,0.0,0.0
full,coarse,1.98,0.003787878787878876,5.2359145208473885e-05,0.0,0.0,0.0
full,coarse,1.9825000000000002,0.003787878787878876,5.0709893714895226e-05,0.0,0.0,0.0
full,coarse,1.985,0.003787878787878876,4.9098855076345e-05,0.0,0.0,0.0
full,coarse,1.9875000000000003,0.003787878787878876,4.7525792721477636e-05,0.0,0.0,0.0
full,coarse,1.9900000000000002,0.0037878787878787078,4.5990440174038344e-05,0.0,0.0,0.0
full,coarse,1.9925000000000002,0.0037878787878787078,4.449250239908922e-05,0.0,0.0,0.0
full,coarse,1.995,0.0037878787878787078,4.303165715900285e-05,0.0,0.0,0.0
full,coarse,1.9975,0.0037878787878787078,4.1607556372170886e-05,0.0,0.0,0.0
full,coarse,2.0,0.0037878787878787078,4.0219827468550726e-05,0.0,0.0,0.0
full,coarse,2.0025,0.0037878787878787078,3.8868074737227286e-05,0.0,0.0,0.0
full,coarse,2.005,0.003787878787879044,3.7551880662080214e-05,0.0,0.0,0.0
full,coarse,2.0075000000000003,0.003787878787879044,3.62708072424203e-05,0.0,0.0,0.0
full,coarse,2.0100000000000002,0.0037878787878787078,3.502439729609871e-05,0.0,0.0,0.0
full,coarse,2.0125,0.0037878787878787078,3.381217574312212e-05,0.0,0.0,0.0
full,coarse,2.015,0.0037878787878787078,3.2633650868251606e-05,0.0,0.0,0.0
full,coarse,2.0175,0.0037878787878787078,3.1488315561454836e-05,0.0,0.0,0.0
full,coarse,2.02,0.0018939393939393539,3.03756485354476e-05,0.0,0.0,0.0
full,fine,1.36,0.0018939393939393539,0.0012097080762198116,0.020937499999999994,0.022499999999999992,0.02187499999999999
full,fine,1.3625,0.0037878787878787078,0.00118930867869393,0.020624999999999994,0.022343749999999996,0.02187499999999999
full,fine,1.365,0.003787878787878876,0.0011698550700416667,0.020624999999999994,0.022343749999999996,0.02187499999999999
full,fine,1.3675000000000002,0.003787878787878876,0.0011512806689376962,0.020624999999999994,0.022343749999999996,0.02187499999999999
full,fine,1.37,0.0037878787878787078,0.0011335230441309604,0.020624999999999994,0.022343749999999996,0.02187499999999999
full,fine,1.3725,0.0037878787878787078,0.0011165238704961495,0.020624999999999994,0.022343749999999996,0.02187499999999999
full,fine,1.375,0.003787878787878876,0.0011002289304950206,0.020624999999999994,0.022031249999999995,0.02187499999999999
full,fine,1.3775000000000002,0.003787878787878876,0.001084588107494273,0.020624999999999994,0.021718749999999995,0.02187499999999999
full,fine,1.3800000000000001,0.0037878787878787078,0.0010695553387530194,0.020312499999999994,0.021718749999999995,0.02187499999999999
full,fine,1.3825,0.0037878787878787078,0.0010550885132935284,0.019687499999999993,0.021718749999999995,0.02187499999999999
full,fine,1.385,0.003787878787878876,0.0010411493125300443,0.019687499999999993,0.021718749999999995,0.02124999999999999
full,fine,1.3875000000000002,0.003787878787878876,0.001027702999809596,0.019687499999999993,0.02156249999999999,0.02124999999999999
full,fine,1.3900000000000001,0.0037878787878787078,0.0010147181697058394,0.019374999999999996,0.02124999999999999,0.02124999999999999
full,fine,1.3925,0.0037878787878787078,0.0010021664698751011,0.019374999999999996,0.02109374999999999,0.02124999999999999
full,fine,1.395,0.003787878787878876,0.000990022308337462,0.019374999999999996,0.02109374999999999,0.02124999999999999
full,fine,1.3975000000000002,0.003787878787878876,0.0009782625578703386,0.019374999999999996,0.02109374999999999,0.02124999999999999
full,fine,1.4000000000000001,0.0037878787878787078,0.0009668662673354865,0.019374999999999996,0.02109374999999999,0.02124999999999999
full,fine,1.4025,0.0037878787878787078,0.0009558143876096781,0.019374999999999996,0.02109374999999999,0.02124999999999999
full,fine,1.405,0.003787878787878876,0.0009450895176358648,0.019374999999999996,0.02109374999999999,0.02124999999999999
full,fine,1.4075000000000002,0.003787878787878876,0.0009346756741355992,0.019374999999999996,0.02093749999999999,0.02124999999999999
full,fine,1.4100000000000001,0.0037878787878787078,0.0009245580868250238,0.019374999999999996,0.02093749999999999,0.02062499999999999
full,fine,1.4125,0.0037878787878787078,0.0009147230195969186,0.019374999999999996,0.020781249999999994,0.019999999999999997
full,fine,1.415,0.003787878787878876,0.0009051576170704808,0.019062499999999996,0.02062499999999999,0.019999999999999997
full,fine,1.4175000000000002,0.003787878787878876,0.0008958497751438012,0.018749999999999996,0.020468749999999994,0.019999999999999997
full,fine,1.4200000000000002,0.0037878787878787078,0.0008867880336722748,0.018749999999999996,0.02031249999999999,0.019999999999999997
full,fine,1.4225,0.0037878787878787078,0.0008779614890948909,0.018749999999999996,0.02015624999999999,0.019999999999999997
full,fine,1.425,0.003787878787878876,0.0008693597246946178,0.018749999999999996,0.02015624999999999,0.019999999999999997
full,fine,1.4275000000000002,0.003787878787878876,0.0008609727561674724,0.018749999999999996,0.02015624999999999,0.019999999999999997
full,fine,1.4300000000000002,0.0037878787878787078,0.0008527909900569961,0.018749999999999996,0.019687499999999993,0.019999999999999997
full,fine,1.4325,0.0037878787878787078,0.0008448051934539474,0.018749999999999996,0.019218749999999993,0.019999999999999997
full,fine,1.435,0.0037878787878787078,0.0008370064735050181,0.018437499999999996,0.019062499999999996,0.019999999999999997
full,fine,1.4375,0.003787878787878876,0.0008293862616605867,0.018124999999999995,0.018906249999999993,0.019374999999999996
full,fine,1.4400000000000002,0.003787878787878876,0.0008219363057715269,0.018124999999999995,0.018749999999999996,0.019374999999999996
full,fine,1.4425000000000001,0.0037878787878787078,0.0008146486657374028,0.018124999999999995,0.018749999999999996,0.019374999999999996
full,fine,1.445,0.0037878787878787078,0.0008075157121351395,0.017812499999999995,0.018749999999999996,0.019374999999999996
full,fine,1.4475,0.003787878787878876,0.0008005301267380162,0.017812499999999995,0.018437499999999996,0.019374999999999996
full,fine,1.4500000000000002,0.003787878787878876,0.0007936849039809886,0.017812499999999995,0.018124999999999995,0.018749999999999996
full,fine,1.4525000000000001,0.0037878787878787078,0.0007869733525682595,0.017812499999999995,0.018124999999999995,0.018749999999999996
full,fine,1.455,0.0037878787878787078,0.0007803890965554484,0.017812499999999995,0.018124999999999995,0.018749999999999996
full,fine,1.4575,0.003787878787878876,0.0007739260753735992,0.017499999999999995,0.018124999999999995,0.018749999999999996
full,fine,1.4600000000000002,0.003787878787878876,0.0007675785423960737,0.016874999999999994,0.01796874999999999,0.018749999999999996
full,fine,1.4625000000000001,0.0037878787878787078,0.0007613410617807815,0.016874999999999994,0.01796874999999999,0.018124999999999995
full,fine,1.465,0.0037878787878787078,0.0007552085034463606,0.016874999999999994,0.017812499999999995,0.017499999999999995
full,fine,1.4675,0.003787878787878876,0.00074917603615779,0.016874999999999994,0.01765624999999999,0.017499999999999995
full,fine,1.4700000000000002,0.003787878787878876,0.000743239118800086,0.016874999999999994,0.01765624999999999,0.017499999999999995
full,fine,1.4725000000000001,0.0037878787878787078,0.0007373934900040586,0.016562499999999994,0.01734374999999999,0.016874999999999994
full,fine,1.475,0.0037878787878787078,0.0007316351563525328,0.016562499999999994,0.01734374999999999,0.016874999999999994
full,fine,1.4775,0.0037878787878787078,0.0007259603794373878,0.016562499999999994,0.01734374999999999,0.016249999999999994
full,fine,1.48,0.003787878787878876,0.0007203656620574357,0.016562499999999994,0.01703124999999999,0.016249999999999994
full,fine,1.4825000000000002,0.003787878787878876,0.0007148477338464592,0.016249999999999994,0.01703124999999999,0.016249999999999994
full,fine,1.485,0.0037878787878787078,0.0007094035366030149,0.015937499999999993,0.01703124999999999,0.016249999999999994
full,fine,1.4875,0.003787878787878876,0.0007040302095632385,0.015937499999999993,0.016874999999999994,0.016249999999999994
full,fine,1.4900000000000002,0.003787878787878876,0.0006987250748196564,0.015312499999999996,0.01671874999999999,0.016249999999999994
full,fine,1.4925000000000002,0.0037878787878787078,0.0006934856230477056,0.015312499999999996,0.01671874999999999,0.015624999999999995
full,fine,1.495,0.0037878787878787078,0.0006883094996615435,0.014999999999999996,0.01640624999999999,0.015624999999999995
full,fine,1.4975,0.0037878787878787078,0.0006831944914851597,0.014999999999999996,0.01640624999999999,0.015624999999999995
full,fine,1.5,0.003787878787878876,0.0006781385139961565,0.014999999999999996,0.016249999999999994,0.015624999999999995
full,fine,1.5025000000000002,0.003787878787878876,0.0006731395991790273,0.014374999999999995,0.015937499999999993,0.015624999999999995
full,fine,1.5050000000000001,0.0037878787878787078,0.0006681958840124747,0.014374999999999995,0.015937499999999993,0.015624999999999995
full,fine,1.5075,0.0037878787878787078,0.0006633055996104495,0.014374999999999995,0.015624999999999993,0.015624999999999995
full,fine,1.51,0.003787878787878876,0.0006584670610376869,0.014374999999999995,0.015468749999999993,0.015624999999999995
full,fine,1.5125000000000002,0.003787878787878876,0.0006536786578255823,0.014374999999999995,0.015312499999999993,0.014999999999999996
full,fine,1.5150000000000001,0.0037878787878787078,0.000648938845221176,0.014062499999999995,0.015156249999999993,0.014999999999999996
full,fine,1.5175,0.0037878787878787078,0.0006442461362086784,0.014062499999999995,0.014999999999999993,0.014999999999999996
full,fine,1.52,0.003787878787878876,0.0006395990943475899,0.013437499999999995,0.014999999999999993,0.014999999999999996
full,fine,1.5225000000000002,0.003787878787878876,0.0006349963274726064,0.013437499999999995,0.014843749999999992,0.014999999999999996
full,fine,1.5250000000000001,0.0037878787878787078,0.0006304364822972486,0.013437499999999995,0.014843749999999992,0.014999999999999996
full,fine,1.5275,0.0037878787878787078,0.0006259182399551476,0.013124999999999996,0.014687499999999992,0.014999999999999996
full,fine,1.53,0.003787878787878876,0.0006214403125002646,0.012812499999999996,0.014531249999999992,0.014374999999999995
full,fine,1.5325000000000002,0.003787878787878876,0.0006170014403706024,0.012812499999999996,0.014374999999999992,0.014374999999999995
full,fine,1.5350000000000001,0.0037878787878787078,0.0006126003908001009,0.012499999999999995,0.014374999999999992,0.014374999999999995
full,fine,1.5375,0.0037878787878787078,0.0006082359571414975,0.012499999999999995,0.014374999999999992,0.014374999999999995
full,fine,1.54,0.0037878787878787078,0.0006039069590403048,0.012499999999999995,0.014218749999999992,0.014374999999999995
full,fine,1.5425,0.003787878787878876,0.0005996122433778927,0.012187499999999995,0.014218749999999992,0.014374999999999995
full,fine,1.5450000000000002,0.003787878787878876,0.0005953506858812499,0.012187499999999995,0.014062499999999992,0.014374999999999995
full,fine,1.5475,0.0037878787878787078,0.0005911211932793266,0.012187499999999995,0.013749999999999991,0.014374999999999995
full,fine,1.55,0.003787878787878876,0.000586922705871888,0.012187499999999995,0.013593749999999993,0.014374999999999995
full,fine,1.5525000000000002,0.003787878787878876,0.0005827542003671715,0.011874999999999997,0.013593749999999993,0.013749999999999995
full,fine,1.5550000000000002,0.0037878787878787078,0.0005786146928399144,0.011874999999999997,0.013437499999999995,0.013749999999999995
full,fine,1.5575,0.0037878787878787078,0.0005745032416617551,0.011562499999999996,0.013281249999999994,0.013124999999999996
full,fine,1.56,0.0037878787878787078,0.0005704189502617696,0.011562499999999996,0.013281249999999994,0.013124999999999996
full,fine,1.5625,0.003787878787878876,0.0005663609695858736,0.011249999999999996,0.012968749999999994,0.012499999999999997
full,fine,1.5650000000000002,0.003787878787878876,0.0005623285001397512,0.011249999999999996,0.012812499999999994,0.012499999999999997
full,fine,1.5675000000000001,0.0037878787878787078,0.0005583207935203301,0.011249999999999996,0.012656249999999994,0.012499999999999997
full,fine,1.57,0.0037878787878787078,0.0005543371533648852,0.011249999999999996,0.012656249999999994,0.012499999999999997
full,fine,1.5725,0.003787878787878876,0.000550376935673677,0.011249999999999996,0.012656249999999994,0.012499999999999997
full,fine,1.5750000000000002,0.003787878787878876,0.0005464395484903697,0.011249999999999996,0.012656249999999994,0.012499999999999997
full,fine,1.5775000000000001,0.0037878787878787078,0.0005425244509530084,0.010937499999999996,0.012656249999999994,0.011874999999999997
full,fine,1.58,0.0037878787878787078,0.0005386311517555196,0.010937499999999996,0.012499999999999994,0.011874999999999997
full,fine,1.5825,0.003787878787878876,0.0005347592070840155,0.010624999999999997,0.012187499999999995,0.011874999999999997
full,fine,1.5850000000000002,0.003787878787878876,0.0005309082181121747,0.010624999999999997,0.012031249999999997,0.011874999999999997
full,fine,1.5875000000000001,0.0037878787878787078,0.0005270778281543709,0.010624999999999997,0.012031249999999997,0.011874999999999997
full,fine,1.59,0.0037878787878787078,0.0005232677195830841,0.010624999999999997,0.011718749999999997,0.011874999999999997
full,fine,1.5925,0.003787878787878876,0.000519477610617909,0.010624999999999997,0.011562499999999996,0.011874999999999997
full,fine,1.5950000000000002,0.003787878787878876,0.000515707252087155,0.010312499999999997,0.011562499999999996,0.011874999999999997
full,fine,1.5975000000000001,0.0037878787878787078,0.0005119564242500325,0.010312499999999997,0.011406249999999996,0.011249999999999996
full,fine,1.6,0.0037878787878787078,0.000508224933748755,0.009999999999999997,0.011406249999999996,0.011249999999999996
full,fine,1.6025,0.0037878787878787078,0.0005045126107369463,0.009999999999999997,0.011249999999999998,0.011249999999999996
full,fine,1.605,0.003787878787878876,0.0005008193062053349,0.009999999999999997,0.010937499999999996,0.011249999999999996
full,fine,1.6075000000000002,0.003787878787878876,0.0004971448894997975,0.009999999999999997,0.010937499999999996,0.011249999999999996
full,fine,1.61,0.0037878787878787078,0.0004934892460025013,0.009999999999999997,0.010781249999999997,0.010624999999999996
full,fine,1.6125,0.003787878787878876,0.0004898522749260915,0.009999999999999997,0.010624999999999997,0.010624999999999996
full,fine,1.6150000000000002,0.003787878787878876,0.00048623388715531555,0.009999999999999997,0.010624999999999997,0.010624999999999996
full,fine,1.6175000000000002,0.0037878787878787078,0.0004826340030613975,0.009999999999999997,0.010624999999999997,0.010624999999999996
full,fine,1.62,0.0037878787878787078,0.00047905255021259835,0.009999999999999997,0.010468749999999999,0.009999999999999998
full,fine,1.6225,0.0037878787878787078,0.0004754894609098249,0.009374999999999998,0.010468749999999999,0.009999999999999998
full,fine,1.625,0.003787878787878876,0.00047194466948835643,0.009374999999999998,0.010312499999999999,0.009999999999999998
full,fine,1.6275000000000002,0.003787878787878876,0.00046841810934463064,0.009374999999999998,0.009999999999999998,0.009999999999999998
full,fine,1.6300000000000001,0.0037878787878787078,0.0004649097096690617,0.009374999999999998,0.009999999999999998,0.009374999999999998
full,fine,1.6325,0.003787878787878876,0.00046141939189021144,0.009062499999999998,0.009999999999999998,0.009374999999999998
full,fine,1.6350000000000002,0.003787878787878876,0.0004579470658604216,0.009062499999999998,0.009843749999999997,0.009374999999999998
full,fine,1.6375000000000002,0.0037878787878787078,0.0004544926258364502,0.009062499999999998,0.009687499999999996,0.009374999999999998
full,fine,1.6400000000000001,0.0037878787878787078,0.0004510559463292368,0.009062499999999998,0.009687499999999996,0.009374999999999998
full,fine,1.6425,0.0037878787878787078,0.00044763687791351983,0.008749999999999997,0.009687499999999996,0.009374999999999998
full,fine,1.645,0.003787878787878876,0.00044423524309997176,0.008124999999999997,0.009687499999999996,0.009374999999999998
full,fine,1.6475000000000002,0.003787878787878876,0.0004408508323794824,0.007812499999999997,0.009374999999999998,0.009374999999999998
full,fine,1.6500000000000001,0.0037878787878787078,0.00043748340055133875,0.007499999999999998,0.009062499999999998,0.009374999999999998
full,fine,1.6525,0.0037878787878787078,0.0004341326634445833,0.007499999999999998,0.008749999999999997,0.009374999999999998
full,fine,1.655,0.003787878787878876,0.0004307982951353552,0.007499999999999998,0.008749999999999997,0.009374999999999998
full,fine,1.6575000000000002,0.003787878787878876,0.00042747992575303335,0.007187499999999998,0.008593749999999999,0.009374999999999998
full,fine,1.6600000000000001,0.0037878787878787078,0.0004241771399551722,0.006874999999999998,0.008593749999999999,0.009374999999999998
full,fine,1.6625,0.0037878787878787078,0.0004208894761360985,0.006874999999999998,0.008437499999999997,0.009374999999999998
full,fine,1.665,0.0037878787878787078,0.00041761642641718584,0.006874999999999998,0.008437499999999997,0.009374999999999998
full,fine,1.6675,0.003787878787878876,0.00041435743744874516,0.006562499999999998,0.008281249999999999,0.008124999999999997
full,fine,1.6700000000000002,0.003787878787878876,0.000411111912034632,0.006562499999999998,0.008124999999999999,0.007499999999999998
full,fine,1.6725,0.0037878787878787078,0.0004078792115714855,0.006249999999999999,0.008124999999999999,0.007499999999999998
full,fine,1.675,0.003787878787878876,0.0004046586592753578,0.005937499999999998,0.008124999999999999,0.007499999999999998
full,fine,1.6775000000000002,0.003787878787878876,0.00040144954414969737,0.005937499999999998,0.007968749999999998,0.007499999999999998
full,fine,1.6800000000000002,0.0037878787878787078,0.0003982511256305558,0.005624999999999998,0.007812499999999997,0.007499999999999998
full,fine,1.6825,0.0037878787878787078,0.00039506263882781476,0.005624999999999998,0.007812499999999997,0.007499999999999998
full,fine,1.685,0.0037878787878787078,0.0003918833002655755,0.005624999999999998,0.007499999999999998,0.007499999999999998
full,fine,1.6875,0.003787878787878876,0.00038871231401106415,0.005624999999999998,0.007499999999999998,0.007499999999999998
full,fine,1.6900000000000002,0.003787878787878876,0.00038554887807004884,0.005624999999999998,0.007499999999999998,0.007499999999999998
full,fine,1.6925000000000001,0.0037878787878787078,0.0003823921909184649,0.005312499999999999,0.007499999999999998,0.006874999999999997
full,fine,1.695,0.003787878787878876,0.0003792414580354018,0.004999999999999999,0.007343749999999998,0.006874999999999997
full,fine,1.6975000000000002,0.003787878787878876,0.0003760958983024771,0.004999999999999999,0.007031249999999998,0.006874999999999997
full,fine,1.7000000000000002,0.0037878787878787078,0.00037295475013945977,0.004999999999999999,0.007031249999999998,0.006874999999999997
full,fine,1.7025000000000001,0.0037878787878787078,0.0003698172772560927,0.004999999999999999,0.007031249999999998,0.006874999999999997
full,fine,1.705,0.0037878787878787078,0.00036668277391533504,0.004999999999999999,0.007031249999999998,0.006874999999999997
full,fine,1.7075,0.003787878787878876,0.0003635505696231613,0.004687499999999999,0.006562499999999998,0.006249999999999999
full,fine,1.7100000000000002,0.003787878787878876,0.00036042003318355066,0.004374999999999999,0.006562499999999998,0.006249999999999999
full,fine,1.7125000000000001,0.0037878787878787078,0.0003572905760828383,0.004374999999999999,0.006249999999999999,0.006249999999999999
full,fine,1.715,0.0037878787878787078,0.0003541616551932001,0.004374999999999999,0.0060937499999999985,0.006249999999999999
full,fine,1.7175,0.003787878787878876,0.0003510327748085637,0.004374999999999999,0.005937499999999998,0.006249999999999999
full,fine,1.7200000000000002,0.003787878787878876,0.00034790348804551757,0.004062499999999999,0.005937499999999998,0.006249999999999999
full,fine,1.7225000000000001,0.0037878787878787078,0.00034477339765505416,0.004062499999999999,0.005937499999999998,0.006249999999999999
full,fine,1.725,0.0037878787878787078,0.00034164215629705247,0.004062499999999999,0.005937499999999998,0.006249999999999999
full,fine,1.7275,0.0037878787878787078,0.0003385094663279574,0.004062499999999999,0.005937499999999998,0.006249999999999999
full,fine,1.73,0.003787878787878876,0.00033537507914385803,0.003749999999999999,0.005937499999999998,0.006249999999999999
full,fine,1.7325000000000002,0.003787878787878876,0.0003322387941077665,0.003749999999999999,0.005937499999999998,0.005624999999999998
full,fine,1.735,0.0037878787878787078,0.0003291004570738933,0.003749999999999999,0.005624999999999998,0.005624999999999998
full,fine,1.7375,0.003787878787878876,0.00032595995850617115,0.003749999999999999,0.0053124999999999995,0.005624999999999998
full,fine,1.7400000000000002,0.003787878787878876,0.0003228172311764201,0.003749999999999999,0.0053124999999999995,0.004999999999999998
full,fine,1.7425000000000002,0.0037878787878787078,0.0003196722474222367,0.003749999999999999,0.0053124999999999995,0.004999999999999998
full,fine,1.745,0.0037878787878787078,0.00031652501594807447,0.003749999999999999,0.005156249999999999,0.004999999999999998
full,fine,1.7475,0.0037878787878787078,0.0003133755781659929,0.003437499999999999,0.004999999999999999,0.004999999999999998
full,fine,1.75,0.003787878787878876,0.0003102240040947915,0.0031249999999999993,0.004999999999999999,0.004374999999999999
full,fine,1.7525000000000002,0.003787878787878876,0.00030707038786592015,0.0031249999999999993,0.004999999999999999,0.004374999999999999
full,fine,1.7550000000000001,0.0037878787878787078,0.0003039148429185933,0.0031249999999999993,0.004999999999999999,0.004374999999999999
full,fine,1.7575,0.003787878787878876,0.0003007574970011147,0.002812499999999999,0.004843749999999999,0.004374999999999999
full,fine,1.7600000000000002,0.003787878787878876,0.0002975984871262851,0.002812499999999999,0.0046875,0.004374999999999999
full,fine,1.7625000000000002,0.0037878787878787078,0.00029443795465203005,0.002812499999999999,0.0045312500000000006,0.004374999999999999
full,fine,1.7650000000000001,0.0037878787878787078,0.00029127604067087664,0.002812499999999999,0.0045312500000000006,0.004374999999999999
full,fine,1.7675,0.0037878787878787078,0.00028811288189170943,0.002499999999999999,0.004375,0.004374999999999999
full,fine,1.77,0.003787878787878876,0.0002849486071838752,0.002499999999999999,0.004062500000000002,0.004374999999999999
full,fine,1.7725000000000002,0.003787878787878876,0.00028178333492807916,0.0015624999999999994,0.003906250000000002,0.004374999999999999
full,fine,1.7750000000000001,0.0037878787878787078,0.00027861717128280656,0.0015624999999999994,0.003906250000000002,0.003749999999999999
full,fine,1.7775,0.0037878787878787078,0.00027545020943218335,0.0012499999999999996,0.003906250000000002,0.003749999999999999
full,fine,1.78,0.003787878787878876,0.0002722825298347247,0.0009374999999999997,0.0037500000000000016,0.003749999999999999
full,fine,1.7825000000000002,0.003787878787878876,0.00026911420144573866,0.0009374999999999997,0.0037500000000000016,0.003749999999999999
full,fine,1.7850000000000001,0.0037878787878787078,0.00026594528384237876,0.0006249999999999998,0.0037500000000000016,0.003749999999999999
full,fine,1.7875,0.0037878787878787078,0.0002627758301420287,0.0006249999999999998,0.0037500000000000016,0.003749999999999999
full,fine,1.79,0.0037878787878787078,0.0002596058905737249,0.0006249999999999998,0.0035937500000000006,0.003749999999999999
full,fine,1.7925,0.003787878787878876,0.00025643551653987945,0.0006249999999999998,0.0032812500000000003,0.003124999999999999
full,fine,1.7950000000000002,0.003787878787878876,0.0002532647649922567,0.0006249999999999998,0.0032812500000000003,0.003124999999999999
full,fine,1.7975,0.0037878787878787078,0.00025009370294207684,0.0006249999999999998,0.0032812500000000003,0.003124999999999999
full,fine,1.8,0.003787878787878876,0.0002469224119289735,0.0006249999999999998,0.0032812500000000003,0.003124999999999999
full,fine,1.8025000000000002,0.003787878787878876,0.00024375099228670136,0.0006249999999999998,0.003125000000000001,0.003124999999999999
full,fine,1.8050000000000002,0.0037878787878787078,0.0002405795670640126,0.0006249999999999998,0.003125000000000001,0.003124999999999999
full,fine,1.8075,0.0037878787878787078,0.00023740828548574256,0.0006249999999999998,0.0029687500000000013,0.003124999999999999
full,fine,1.81,0.0037878787878787078,0.0002342373258702418,0.0006249999999999998,0.0029687500000000013,0.003124999999999999
full,fine,1.8125,0.003787878787878876,0.00023106689795295704,0.0006249999999999998,0.0029687500000000013,0.003124999999999999
full,fine,1.8150000000000002,0.003787878787878876,0.0002278972446000341,0.0006249999999999998,0.002500000000000001,0.003124999999999999
full,fine,1.8175000000000001,0.0037878787878787078,0.00022472864292806403,0.0003124999999999999,0.002500000000000001,0.003124999999999999
full,fine,1.82,0.003787878787878876,0.00022156140487442977,0.0003124999999999999,0.0023437500000000008,0.003124999999999999
full,fine,1.8225000000000002,0.003787878787878876,0.0002183958772853334,0.0003124999999999999,0.0023437500000000008,0.0018749999999999995
full,fine,1.8250000000000002,0.0037878787878787078,0.00021523244160426947,0.0,0.0023437500000000008,0.0018749999999999995
full,fine,1.8275000000000001,0.0037878787878787078,0.000212071513251827,0.0,0.0021875,0.0018749999999999995
full,fine,1.83,0.0037878787878787078,0.00020891354078834067,0.0,0.0020312499999999996,0.0018749999999999995
full,fine,1.8325,0.003787878787878876,0.00020575900494478755,0.0,0.0020312499999999996,0.0012499999999999996
full,fine,1.8350000000000002,0.003787878787878876,0.00020260841759565967,0.0,0.0020312499999999996,0.0012499999999999996
full,fine,1.8375000000000001,0.0037878787878787078,0.00019946232073194246,0.0,0.0020312499999999996,0.0012499999999999996
full,fine,1.84,0.0037878787878787078,0.00019632128547451185,0.0,0.0018749999999999995,0.0012499999999999996
full,fine,1.8425,0.003787878787878876,0.00019318591114993058,0.0,0.0018749999999999995,0.0012499999999999996
full,fine,1.8450000000000002,0.003787878787878876,0.00019005682443331182,0.0,0.0017187499999999998,0.0012499999999999996
full,fine,1.8475000000000001,0.0037878787878787078,0.00018693467854778237,0.0,0.0017187499999999998,0.0012499999999999996
full,fine,1.85,0.0037878787878787078,0.00018382015249801062,0.0,0.0017187499999999998,0.0012499999999999996
full,fine,1.8525,0.0037878787878787078,0.00018071395030668213,0.0,0.00140625,0.0012499999999999996
full,fine,1.855,0.003787878787878876,0.0001776168002178904,0.0,0.0012499999999999996,0.0012499999999999996
full,fine,1.8575000000000002,0.003787878787878876,0.00017452945383001592,0.0,0.0010937499999999992,0.0012499999999999996
full,fine,1.86,0.003787878787878876,0.0001714526851224985,0.0,0.0010937499999999992,0.0012499999999999996
full,fine,1.8625000000000003,0.003787878787878876,0.00016838728934553913,0.0,0.0010937499999999992,0.0012499999999999996
full,fine,1.8650000000000002,0.0037878787878787078,0.00016533408174870595,0.0,0.0010937499999999992,0.0012499999999999996
full,fine,1.8675000000000002,0.0037878787878787078,0.00016229389613307875,0.0,0.0010937499999999992,0.0012499999999999996
full,fine,1.87,0.0037878787878787078,0.00015926758322131997,0.0,0.000937499999999999,0.0012499999999999996
full,fine,1.8725,0.0037878787878787078,0.0001562560088501694,0.0,0.0007812499999999994,0.0012499999999999996
full,fine,1.875,0.0037878787878787078,0.000153260051999534,0.0,0.0007812499999999994,0.0006249999999999998
full,fine,1.8775,0.003787878787878876,0.00015028060268076963,0.0,0.0007812499999999994,0.0006249999999999998
full,fine,1.8800000000000001,0.003787878787878876,0.00014731855971319784,0.0,0.0006249999999999998,0.0006249999999999998
full,fine,1.8825,0.003787878787878876,0.00014437482842180832,0.0,0.0006249999999999998,0.0006249999999999998
full,fine,1.8850000000000002,0.003787878787878876,0.0001414503182901803,0.0,0.0003124999999999999,0.0
full,fine,1.8875000000000002,0.0037878787878787078,0.00013854594060099174,0.0,0.0003124999999999999,0.0
full,fine,1.8900000000000001,0.0037878787878787078,0.0001356626060924386,0.0,0.0003124999999999999,0.0
full,fine,1.8925,0.0037878787878787078,0.00013280122265312884,0.0,0.0003124999999999999,0.0
full,fine,1.895,0.0037878787878787078,0.00012996269307134013,0.0,0.0001562500000000003,0.0
full,fine,1.8975,0.003787878787878876,0.00012714791284776258,0.0,0.0001562500000000003,0.0
full,fine,1.9000000000000001,0.003787878787878876,0.00012435776807470897,0.0,0.0,0.0
full,fine,1.9025,0.003787878787878876,0.00012159313337979915,0.0,0.0,0.0
full,fine,1.9050000000000002,0.003787878787878876,0.00011885486992862008,0.0,0.0,0.0
full,fine,1.9075000000000002,0.0037878787878787078,0.00011614382347893245,0.0,0.0,0.0
full,fine,1.9100000000000001,0.0037878787878787078,0.00011346082247853791,0.0,0.0,0.0
full,fine,1.9125,0.0037878787878787078,0.00011080667619974219,0.0,0.0,0.0
full,fine,1.915,0.0037878787878787078,0.00010818217290516579,0.0,0.0,0.0
full,fine,1.9175,0.003787878787878876,0.00010558807804216975,0.0,0.0,0.0
full,fine,1.9200000000000002,0.003787878787878876,0.0001030251324661033,0.0,0.0,0.0
full,fine,1.9225,0.003787878787878876,0.00010049405069568896,0.0,0.0,0.0
full,fine,1.9250000000000003,0.003787878787878876,9.799551920692886e-05,0.0,0.0,0.0
full,fine,1.9275000000000002,0.0037878787878787078,9.553019477476801e-05,0.0,0.0,0.0
full,fine,1.9300000000000002,0.0037878787878787078,9.309870287423633e-05,0.0,0.0,0.0
full,fine,1.9325,0.0037878787878787078,9.070163615479038e-05,0.0,0.0,0.0
full,fine,1.935,0.0037878787878787078,8.833955300298623e-05,0.0,0.0,0.0
full,fine,1.9375,0.0037878787878787078,8.601297620936081e-05,0.0,0.0,0.0
full,fine,1.94,0.003787878787878876,8.37223917554327e-05,0.0,0.0,0.0
full,fine,1.9425000000000001,0.003787878787878876,8.146824773604057e-05,0.0,0.0,0.0
full,fine,1.945,0.003787878787878876,7.925095343084274e-05,0.0,0.0,0.0
full,fine,1.9475000000000002,0.003787878787878876,7.70708785367718e-05,0.0,0.0,0.0
full,fine,1.9500000000000002,0.0037878787878787078,7.492835257067618e-05,0.0,0.0,0.0
full,fine,1.9525000000000001,0.0037878787878787078,7.282366444842058e-05,0.0,0.0,0.0
full,fine,1.955,0.0037878787878787078,7.075706224352074e-05,0.0,0.0,0.0
full,fine,1.9575,0.0037878787878787078,6.872875312511412e-05,0.0,0.0,0.0
full,fine,1.96,0.003787878787878876,6.673890347188153e-05,0.0,0.0,0.0
full,fine,1.9625000000000001,0.003787878787878876,6.478763915557874e-05,0.0,0.0,0.0
full,fine,1.965,0.003787878787878876,6.287504598522847e-05,0.0,0.0,0.0
full,fine,1.9675000000000002,0.003787878787878876,6.100117030084728e-05,0.0,0.0,0.0
full,fine,1.9700000000000002,0.0037878787878787078,5.916601970389464e-05,0.0,0.0,0.0
full,fine,1.9725000000000001,0.0037878787878787078,5.736956391044961e-05,0.0,0.0,0.0
full,fine,1.975,0.0037878787878787078,5.561173571243892e-05,0.0,0.0,0.0
full,fine,1.9775,0.0037878787878787078,5.38924320320272e-05,0.0,0.0,0.0
full,fine,1.98,0.003787878787878876,5.22115150544863e-05,0.0,0.0,0.0
full,fine,1.9825000000000002,0.003787878787878876,5.056881342542839e-05,0.0,0.0,0.0
full,fine,1.985,0.003787878787878876,4.896412349914398e-05,0.0,0.0,0.0
full,fine,1.9875000000000003,0.003787878787878876,4.7397210625863654e-05,0.0,0.0,0.0
full,fine,1.9900000000000002,0.0037878787878787078,4.5867810466985034e-05,0.0,0.0,0.0
full,fine,1.9925000000000002,0.0037878787878787078,4.43756303286066e-05,0.0,0.0,0.0
full,fine,1.995,0.0037878787878787078,4.2920350505022415e-05,0.0,0.0,0.0
full,fine,1.9975,0.0037878787878787078,4.1501625625100263e-05,0.0,0.0,0.0
full,fine,2.0,0.0037878787878787078,4.011908599564627e-05,0.0,0.0,0.0
full,fine,2.0025,0.0037878787878787078,3.877233893691907e-05,0.0,0.0,0.0
full,fine,2.005,0.003787878787879044,3.7460970106377246e-05,0.0,0.0,0.0
full,fine,2.0075000000000003,0.003787878787879044,3.6184544807524064e-05,0.0,0.0,0.0
full,fine,2.0100000000000002,0.0037878787878787078,3.494260928135875e-05,0.0,0.0,0.0
full,fine,2.0125,0.0037878787878787078,3.373469197847804e-05,0.0,0.0,0.0
full,fine,2.015,0.0037878787878787078,3.256030481031849e-05,0.0,0.0,0.0
full,fine,2.0175,0.0037878787878787078,3.141894437842204e-05,0.0,0.0,0.0
full,fine,2.02,0.0018939393939393539,3.03100931809728e-05,0.0,0.0,0.0
roi,B0,1.36,0.0018939393939393539,0.003999034546401924,0.06921487603305783,0.07438016528925617,0.07231404958677684
roi,B0,1.3625,0.0037878787878787078,0.003950139267882571,0.0702479338842975,0.07386363636363634,0.07231404958677684
roi,B0,1.365,0.003787878787878876,0.0039057358964651985,0.0702479338842975,0.07386363636363634,0.07231404958677684
roi,B0,1.3675000000000002,0.003787878787878876,0.003866760956883468,0.0702479338842975,0.07386363636363634,0.07231404958677684
roi,B0,1.37,0.0037878787878787078,0.0038340591270489706,0.07128099173553717,0.07386363636363634,0.07231404958677684
roi,B0,1.3725,0.0037878787878787078,0.003808380741871259,0.07128099173553717,0.07386363636363634,0.07231404958677684
roi,B0,1.375,0.003787878787878876,0.003790381589100583,0.07128099173553717,0.07283057851239667,0.07231404958677684
roi,B0,1.3775000000000002,0.003787878787878876,0.0037806245557939133,0.07128099173553717,0.071797520661157,0.07231404958677684
roi,B0,1.3800000000000001,0.0037878787878787078,0.0037795827232932847,0.0733471074380165,0.071797520661157,0.07231404958677684
roi,B0,1.3825,0.0037878787878787078,0.0037876435560286756,0.07541322314049584,0.071797520661157,0.07231404958677684
roi,B0,1.385,0.003787878787878876,0.0038051138777283056,0.07541322314049584,0.071797520661157,0.0702479338842975
roi,B0,1.3875000000000002,0.003787878787878876,0.003832225374696527,0.07541322314049584,0.07128099173553716,0.0702479338842975
roi,B0,1.3900000000000001,0.0037878787878787078,0.003869140408551037,0.0764462809917355,0.0702479338842975,0.0702479338842975
roi,B0,1.3925,0.0037878787878787078,0.0039159579597600625,0.07851239669421485,0.06973140495867766,0.0702479338842975
roi,B0,1.395,0.003787878787878876,0.003972719558310134,0.07851239669421485,0.06973140495867766,0.0702479338842975
roi,B0,1.3975000000000002,0.003787878787878876,0.004039415088841661,0.07954545454545452,0.06973140495867766,0.0702479338842975
roi,B0,1.4000000000000001,0.0037878787878787078,0.004115988384656654,0.07954545454545452,0.06973140495867766,0.0702479338842975
roi,B0,1.4025,0.0037878787878787078,0.004202342548276429,0.08057851239669418,0.06973140495867766,0.0702479338842975
roi,B0,1.405,0.003787878787878876,0.004298344955908195,0.08161157024793386,0.06973140495867766,0.0702479338842975
roi,B0,1.4075000000000002,0.003787878787878876,0.004403831919525841,0.08161157024793386,0.06921487603305781,0.0702479338842975
roi,B0,1.4100000000000001,0.0037878787878787078,0.004518612993576868,0.08161157024793386,0.06921487603305781,0.06818181818181815
roi,B0,1.4125,0.0037878787878787078,0.00464247492391374,0.08161157024793386,0.06869834710743798,0.06611570247933882
roi,B0,1.415,0.003787878787878876,0.004775185244739232,0.08161157024793386,0.06818181818181815,0.06611570247933882
roi,B0,1.4175000000000002,0.003787878787878876,0.004916495535477543,0.08161157024793386,0.0676652892561983,0.06611570247933882
roi,B0,1.4200000000000002,0.0037878787878787078,0.005066144353846554,0.08264462809917353,0.06714876033057848,0.06611570247933882
roi,B0,1.4225,0.0037878787878787078,0.005223859864306221,0.0836776859504132,0.06663223140495864,0.06611570247933882
roi,B0,1.425,0.003787878787878876,0.005389362182761743,0.0836776859504132,0.06663223140495864,0.06611570247933882
roi,B0,1.4275000000000002,0.003787878787878876,0.005562365459151477,0.08471074380165286,0.06663223140495864,0.06611570247933882
roi,B0,1.4300000000000002,0.0037878787878787078,0.005742579719541422,0.08677685950413219,0.06508264462809915,0.06611570247933882
roi,B0,1.4325,0.0037878787878787078,0.0059297124890661575,0.08780991735537187,0.06353305785123964,0.06611570247933882
roi,B0,1.435,0.0037878787878787078,0.006123470215262534,0.08780991735537187,0.06301652892561982,0.06611570247933882
roi,B0,1.4375,0.003787878787878876,0.006323559511191993,0.08884297520661154,0.06249999999999997,0.06404958677685949
roi,B0,1.4400000000000002,0.003787878787878876,0.006529688236280775,0.08884297520661154,0.06198347107438014,0.06404958677685949
roi,B0,1.4425000000000001,0.0037878787878787078,0.00674156643050783,0.08884297520661154,0.06198347107438014,0.06404958677685949
roi,B0,1.445,0.0037878787878787078,0.006958907116878916,0.0898760330578512,0.06198347107438014,0.06404958677685949
roi,B0,1.4475,0.003787878787878876,0.0071814269855399945,0.0898760330578512,0.06095041322314046,0.06404958677685949
roi,B0,1.4500000000000002,0.003787878787878876,0.007408846971570477,0.0898760330578512,0.05991735537190079,0.06198347107438014
roi,B0,1.4525000000000001,0.0037878787878787078,0.00764089273728258,0.0898760330578512,0.05991735537190079,0.06198347107438014
roi,B0,1.455,0.0037878787878787078,0.007877295068751311,0.0898760330578512,0.05991735537190079,0.06198347107438014
roi,B0,1.4575,0.003787878787878876,0.008117790195313529,0.0898760330578512,0.05991735537190079,0.06198347107438014
roi,B0,1.4600000000000002,0.003787878787878876,0.008362120039904419,0.0898760330578512,0.05940082644628096,0.06198347107438014
roi,B0,1.4625000000000001,0.0037878787878787078,0.008610032407337848,0.0898760330578512,0.05940082644628096,0.0599173553719008
roi,B0,1.465,0.0037878787878787078,0.008861281116977012,0.0898760330578512,0.05888429752066113,0.05785123966942146
roi,B0,1.4675,0.003787878787878876,0.009115626085670125,0.0898760330578512,0.05836776859504129,0.05785123966942146
roi,B0,1.4700000000000002,0.003787878787878876,0.009372833366334335,0.0898760330578512,0.05836776859504129,0.05785123966942146
roi,B0,1.4725000000000001,0.0037878787878787078,0.009632675147144719,0.09090909090909087,0.05733471074380163,0.05578512396694213
roi,B0,1.475,0.0037878787878787078,0.009894929715916365,0.09090909090909087,0.05733471074380163,0.05578512396694213
roi,B0,1.4775,0.0037878787878787078,0.010159381393941234,0.09090909090909087,0.05733471074380163,0.05371900826446279
roi,B0,1.48,0.003787878787878876,0.01042582044325306,0.09090909090909087,0.05630165289256195,0.05371900826446279
roi,B0,1.4825000000000002,0.003787878787878876,0.010694042951030738,0.09194214876033054,0.05630165289256195,0.05371900826446279
roi,B0,1.485,0.0037878787878787078,0.010963850694608946,0.09194214876033054,0.05630165289256195,0.05371900826446279
roi,B0,1.4875,0.003787878787878876,0.011235050990337402,0.0929752066115702,0.055785123966942116,0.05371900826446279
roi,B0,1.4900000000000002,0.003787878787878876,0.011507456529312343,0.0929752066115702,0.05526859504132228,0.05371900826446279
roi,B0,1.4925000000000002,0.0037878787878787078,0.01178088520279327,0.0929752066115702,0.05526859504132228,0.05165289256198345
roi,B0,1.495,0.0037878787878787078,0.012055159919911847,0.0929752066115702,0.05423553719008261,0.05165289256198345
roi,B0,1.4975,0.0037878787878787078,0.012330108420074752,0.0929752066115702,0.05423553719008261,0.05165289256198345
roi,B0,1.5,0.003787878787878876,0.012605563082261857,0.0929752066115702,0.05371900826446278,0.05165289256198345
roi,B0,1.5025000000000002,0.003787878787878876,0.01288136073321969,0.0929752066115702,0.052685950413223104,0.05165289256198345
roi,B0,1.5050000000000001,0.0037878787878787078,0.013157342456352538,0.0929752066115702,0.052685950413223104,0.05165289256198345
roi,B0,1.5075,0.0037878787878787078,0.0134333534029183,0.0929752066115702,0.05165289256198344,0.05165289256198345
roi,B0,1.51,0.003787878787878876,0.01370924260694368,0.0929752066115702,0.051136363636363605,0.05165289256198345
roi,B0,1.5125000000000002,0.003787878787878876,0.013984862805086755,0.0929752066115702,0.05061983471074377,0.04958677685950411
roi,B0,1.5150000000000001,0.0037878787878787078,0.014260070262493109,0.0929752066115702,0.05010330578512394,0.04958677685950411
roi,B0,1.5175,0.0037878787878787078,0.01453472460551782,0.0929752066115702,0.049586776859504106,0.04958677685950411
roi,B0,1.52,0.003787878787878876,0.014808688662018217,0.0929752066115702,0.049586776859504106,0.04958677685950411
roi,B0,1.5225000000000002,0.003787878787878876,0.015081828309765812,0.0929752066115702,0.04907024793388427,0.04958677685950411
roi,B0,1.5250000000000001,0.0037878787878787078,0.015354012333377687,0.0929752066115702,0.04907024793388427,0.04958677685950411
roi,B0,1.5275,0.0037878787878787078,0.015625112290031357,0.0929752066115702,0.04855371900826444,0.04958677685950411
roi,B0,1.53,0.003787878787878876,0.015895002384100552,0.0929752066115702,0.04803719008264459,0.047520661157024774
roi,B0,1.5325000000000002,0.003787878787878876,0.016163559350736566,0.0929752066115702,0.04752066115702476,0.047520661157024774
roi,B0,1.5350000000000001,0.0037878787878787078,0.01643066234831684,0.0929752066115702,0.04752066115702476,0.047520661157024774
roi,B0,1.5375,0.0037878787878787078,0.01669619285959292,0.0929752066115702,0.04752066115702476,0.047520661157024774
roi,B0,1.54,0.0037878787878787078,0.016960034601291543,0.0929752066115702,0.04700413223140493,0.047520661157024774
roi,B0,1.5425,0.003787878787878876,0.017222073441856278,0.0929752066115702,0.04700413223140493,0.047520661157024774
roi,B0,1.5450000000000002,0.003787878787878876,0.017482197326961907,0.0929752066115702,0.046487603305785094,0.047520661157024774
roi,B0,1.5475,0.0037878787878787078,0.017740296212389838,0.0929752066115702,0.04545454545454543,0.047520661157024774
roi,B0,1.55,0.003787878787878876,0.017996262003818632,0.0929752066115702,0.044938016528925595,0.047520661157024774
roi,B0,1.5525000000000002,0.003787878787878876,0.0182499885030595,0.0929752066115702,0.044938016528925595,0.04545454545454544
roi,B0,1.5550000000000002,0.0037878787878787078,0.01850137136025156,0.0929752066115702,0.04442148760330576,0.04545454545454544
roi,B0,1.5575,0.0037878787878787078,0.01875030803152443,0.0929752066115702,0.04390495867768593,0.043388429752066096
roi,B0,1.56,0.0037878787878787078,0.018996697741635336,0.0929752066115702,0.04390495867768593,0.043388429752066096
roi,B0,1.5625,0.003787878787878876,0.019240441451095963,0.0929752066115702,0.04287190082644626,0.041322314049586764
roi,B0,1.5650000000000002,0.003787878787878876,0.01948144182731474,0.0929752066115702,0.04235537190082642,0.041322314049586764
roi,B0,1.5675000000000001,0.0037878787878787078,0.019719603219299553,0.0929752066115702,0.04183884297520659,0.041322314049586764
roi,B0,1.57,0.0037878787878787078,0.019954831635485778,0.0929752066115702,0.04183884297520659,0.041322314049586764
roi,B0,1.5725,0.003787878787878876,0.02018703472427955,0.0929752066115702,0.04183884297520659,0.041322314049586764
roi,B0,1.5750000000000002,0.003787878787878876,0.020416121756933543,0.0929752066115702,0.04183884297520659,0.041322314049586764
roi,B0,1.5775000000000001,0.0037878787878787078,0.02064200361240177,0.0929752066115702,0.04183884297520659,0.039256198347107425
roi,B0,1.58,0.0037878787878787078,0.020864592763849638,0.0929752066115702,0.04132231404958676,0.039256198347107425
roi,B0,1.5825,0.003787878787878876,0.021083803266527062,0.0929752066115702,0.04028925619834709,0.039256198347107425
roi,B0,1.5850000000000002,0.003787878787878876,0.0212995507467437,0.0929752066115702,0.03977272727272726,0.039256198347107425
roi,B0,1.5875000000000001,0.0037878787878787078,0.021511752391715842,0.0929752066115702,0.03977272727272726,0.039256198347107425
roi,B0,1.59,0.0037878787878787078,0.021720326940085535,0.0929752066115702,0.038739669421487585,0.039256198347107425
roi,B0,1.5925,0.003787878787878876,0.021925194672940934,0.09194214876033054,0.03822314049586775,0.039256198347107425
roi,B0,1.5950000000000002,0.003787878787878876,0.022126277405195897,0.09194214876033054,0.03822314049586775,0.039256198347107425
roi,B0,1.5975000000000001,0.0037878787878787078,0.02232349847721276,0.09194214876033054,0.03770661157024792,0.037190082644628086
roi,B0,1.6,0.0037878787878787078,0.022516782746577264,0.09194214876033054,0.03770661157024792,0.037190082644628086
roi,B0,1.6025,0.0037878787878787078,0.022706056579957876,0.09194214876033054,0.037190082644628086,0.037190082644628086
roi,B0,1.605,0.003787878787878876,0.02289124784500359,0.09194214876033054,0.03615702479338842,0.037190082644628086
roi,B0,1.6075000000000002,0.003787878787878876,0.02307228590225232,0.09090909090909087,0.03615702479338842,0.037190082644628086
roi,B0,1.61,0.0037878787878787078,0.02324910159704107,0.09090909090909087,0.03564049586776859,0.03512396694214875
roi,B0,1.6125,0.003787878787878876,0.02342162725142394,0.09090909090909087,0.03512396694214874,0.03512396694214875
roi,B0,1.6150000000000002,0.003787878787878876,0.023589796656117733,0.09090909090909087,0.03512396694214874,0.03512396694214875
roi,B0,1.6175000000000002,0.0037878787878787078,0.023753545062507556,0.09090909090909087,0.03512396694214874,0.03512396694214875
roi,B0,1.62,0.0037878787878787078,0.023912809174754558,0.09090909090909087,0.034607438016528914,0.03305785123966941
roi,B0,1.6225,0.0037878787878787078,0.024067527142057166,0.0898760330578512,0.034607438016528914,0.03305785123966941
roi,B0,1.625,0.003787878787878876,0.024217638551124146,0.0898760330578512,0.03409090909090908,0.03305785123966941
roi,B0,1.6275000000000002,0.003787878787878876,0.02436308441892393,0.0898760330578512,0.03305785123966941,0.03305785123966941
roi,B0,1.6300000000000001,0.0037878787878787078,0.024503807185778916,0.0898760330578512,0.03305785123966941,0.03099173553719007
roi,B0,1.6325,0.003787878787878876,0.024639750708877202,0.0898760330578512,0.03305785123966941,0.03099173553719007
roi,B0,1.6350000000000002,0.003787878787878876,0.024770860256276277,0.0898760330578512,0.032541322314049576,0.03099173553719007
roi,B0,1.6375000000000002,0.0037878787878787078,0.024897082501474464,0.0898760330578512,0.03202479338842974,0.03099173553719007
roi,B0,1.6400000000000001,0.0037878787878787078,0.02501836551862682,0.0898760330578512,0.03202479338842974,0.03099173553719007
roi,B0,1.6425,0.0037878787878787078,0.02513465877848129,0.0898760330578512,0.03202479338842974,0.03099173553719007
roi,B0,1.645,0.003787878787878876,0.025245913145110425,0.0898760330578512,0.03202479338842974,0.03099173553719007
roi,B0,1.6475000000000002,0.003787878787878876,0.025352080873511852,0.0898760330578512,0.030991735537190073,0.03099173553719007
roi,B0,1.6500000000000001,0.0037878787878787078,0.025453115608148842,0.0898760330578512,0.029958677685950404,0.03099173553719007
roi,B0,1.6525,0.0037878787878787078,0.02554897238249962,0.0898760330578512,0.028925619834710738,0.03099173553719007
roi,B0,1.655,0.003787878787878876,0.02563960761968053,0.0898760330578512,0.028925619834710738,0.03099173553719007
roi,B0,1.6575000000000002,0.003787878787878876,0.025724979134205468,0.08884297520661152,0.0284090909090909,0.03099173553719007
roi,B0,1.6600000000000001,0.0037878787878787078,0.025805046134939343,0.08884297520661152,0.0284090909090909,0.03099173553719007
roi,B0,1.6625,0.0037878787878787078,0.025879769229299954,0.08884297520661152,0.027892561983471065,0.03099173553719007
roi,B0,1.665,0.0037878787878787078,0.025949110428757763,0.08884297520661152,0.027892561983471065,0.03099173553719007
roi,B0,1.6675,0.003787878787878876,0.026013033155678992,0.08884297520661152,0.027376033057851232,0.026859504132231395
roi,B0,1.6700000000000002,0.003787878787878876,0.02607150225155256,0.08884297520661152,0.026859504132231395,0.02479338842975206
roi,B0,1.6725,0.0037878787878787078,0.026124483986636533,0.08780991735537186,0.026859504132231395,0.02479338842975206
roi,B0,1.675,0.003787878787878876,0.026171946071054768,0.08780991735537186,0.026859504132231395,0.02479338842975206
roi,B0,1.6775000000000002,0.003787878787878876,0.02621385766736987,0.08780991735537186,0.026342975206611562,0.02479338842975206
roi,B0,1.6800000000000002,0.0037878787878787078,0.026250189404652964,0.08780991735537186,0.025826446280991726,0.02479338842975206
roi,B0,1.6825,0.0037878787878787078,0.02628091339406629,0.08780991735537186,0.025826446280991726,0.02479338842975206
roi,B0,1.685,0.0037878787878787078,0.026306003245969347,0.08780991735537186,0.024793388429752053,0.02479338842975206
roi,B0,1.6875,0.003787878787878876,0.026325434088554995,0.08780991735537186,0.024793388429752053,0.02479338842975206
roi,B0,1.6900000000000002,0.003787878787878876,0.02633918258801638,0.08780991735537186,0.024793388429752053,0.02479338842975206
roi,B0,1.6925000000000001,0.0037878787878787078,0.026347226970242138,0.08780991735537186,0.024793388429752053,0.02272727272727272
roi,B0,1.695,0.003787878787878876,0.026349547044032286,0.08780991735537186,0.02427685950413222,0.02272727272727272
roi,B0,1.6975000000000002,0.003787878787878876,0.026346124225823567,0.08780991735537186,0.023243801652892554,0.02272727272727272
roi,B0,1.7000000000000002,0.0037878787878787078,0.026336941565909964,0.08677685950413219,0.023243801652892554,0.02272727272727272
roi,B0,1.7025000000000001,0.0037878787878787078,0.026321983776140007,0.08677685950413219,0.023243801652892554,0.02272727272727272
roi,B0,1.705,0.0037878787878787078,0.026301237259070832,0.08677685950413219,0.023243801652892554,0.02272727272727272
roi,B0,1.7075,0.003787878787878876,0.02627469013855676,0.08677685950413219,0.02169421487603305,0.020661157024793382
roi,B0,1.7100000000000002,0.003787878787878876,0.02624233229174775,0.08574380165289253,0.02169421487603305,0.020661157024793382
roi,B0,1.7125000000000001,0.0037878787878787078,0.026204155382473927,0.08574380165289253,0.020661157024793382,0.020661157024793382
roi,B0,1.715,0.0037878787878787078,0.026160152895990607,0.08574380165289253,0.02014462809917355,0.020661157024793382
roi,B0,1.7175,0.003787878787878876,0.02611032017506007,0.08574380165289253,0.01962809917355371,0.020661157024793382
roi,B0,1.7200000000000002,0.003787878787878876,0.02605465445734694,0.08471074380165286,0.01962809917355371,0.020661157024793382
roi,B0,1.7225000000000001,0.0037878787878787078,0.02599315491410631,0.08471074380165286,0.01962809917355371,0.020661157024793382
roi,B0,1.725,0.0037878787878787078,0.0259258226901466,0.08471074380165286,0.01962809917355371,0.020661157024793382
roi,B0,1.7275,0.0037878787878787078,0.025852660945052595,0.0836776859504132,0.01962809917355371,0.020661157024793382
roi,B0,1.73,0.003787878787878876,0.025773674895657843,0.0836776859504132,0.01962809917355371,0.020661157024793382
roi,B0,1.7325000000000002,0.003787878787878876,0.025688871859760785,0.0836776859504132,0.01962809917355371,0.018595041322314043
roi,B0,1.735,0.0037878787878787078,0.025598261301084134,0.0836776859504132,0.018595041322314043,0.018595041322314043
roi,B0,1.7375,0.003787878787878876,0.025501854875480946,0.08264462809917353,0.017561983471074377,0.018595041322314043
roi,B0,1.7400000000000002,0.003787878787878876,0.02539966647839912,0.08161157024793386,0.017561983471074377,0.016528925619834704
roi,B0,1.7425000000000002,0.0037878787878787078,0.02529171229361893,0.08161157024793386,0.017561983471074377,0.016528925619834704
roi,B0,1.745,0.0037878787878787078,0.025178010843285387,0.07954545454545452,0.017045454545454544,0.016528925619834704
roi,B0,1.7475,0.0037878787878787078,0.025058583039261086,0.07851239669421485,0.01652892561983471,0.016528925619834704
roi,B0,1.75,0.003787878787878876,0.024933452235830253,0.07851239669421485,0.01652892561983471,0.014462809917355365
roi,B0,1.7525000000000002,0.003787878787878876,0.024802644283786868,0.07747933884297518,0.01652892561983471,0.014462809917355365
roi,B0,1.7550000000000001,0.0037878787878787078,0.024666187585944042,0.07747933884297518,0.01652892561983471,0.014462809917355365
roi,B0,1.7575,0.003787878787878876,0.024524113154098855,0.07747933884297518,0.01601239669421487,0.014462809917355365
roi,B0,1.7600000000000002,0.003787878787878876,0.024376454667489625,0.07747933884297518,0.015495867768595038,0.014462809917355365
roi,B0,1.7625000000000002,0.0037878787878787078,0.024223248532776312,0.07747933884297518,0.014979338842975205,0.014462809917355365
roi,B0,1.7650000000000001,0.0037878787878787078,0.024064533945571023,0.07747933884297518,0.014979338842975205,0.014462809917355365
roi,B0,1.7675,0.0037878787878787078,0.023900352953536506,0.07438016528925617,0.014462809917355372,0.014462809917355365
roi,B0,1.77,0.003787878787878876,0.02373075052106018,0.0733471074380165,0.013429752066115706,0.014462809917355365
roi,B0,1.7725000000000002,0.003787878787878876,0.023555774595497056,0.0733471074380165,0.012913223140495872,0.014462809917355365
roi,B0,1.7750000000000001,0.0037878787878787078,0.023375476174959525,0.07128099173553717,0.012913223140495872,0.012396694214876028
roi,B0,1.7775,0.0037878787878787078,0.02318990937760893,0.07128099173553717,0.012913223140495872,0.012396694214876028
roi,B0,1.78,0.003787878787878876,0.022999131512385206,0.07128099173553717,0.012396694214876037,0.012396694214876028
roi,B0,1.7825000000000002,0.003787878787878876,0.02280320315108076,0.07128099173553717,0.012396694214876037,0.012396694214876028
roi,B0,1.7850000000000001,0.0037878787878787078,0.02260218820163871,0.07128099173553717,0.012396694214876037,0.012396694214876028
roi,B0,1.7875,0.0037878787878787078,0.022396153982521594,0.0702479338842975,0.012396694214876037,0.012396694214876028
roi,B0,1.79,0.0037878787878787078,0.022185171297964552,0.0702479338842975,0.0118801652892562,0.012396694214876028
roi,B0,1.7925,0.003787878787878876,0.02196931451388883,0.06818181818181815,0.010847107438016531,0.010330578512396691
roi,B0,1.7950000000000002,0.003787878787878876,0.021748661634214746,0.06714876033057848,0.010847107438016531,0.010330578512396691
roi,B0,1.7975,0.0037878787878787078,0.02152329437727287,0.06508264462809915,0.010847107438016531,0.010330578512396691
roi,B0,1.8,0.003787878787878876,0.02129329825197182,0.06508264462809915,0.010847107438016531,0.010330578512396691
roi,B0,1.8025000000000002,0.003787878787878876,0.02105876263334131,0.06508264462809915,0.010330578512396698,0.010330578512396691
roi,B0,1.8050000000000002,0.0037878787878787078,0.02081978083702838,0.06508264462809915,0.010330578512396698,0.010330578512396691
roi,B0,1.8075,0.0037878787878787078,0.02057645019228285,0.06508264462809915,0.009814049586776863,0.010330578512396691
roi,B0,1.81,0.0037878787878787078,0.020328872112932952,0.0630165289256198,0.009814049586776863,0.010330578512396691
roi,B0,1.8125,0.003787878787878876,0.020077152165811265,0.06095041322314047,0.009814049586776863,0.010330578512396691
roi,B0,1.8150000000000002,0.003787878787878876,0.01982140013605881,0.06095041322314047,0.008264462809917359,0.010330578512396691
roi,B0,1.8175000000000001,0.0037878787878787078,0.01956173008869968,0.06095041322314047,0.008264462809917359,0.010330578512396691
roi,B0,1.82,0.003787878787878876,0.019298260425849707,0.05888429752066113,0.007747933884297523,0.010330578512396691
roi,B0,1.8225000000000002,0.003787878787878876,0.019031113938894083,0.05888429752066113,0.007747933884297523,0.006198347107438014
roi,B0,1.8250000000000002,0.0037878787878787078,0.01876041785494456,0.05888429752066113,0.007747933884297523,0.006198347107438014
roi,B0,1.8275000000000001,0.0037878787878787078,0.01848630387686114,0.05888429752066113,0.007231404958677686,0.006198347107438014
roi,B0,1.83,0.0037878787878787078,0.01820890821610739,0.05888429752066113,0.00671487603305785,0.006198347107438014
roi,B0,1.8325,0.003787878787878876,0.017928371617685946,0.05888429752066113,0.00671487603305785,0.004132231404958676
roi,B0,1.8350000000000002,0.003787878787878876,0.017644839376388013,0.05785123966942146,0.00671487603305785,0.004132231404958676
roi,B0,1.8375000000000001,0.0037878787878787078,0.017358461343573814,0.056818181818181795,0.00671487603305785,0.004132231404958676
roi,B0,1.84,0.0037878787878787078,0.017069391923688323,0.056818181818181795,0.006198347107438015,0.004132231404958676
roi,B0,1.8425,0.003787878787878876,0.016777790059705217,0.05578512396694213,0.006198347107438015,0.004132231404958676
roi,B0,1.8450000000000002,0.003787878787878876,0.016483819206680093,0.05578512396694213,0.00568181818181818,0.004132231404958676
roi,B0,1.8475000000000001,0.0037878787878787078,0.01618764729258281,0.05475206611570246,0.00568181818181818,0.004132231404958676
roi,B0,1.85,0.0037878787878787078,0.015889446665570392,0.053719008264462784,0.00568181818181818,0.004132231404958676
roi,B0,1.8525,0.0037878787878787078,0.015589394026852714,0.05268595041322312,0.004648760330578512,0.004132231404958676
roi,B0,1.855,0.003787878787878876,0.015287670348297585,0.05268595041322312,0.004132231404958676,0.004132231404958676
roi,B0,1.8575000000000002,0.003787878787878876,0.01498446077391493,0.05165289256198345,0.0036157024793388405,0.004132231404958676
roi,B0,1.86,0.003787878787878876,0.014679954504361579,0.050619834710743786,0.0036157024793388405,0.004132231404958676
roi,B0,1.8625000000000003,0.003787878787878876,0.014374344663607862,0.04855371900826444,0.0036157024793388405,0.004132231404958676
roi,B0,1.8650000000000002,0.0037878787878787078,0.01406782814692071,0.047520661157024774,0.0036157024793388405,0.004132231404958676
roi,B0,1.8675000000000002,0.0037878787878787078,0.01376060544932843,0.045454545454545435,0.0036157024793388405,0.004132231404958676
roi,B0,1.87,0.0037878787878787078,0.01345288047376279,0.045454545454545435,0.003099173553719005,0.004132231404958676
roi,B0,1.8725,0.0037878787878787078,0.013144860318107039,0.043388429752066096,0.0025826446280991715,0.004132231404958676
roi,B0,1.875,0.0037878787878787078,0.01283675504042897,0.04132231404958676,0.0025826446280991715,0.002066115702479338
roi,B0,1.8775,0.003787878787878876,0.012528777401740441,0.04132231404958676,0.0025826446280991715,0.002066115702479338
roi,B0,1.8800000000000001,0.003787878787878876,0.012221142585705646,0.04132231404958676,0.002066115702479338,0.002066115702479338
roi,B0,1.8825,0.003787878787878876,0.011914067894817445,0.040289256198347084,0.002066115702479338,0.002066115702479338
roi,B0,1.8850000000000002,0.003787878787878876,0.011607772422678415,0.03925619834710742,0.001033057851239669,0.0
roi,B0,1.8875000000000002,0.0037878787878787078,0.011302476702160773,0.037190082644628086,0.001033057851239669,0.0
roi,B0,1.8900000000000001,0.0037878787878787078,0.010998402329376565,0.037190082644628086,0.001033057851239669,0.0
roi,B0,1.8925,0.0037878787878787078,0.010695771563570617,0.037190082644628086,0.001033057851239669,0.0
roi,B0,1.895,0.0037878787878787078,0.01039480690324861,0.037190082644628086,0.0005165289256198356,0.0
roi,B0,1.8975,0.003787878787878876,0.010095730639072637,0.03615702479338842,0.0005165289256198356,0.0
roi,B0,1.9000000000000001,0.003787878787878876,0.00979876438429827,0.034090909090909075,0.0,0.0
roi,B0,1.9025,0.003787878787878876,0.009504128583783524,0.034090909090909075,0.0,0.0
roi,B0,1.9050000000000002,0.003787878787878876,0.009212042002872872,0.034090909090909075,0.0,0.0
roi,B0,1.9075000000000002,0.0037878787878787078,0.008922721197744848,0.03099173553719007,0.0,0.0
roi,B0,1.9100000000000001,0.0037878787878787078,0.00863637996910502,0.0299586776859504,0.0,0.0
roi,B0,1.9125,0.0037878787878787078,0.008353228801406713,0.0299586776859504,0.0,0.0
roi,B0,1.915,0.0037878787878787078,0.008073474290082802,0.02892561983471073,0.0,0.0
roi,B0,1.9175,0.003787878787878876,0.00779731855956862,0.027892561983471065,0.0,0.0
roi,B0,1.9200000000000002,0.003787878787878876,0.007524958675187678,0.026859504132231395,0.0,0.0
roi,B0,1.9225,0.003787878787878876,0.007256586052248076,0.026859504132231395,0.0,0.0
roi,B0,1.9250000000000003,0.003787878787878876,0.006992385865956371,0.023760330578512387,0.0,0.0
roi,B0,1.9275000000000002,0.0037878787878787078,0.006732536465991591,0.023760330578512387,0.0,0.0
roi,B0,1.9300000000000002,0.0037878787878787078,0.006477208799786646,0.02272727272727272,0.0,0.0
roi,B0,1.9325,0.0037878787878787078,0.006226565848737684,0.02169421487603305,0.0,0.0
roi,B0,1.935,0.0037878787878787078,0.005980762081692353,0.018595041322314043,0.0,0.0
roi,B0,1.9375,0.0037878787878787078,0.005739942930154254,0.018595041322314043,0.0,0.0
roi,B0,1.94,0.003787878787878876,0.005504244289678587,0.018595041322314043,0.0,0.0
roi,B0,1.9425000000000001,0.003787878787878876,0.005273792051916577,0.018595041322314043,0.0,0.0
roi,B0,1.945,0.003787878787878876,0.005048701671691554,0.017561983471074374,0.0,0.0
roi,B0,1.9475000000000002,0.003787878787878876,0.004829077773355681,0.017561983471074374,0.0,0.0
roi,B0,1.9500000000000002,0.0037878787878787078,0.004615013800479922,0.015495867768595035,0.0,0.0
roi,B0,1.9525000000000001,0.0037878787878787078,0.004406591712669912,0.014462809917355367,0.0,0.0
roi,B0,1.955,0.0037878787878787078,0.004203881732981902,0.01136363636363636,0.0,0.0
roi,B0,1.9575,0.0037878787878787078,0.0040069421490289935,0.008264462809917352,0.0,0.0
roi,B0,1.96,0.003787878787878876,0.003815819170431967,0.008264462809917352,0.0,0.0
roi,B0,1.9625000000000001,0.003787878787878876,0.00363054684477742,0.008264462809917352,0.0,0.0
roi,B0,1.965,0.003787878787878876,0.0034511470337087865,0.008264462809917352,0.0,0.0
roi,B0,1.9675000000000002,0.003787878787878876,0.003277629450199336,0.007231404958677683,0.0,0.0
roi,B0,1.9700000000000002,0.0037878787878787078,0.0031099917574487494,0.007231404958677683,0.0,0.0
roi,B0,1.9725000000000001,0.0037878787878787078,0.002948219729214855,0.0051652892561983455,0.0,0.0
roi,B0,1.975,0.0037878787878787078,0.0027922874707529805,0.004132231404958676,0.0,0.0
roi,B0,1.9775,0.0037878787878787078,0.002642157698892649,0.004132231404958676,0.0,0.0
roi,B0,1.98,0.003787878787878876,0.00249778207915233,0.002066115702479338,0.0,0.0
roi,B0,1.9825000000000002,0.003787878787878876,0.0023591016171840467,0.001033057851239669,0.0,0.0
roi,B0,1.985,0.003787878787878876,0.002226047101264043,0.001033057851239669,0.0,0.0
roi,B0,1.9875000000000003,0.003787878787878876,0.002098539592014369,0.001033057851239669,0.0,0.0
roi,B0,1.9900000000000002,0.0037878787878787078,0.0019764909550605563,0.0,0.0,0.0
roi,B0,1.9925000000000002,0.0037878787878787078,0.001859804431913108,0.0,0.0,0.0
roi,B0,1.995,0.0037878787878787078,0.0017483752440123766,0.0,0.0,0.0
roi,B0,1.9975,0.0037878787878787078,0.0016420912246006532,0.0,0.0,0.0
roi,B0,2.0,0.0037878787878787078,0.001540833472889861,0.0,0.0,0.0
roi,B0,2.0025,0.0037878787878787078,0.0014444770248770852,0.0,0.0,0.0
roi,B0,2.005,0.003787878787879044,0.001352891535125085,0.0,0.0,0.0
roi,B0,2.0075000000000003,0.003787878787879044,0.0012659419638699383,0.0,0.0,0.0
roi,B0,2.0100000000000002,0.0037878787878787078,0.0011834892639386758,0.0,0.0,0.0
roi,B0,2.0125,0.0037878787878787078,0.0011053910621530954,0.0,0.0,0.0
roi,B0,2.015,0.0037878787878787078,0.0010315023301556057,0.0,0.0,0.0
roi,B0,2.0175,0.0037878787878787078,0.0009616760399101533,0.0,0.0,0.0
roi,B0,2.02,0.0018939393939393539,0.0008957637995009276,0.0,0.0,0.0
roi,coarse,1.36,0.0018939393939393539,0.003999034546401924,0.06921487603305783,0.07438016528925617,0.07231404958677684
roi,coarse,1.3625,0.0037878787878787078,0.003931982276487838,0.06818181818181816,0.07386363636363634,0.07231404958677684
roi,coarse,1.365,0.003787878787878876,0.003868024986160192,0.06818181818181816,0.07386363636363634,0.07231404958677684
roi,coarse,1.3675000000000002,0.003787878787878876,0.0038069435718239447,0.06818181818181816,0.07386363636363634,0.07231404958677684
roi,coarse,1.37,0.0037878787878787078,0.0037485328196066826,0.06818181818181816,0.07386363636363634,0.07231404958677684
roi,coarse,1.3725,0.0037878787878787078,0.003692601245262839,0.06818181818181816,0.07386363636363634,0.07231404958677684
roi,coarse,1.375,0.003787878787878876,0.0036389710726536986,0.06818181818181816,0.07283057851239667,0.07231404958677684
roi,coarse,1.3775000000000002,0.003787878787878876,0.003587478178592328,0.06818181818181816,0.071797520661157,0.07231404958677684
roi,coarse,1.3800000000000001,0.0037878787878787078,0.0035379719058619774,0.0671487603305785,0.071797520661157,0.07231404958677684
roi,coarse,1.3825,0.0037878787878787078,0.003490314690250464,0.06508264462809915,0.071797520661157,0.07231404958677684
roi,coarse,1.385,0.003787878787878876,0.0034443815039972943,0.06508264462809915,0.071797520661157,0.0702479338842975
roi,coarse,1.3875000000000002,0.003787878787878876,0.0034000591343332706,0.06508264462809915,0.07128099173553716,0.0702479338842975
roi,coarse,1.3900000000000001,0.0037878787878787078,0.0033572453332006763,0.06404958677685949,0.0702479338842975,0.0702479338842975
roi,coarse,1.3925,0.0037878787878787078,0.003315847880909324,0.06404958677685949,0.06973140495867766,0.0702479338842975
roi,coarse,1.395,0.003787878787878876,0.0032757836060275038,0.06404958677685949,0.06973140495867766,0.0702479338842975
roi,coarse,1.3975000000000002,0.003787878787878876,0.0032369773997283193,0.06404958677685949,0.06973140495867766,0.0702479338842975
roi,coarse,1.4000000000000001,0.0037878787878787078,0.0031993612565350727,0.06404958677685949,0.06973140495867766,0.0702479338842975
roi,coarse,1.4025,0.0037878787878787078,0.003162873366258843,0.06404958677685949,0.06973140495867766,0.0702479338842975
roi,coarse,1.405,0.003787878787878876,0.003127457274808516,0.06404958677685949,0.06973140495867766,0.0702479338842975
roi,coarse,1.4075000000000002,0.003787878787878876,0.0030930611250580553,0.06404958677685949,0.06921487603305781,0.0702479338842975
roi,coarse,1.4100000000000001,0.0037878787878787078,0.003059636983396198,0.06404958677685949,0.06921487603305781,0.06818181818181815
roi,coarse,1.4125,0.0037878787878787078,0.0030271402530860554,0.06404958677685949,0.06869834710743798,0.06611570247933882
roi,coarse,1.415,0.003787878787878876,0.0029955291721208213,0.0630165289256198,0.06818181818181815,0.06611570247933882
roi,coarse,1.4175000000000002,0.003787878787878876,0.002964764390789765,0.06198347107438014,0.0676652892561983,0.06611570247933882
roi,coarse,1.4200000000000002,0.0037878787878787078,0.0029348086225340683,0.06198347107438014,0.06714876033057848,0.06611570247933882
roi,coarse,1.4225,0.0037878787878787078,0.0029056263607259636,0.06198347107438014,0.06663223140495864,0.06611570247933882
roi,coarse,1.425,0.003787878787878876,0.002877183653598296,0.06198347107438014,0.06663223140495864,0.06611570247933882
roi,coarse,1.4275000000000002,0.003787878787878876,0.002849447929548106,0.06198347107438014,0.06663223140495864,0.06611570247933882
roi,coarse,1.4300000000000002,0.0037878787878787078,0.0028223878646753634,0.06198347107438014,0.06508264462809915,0.06611570247933882
roi,coarse,1.4325,0.0037878787878787078,0.0027959732872299284,0.06198347107438014,0.06353305785123964,0.06611570247933882
roi,coarse,1.435,0.0037878787878787078,0.0027701751141328505,0.06095041322314047,0.06301652892561982,0.06611570247933882
roi,coarse,1.4375,0.003787878787878876,0.0027449653027868566,0.05991735537190081,0.06249999999999997,0.06404958677685949
roi,coarse,1.4400000000000002,0.003787878787878876,0.002720316828476634,0.05991735537190081,0.06198347107438014,0.06404958677685949
roi,coarse,1.4425000000000001,0.0037878787878787078,0.002696203673145012,0.05991735537190081,0.06198347107438014,0.06404958677685949
roi,coarse,1.445,0.0037878787878787078,0.0026726008236715696,0.058884297520661134,0.06198347107438014,0.06404958677685949
roi,coarse,1.4475,0.003787878787878876,0.0026494842760649224,0.058884297520661134,0.06095041322314046,0.06404958677685949
roi,coarse,1.4500000000000002,0.003787878787878876,0.0026268310424668556,0.058884297520661134,0.05991735537190079,0.06198347107438014
roi,coarse,1.4525000000000001,0.0037878787878787078,0.0026046191583323566,0.058884297520661134,0.05991735537190079,0.06198347107438014
roi,coarse,1.455,0.0037878787878787078,0.0025828276876037697,0.058884297520661134,0.05991735537190079,0.06198347107438014
roi,coarse,1.4575,0.003787878787878876,0.002561436724145909,0.05785123966942147,0.05991735537190079,0.06198347107438014
roi,coarse,1.4600000000000002,0.003787878787878876,0.0025404273881533893,0.05578512396694213,0.05940082644628096,0.06198347107438014
roi,coarse,1.4625000000000001,0.0037878787878787078,0.002519781816676988,0.05578512396694213,0.05940082644628096,0.0599173553719008
roi,coarse,1.465,0.0037878787878787078,0.00249948314783288,0.05578512396694213,0.05888429752066113,0.05785123966942146
roi,coarse,1.4675,0.003787878787878876,0.0024795154986437095,0.05578512396694213,0.05836776859504129,0.05785123966942146
roi,coarse,1.4700000000000002,0.003787878787878876,0.002459863936799027,0.05578512396694213,0.05836776859504129,0.05785123966942146
roi,coarse,1.4725000000000001,0.0037878787878787078,0.0024405144469011896,0.05475206611570246,0.05733471074380163,0.05578512396694213
roi,coarse,1.475,0.0037878787878787078,0.002421453891971563,0.05475206611570246,0.05733471074380163,0.05578512396694213
roi,coarse,1.4775,0.0037878787878787078,0.00240266997112592,0.05475206611570246,0.05733471074380163,0.05371900826446279
roi,coarse,1.48,0.003787878787878876,0.002384151174388395,0.05475206611570246,0.05630165289256195,0.05371900826446279
roi,coarse,1.4825000000000002,0.003787878787878876,0.0023658867356068348,0.053719008264462784,0.05630165289256195,0.05371900826446279
roi,coarse,1.485,0.0037878787878787078,0.002347866584370374,0.05268595041322312,0.05630165289256195,0.05371900826446279
roi,coarse,1.4875,0.003787878787878876,0.002330081297726938,0.05268595041322312,0.055785123966942116,0.05371900826446279
roi,coarse,1.4900000000000002,0.003787878787878876,0.0023125220523703767,0.050619834710743786,0.05526859504132228,0.05371900826446279
roi,coarse,1.4925000000000002,0.0037878787878787078,0.0022951805778294973,0.050619834710743786,0.05526859504132228,0.05165289256198345
roi,coarse,1.495,0.0037878787878787078,0.002278049111058639,0.04958677685950411,0.05423553719008261,0.05165289256198345
roi,coarse,1.4975,0.0037878787878787078,0.0022611203527123907,0.04958677685950411,0.05423553719008261,0.05165289256198345
roi,coarse,1.5,0.003787878787878876,0.002244387425293329,0.04958677685950411,0.05371900826446278,0.05165289256198345
roi,coarse,1.5025000000000002,0.003787878787878876,0.0022278438332948864,0.047520661157024774,0.052685950413223104,0.05165289256198345
roi,coarse,1.5050000000000001,0.0037878787878787078,0.00221148342542194,0.047520661157024774,0.052685950413223104,0.05165289256198345
roi,coarse,1.5075,0.0037878787878787078,0.0021953003589566186,0.047520661157024774,0.05165289256198344,0.05165289256198345
roi,coarse,1.51,0.003787878787878876,0.002179289066341045,0.047520661157024774,0.051136363636363605,0.05165289256198345
roi,coarse,1.5125000000000002,0.003787878787878876,0.002163444224065789,0.047520661157024774,0.05061983471074377,0.04958677685950411
roi,coarse,1.5150000000000001,0.0037878787878787078,0.0021477607239755617,0.04648760330578511,0.05010330578512394,0.04958677685950411
roi,coarse,1.5175,0.0037878787878787078,0.002132233647125303,0.04648760330578511,0.049586776859504106,0.04958677685950411
roi,coarse,1.52,0.003787878787878876,0.0021168582403343033,0.04442148760330577,0.049586776859504106,0.04958677685950411
roi,coarse,1.5225000000000002,0.003787878787878876,0.002101629895588837,0.04442148760330577,0.04907024793388427,0.04958677685950411
roi,coarse,1.5250000000000001,0.0037878787878787078,0.00208654413243195,0.04442148760330577,0.04907024793388427,0.04958677685950411
roi,coarse,1.5275,0.0037878787878787078,0.002071596583451541,0.043388429752066096,0.04855371900826444,0.04958677685950411
roi,coarse,1.53,0.003787878787878876,0.002056782982934999,0.04235537190082643,0.04803719008264459,0.047520661157024774
roi,coarse,1.5325000000000002,0.003787878787878876,0.0020420991587026174,0.04235537190082643,0.04752066115702476,0.047520661157024774
roi,coarse,1.5350000000000001,0.0037878787878787078,0.002027541027065638,0.041322314049586764,0.04752066115702476,0.047520661157024774
roi,coarse,1.5375,0.0037878787878787078,0.002013104590782016,0.041322314049586764,0.04752066115702476,0.047520661157024774
roi,coarse,1.54,0.0037878787878787078,0.0019987859398080026,0.041322314049586764,0.04700413223140493,0.047520661157024774
roi,coarse,1.5425,0.003787878787878876,0.0019845812545705513,0.04028925619834709,0.04700413223140493,0.047520661157024774
roi,coarse,1.5450000000000002,0.003787878787878876,0.0019704868114183718,0.04028925619834709,0.046487603305785094,0.047520661157024774
roi,coarse,1.5475,0.0037878787878787078,0.0019564989898516413,0.04028925619834709,0.04545454545454543,0.047520661157024774
roi,coarse,1.55,0.003787878787878876,0.0019426142810848868,0.04028925619834709,0.044938016528925595,0.047520661157024774
roi,coarse,1.5525000000000002,0.003787878787878876,0.0019288292974666077,0.03925619834710742,0.044938016528925595,0.04545454545454544
roi,coarse,1.5550000000000002,0.0037878787878787078,0.0019151407822645585,0.03925619834710742,0.04442148760330576,0.04545454545454544
roi,coarse,1.5575,0.0037878787878787078,0.0019015456193280625,0.03822314049586775,0.04390495867768593,0.043388429752066096
roi,coarse,1.56,0.0037878787878787078,0.0018880408421588879,0.03822314049586775,0.04390495867768593,0.043388429752066096
roi,coarse,1.5625,0.003787878787878876,0.0018746236419594831,0.037190082644628086,0.04287190082644626,0.041322314049586764
roi,coarse,1.5650000000000002,0.003787878787878876,0.001861291374281042,0.037190082644628086,0.04235537190082642,0.041322314049586764
roi,coarse,1.5675000000000001,0.0037878787878787078,0.001848041563962037,0.037190082644628086,0.04183884297520659,0.041322314049586764
roi,coarse,1.57,0.0037878787878787078,0.0018348719081281116,0.037190082644628086,0.04183884297520659,0.041322314049586764
roi,coarse,1.5725,0.003787878787878876,0.001821780277113373,0.037190082644628086,0.04183884297520659,0.041322314049586764
roi,coarse,1.5750000000000002,0.003787878787878876,0.0018087647132570468,0.037190082644628086,0.04183884297520659,0.041322314049586764
roi,coarse,1.5775000000000001,0.0037878787878787078,0.0017958234276236893,0.03615702479338841,0.04183884297520659,0.039256198347107425
roi,coarse,1.58,0.0037878787878787078,0.0017829547947846168,0.03615702479338841,0.04132231404958676,0.039256198347107425
roi,coarse,1.5825,0.003787878787878876,0.0017701573458779032,0.03512396694214875,0.04028925619834709,0.039256198347107425
roi,coarse,1.5850000000000002,0.003787878787878876,0.0017574297602293426,0.03512396694214875,0.03977272727272726,0.039256198347107425
roi,coarse,1.5875000000000001,0.0037878787878787078,0.0017447708558631537,0.03512396694214875,0.03977272727272726,0.039256198347107425
roi,coarse,1.59,0.0037878787878787078,0.0017321795792557414,0.03512396694214875,0.038739669421487585,0.039256198347107425
roi,coarse,1.5925,0.003787878787878876,0.0017196549946869545,0.03512396694214875,0.03822314049586775,0.039256198347107425
roi,coarse,1.5950000000000002,0.003787878787878876,0.0017071962735208627,0.034090909090909075,0.03822314049586775,0.039256198347107425
roi,coarse,1.5975000000000001,0.0037878787878787078,0.0016948026837037787,0.034090909090909075,0.03770661157024792,0.037190082644628086
roi,coarse,1.6,0.0037878787878787078,0.001682473579704407,0.03305785123966941,0.03770661157024792,0.037190082644628086
roi,coarse,1.6025,0.0037878787878787078,0.0016702083930443489,0.03305785123966941,0.037190082644628086,0.037190082644628086
roi,coarse,1.605,0.003787878787878876,0.0016580066234827488,0.03305785123966941,0.03615702479338842,0.037190082644628086
roi,coarse,1.6075000000000002,0.003787878787878876,0.0016458678308331463,0.03305785123966941,0.03615702479338842,0.037190082644628086
roi,coarse,1.61,0.0037878787878787078,0.00163379162731059,0.03305785123966941,0.03564049586776859,0.03512396694214875
roi,coarse,1.6125,0.003787878787878876,0.0016217776702390873,0.03305785123966941,0.03512396694214874,0.03512396694214875
roi,coarse,1.6150000000000002,0.003787878787878876,0.001609825654899129,0.03305785123966941,0.03512396694214874,0.03512396694214875
roi,coarse,1.6175000000000002,0.0037878787878787078,0.0015979353072663677,0.03305785123966941,0.03512396694214874,0.03512396694214875
roi,coarse,1.62,0.0037878787878787078,0.0015861063763878288,0.03202479338842974,0.034607438016528914,0.03305785123966941
roi,coarse,1.6225,0.0037878787878787078,0.0015743386261614898,0.03099173553719007,0.034607438016528914,0.03305785123966941
roi,coarse,1.625,0.003787878787878876,0.001562631826326843,0.03099173553719007,0.03409090909090908,0.03305785123966941
roi,coarse,1.6275000000000002,0.003787878787878876,0.001550985742534369,0.03099173553719007,0.03305785123966941,0.03305785123966941
roi,coarse,1.6300000000000001,0.0037878787878787078,0.0015394001254356534,0.03099173553719007,0.03305785123966941,0.03099173553719007
roi,coarse,1.6325,0.003787878787878876,0.0015278746988169733,0.0299586776859504,0.03305785123966941,0.03099173553719007
roi,coarse,1.6350000000000002,0.003787878787878876,0.0015164091468814077,0.0299586776859504,0.032541322314049576,0.03099173553719007
roi,coarse,1.6375000000000002,0.0037878787878787078,0.0015050031008619568,0.0299586776859504,0.03202479338842974,0.03099173553719007
roi,coarse,1.6400000000000001,0.0037878787878787078,0.0014936561252158424,0.0299586776859504,0.03202479338842974,0.03099173553719007
roi,coarse,1.6425,0.0037878787878787078,0.0014823677037044828,0.02892561983471073,0.03202479338842974,0.03099173553719007
roi,coarse,1.645,0.003787878787878876,0.0014711372257023652,0.026859504132231395,0.03202479338842974,0.03099173553719007
roi,coarse,1.6475000000000002,0.003787878787878876,0.001459963973100239,0.02582644628099173,0.030991735537190073,0.03099173553719007
roi,coarse,1.6500000000000001,0.0037878787878787078,0.0014488471081741399,0.02479338842975206,0.029958677685950404,0.03099173553719007
roi,coarse,1.6525,0.0037878787878787078,0.0014377856627827376,0.02479338842975206,0.028925619834710738,0.03099173553719007
roi,coarse,1.655,0.003787878787878876,0.0014267785292331114,0.02479338842975206,0.028925619834710738,0.03099173553719007
roi,coarse,1.6575000000000002,0.003787878787878876,0.001415824453121267,0.02376033057851239,0.0284090909090909,0.03099173553719007
roi,coarse,1.6600000000000001,0.0037878787878787078,0.001404922028410415,0.02272727272727272,0.0284090909090909,0.03099173553719007
roi,coarse,1.6625,0.0037878787878787078,0.001394069694959328,0.02272727272727272,0.027892561983471065,0.03099173553719007
roi,coarse,1.665,0.0037878787878787078,0.0013832657386566884,0.02272727272727272,0.027892561983471065,0.03099173553719007
roi,coarse,1.6675,0.003787878787878876,0.0013725082942569883,0.02169421487603305,0.027376033057851232,0.026859504132231395
roi,coarse,1.6700000000000002,0.003787878787878876,0.0013617953509508021,0.02169421487603305,0.026859504132231395,0.02479338842975206
roi,coarse,1.6725,0.0037878787878787078,0.001351124760638407,0.020661157024793382,0.026859504132231395,0.02479338842975206
roi,coarse,1.675,0.003787878787878876,0.001340494248812146,0.019628099173553713,0.026859504132231395,0.02479338842975206
roi,coarse,1.6775000000000002,0.003787878787878876,0.001329901427890614,0.019628099173553713,0.026342975206611562,0.02479338842975206
roi,coarse,1.6800000000000002,0.0037878787878787078,0.0013193438127878498,0.018595041322314043,0.025826446280991726,0.02479338842975206
roi,coarse,1.6825,0.0037878787878787078,0.0013088188384443315,0.018595041322314043,0.025826446280991726,0.02479338842975206
roi,coarse,1.685,0.0037878787878787078,0.0012983238789949776,0.018595041322314043,0.024793388429752053,0.02479338842975206
roi,coarse,1.6875,0.003787878787878876,0.0012878562682040735,0.018595041322314043,0.024793388429752053,0.02479338842975206
roi,coarse,1.6900000000000002,0.003787878787878876,0.0012774133207599581,0.018595041322314043,0.024793388429752053,0.02479338842975206
roi,coarse,1.6925000000000001,0.0037878787878787078,0.0012669923539954816,0.017561983471074374,0.024793388429752053,0.02272727272727272
roi,coarse,1.695,0.003787878787878876,0.001256590709586061,0.016528925619834704,0.02427685950413222,0.02272727272727272
roi,coarse,1.6975000000000002,0.003787878787878876,0.0012462057747777034,0.016528925619834704,0.023243801652892554,0.02272727272727272
roi,coarse,1.7000000000000002,0.0037878787878787078,0.0012358350027144944,0.016528925619834704,0.023243801652892554,0.02272727272727272
roi,coarse,1.7025000000000001,0.0037878787878787078,0.0012254759314695948,0.016528925619834704,0.023243801652892554,0.02272727272727272
roi,coarse,1.705,0.0037878787878787078,0.0012151262014354867,0.016528925619834704,0.023243801652892554,0.02272727272727272
roi,coarse,1.7075,0.003787878787878876,0.001204783570796147,0.014462809917355367,0.02169421487603305,0.020661157024793382
roi,coarse,1.7100000000000002,0.003787878787878876,0.0011944459288823655,0.014462809917355367,0.02169421487603305,0.020661157024793382
roi,coarse,1.7125000000000001,0.0037878787878787078,0.0011841113072963904,0.014462809917355367,0.020661157024793382,0.020661157024793382
roi,coarse,1.715,0.0037878787878787078,0.0011737778887768277,0.014462809917355367,0.02014462809917355,0.020661157024793382
roi,coarse,1.7175,0.003787878787878876,0.0011634440138520942,0.013429752066115698,0.01962809917355371,0.020661157024793382
roi,coarse,1.7200000000000002,0.003787878787878876,0.0011531081853936617,0.013429752066115698,0.01962809917355371,0.020661157024793382
roi,coarse,1.7225000000000001,0.0037878787878787078,0.001142769071222973,0.013429752066115698,0.01962809917355371,0.020661157024793382
roi,coarse,1.725,0.0037878787878787078,0.001132425504944542,0.013429752066115698,0.01962809917355371,0.020661157024793382
roi,coarse,1.7275,0.0037878787878787078,0.0011220764851715204,0.013429752066115698,0.01962809917355371,0.020661157024793382
roi,coarse,1.73,0.003787878787878876,0.001111721173281432,0.012396694214876028,0.01962809917355371,0.020661157024793382
roi,coarse,1.7325000000000002,0.003787878787878876,0.0011013588897946268,0.012396694214876028,0.01962809917355371,0.018595041322314043
roi,coarse,1.735,0.0037878787878787078,0.0010909891094148185,0.012396694214876028,0.018595041322314043,0.018595041322314043
roi,coarse,1.7375,0.003787878787878876,0.001080611454720108,0.012396694214876028,0.017561983471074377,0.018595041322314043
roi,coarse,1.7400000000000002,0.003787878787878876,0.0010702256884548146,0.012396694214876028,0.017561983471074377,0.016528925619834704
roi,coarse,1.7425000000000002,0.0037878787878787078,0.001059831704356643,0.012396694214876028,0.017561983471074377,0.016528925619834704
roi,coarse,1.745,0.0037878787878787078,0.001049429516467019,0.012396694214876028,0.017045454545454544,0.016528925619834704
roi,coarse,1.7475,0.0037878787878787078,0.0010390192469177432,0.01136363636363636,0.01652892561983471,0.016528925619834704
roi,coarse,1.75,0.003787878787878876,0.0010286011122626836,0.010330578512396691,0.01652892561983471,0.014462809917355365
roi,coarse,1.7525000000000002,0.003787878787878876,0.00101817540852289,0.010330578512396691,0.01652892561983471,0.014462809917355365
roi,coarse,1.7550000000000001,0.0037878787878787078,0.001007742495226789,0.010330578512396691,0.01652892561983471,0.014462809917355365
roi,coarse,1.7575,0.003787878787878876,0.0009973027788412283,0.009297520661157022,0.01601239669421487,0.014462809917355365
roi,coarse,1.7600000000000002,0.003787878787878876,0.0009868566960899957,0.009297520661157022,0.015495867768595038,0.014462809917355365
roi,coarse,1.7625000000000002,0.0037878787878787078,0.0009764046977312218,0.009297520661157022,0.014979338842975205,0.014462809917355365
roi,coarse,1.7650000000000001,0.0037878787878787078,0.0009659472334035996,0.008264462809917352,0.014979338842975205,0.014462809917355365
roi,coarse,1.7675,0.0037878787878787078,0.0009554847381475278,0.008264462809917352,0.014462809917355372,0.014462809917355365
roi,coarse,1.77,0.003787878787878876,0.0009450176211599015,0.008264462809917352,0.013429752066115706,0.014462809917355365
roi,coarse,1.7725000000000002,0.003787878787878876,0.0009345462572536364,0.0051652892561983455,0.012913223140495872,0.014462809917355365
roi,coarse,1.7750000000000001,0.0037878787878787078,0.0009240709813725996,0.004132231404958676,0.012913223140495872,0.012396694214876028
roi,coarse,1.7775,0.0037878787878787078,0.0009135920863694347,0.004132231404958676,0.012913223140495872,0.012396694214876028
roi,coarse,1.78,0.003787878787878876,0.0009031098240993426,0.003099173553719007,0.012396694214876037,0.012396694214876028
roi,coarse,1.7825000000000002,0.003787878787878876,0.0008926244097285458,0.003099173553719007,0.012396694214876037,0.012396694214876028
roi,coarse,1.7850000000000001,0.0037878787878787078,0.0008821360290121545,0.002066115702479338,0.012396694214876037,0.012396694214876028
roi,coarse,1.7875,0.0037878787878787078,0.0008716448481707788,0.002066115702479338,0.012396694214876037,0.012396694214876028
roi,coarse,1.79,0.0037878787878787078,0.0008611510258945106,0.002066115702479338,0.0118801652892562,0.012396694214876028
roi,coarse,1.7925,0.003787878787878876,0.0008506547269306903,0.002066115702479338,0.010847107438016531,0.010330578512396691
roi,coarse,1.7950000000000002,0.003787878787878876,0.0008401561366699347,0.002066115702479338,0.010847107438016531,0.010330578512396691
roi,coarse,1.7975,0.0037878787878787078,0.0008296554761335413,0.002066115702479338,0.010847107438016531,0.010330578512396691
roi,coarse,1.8,0.003787878787878876,0.0008191530167834805,0.002066115702479338,0.010847107438016531,0.010330578512396691
roi,coarse,1.8025000000000002,0.003787878787878876,0.0008086490946215756,0.002066115702479338,0.010330578512396698,0.010330578512396691
roi,coarse,1.8050000000000002,0.0037878787878787078,0.0007981441231140032,0.002066115702479338,0.010330578512396698,0.010330578512396691
roi,coarse,1.8075,0.0037878787878787078,0.0007876386045665951,0.002066115702479338,0.009814049586776863,0.010330578512396691
roi,coarse,1.81,0.0037878787878787078,0.0007771331396802092,0.002066115702479338,0.009814049586776863,0.010330578512396691
roi,coarse,1.8125,0.003787878787878876,0.0007666284351272809,0.002066115702479338,0.009814049586776863,0.010330578512396691
roi,coarse,1.8150000000000002,0.003787878787878876,0.0007561253091033459,0.001033057851239669,0.008264462809917359,0.010330578512396691
roi,coarse,1.8175000000000001,0.0037878787878787078,0.0007456246949135406,0.001033057851239669,0.008264462809917359,0.010330578512396691
roi,coarse,1.82,0.003787878787878876,0.0007351276427468982,0.001033057851239669,0.007747933884297523,0.010330578512396691
roi,coarse,1.8225000000000002,0.003787878787878876,0.0007246353198648238,0.001033057851239669,0.007747933884297523,0.006198347107438014
roi,coarse,1.8250000000000002,0.0037878787878787078,0.000714149009480544,0.0,0.007747933884297523,0.006198347107438014
roi,coarse,1.8275000000000001,0.0037878787878787078,0.0007036701086315923,0.0,0.007231404958677686,0.006198347107438014
roi,coarse,1.83,0.0037878787878787078,0.0006932001253479711,0.0,0.00671487603305785,0.006198347107438014
roi,coarse,1.8325,0.003787878787878876,0.0006827406753970206,0.0,0.00671487603305785,0.004132231404958676
roi,coarse,1.8350000000000002,0.003787878787878876,0.0006722934788463649,0.0,0.00671487603305785,0.004132231404958676
roi,coarse,1.8375000000000001,0.0037878787878787078,0.0006618603566339438,0.0,0.00671487603305785,0.004132231404958676
roi,coarse,1.84,0.0037878787878787078,0.0006514432272748223,0.0,0.006198347107438015,0.004132231404958676
roi,coarse,1.8425,0.003787878787878876,0.0006410441037737956,0.0,0.006198347107438015,0.004132231404958676
roi,coarse,1.8450000000000002,0.003787878787878876,0.0006306650907557795,0.0,0.00568181818181818,0.004132231404958676
roi,coarse,1.8475000000000001,0.0037878787878787078,0.0006203083817764325,0.0,0.00568181818181818,0.004132231404958676
roi,coarse,1.85,0.0037878787878787078,0.0006099762567361704,0.0,0.00568181818181818,0.004132231404958676
roi,coarse,1.8525,0.0037878787878787078,0.0005996710792931352,0.0,0.004648760330578512,0.004132231404958676
roi,coarse,1.855,0.003787878787878876,0.0005893952941551756,0.0,0.004132231404958676,0.004132231404958676
roi,coarse,1.8575000000000002,0.003787878787878876,0.0005791514241270618,0.0,0.0036157024793388405,0.004132231404958676
roi,coarse,1.86,0.003787878787878876,0.0005689420667959134,0.0,0.0036157024793388405,0.004132231404958676
roi,coarse,1.8625000000000003,0.003787878787878876,0.0005587698907537565,0.0,0.0036157024793388405,0.004132231404958676
roi,coarse,1.8650000000000002,0.0037878787878787078,0.0005486376312795803,0.0,0.0036157024793388405,0.004132231404958676
roi,coarse,1.8675000000000002,0.0037878787878787078,0.00053854808543229,0.0,0.0036157024793388405,0.004132231404958676
roi,coarse,1.87,0.0037878787878787078,0.0005285041065384398,0.0,0.003099173553719005,0.004132231404958676
roi,coarse,1.8725,0.0037878787878787078,0.0005185085980921232,0.0,0.0025826446280991715,0.004132231404958676
roi,coarse,1.875,0.0037878787878787078,0.0005085645071162666,0.0,0.0025826446280991715,0.002066115702479338
roi,coarse,1.8775,0.003787878787878876,0.0004986748170621468,0.0,0.0025826446280991715,0.002066115702479338
roi,coarse,1.8800000000000001,0.003787878787878876,0.000488842540344809,0.0,0.002066115702479338,0.002066115702479338
roi,coarse,1.8825,0.003787878787878876,0.0004790707106244288,0.0,0.002066115702479338,0.002066115702479338
roi,coarse,1.8850000000000002,0.003787878787878876,0.00046936237494665627,0.0,0.001033057851239669,0.0
roi,coarse,1.8875000000000002,0.0037878787878787078,0.0004597205858489088,0.0,0.001033057851239669,0.0
roi,coarse,1.8900000000000001,0.0037878787878787078,0.000450148393525736,0.0,0.001033057851239669,0.0
roi,coarse,1.8925,0.0037878787878787078,0.00044064883812702544,0.0,0.001033057851239669,0.0
roi,coarse,1.895,0.0037878787878787078,0.0004312249422405846,0.0,0.0005165289256198356,0.0
roi,coarse,1.8975,0.003787878787878876,0.0004218797035882598,0.0,0.0005165289256198356,0.0
roi,coarse,1.9000000000000001,0.003787878787878876,0.000412616087944588,0.0,0.0,0.0
roi,coarse,1.9025,0.003787878787878876,0.0004034370222707436,0.0,0.0,0.0
roi,coarse,1.9050000000000002,0.003787878787878876,0.0003943453880452372,0.0,0.0,0.0
roi,coarse,1.9075000000000002,0.0037878787878787078,0.00038534401476670227,0.0,0.0,0.0
roi,coarse,1.9100000000000001,0.0037878787878787078,0.0003764356736028653,0.0,0.0,0.0
roi,coarse,1.9125,0.0037878787878787078,0.000367623071162724,0.0,0.0,0.0
roi,coarse,1.915,0.0037878787878787078,0.0003589088433751206,0.0,0.0,0.0
roi,coarse,1.9175,0.003787878787878876,0.00035029554946533714,0.0,0.0,0.0
roi,coarse,1.9200000000000002,0.003787878787878876,0.000341785666031104,0.0,0.0,0.0
roi,coarse,1.9225,0.003787878787878876,0.000333381581229713,0.0,0.0,0.0
roi,coarse,1.9250000000000003,0.003787878787878876,0.00032508558909804316,0.0,0.0,0.0
roi,coarse,1.9275000000000002,0.0037878787878787078,0.00031689988403666645,0.0,0.0,0.0
roi,coarse,1.9300000000000002,0.0037878787878787078,0.00030882655549733807,0.0,0.0,0.0
roi,coarse,1.9325,0.0037878787878787078,0.00030086758291965234,0.0,0.0,0.0
roi,coarse,1.935,0.0037878787878787078,0.00029302483096717746,0.0,0.0,0.0
roi,coarse,1.9375,0.0037878787878787078,0.0002853000451156799,0.0,0.0,0.0
roi,coarse,1.94,0.003787878787878876,0.00027769484764599765,0.0,0.0,0.0
roi,coarse,1.9425000000000001,0.003787878787878876,0.00027021073409165444,0.0,0.0,0.0
roi,coarse,1.945,0.003787878787878876,0.0002628490701865389,0.0,0.0,0.0
roi,coarse,1.9475000000000002,0.003787878787878876,0.00025561108935111027,0.0,0.0,0.0
roi,coarse,1.9500000000000002,0.0037878787878787078,0.0002484978907470045,0.0,0.0,0.0
roi,coarse,1.9525000000000001,0.0037878787878787078,0.00024151043792004,0.0,0.0,0.0
roi,coarse,1.955,0.0037878787878787078,0.00023464955804099492,0.0,0.0,0.0
roi,coarse,1.9575,0.0037878787878787078,0.0002279159417426908,0.0,0.0,0.0
roi,coarse,1.96,0.003787878787878876,0.0002213101435413983,0.0,0.0,0.0
roi,coarse,1.9625000000000001,0.003787878787878876,0.00021483258282085037,0.0,0.0,0.0
roi,coarse,1.965,0.003787878787878876,0.00020848354534859712,0.0,0.0,0.0
roi,coarse,1.9675000000000002,0.003787878787878876,0.00020226318528733064,0.0,0.0,0.0
roi,coarse,1.9700000000000002,0.0037878787878787078,0.0001961715276583251,0.0,0.0,0.0
roi,coarse,1.9725000000000001,0.0037878787878787078,0.0001902084712103315,0.0,0.0,0.0
roi,coarse,1.975,0.0037878787878787078,0.00018437379164511295,0.0,0.0,0.0
roi,coarse,1.9775,0.0037878787878787078,0.0001786671451501918,0.0,0.0,0.0
roi,coarse,1.98,0.003787878787878876,0.00017308807219014737,0.0,0.0,0.0
roi,coarse,1.9825000000000002,0.003787878787878876,0.00016763600150974603,0.0,0.0,0.0
roi,coarse,1.985,0.003787878787878876,0.00016231025430507665,0.0,0.0,0.0
roi,coarse,1.9875000000000003,0.003787878787878876,0.00015711004852246785,0.0,0.0,0.0
roi,coarse,1.9900000000000002,0.0037878787878787078,0.00015203450324903386,0.0,0.0,0.0
roi,coarse,1.9925000000000002,0.0037878787878787078,0.00014708264316300927,0.0,0.0,0.0
roi,coarse,1.995,0.0037878787878787078,0.0001422534030163724,0.0,0.0,0.0
roi,coarse,1.9975,0.0037878787878787078,0.00013754563212644438,0.0,0.0,0.0
roi,coarse,2.0,0.0037878787878787078,0.00013295809885703543,0.0,0.0,0.0
roi,coarse,2.0025,0.0037878787878787078,0.0001284894950731947,0.0,0.0,0.0
roi,coarse,2.005,0.003787878787879044,0.00012413844055663928,0.0,0.0,0.0
roi,coarse,2.0075000000000003,0.003787878787879044,0.00011990348737149481,0.0,0.0,0.0
roi,coarse,2.0100000000000002,0.0037878787878787078,0.00011578312417209474,0.0,0.0,0.0
roi,coarse,2.0125,0.0037878787878787078,0.00011177578044633618,0.0,0.0,0.0
roi,coarse,2.015,0.0037878787878787078,0.00010787983068956104,0.0,0.0,0.0
roi,coarse,2.0175,0.0037878787878787078,0.00010409359850522451,0.0,0.0,0.0
roi,coarse,2.02,0.0018939393939393539,0.00010041536062982599,0.0,0.0,0.0
roi,fine,1.36,0.0018939393939393539,0.003999034546401924,0.06921487603305783,0.07438016528925617,0.07231404958677684
roi,fine,1.3625,0.0037878787878787078,0.003931598481419961,0.06818181818181816,0.07386363636363634,0.07231404958677684
roi,fine,1.365,0.003787878787878876,0.003867288990527387,0.06818181818181816,0.07386363636363634,0.07231404958677684
roi,fine,1.3675000000000002,0.003787878787878876,0.003805885970391829,0.06818181818181816,0.07386363636363634,0.07231404958677684
roi,fine,1.37,0.0037878787878787078,0.0037471830369246862,0.06818181818181816,0.07386363636363634,0.07231404958677684
roi,fine,1.3725,0.0037878787878787078,0.003690987379994758,0.06818181818181816,0.07386363636363634,0.07231404958677684
roi,fine,1.375,0.003787878787878876,0.0036371197682576336,0.06818181818181816,0.07283057851239667,0.07231404958677684
roi,fine,1.3775000000000002,0.003787878787878876,0.0035854145270651067,0.06818181818181816,0.071797520661157,0.07231404958677684
roi,fine,1.3800000000000001,0.0037878787878787078,0.003535719383051403,0.0671487603305785,0.071797520661157,0.07231404958677684
roi,fine,1.3825,0.0037878787878787078,0.003487895126515683,0.06508264462809915,0.071797520661157,0.07231404958677684
roi,fine,1.385,0.003787878787878876,0.003441815084575358,0.06508264462809915,0.071797520661157,0.0702479338842975
roi,fine,1.3875000000000002,0.003787878787878876,0.0033973644254336475,0.06508264462809915,0.07128099173553716,0.0702479338842975
roi,fine,1.3900000000000001,0.0037878787878787078,0.003354439329599461,0.06404958677685949,0.0702479338842975,0.0702479338842975
roi,fine,1.3925,0.0037878787878787078,0.003312946070403973,0.06404958677685949,0.06973140495867766,0.0702479338842975
roi,fine,1.395,0.003787878787878876,0.0032728000463355714,0.06404958677685949,0.06973140495867766,0.0702479338842975
roi,fine,1.3975000000000002,0.003787878787878876,0.003233924803829391,0.06404958677685949,0.06973140495867766,0.0702479338842975
roi,fine,1.4000000000000001,0.0037878787878787078,0.0031962510829772884,0.06404958677685949,0.06973140495867766,0.0702479338842975
roi,fine,1.4025,0.0037878787878787078,0.0031597159115144117,0.06404958677685949,0.06973140495867766,0.0702479338842975
roi,fine,1.405,0.003787878787878876,0.00312426176531976,0.06404958677685949,0.06973140495867766,0.0702479338842975
roi,fine,1.4075000000000002,0.003787878787878876,0.0030898358071357445,0.06404958677685949,0.06921487603305781,0.0702479338842975
roi,fine,1.4100000000000001,0.0037878787878787078,0.0030563892095970407,0.06404958677685949,0.06921487603305781,0.06818181818181815
roi,fine,1.4125,0.0037878787878787078,0.003023876564097583,0.06404958677685949,0.06869834710743798,0.06611570247933882
roi,fine,1.415,0.003787878787878876,0.002992255373517807,0.0630165289256198,0.06818181818181815,0.06611570247933882
roi,fine,1.4175000000000002,0.003787878787878876,0.0029614856242995823,0.06198347107438014,0.0676652892561983,0.06611570247933882
roi,fine,1.4200000000000002,0.0037878787878787078,0.0029315294316646927,0.06198347107438014,0.06714876033057848,0.06611570247933882
roi,fine,1.4225,0.0037878787878787078,0.0029023507507766584,0.06198347107438014,0.06663223140495864,0.06611570247933882
roi,fine,1.425,0.003787878787878876,0.0028739151461970513,0.06198347107438014,0.06663223140495864,0.06611570247933882
roi,fine,1.4275000000000002,0.003787878787878876,0.0028461896119489787,0.06198347107438014,0.06663223140495864,0.06611570247933882
roi,fine,1.4300000000000002,0.0037878787878787078,0.002819142434110797,0.06198347107438014,0.06508264462809915,0.06611570247933882
roi,fine,1.4325,0.0037878787878787078,0.002792743090650172,0.06198347107438014,0.06353305785123964,0.06611570247933882
roi,fine,1.435,0.0037878787878787078,0.002766962183684625,0.06095041322314047,0.06301652892561982,0.06611570247933882
roi,fine,1.4375,0.003787878787878876,0.0027417713874082804,0.05991735537190081,0.06249999999999997,0.06404958677685949
roi,fine,1.4400000000000002,0.003787878787878876,0.00271714342196588,0.05991735537190081,0.06198347107438014,0.06404958677685949
roi,fine,1.4425000000000001,0.0037878787878787078,0.0026930520390668756,0.05991735537190081,0.06198347107438014,0.06404958677685949
roi,fine,1.445,0.0037878787878787078,0.0026694720174523174,0.058884297520661134,0.06198347107438014,0.06404958677685949
roi,fine,1.4475,0.003787878787878876,0.002646379164610715,0.058884297520661134,0.06095041322314046,0.06404958677685949
roi,fine,1.4500000000000002,0.003787878787878876,0.002623750321622235,0.058884297520661134,0.05991735537190079,0.06198347107438014
roi,fine,1.4525000000000001,0.0037878787878787078,0.002601563368473121,0.058884297520661134,0.05991735537190079,0.06198347107438014
roi,fine,1.455,0.0037878787878787078,0.002579797227633233,0.058884297520661134,0.05991735537190079,0.06198347107438014
roi,fine,1.4575,0.003787878787878876,0.002558431864135518,0.05785123966942147,0.05991735537190079,0.06198347107438014
roi,fine,1.4600000000000002,0.003787878787878876,0.0025374482808385493,0.05578512396694213,0.05940082644628096,0.06198347107438014
roi,fine,1.4625000000000001,0.0037878787878787078,0.002516828507987701,0.05578512396694213,0.05940082644628096,0.0599173553719008
roi,fine,1.465,0.0037878787878787078,0.002496555586607537,0.05578512396694213,0.05888429752066113,0.05785123966942146
roi,fine,1.4675,0.003787878787878876,0.002476613545644396,0.05578512396694213,0.05836776859504129,0.05785123966942146
roi,fine,1.4700000000000002,0.003787878787878876,0.002456987373119141,0.05578512396694213,0.05836776859504129,0.05785123966942146
roi,fine,1.4725000000000001,0.0037878787878787078,0.0024376629818321895,0.05475206611570246,0.05733471074380163,0.05578512396694213
roi,fine,1.475,0.0037878787878787078,0.00241862717037584,0.05475206611570246,0.05733471074380163,0.05578512396694213
roi,fine,1.4775,0.0037878787878787078,0.002399867580347663,0.05475206611570246,0.05733471074380163,0.05371900826446279
roi,fine,1.48,0.003787878787878876,0.002381372650723671,0.05475206611570246,0.05630165289256195,0.05371900826446279
roi,fine,1.4825000000000002,0.003787878787878876,0.0023631315703477192,0.053719008264462784,0.05630165289256195,0.05371900826446279
roi,fine,1.485,0.0037878787878787078,0.0023451342294350213,0.05268595041322312,0.05630165289256195,0.05371900826446279
roi,fine,1.4875,0.003787878787878876,0.002327371170887211,0.05268595041322312,0.055785123966942116,0.05371900826446279
roi,fine,1.4900000000000002,0.003787878787878876,0.0023098335420900892,0.050619834710743786,0.05526859504132228,0.05371900826446279
roi,fine,1.4925000000000002,0.0037878787878787078,0.0022925130477285866,0.050619834710743786,0.05526859504132228,0.05165289256198345
roi,fine,1.495,0.0037878787878787078,0.002275401904020853,0.04958677685950411,0.05423553719008261,0.05165289256198345
roi,fine,1.4975,0.0037878787878787078,0.0022584927946558376,0.04958677685950411,0.05423553719008261,0.05165289256198345
roi,fine,1.5,0.003787878787878876,0.0022417788286239818,0.04958677685950411,0.05371900826446278,0.05165289256198345
roi,fine,1.5025000000000002,0.003787878787878876,0.002225253500062783,0.047520661157024774,0.052685950413223104,0.05165289256198345
roi,fine,1.5050000000000001,0.0037878787878787078,0.002208910650198357,0.047520661157024774,0.052685950413223104,0.05165289256198345
roi,fine,1.5075,0.0037878787878787078,0.002192744431448064,0.047520661157024774,0.05165289256198344,0.05165289256198345
roi,fine,1.51,0.003787878787878876,0.0021767492737528693,0.047520661157024774,0.051136363636363605,0.05165289256198345
roi,fine,1.5125000000000002,0.003787878787878876,0.002160919853224888,0.047520661157024774,0.05061983471074377,0.04958677685950411
roi,fine,1.5150000000000001,0.0037878787878787078,0.0021452510632184217,0.04648760330578511,0.05010330578512394,0.04958677685950411
roi,fine,1.5175,0.0037878787878787078,0.002129737987954853,0.04648760330578511,0.049586776859504106,0.04958677685950411
roi,fine,1.52,0.003787878787878876,0.002114375878847022,0.04442148760330577,0.049586776859504106,0.04958677685950411
roi,fine,1.5225000000000002,0.003787878787878876,0.002099160133672484,0.04442148760330577,0.04907024793388427,0.04958677685950411
roi,fine,1.5250000000000001,0.0037878787878787078,0.0020840862787342893,0.04442148760330577,0.04907024793388427,0.04958677685950411
roi,fine,1.5275,0.0037878787878787078,0.0020691499541214396,0.043388429752066096,0.04855371900826444,0.04958677685950411
roi,fine,1.53,0.003787878787878876,0.0020543469021393843,0.04235537190082643,0.04803719008264459,0.047520661157024774
roi,fine,1.5325000000000002,0.003787878787878876,0.0020396729589256197,0.04235537190082643,0.04752066115702476,0.047520661157024774
roi,fine,1.5350000000000001,0.0037878787878787078,0.0020251240491997533,0.041322314049586764,0.04752066115702476,0.047520661157024774
roi,fine,1.5375,0.0037878787878787078,0.002010696184025058,0.041322314049586764,0.04752066115702476,0.047520661157024774
roi,fine,1.54,0.0037878787878787078,0.0019963854613836065,0.041322314049586764,0.04700413223140493,0.047520661157024774
roi,fine,1.5425,0.003787878787878876,0.0019821880692939106,0.04028925619834709,0.04700413223140493,0.047520661157024774
roi,fine,1.5450000000000002,0.003787878787878876,0.0019681002911324606,0.04028925619834709,0.046487603305785094,0.047520661157024774
roi,fine,1.5475,0.0037878787878787078,0.001954118512762136,0.04028925619834709,0.04545454545454543,0.047520661157024774
roi,fine,1.55,0.003787878787878876,0.0019402392310242874,0.04028925619834709,0.044938016528925595,0.047520661157024774
roi,fine,1.5525000000000002,0.003787878787878876,0.0019264590631194287,0.03925619834710742,0.044938016528925595,0.04545454545454544
roi,fine,1.5550000000000002,0.0037878787878787078,0.0019127747563858373,0.03925619834710742,0.04442148760330576,0.04545454545454544
roi,fine,1.5575,0.0037878787878787078,0.0018991831979868388,0.03822314049586775,0.04390495867768593,0.043388429752066096
roi,fine,1.56,0.0037878787878787078,0.001885681424036536,0.03822314049586775,0.04390495867768593,0.043388429752066096
roi,fine,1.5625,0.003787878787878876,0.0018722666277300672,0.037190082644628086,0.04287190082644626,0.041322314049586764
roi,fine,1.5650000000000002,0.003787878787878876,0.0018589361660970786,0.037190082644628086,0.04235537190082642,0.041322314049586764
roi,fine,1.5675000000000001,0.0037878787878787078,0.0018456875650644466,0.037190082644628086,0.04183884297520659,0.041322314049586764
roi,fine,1.57,0.0037878787878787078,0.0018325185225938022,0.037190082644628086,0.04183884297520659,0.041322314049586764
roi,fine,1.5725,0.003787878787878876,0.0018194269097480936,0.037190082644628086,0.04183884297520659,0.041322314049586764
roi,fine,1.5750000000000002,0.003787878787878876,0.001806410769635107,0.037190082644628086,0.04183884297520659,0.041322314049586764
roi,fine,1.5775000000000001,0.0037878787878787078,0.0017934683142701937,0.03615702479338841,0.04183884297520659,0.039256198347107425
roi,fine,1.58,0.0037878787878787078,0.001780597919490307,0.03615702479338841,0.04132231404958676,0.039256198347107425
roi,fine,1.5825,0.003787878787878876,0.0017677981181318575,0.03512396694214875,0.04028925619834709,0.039256198347107425
roi,fine,1.5850000000000002,0.003787878787878876,0.0017550675917509728,0.03512396694214875,0.03977272727272726,0.039256198347107425
roi,fine,1.5875000000000001,0.0037878787878787078,0.0017424051612123406,0.03512396694214875,0.03977272727272726,0.039256198347107425
roi,fine,1.59,0.0037878787878787078,0.0017298097764988194,0.03512396694214875,0.038739669421487585,0.039256198347107425
roi,fine,1.5925,0.003787878787878876,0.0017172805060965872,0.03512396694214875,0.03822314049586775,0.039256198347107425
roi,fine,1.5950000000000002,0.003787878787878876,0.0017048165262896734,0.034090909090909075,0.03822314049586775,0.039256198347107425
roi,fine,1.5975000000000001,0.0037878787878787078,0.0016924171106547817,0.034090909090909075,0.03770661157024792,0.037190082644628086
roi,fine,1.6,0.0037878787878787078,0.0016800816199855865,0.03305785123966941,0.03770661157024792,0.037190082644628086
roi,fine,1.6025,0.0037878787878787078,0.001667809492799855,0.03305785123966941,0.037190082644628086,0.037190082644628086
roi,fine,1.605,0.003787878787878876,0.001655600236498758,0.03305785123966941,0.03615702479338842,0.037190082644628086
roi,fine,1.6075000000000002,0.003787878787878876,0.001643453419162047,0.03305785123966941,0.03615702479338842,0.037190082644628086
roi,fine,1.61,0.0037878787878787078,0.0016313686618823979,0.03305785123966941,0.03564049586776859,0.03512396694214875
roi,fine,1.6125,0.003787878787878876,0.0016193456314734607,0.03305785123966941,0.03512396694214874,0.03512396694214875
roi,fine,1.6150000000000002,0.003787878787878876,0.001607384033334719,0.03305785123966941,0.03512396694214874,0.03512396694214875
roi,fine,1.6175000000000002,0.0037878787878787078,0.0015954836042262736,0.03305785123966941,0.03512396694214874,0.03512396694214875
roi,fine,1.62,0.0037878787878787078,0.0015836441047004306,0.03305785123966941,0.034607438016528914,0.03305785123966941
roi,fine,1.6225,0.0037878787878787078,0.0015718653109549445,0.03099173553719007,0.034607438016528914,0.03305785123966941
roi,fine,1.625,0.003787878787878876,0.0015601470059130886,0.03099173553719007,0.03409090909090908,0.03305785123966941
roi,fine,1.6275000000000002,0.003787878787878876,0.0015484889693948372,0.03099173553719007,0.03305785123966941,0.03305785123966941
roi,fine,1.6300000000000001,0.0037878787878787078,0.0015368909673162462,0.03099173553719007,0.03305785123966941,0.03099173553719007
roi,fine,1.6325,0.003787878787878876,0.0015253527399346342,0.0299586776859504,0.03305785123966941,0.03099173553719007
roi,fine,1.6350000000000002,0.003787878787878876,0.0015138739892390837,0.0299586776859504,0.032541322314049576,0.03099173553719007
roi,fine,1.6375000000000002,0.0037878787878787078,0.0015024543656632769,0.0299586776859504,0.03202479338842974,0.03099173553719007
roi,fine,1.6400000000000001,0.0037878787878787078,0.0014910934543656915,0.0299586776859504,0.03202479338842974,0.03099173553719007
roi,fine,1.6425,0.0037878787878787078,0.0014797907613770854,0.02892561983471073,0.03202479338842974,0.03099173553719007
roi,fine,1.645,0.003787878787878876,0.0014685456999546443,0.026859504132231395,0.03202479338842974,0.03099173553719007
roi,fine,1.6475000000000002,0.003787878787878876,0.0014573575775052238,0.02582644628099173,0.030991735537190073,0.03099173553719007
roi,fine,1.6500000000000001,0.0037878787878787078,0.0014462255834470834,0.02479338842975206,0.029958677685950404,0.03099173553719007
roi,fine,1.6525,0.0037878787878787078,0.0014351487783713932,0.02479338842975206,0.028925619834710738,0.03099173553719007
roi,fine,1.655,0.003787878787878876,0.0014241260848433515,0.02479338842975206,0.028925619834710738,0.03099173553719007
roi,fine,1.6575000000000002,0.003787878787878876,0.0014131562801497574,0.02376033057851239,0.0284090909090909,0.03099173553719007
roi,fine,1.6600000000000001,0.0037878787878787078,0.001402237991257466,0.02272727272727272,0.0284090909090909,0.03099173553719007
roi,fine,1.6625,0.0037878787878787078,0.0013913696921971765,0.02272727272727272,0.027892561983471065,0.03099173553719007
roi,fine,1.665,0.0037878787878787078,0.001380549704031273,0.02272727272727272,0.027892561983471065,0.03099173553719007
roi,fine,1.6675,0.003787878787878876,0.0013697761975047015,0.02169421487603305,0.027376033057851232,0.026859504132231395
roi,fine,1.6700000000000002,0.003787878787878876,0.0013590471984155656,0.02169421487603305,0.026859504132231395,0.02479338842975206
roi,fine,1.6725,0.0037878787878787078,0.0013483605956787258,0.020661157024793382,0.026859504132231395,0.02479338842975206
roi,fine,1.675,0.003787878787878876,0.001337714151992337,0.019628099173553713,0.026859504132231395,0.02479338842975206
roi,fine,1.6775000000000002,0.003787878787878876,0.0013271055169551506,0.019628099173553713,0.026342975206611562,0.02479338842975206
roi,fine,1.6800000000000002,0.0037878787878787078,0.0013165322424225638,0.018595041322314043,0.025826446280991726,0.02479338842975206
roi,fine,1.6825,0.0037878787878787078,0.0013059917998329887,0.018595041322314043,0.025826446280991726,0.02479338842975206
roi,fine,1.685,0.0037878787878787078,0.0012954815991843443,0.018595041322314043,0.024793388429752053,0.02479338842975206
roi,fine,1.6875,0.003787878787878876,0.001284999009294895,0.018595041322314043,0.024793388429752053,0.02479338842975206
roi,fine,1.6900000000000002,0.003787878787878876,0.0012745413789451254,0.018595041322314043,0.024793388429752053,0.02479338842975206
roi,fine,1.6925000000000001,0.0037878787878787078,0.0012641060584698837,0.017561983471074374,0.024793388429752053,0.02272727272727272
roi,fine,1.695,0.003787878787878876,0.0012536904213550312,0.016528925619834704,0.02427685950413222,0.02272727272727272
roi,fine,1.6975000000000002,0.003787878787878876,0.0012432918853923914,0.016528925619834704,0.023243801652892554,0.02272727272727272
roi,fine,1.7000000000000002,0.0037878787878787078,0.0012329079329627993,0.016528925619834704,0.023243801652892554,0.02272727272727272
roi,fine,1.7025000000000001,0.0037878787878787078,0.0012225361300503865,0.016528925619834704,0.023243801652892554,0.02272727272727272
roi,fine,1.705,0.0037878787878787078,0.0012121741436417251,0.016528925619834704,0.023243801652892554,0.02272727272727272
roi,fine,1.7075,0.003787878787878876,0.0012018197572292904,0.015495867768595037,0.02169421487603305,0.020661157024793382
roi,fine,1.7100000000000002,0.003787878787878876,0.0011914708842163833,0.014462809917355367,0.02169421487603305,0.020661157024793382
roi,fine,1.7125000000000001,0.0037878787878787078,0.0011811255791050594,0.014462809917355367,0.020661157024793382,0.020661157024793382
roi,fine,1.715,0.0037878787878787078,0.001170782046433268,0.014462809917355367,0.02014462809917355,0.020661157024793382
roi,fine,1.7175,0.003787878787878876,0.0011604386475051322,0.014462809917355367,0.01962809917355371,0.020661157024793382
roi,fine,1.7200000000000002,0.003787878787878876,0.001150093905022047,0.013429752066115698,0.01962809917355371,0.020661157024793382
roi,fine,1.7225000000000001,0.0037878787878787078,0.001139746505766127,0.013429752066115698,0.01962809917355371,0.020661157024793382
roi,fine,1.725,0.0037878787878787078,0.0011293953015075813,0.013429752066115698,0.01962809917355371,0.020661157024793382
roi,fine,1.7275,0.0037878787878787078,0.001119039308302823,0.013429752066115698,0.01962809917355371,0.020661157024793382
roi,fine,1.73,0.003787878787878876,0.0011086777043228249,0.012396694214876028,0.01962809917355371,0.020661157024793382
roi,fine,1.7325000000000002,0.003787878787878876,0.0010983098263069291,0.012396694214876028,0.01962809917355371,0.018595041322314043
roi,fine,1.735,0.0037878787878787078,0.0010879351646844162,0.012396694214876028,0.018595041322314043,0.018595041322314043
roi,fine,1.7375,0.003787878787878876,0.001077553357354744,0.012396694214876028,0.017561983471074377,0.018595041322314043
roi,fine,1.7400000000000002,0.003787878787878876,0.0010671641820781755,0.012396694214876028,0.017561983471074377,0.016528925619834704
roi,fine,1.7425000000000002,0.0037878787878787078,0.0010567675474109414,0.012396694214876028,0.017561983471074377,0.016528925619834704
roi,fine,1.745,0.0037878787878787078,0.0010463634821303025,0.012396694214876028,0.017045454545454544,0.016528925619834704
roi,fine,1.7475,0.0037878787878787078,0.0010359521231378434,0.01136363636363636,0.01652892561983471,0.016528925619834704
roi,fine,1.75,0.003787878787878876,0.00102553370190289,0.010330578512396691,0.01652892561983471,0.014462809917355365
roi,fine,1.7525000000000002,0.003787878787878876,0.0010151085296060118,0.010330578512396691,0.01652892561983471,0.014462809917355365
roi,fine,1.7550000000000001,0.0037878787878787078,0.001004676981255098,0.010330578512396691,0.01652892561983471,0.014462809917355365
roi,fine,1.7575,0.003787878787878876,0.0009942394791608083,0.009297520661157022,0.01601239669421487,0.014462809917355365
roi,fine,1.7600000000000002,0.003787878787878876,0.0009837964762602325,0.009297520661157022,0.015495867768595038,0.014462809917355365
roi,fine,1.7625000000000002,0.0037878787878787078,0.0009733484398545006,0.009297520661157022,0.014979338842975205,0.014462809917355365
roi,fine,1.7650000000000001,0.0037878787878787078,0.0009628958363673793,0.009297520661157022,0.014979338842975205,0.014462809917355365
roi,fine,1.7675,0.0037878787878787078,0.0009524391177312421,0.008264462809917352,0.014462809917355372,0.014462809917355365
roi,fine,1.77,0.003787878787878876,0.0009419787099626188,0.008264462809917352,0.013429752066115706,0.014462809917355365
roi,fine,1.7725000000000002,0.003787878787878876,0.0009315150044048261,0.0051652892561983455,0.012913223140495872,0.014462809917355365
roi,fine,1.7750000000000001,0.0037878787878787078,0.0009210483519971281,0.0051652892561983455,0.012913223140495872,0.012396694214876028
roi,fine,1.7775,0.0037878787878787078,0.0009105790607883243,0.004132231404958676,0.012913223140495872,0.012396694214876028
roi,fine,1.78,0.003787878787878876,0.0009001073967590566,0.003099173553719007,0.012396694214876037,0.012396694214876028
roi,fine,1.7825000000000002,0.003787878787878876,0.0008896335878628135,0.003099173553719007,0.012396694214876037,0.012396694214876028
roi,fine,1.7850000000000001,0.0037878787878787078,0.000879157831050895,0.002066115702479338,0.012396694214876037,0.012396694214876028
roi,fine,1.7875,0.0037878787878787078,0.0008686803019199664,0.002066115702479338,0.012396694214876037,0.012396694214876028
roi,fine,1.79,0.0037878787878787078,0.0008582011665184109,0.002066115702479338,0.0118801652892562,0.012396694214876028
roi,fine,1.7925,0.003787878787878876,0.0008477205947735163,0.002066115702479338,0.010847107438016531,0.010330578512396691
roi,fine,1.7950000000000002,0.003787878787878876,0.0008372387749575102,0.002066115702479338,0.010847107438016531,0.010330578512396691
roi,fine,1.7975,0.0037878787878787078,0.0008267559285969933,0.002066115702479338,0.010847107438016531,0.010330578512396691
roi,fine,1.8,0.003787878787878876,0.0008162723252463566,0.002066115702479338,0.010847107438016531,0.010330578512396691
roi,fine,1.8025000000000002,0.003787878787878876,0.0008057882965892889,0.002066115702479338,0.010330578512396698,0.010330578512396691
roi,fine,1.8050000000000002,0.0037878787878787078,0.0007953042494003577,0.002066115702479338,0.010330578512396698,0.010330578512396691
roi,fine,1.8075,0.0037878787878787078,0.0007848206769866111,0.002066115702479338,0.009814049586776863,0.010330578512396691
roi,fine,1.81,0.0037878787878787078,0.0007743381688319817,0.002066115702479338,0.009814049586776863,0.010330578512396691
roi,fine,1.8125,0.003787878787878876,0.0007638574182785493,0.002066115702479338,0.009814049586776863,0.010330578512396691
roi,fine,1.8150000000000002,0.003787878787878876,0.000753379228191341,0.002066115702479338,0.008264462809917359,0.010330578512396691
roi,fine,1.8175000000000001,0.0037878787878787078,0.0007429045146599726,0.001033057851239669,0.008264462809917359,0.010330578512396691
roi,fine,1.82,0.003787878787878876,0.0007324343088840923,0.001033057851239669,0.007747933884297523,0.010330578512396691
roi,fine,1.8225000000000002,0.003787878787878876,0.0007219697574643798,0.001033057851239669,0.007747933884297523,0.006198347107438014
roi,fine,1.8250000000000002,0.0037878787878787078,0.000711512121372707,0.0,0.007747933884297523,0.006198347107438014
roi,fine,1.8275000000000001,0.0037878787878787078,0.000701062773901895,0.0,0.007231404958677686,0.006198347107438014
roi,fine,1.83,0.0037878787878787078,0.0006906231978976198,0.0,0.00671487603305785,0.006198347107438014
roi,fine,1.8325,0.003787878787878876,0.0006801949825547657,0.0,0.00671487603305785,0.004132231404958676
roi,fine,1.8350000000000002,0.003787878787878876,0.0006697798200219606,0.0,0.00671487603305785,0.004132231404958676
roi,fine,1.8375000000000001,0.0037878787878787078,0.0006593795020064659,0.0,0.00671487603305785,0.004132231404958676
roi,fine,1.84,0.0037878787878787078,0.0006489959165126765,0.0,0.006198347107438015,0.004132231404958676
roi,fine,1.8425,0.003787878787878876,0.0006386310447869036,0.0,0.006198347107438015,0.004132231404958676
roi,fine,1.8450000000000002,0.003787878787878876,0.000628286958483865,0.0,0.00568181818181818,0.004132231404958676
roi,fine,1.8475000000000001,0.0037878787878787078,0.0006179658170202829,0.0,0.00568181818181818,0.004132231404958676
roi,fine,1.85,0.0037878787878787078,0.0006076698650410905,0.0,0.00568181818181818,0.004132231404958676
roi,fine,1.8525,0.0037878787878787078,0.0005974014298953856,0.0,0.004648760330578512,0.004132231404958676
roi,fine,1.855,0.003787878787878876,0.0005871629190030113,0.0,0.004132231404958676,0.004132231404958676
roi,fine,1.8575000000000002,0.003787878787878876,0.0005769568169880391,0.0,0.0036157024793388405,0.004132231404958676
roi,fine,1.86,0.003787878787878876,0.0005667856824614884,0.0,0.0036157024793388405,0.004132231404958676
roi,fine,1.8625000000000003,0.003787878787878876,0.0005566521443509197,0.0,0.0036157024793388405,0.004132231404958676
roi,fine,1.8650000000000002,0.0037878787878787078,0.0005465588976974775,0.0,0.0036157024793388405,0.004132231404958676
roi,fine,1.8675000000000002,0.0037878787878787078,0.000536508698869593,0.0,0.0036157024793388405,0.004132231404958676
roi,fine,1.87,0.0037878787878787078,0.0005265043601747879,0.0,0.003099173553719005,0.004132231404958676
roi,fine,1.8725,0.0037878787878787078,0.0005165487438844507,0.0,0.0025826446280991715,0.004132231404958676
roi,fine,1.875,0.0037878787878787078,0.0005066447557184317,0.0,0.0025826446280991715,0.002066115702479338
roi,fine,1.8775,0.003787878787878876,0.0004967953378641555,0.0,0.0025826446280991715,0.002066115702479338
roi,fine,1.8800000000000001,0.003787878787878876,0.0004870034616262645,0.0,0.002066115702479338,0.002066115702479338
roi,fine,1.8825,0.003787878787878876,0.0004772721198157176,0.0,0.002066115702479338,0.002066115702479338
roi,fine,1.8850000000000002,0.003787878787878876,0.0004676043189908532,0.0,0.001033057851239669,0.0
roi,fine,1.8875000000000002,0.0037878787878787078,0.0004580030716574198,0.0,0.001033057851239669,0.0
roi,fine,1.8900000000000001,0.0037878787878787078,0.0004484713885212018,0.0,0.001033057851239669,0.0
roi,fine,1.8925,0.0037878787878787078,0.0004390122708678353,0.0,0.001033057851239669,0.0
roi,fine,1.895,0.0037878787878787078,0.00042962870312233774,0.0,0.0005165289256198356,0.0
roi,fine,1.8975,0.003787878787878876,0.0004203236456185054,0.0,0.0005165289256198356,0.0
roi,fine,1.9000000000000001,0.003787878787878876,0.00041110002758803924,0.0,0.0,0.0
roi,fine,1.9025,0.003787878787878876,0.00040196074036280734,0.0,0.0,0.0
roi,fine,1.9050000000000002,0.003787878787878876,0.0003929086307720682,0.0,0.0,0.0
roi,fine,1.9075000000000002,0.0037878787878787078,0.0003839464947100969,0.0,0.0,0.0
roi,fine,1.9100000000000001,0.0037878787878787078,0.00037507707084814286,0.0,0.0,0.0
roi,fine,1.9125,0.0037878787878787078,0.0003663030344673666,0.0,0.0,0.0
roi,fine,1.915,0.0037878787878787078,0.0003576269913954035,0.0,0.0,0.0
roi,fine,1.9175,0.003787878787878876,0.0003490514720375246,0.0,0.0,0.0
roi,fine,1.9200000000000002,0.003787878787878876,0.000340578925503075,0.0,0.0,0.0
roi,fine,1.9225,0.003787878787878876,0.0003322117138381524,0.0,0.0,0.0
roi,fine,1.9250000000000003,0.003787878787878876,0.0003239521063856282,0.0,0.0,0.0
roi,fine,1.9275000000000002,0.0037878787878787078,0.00031580227430304285,0.0,0.0,0.0
roi,fine,1.9300000000000002,0.0037878787878787078,0.00030776428527712574,0.0,0.0,0.0
roi,fine,1.9325,0.0037878787878787078,0.0002998400984802966,0.0,0.0,0.0
roi,fine,1.935,0.0037878787878787078,0.0002920315598191717,0.0,0.0,0.0
roi,fine,1.9375,0.0037878787878787078,0.0002843403975275599,0.0,0.0,0.0
roi,fine,1.94,0.003787878787878876,0.0002767682181565486,0.0,0.0,0.0
roi,fine,1.9425000000000001,0.003787878787878876,0.00026931650301198625,0.0,0.0,0.0
roi,fine,1.945,0.003787878787878876,0.00026198660508506,0.0,0.0,0.0
roi,fine,1.9475000000000002,0.003787878787878876,0.0002547797465149559,0.0,0.0,0.0
roi,fine,1.9500000000000002,0.0037878787878787078,0.00024769701661412014,0.0,0.0,0.0
roi,fine,1.9525000000000001,0.0037878787878787078,0.00024073937047685656,0.0,0.0,0.0
roi,fine,1.955,0.0037878787878787078,0.0002339076281814249,0.0,0.0,0.0
roi,fine,1.9575,0.0037878787878787078,0.00022720247458498576,0.0,0.0,0.0
roi,fine,1.96,0.003787878787878876,0.00022062445970020097,0.0,0.0,0.0
roi,fine,1.9625000000000001,0.003787878787878876,0.00021417399963252903,0.0,0.0,0.0
roi,fine,1.965,0.003787878787878876,0.00020785137804862815,0.0,0.0,0.0
roi,fine,1.9675000000000002,0.003787878787878876,0.00020165674813909056,0.0,0.0,0.0
roi,fine,1.9700000000000002,0.0037878787878787078,0.00019559013503315012,0.0,0.0,0.0
roi,fine,1.9725000000000001,0.0037878787878787078,0.00018965143861910142,0.0,0.0,0.0
roi,fine,1.975,0.0037878787878787078,0.00018384043672191384,0.0,0.0,0.0
roi,fine,1.9775,0.0037878787878787078,0.00017815678858881895,0.0,0.0,0.0
roi,fine,1.98,0.003787878787878876,0.00017260003863433387,0.0,0.0,0.0
roi,fine,1.9825000000000002,0.003787878787878876,0.00016716962039805625,0.0,0.0,0.0
roi,fine,1.985,0.003787878787878876,0.00016186486067140254,0.0,0.0,0.0
roi,fine,1.9875000000000003,0.003787878787878876,0.00015668498375301823,0.0,0.0,0.0
roi,fine,1.9900000000000002,0.0037878787878787078,0.00015162911579663646,0.0,0.0,0.0
roi,fine,1.9925000000000002,0.0037878787878787078,0.00014669628921945406,0.0,0.0,0.0
roi,fine,1.995,0.0037878787878787078,0.00014188544714343706,0.0,0.0,0.0
roi,fine,1.9975,0.0037878787878787078,0.00013719544784615751,0.0,0.0,0.0
roi,fine,2.0,0.0037878787878787078,0.00013262506920166863,0.0,0.0,0.0
roi,fine,2.0025,0.0037878787878787078,0.00012817301309542785,0.0,0.0,0.0
roi,fine,2.005,0.003787878787879044,0.00012383790980032163,0.0,0.0,0.0
roi,fine,2.0075000000000003,0.003787878787879044,0.00011961832230342527,0.0,0.0,0.0
roi,fine,2.0100000000000002,0.0037878787878787078,0.00011551275057526348,0.0,0.0,0.0
roi,fine,2.0125,0.0037878787878787078,0.00011151963577510489,0.0,0.0,0.0
roi,fine,2.015,0.0037878787878787078,0.00010763736438730069,0.0,0.0,0.0
roi,fine,2.0175,0.0037878787878787078,0.00010386427228497244,0.0,0.0,0.0
roi,fine,2.02,0.0018939393939393539,0.00010019864871856383,0.0,0.0,0.0
