step,time,residual_inf,residual_rate_inf,iterations,linear_solves,residual_evaluations,jacobian_evaluations,decrease_rejections,phase_min,phase_max
1,1.3603125,9.963630327692805e-11,3.1883617048616975e-07,2,2,5,3,0,9.012337798324583e-08,0.9703933559769362
2,1.3606250000000002,9.32616478618517e-11,2.9843727315792545e-07,2,2,5,3,0,8.990807635887846e-08,0.970415809166712
3,1.3609375000000001,8.732745657245161e-11,2.7944786103184516e-07,2,2,5,3,0,8.969326501369858e-08,0.9704368729070119
4,1.36125,8.180014852325959e-11,2.617604752744307e-07,2,2,5,3,0,8.947894282782563e-08,0.9704565617214995
5,1.3615625,7.664897048228342e-11,2.4527670554330694e-07,2,2,5,3,0,8.926510868592963e-08,0.9704748900111186
6,1.3618750000000002,7.18458006304136e-11,2.299065620173235e-07,2,2,5,3,0,8.905176147719113e-08,0.9704918720536017
7,1.3621875,6.736485848313212e-11,2.1556754714602278e-07,2,2,5,3,0,8.883890009526225e-08,0.9705075220030412
8,1.3625,6.318246121607418e-11,2.0218387589143738e-07,2,2,5,3,0,8.862652343822672e-08,0.9705218538895202
9,1.3628125000000002,5.92769054327813e-11,1.8968609738490017e-07,2,2,5,3,0,8.84146304085604e-08,0.9705348816187976
10,1.3631250000000001,5.562822782707172e-11,1.780103290466295e-07,2,2,5,3,0,8.82032199130919e-08,0.9705466189720486
11,1.3634375,5.2218013712936745e-11,1.6709764388139758e-07,2,2,5,3,0,8.79922908629617e-08,0.9705570796056563
12,1.36375,4.902940304186282e-11,1.5689408973396102e-07,2,2,5,3,0,8.778184217358387e-08,0.9705662770510511
13,1.3640625000000002,4.6046770780031054e-11,1.4734966649609937e-07,2,2,5,3,0,8.75718727646049e-08,0.9705742247146002
14,1.3643750000000001,4.3255698339590004e-11,1.38418234686688e-07,2,2,5,3,0,8.73623815598648e-08,0.9705809358775401
15,1.3646875,4.0642959917708277e-11,1.3005747173666649e-07,2,2,5,3,0,8.71533674873567e-08,0.9705864236959545
16,1.365,3.819627676215215e-11,1.2222808563888687e-07,2,2,5,3,0,8.694482947918706e-08,0.9705907012007926
17,1.3653125000000002,3.59042903914919e-11,1.1489372925277408e-07,2,2,5,3,0,8.673676647153563e-08,0.9705937812979283
18,1.365625,3.375651575756797e-11,1.080208504242175e-07,2,2,5,3,0,8.65291774046161e-08,0.9705956767682579
19,1.3659375,3.1743232391592824e-11,1.0157834365309704e-07,2,2,5,3,0,8.632206122263528e-08,0.9705964002678336
20,1.3662500000000002,2.9855432579287133e-11,9.553738425371883e-08,2,2,5,3,0,8.611541687375467e-08,0.9705959643280337
21,1.3665625000000001,2.808477690859068e-11,8.987128610749018e-08,2,2,5,3,0,8.590924331004887e-08,0.970594381355767
22,1.366875,2.642352851280061e-11,8.455529124096195e-08,2,2,5,3,0,8.570353948746755e-08,0.9705916636337073
23,1.3671875,2.4864489048433136e-11,7.956636495498604e-08,2,2,5,3,0,8.549830436579473e-08,0.970587823320563
24,1.3675000000000002,2.340099999626616e-11,7.488319998805171e-08,2,2,5,3,0,8.52935369086092e-08,0.9705828724513732
25,1.3678125,2.2026829579052665e-11,7.048585465296853e-08,2,2,5,3,0,8.508923608324543e-08,0.9705768229378355
26,1.368125,2.0736222255349906e-11,6.63559112171197e-08,2,2,5,3,0,8.488540086075332e-08,0.9705696865686595
27,1.3684375000000002,1.952380417708996e-11,6.247617336668787e-08,2,2,5,3,0,8.468203021585982e-08,0.9705614750099482
28,1.3687500000000001,1.8384590724784822e-11,5.883069031931143e-08,2,2,5,3,0,8.447912312692854e-08,0.9705521998056038
29,1.3690625,1.7313950186753635e-11,5.540464059761163e-08,2,2,5,3,0,8.427667857592126e-08,0.97054187237776
30,1.369375,1.630750542198564e-11,5.218401735035405e-08,2,2,5,3,0,8.407469554835872e-08,0.970530504027235
31,1.3696875000000002,1.5361206555895845e-11,4.9155860978866706e-08,2,2,5,3,0,8.387317303328152e-08,0.9705181059340101
32,1.37,1.4471315693074388e-11,4.630821021783804e-08,2,2,5,3,0,8.36721100232115e-08,0.9705046891577278
33,1.3703125,1.3634309935402211e-11,4.3629791793287076e-08,2,2,5,3,0,8.347150551411222e-08,0.9704902646382123
34,1.3706250000000002,1.284688897146627e-11,4.111004470869206e-08,2,2,5,3,0,8.327135850535188e-08,0.9704748431960092
35,1.3709375000000001,1.210599746533439e-11,3.8739191889070046e-08,2,2,5,3,0,8.3071667999664e-08,0.9704584355329445
36,1.37125,1.1408772526960015e-11,3.650807208627205e-08,2,2,5,3,0,8.287243300310919e-08,0.9704410522327027
37,1.3715625,1.0752527937040596e-11,3.4408089398529906e-08,2,2,5,3,0,8.267365252503729e-08,0.9704227037614216
38,1.3718750000000002,1.0134774801068974e-11,3.243127936342072e-08,2,2,5,3,0,8.24753255780496e-08,0.9704034004683053
39,1.3721875000000001,9.553133241066436e-12,3.0570026371412595e-08,2,2,5,3,0,8.227745117796088e-08,0.9703831525862527
40,1.3725,9.117120774971513e-12,2.9174786479908843e-08,2,2,5,3,0,8.208002834376266e-08,0.9703619702325015
41,1.3728125,8.780773823975282e-12,2.8098476236720904e-08,2,2,5,3,0,8.188305609758508e-08,0.9703398634092877
42,1.3731250000000002,8.455823450562606e-12,2.705863504180034e-08,2,2,5,3,0,8.168653346466047e-08,0.9703168420045197
43,1.3734375,8.141962330851429e-12,2.6054279458724572e-08,2,2,5,3,0,8.149045947328622e-08,0.9702929157924652
44,1.37375,7.838877557318508e-12,2.5084408183419227e-08,2,2,5,3,0,8.129483315478792e-08,0.9702680944344522
45,1.3740625000000002,7.546261697661573e-12,2.4148037432517033e-08,2,2,5,3,0,8.109965354348414e-08,0.9702423874795815
46,1.3743750000000001,7.263820709475181e-12,2.3244226270320578e-08,2,2,5,3,0,8.090491967664895e-08,0.9702158043654527
47,1.3746875,6.991243589366154e-12,2.2371979485971694e-08,2,2,5,3,0,8.071063059447669e-08,0.9701883544189008
48,1.375,6.728246378009256e-12,2.153038840962962e-08,2,2,5,3,0,8.051678534004698e-08,0.9701600468567428
49,1.3753125000000002,6.474535012670254e-12,2.0718512040544812e-08,2,2,5,3,0,8.032338295928819e-08,0.970130890786537
50,1.375625,6.229816209885226e-12,1.9935411871632724e-08,2,2,5,3,0,8.01304225009432e-08,0.97010089520735
51,1.3759375,5.993826494973733e-12,1.9180244783915945e-08,2,2,5,3,0,7.99379030165346e-08,0.9700700690105352
52,1.3762500000000002,5.766279685996082e-12,1.8452094995187462e-08,2,2,5,3,0,7.974582356032991e-08,0.9700384209805175
53,1.3765625000000001,5.546907503900956e-12,1.775010401248306e-08,2,2,5,3,0,7.955418318930754e-08,0.9700059597955903
54,1.376875,5.335459315027394e-12,1.707346980808766e-08,2,2,5,3,0,7.936298096312323e-08,0.9699726940287167
55,1.3771875,5.1316646922485235e-12,1.6421327015195275e-08,2,2,5,3,0,7.917221594407598e-08,0.9699386321483409
56,1.3775000000000002,4.935284873917173e-12,1.5792911596534953e-08,2,2,5,3,0,7.898188719707489e-08,0.9699037825192062
57,1.3778125,4.746065180943025e-12,1.518740857901768e-08,2,2,5,3,0,7.879199378960643e-08,0.9698681534031787
58,1.378125,4.563768396667004e-12,1.4604058869334413e-08,2,2,5,3,0,7.860253479170172e-08,0.9698317529600791
59,1.3784375000000002,4.3881726865483556e-12,1.4042152596954738e-08,2,2,5,3,0,7.841350927590442e-08,0.9697945892485184
60,1.3787500000000001,4.2190430633187205e-12,1.3500937802619906e-08,2,2,5,3,0,7.82249163172384e-08,0.9697566702267412
61,1.3790625,4.0561611008979245e-12,1.2979715522873359e-08,2,2,5,3,0,7.803675499317622e-08,0.9697180037534727
62,1.379375,3.8993136044812755e-12,1.2477803534340082e-08,2,2,5,3,0,7.784902438360819e-08,0.9696785975887714
63,1.3796875000000002,3.7482961951829964e-12,1.1994547824585589e-08,2,2,5,3,0,7.766172357081125e-08,0.9696384593948848
64,1.3800000000000001,3.60290366063689e-12,1.1529291714038048e-08,2,2,5,3,0,7.747485163941865e-08,0.9695975967371114
65,1.3803125,3.4629378425671438e-12,1.108140109621486e-08,2,2,5,3,0,7.728840767638891e-08,0.9695560170846645
66,1.380625,3.3282153346237547e-12,1.0650289070796015e-08,2,2,5,3,0,7.710239077097711e-08,0.9695137278115398
67,1.3809375000000002,3.1985487324612087e-12,1.0235355943875868e-08,2,2,5,3,0,7.691680001470498e-08,0.9694707361973861
68,1.38125,3.0737576858243763e-12,9.836024594638004e-09,2,2,5,3,0,7.673163450133132e-08,0.9694270494283793
69,1.3815625,2.9536699691981583e-12,9.451743901434106e-09,2,2,5,3,0,7.65468933268241e-08,0.9693826745980979
70,1.3818750000000002,2.8381150375808226e-12,9.081968120258632e-09,2,2,5,3,0,7.63625755893315e-08,0.9693376187083997
71,1.3821875000000001,2.7269353767254978e-12,8.726193205521593e-09,2,2,5,3,0,7.61786803891547e-08,0.9692918886703034
72,1.3825,2.6199758644063556e-12,8.383922766100338e-09,2,2,5,3,0,7.59952068287194e-08,0.9692454913048673
73,1.3828125,2.517076343633729e-12,8.054644299627933e-09,2,2,5,3,0,7.581215401254905e-08,0.9691984333440724
74,1.3831250000000002,2.4180929407793296e-12,7.737897410493855e-09,2,2,5,3,0,7.562952104723849e-08,0.9691507214317051
75,1.3834375,2.3228825276038617e-12,7.4332240883323575e-09,2,2,5,3,0,7.544730704142686e-08,0.9691023621242392
76,1.38375,2.2313071597096674e-12,7.140182911070936e-09,2,2,5,3,0,7.52655111057724e-08,0.9690533618917209
77,1.3840625000000002,2.143237911905911e-12,6.8583613180989156e-09,2,2,5,3,0,7.508413235292634e-08,0.9690037271186513
78,1.3843750000000001,2.0585382695865496e-12,6.587322462676959e-09,2,2,5,3,0,7.490316989750769e-08,0.9689534641048694
79,1.3846875,1.977094296655782e-12,6.326701749298502e-09,2,2,5,3,0,7.472262285607883e-08,0.9689025790664347
80,1.385,1.8987774677223235e-12,6.076087896711435e-09,2,2,5,3,0,7.454249034712098e-08,0.9688510781365085
81,1.3853125000000002,1.8234747750384833e-12,5.835119280123147e-09,2,2,5,3,0,7.436277149101022e-08,0.9687989673662346
82,1.385625,1.7510789164705033e-12,5.603452532705611e-09,2,2,5,3,0,7.418346540999387e-08,0.9687462527256185
83,1.3859375,1.6814758746074195e-12,5.380722798743742e-09,2,2,5,3,0,7.400457122816802e-08,0.9686929401044039
84,1.3862500000000002,1.6145628332019622e-12,5.166601066246279e-09,2,2,5,3,0,7.382608807145389e-08,0.9686390353129489
85,1.3865625000000001,1.5502326866320172e-12,4.960744597222455e-09,2,2,5,3,0,7.364801506757643e-08,0.9685845440831001
86,1.386875,1.488402337577327e-12,4.762887480247446e-09,2,2,5,3,0,7.347035134604161e-08,0.9685294720690628
87,1.3871875,1.4289758680269445e-12,4.572722777686222e-09,2,2,5,3,0,7.329309603811591e-08,0.9684738248482702
88,1.3875000000000002,1.3718430688300365e-12,4.389897820256117e-09,2,2,5,3,0,7.311624827680468e-08,0.9684176079222492
89,1.3878125000000001,1.3169502448740107e-12,4.214240783596834e-09,2,2,5,3,0,7.293980719683156e-08,0.9683608267174831
90,1.388125,1.2641847272243552e-12,4.0453911271179366e-09,2,2,5,3,0,7.276377193461893e-08,0.9683034865862723
91,1.3884375,1.2134711096199735e-12,3.883107550783915e-09,2,2,5,3,0,7.258814162826694e-08,0.9682455928075893
92,1.3887500000000002,1.1647443263779894e-12,3.727181844409566e-09,2,2,5,3,0,7.241291541753573e-08,0.9681871505879336
93,1.3890625,1.117921849384286e-12,3.5773499180297152e-09,2,2,5,3,0,7.223809244382514e-08,0.9681281650621791
94,1.389375,1.0729318637974633e-12,3.4333819641518826e-09,2,2,5,3,0,7.206367185015702e-08,0.9680686412944205
95,1.3896875000000002,1.029693454254136e-12,3.295019053613235e-09,2,2,5,3,0,7.188965278115727e-08,0.968008584278814
96,1.3900000000000001,9.881546468126605e-13,3.1620948698005136e-09,2,2,5,3,0,7.17160343830375e-08,0.9679479989404146
97,1.3903125,9.482470012108987e-13,3.034390403874876e-09,2,2,5,3,0,7.154281580357822e-08,0.9678868901360088
98,1.390625,9.099059193281613e-13,2.911698941850116e-09,2,2,5,3,0,7.136999619211247e-08,0.9678252626549414
99,1.3909375000000002,8.730777128281193e-13,2.793848681049982e-09,2,2,5,3,0,7.119757469950862e-08,0.9677631212199405
100,1.39125,8.376889947762228e-13,2.680604783283913e-09,2,2,5,3,0,7.10255504781548e-08,0.9677004704879345
101,1.3915625,8.037049487302078e-13,2.571855835936665e-09,2,2,5,3,0,7.085392268194355e-08,0.9676373150508657
102,1.3918750000000002,7.710517134170737e-13,2.467365482934636e-09,2,2,5,3,0,7.068269046625635e-08,0.9675736594364991
103,1.3921875000000001,7.396898509827964e-13,2.3670075231449483e-09,2,2,5,3,0,7.051185298794885e-08,0.9675095081092248
104,1.3925,7.202645598003432e-13,2.3048465913610983e-09,2,2,5,3,0,7.034140940533706e-08,0.9674448654708552
105,1.3928125,7.188664810989231e-13,2.300372739516554e-09,2,2,5,3,0,7.017135887818304e-08,0.967379735861417
106,1.3931250000000002,7.172191985281573e-13,2.2951014352901034e-09,2,2,5,3,0,7.000170056768129e-08,0.9673141235599383
107,1.3934375,7.156324144386161e-13,2.2900237262035716e-09,2,2,5,3,0,6.983243363644622e-08,0.9672480327852271
108,1.39375,7.13855027607152e-13,2.2843360883428865e-09,2,2,5,3,0,6.966355724849861e-08,0.9671814676966481
109,1.3940625000000002,7.119401639402168e-13,2.2782085246086936e-09,2,2,5,3,0,6.949507056925419e-08,0.96711443239489
110,1.3943750000000001,7.099995504716849e-13,2.271998561509392e-09,2,2,5,3,0,6.932697276551116e-08,0.9670469309227276
111,1.3946875,7.080457639467574e-13,2.265746444629624e-09,2,2,5,3,0,6.915926300543911e-08,0.9669789672657795
112,1.395,7.060262747701773e-13,2.2592840792645674e-09,2,2,5,3,0,6.899194045856762e-08,0.9669105453532564
113,1.3953125000000002,7.039427092452033e-13,2.2526166695846506e-09,2,2,5,3,0,6.882500429577558e-08,0.966841669058706
114,1.3956250000000001,7.020339713205426e-13,2.2465087082257362e-09,2,2,5,3,0,6.865845368928115e-08,0.9667723422007497
115,1.3959375,6.996885167608047e-13,2.239003253634575e-09,2,2,5,3,0,6.849228781263127e-08,0.9667025685438134
116,1.39625,6.975406038368936e-13,2.2321299322780597e-09,2,2,5,3,0,6.832650584069255e-08,0.9666323517988514
117,1.3965625000000002,6.953745305265935e-13,2.225198497685099e-09,2,2,5,3,0,6.816110694964217e-08,0.9665616956240636
118,1.396875,6.929776305737712e-13,2.2175284178360677e-09,2,2,5,3,0,6.799609031695841e-08,0.9664906036256069
119,1.3971875,6.90598891007338e-13,2.2099164512234815e-09,2,2,5,3,0,6.78314551214131e-08,0.9664190793582984
120,1.3975000000000002,6.883246143202237e-13,2.202638765824716e-09,2,2,5,3,0,6.766720054306258e-08,0.9663471263263133
121,1.3978125000000001,6.859417005754265e-13,2.1950134418413647e-09,2,2,5,3,0,6.750332576324072e-08,0.9662747479838739
122,1.398125,6.83282369486754e-13,2.186503582357613e-09,2,2,5,3,0,6.733982996455131e-08,0.9662019477359339
123,1.3984375,6.809273197377896e-13,2.178967423160927e-09,2,2,5,3,0,6.717671233086095e-08,0.966128728938854
124,1.3987500000000002,6.783951655639497e-13,2.170864529804639e-09,2,2,5,3,0,6.701397204729243e-08,0.9660550949010716
125,1.3990625,6.757998024034539e-13,2.1625593676910526e-09,2,2,5,3,0,6.685160830021848e-08,0.9659810488837623
126,1.399375,6.730836049108346e-13,2.153867535714671e-09,2,2,5,3,0,6.668962027725553e-08,0.9659065941014962
127,1.3996875000000002,6.702982353196107e-13,2.1449543530227544e-09,2,2,5,3,0,6.65280071672582e-08,0.965831733722884
128,1.4000000000000001,6.677829946996616e-13,2.136905583038917e-09,2,2,5,3,0,6.636676816031416e-08,0.9657564708712202
129,1.4003125,6.651578701895311e-13,2.1285051846064995e-09,2,2,5,3,0,6.62059024477389e-08,0.9656808086251149
130,1.400625,6.623363424558548e-13,2.1194762958587354e-09,2,2,5,3,0,6.604540922207125e-08,0.9656047500191205
131,1.4009375000000002,6.595794873817673e-13,2.1106543596216554e-09,2,2,5,3,0,6.588528767706859e-08,0.965528298044352
132,1.40125,6.567889678302241e-13,2.101724697056717e-09,2,2,5,3,0,6.572553700770344e-08,0.9654514556490981
133,1.4015625,6.540509778739378e-13,2.092963129196601e-09,2,2,5,3,0,6.556615641015906e-08,0.9653742257394261
134,1.4018750000000002,6.511083447575949e-13,2.083546703224304e-09,2,2,5,3,0,6.540714508182606e-08,0.9652966111797802
135,1.4021875000000001,6.483006406016179e-13,2.074562049925177e-09,2,2,5,3,0,6.524850222129989e-08,0.965218614793571
136,1.4025,6.452073575934081e-13,2.064663544298906e-09,2,2,5,3,0,6.50902270283772e-08,0.9651402393637594
137,1.4028125,6.424344563271678e-13,2.055790260246937e-09,2,2,5,3,0,6.493231870405342e-08,0.9650614876334318
138,1.4031250000000002,6.394420583311078e-13,2.046214586659545e-09,2,2,5,3,0,6.477477645052105e-08,0.9649823623063692
139,1.4034375000000001,6.365129235318123e-13,2.0368413553017994e-09,2,2,5,3,0,6.461759947116644e-08,0.9649028660476084
140,1.40375,6.335458416564799e-13,2.0273466933007356e-09,2,2,5,3,0,6.446078697056921e-08,0.9648230014839966
141,1.4040625,6.306634359708185e-13,2.0181229951066193e-09,2,2,5,3,0,6.430433815449978e-08,0.9647427712047383
142,1.4043750000000002,6.275339948201564e-13,2.0081087834245004e-09,2,2,5,3,0,6.414825222991898e-08,0.964662177761935
143,1.4046875,6.246276282664831e-13,1.998808410452746e-09,2,2,5,3,0,6.399252840497588e-08,0.9645812236711178
144,1.405,6.212934897456557e-13,1.988139167186098e-09,2,2,5,3,0,6.383716588900818e-08,0.9644999114117733
145,1.4053125000000002,6.184515790111367e-13,1.9790450528356374e-09,2,2,5,3,0,6.368216389254106e-08,0.9644182434278616
146,1.4056250000000001,6.154415627297738e-13,1.969413000735276e-09,2,2,5,3,0,6.352752162728683e-08,0.9643362221283284
147,1.4059375,6.121512801868234e-13,1.958884096597835e-09,2,2,5,3,0,6.337323830614484e-08,0.9642538498876082
148,1.40625,6.093173383382722e-13,1.949815482682471e-09,2,2,5,3,0,6.321931314320183e-08,0.9641711290461218
149,1.4065625000000002,6.061001852318559e-13,1.939520592741939e-09,2,2,5,3,0,6.306574535373229e-08,0.9640880619107672
150,1.406875,6.029514994926322e-13,1.929444798376423e-09,2,2,5,3,0,6.291253415419854e-08,0.9640046507554018
151,1.4071875,5.999888628462069e-13,1.919964361107862e-09,2,2,5,3,0,6.275967876225162e-08,0.963920897821319
152,1.4075000000000002,5.969938085548243e-13,1.910380187375438e-09,2,2,5,3,0,6.260717839673281e-08,0.9638368053177178
153,1.4078125000000001,5.947666946622132e-13,1.9032534229190823e-09,2,2,5,3,0,6.245503227767389e-08,0.9637523754221646
154,1.408125,5.933472571779952e-13,1.8987112229695846e-09,2,2,5,3,0,6.230323962629905e-08,0.9636676102810494
155,1.4084375,5.920932147351898e-13,1.8946982871526075e-09,2,2,5,3,0,6.215179966502595e-08,0.9635825120100343
156,1.4087500000000002,5.904945044217513e-13,1.8895824141496043e-09,2,2,5,3,0,6.200071161746767e-08,0.9634970826944947
157,1.4090625,5.89212760613439e-13,1.8854808339630047e-09,2,2,5,3,0,6.184997470843436e-08,0.963411324389956
158,1.409375,5.874829160472383e-13,1.8799453313511627e-09,2,2,5,3,0,6.169958816393512e-08,0.9633252391225214
159,1.4096875000000002,5.859006856068216e-13,1.874882193941829e-09,2,2,5,3,0,6.154955121118001e-08,0.963238828889294
160,1.4100000000000001,5.843491380878862e-13,1.869917241881236e-09,2,2,5,3,0,6.139986307858258e-08,0.9631520956587917
161,1.4103125,5.826330086791676e-13,1.864425627773336e-09,2,2,5,3,0,6.12505229957622e-08,0.9630650413713564
162,1.410625,5.810396109563742e-13,1.8593267550603976e-09,2,2,5,3,0,6.11015301935465e-08,0.9629776679395569
163,1.4109375000000002,5.792751261307627e-13,1.8536804036184407e-09,2,2,5,3,0,6.095288390397393e-08,0.9628899772485836
164,1.4112500000000001,5.777750240049118e-13,1.8488800768157176e-09,2,2,5,3,0,6.080458336029647e-08,0.9628019711566388
165,1.4115625,5.760532567448962e-13,1.8433704215836677e-09,2,2,5,3,0,6.065662779698273e-08,0.9627136514953194
166,1.4118750000000002,5.743137627793604e-13,1.8378040408939533e-09,2,2,5,3,0,6.05090164497207e-08,0.962625020069994
167,1.4121875000000002,5.724434598217143e-13,1.8318190714294857e-09,2,2,5,3,0,6.036174855542104e-08,0.9625360786601737
168,1.4125,5.707116636916032e-13,1.8262773238131302e-09,2,2,5,3,0,6.021482335222004e-08,0.9624468290198761
169,1.4128125,5.689550393317422e-13,1.820656125861575e-09,2,2,5,3,0,6.006824007948276e-08,0.9623572728779838
170,1.4131250000000002,5.671441506531483e-13,1.8148612820900745e-09,2,2,5,3,0,5.992199797780671e-08,0.9622674119385967
171,1.4134375000000001,5.653248594077176e-13,1.8090395501046963e-09,2,2,5,3,0,5.977609628902529e-08,0.9621772478813778
172,1.41375,5.632674231551005e-13,1.8024557540963215e-09,2,2,5,3,0,5.963053425621085e-08,0.9620867823618942
173,1.4140625,5.615085219706772e-13,1.7968272703061672e-09,2,2,5,3,0,5.948531112367841e-08,0.9619960170119505
174,1.4143750000000002,5.596445615957402e-13,1.7908625971063685e-09,2,2,5,3,0,5.934042613698947e-08,0.9619049534399182
175,1.4146875,5.577845585587327e-13,1.7849105873879445e-09,2,2,5,3,0,5.919587854295552e-08,0.961813593231058
176,1.415,5.55615666322784e-13,1.7779701322329089e-09,2,2,5,3,0,5.905166758964175e-08,0.961721937947837
177,1.4153125000000002,5.538368158183871e-13,1.7722778106188386e-09,2,2,5,3,0,5.890779252637089e-08,0.9616299891302393
178,1.4156250000000001,5.518669831013068e-13,1.7659743459241817e-09,2,2,5,3,0,5.8764252603726985e-08,0.961537748296073
179,1.4159375,5.500436803078379e-13,1.7601397769850813e-09,2,2,5,3,0,5.8621047073558887e-08,0.961445216941269
180,1.41625,5.479754562436046e-13,1.7535214599795346e-09,2,2,5,3,0,5.847817518898473e-08,0.9613523965401772
181,1.4165625000000002,5.459489739630119e-13,1.747036716681638e-09,2,2,5,3,0,5.833563620439549e-08,0.9612592885458543
182,1.416875,5.439331168637096e-13,1.7405859739638707e-09,2,2,5,3,0,5.81934293754586e-08,0.9611658943903487
183,1.4171875,5.418527497351444e-13,1.7339287991524621e-09,2,2,5,3,0,5.805155395912223e-08,0.9610722154849788
184,1.4175000000000002,5.401352108636015e-13,1.7284326747635248e-09,2,2,5,3,0,5.791000921361909e-08,0.9609782532206061
185,1.4178125000000001,5.378541037028006e-13,1.721133131848962e-09,2,2,5,3,0,5.7768794398470576e-08,0.9608840089679043
186,1.418125,5.359310000993545e-13,1.7149792003179343e-09,2,2,5,3,0,5.7627908774490374e-08,0.9607894840776212
187,1.4184375,5.339237624073234e-13,1.708556039703435e-09,2,2,5,3,0,5.748735160378847e-08,0.960694679880838
188,1.4187500000000002,5.317638148392978e-13,1.701644207485753e-09,2,2,5,3,0,5.7347122149774883e-08,0.960599597689221
189,1.4190625000000001,5.297587997617204e-13,1.6952281592375051e-09,2,2,5,3,0,5.720721967716413e-08,0.9605042387952708
190,1.419375,5.275304932467195e-13,1.6880975783895025e-09,2,2,5,3,0,5.70676434519783e-08,0.9604086044725655
191,1.4196875000000002,5.256646897280892e-13,1.6821270071298855e-09,2,2,5,3,0,5.692839274155149e-08,0.9603126959759988
192,1.4200000000000002,5.23520408881456e-13,1.6752653084206592e-09,2,2,5,3,0,5.678946681453375e-08,0.9602165145420137
193,1.4203125,5.213047875318733e-13,1.6681753201019944e-09,2,2,5,3,0,5.665086494089409e-08,0.960120061388832
194,1.420625,5.193134876117778e-13,1.6618031603576888e-09,2,2,5,3,0,5.651258639192494e-08,0.9600233377166784
195,1.4209375000000002,5.173138393349541e-13,1.6554042858718532e-09,2,2,5,3,0,5.6374630440245806e-08,0.9599263447080009
196,1.4212500000000001,5.150944774878763e-13,1.6483023279612041e-09,2,2,5,3,0,5.623699635980674e-08,0.9598290835276853
197,1.4215625,5.130614357841401e-13,1.6417965945092483e-09,2,2,5,3,0,5.609968342589192e-08,0.9597315553232678
198,1.421875,5.108683116296364e-13,1.6347785972148365e-09,2,2,5,3,0,5.596269091512358e-08,0.9596337612251401
199,1.4221875000000002,5.08881619568774e-13,1.6284211826200767e-09,2,2,5,3,0,5.582601810546514e-08,0.9595357023467527
200,1.4225,5.066749970972229e-13,1.6213599907111131e-09,2,2,5,3,0,5.56896642762251e-08,0.9594373797848125
201,1.4228125,5.04692696055159e-13,1.6150166273765088e-09,2,2,5,3,0,5.555362870806e-08,0.9593387946194777
202,1.4231250000000002,5.023925069361224e-13,1.6076560221955916e-09,2,2,5,3,0,5.541791068297836e-08,0.9592399479145467
203,1.4234375000000001,5.003156634646178e-13,1.6010101230867768e-09,2,2,5,3,0,5.528250948434372e-08,0.9591408407176446
204,1.42375,4.98209112853587e-13,1.5942691611314785e-09,2,2,5,3,0,5.514742439687758e-08,0.9590414740604045
205,1.4240625,4.96069277235861e-13,1.5874216871547553e-09,2,2,5,3,0,5.501265470666299e-08,0.958941848958646
206,1.4243750000000002,4.94120044360058e-13,1.5811841419521855e-09,2,2,5,3,0,5.487819970114748e-08,0.9588419664125492
207,1.4246875,4.919349975117393e-13,1.5741919920375658e-09,2,2,5,3,0,5.474405866914632e-08,0.9587418274068249
208,1.425,4.897223035080223e-13,1.5671113712256712e-09,2,2,5,3,0,5.46102309008452e-08,0.958641432910881
209,1.4253125,4.876329917115341e-13,1.560425573476909e-09,2,2,5,3,0,5.4476715687803046e-08,0.9585407838789862
210,1.4256250000000001,4.854529864033175e-13,1.5534495564906159e-09,2,2,5,3,0,5.4343512322955395e-08,0.9584398812504279
211,1.4259375,4.833266491026389e-13,1.5466452771284445e-09,2,2,5,3,0,5.4210620100616515e-08,0.9583387259496691
212,1.42625,4.812900295317335e-13,1.5401280945015472e-09,2,2,5,3,0,5.407803831648227e-08,0.9582373188865004
213,1.4265625000000002,4.791842378622235e-13,1.5333895611591153e-09,2,2,5,3,0,5.3945766267632815e-08,0.9581356609561891
214,1.4268750000000001,4.770359996776607e-13,1.5265151989685144e-09,2,2,5,3,0,5.38138032525348e-08,0.9580337530396238
215,1.4271875,4.749245159467452e-13,1.5197584510295847e-09,2,2,5,3,0,5.36821485710442e-08,0.9579315960034572
216,1.4275000000000002,4.725432827153153e-13,1.512138504689009e-09,2,2,5,3,0,5.355080152440823e-08,0.9578291907002455
217,1.4278125000000002,4.706866949151511e-13,1.5061974237284836e-09,2,2,5,3,0,5.341976141526767e-08,0.9577265379685826
218,1.428125,4.684294402021449e-13,1.4989742086468638e-09,2,2,5,3,0,5.328902754765927e-08,0.9576236386332346
219,1.4284375,4.662278592706959e-13,1.4919291496662268e-09,2,2,5,3,0,5.315859922701745e-08,0.9575204935052679
220,1.4287500000000002,4.643855829392085e-13,1.4860338654054672e-09,2,2,5,3,0,5.302847576017643e-08,0.9574171033821763
221,1.4290625000000001,4.623162746728027e-13,1.4794120789529686e-09,2,2,5,3,0,5.289865645537209e-08,0.9573134690480043
222,1.429375,4.601775774673578e-13,1.4725682478955449e-09,2,2,5,3,0,5.2769140622243756e-08,0.957209591273468
223,1.4296875,4.579688950116789e-13,1.4655004640373726e-09,2,2,5,3,0,5.263992757183602e-08,0.957105470816073
224,1.4300000000000002,4.558759511379129e-13,1.4588030436413213e-09,2,2,5,3,0,5.251101661660005e-08,0.9570011084202289
225,1.4303125,4.5363864574488044e-13,1.4516436663836174e-09,2,2,5,3,0,5.2382407070395366e-08,0.9568965048173619
226,1.430625,4.5172573364185564e-13,1.445522347653938e-09,2,2,5,3,0,5.2254098248491e-08,0.9567916607260245
227,1.4309375000000002,4.496276398077703e-13,1.438808447384865e-09,2,2,5,3,0,5.21260894675672e-08,0.9566865768520029
228,1.4312500000000001,4.476296178342054e-13,1.4324147770694573e-09,2,2,5,3,0,5.1998380045716435e-08,0.9565812538884203
229,1.4315625,4.4547633810954057e-13,1.4255242819505298e-09,2,2,5,3,0,5.1870969302444286e-08,0.9564756925158396
230,1.431875,4.435110590415847e-13,1.4192353889330711e-09,2,2,5,3,0,5.174385655867096e-08,0.9563698934023633
231,1.4321875000000002,4.413819570253663e-13,1.4124222624811722e-09,2,2,5,3,0,5.16170411367322e-08,0.9562638572037295
232,1.4325,4.395889847876727e-13,1.4066847513205527e-09,2,2,5,3,0,5.14905223603798e-08,0.9561575845634073
233,1.4328125,4.3804375274639207e-13,1.4017400087884546e-09,2,2,5,3,0,5.136429955478262e-08,0.9560510761126889
234,1.433125,4.364839923960001e-13,1.3967487756672003e-09,2,2,5,3,0,5.123837204652738e-08,0.9559443324707804
235,1.4334375000000001,4.3492401520517365e-13,1.3917568486565557e-09,2,2,5,3,0,5.111273916361923e-08,0.955837354244889
236,1.43375,4.3331654995919233e-13,1.3866129598694155e-09,2,2,5,3,0,5.098740023548211e-08,0.9557301420303093
237,1.4340625,4.3141434435262083e-13,1.3805259019283866e-09,2,2,5,3,0,5.086235459295931e-08,0.9556226964105066
238,1.4343750000000002,4.29956715846877e-13,1.3758614907100064e-09,2,2,5,3,0,5.0737601568313715e-08,0.9555150179571994
239,1.4346875000000001,4.2827102541415085e-13,1.3704672813252827e-09,2,2,5,3,0,5.0613140495228245e-08,0.9554071072304386
240,1.435,4.2664992632585053e-13,1.3652797642427217e-09,2,2,5,3,0,5.048897070880576e-08,0.9552989647786851
241,1.4353125000000002,4.249171815188385e-13,1.3597349808602832e-09,2,2,5,3,0,5.036509154556954e-08,0.9551905911388865
242,1.4356250000000002,4.232056599693529e-13,1.3542581119019292e-09,2,2,5,3,0,5.024150234346287e-08,0.9550819868365501
243,1.4359375,4.2170872913485646e-13,1.3494679332315407e-09,2,2,5,3,0,5.0118202441849454e-08,0.954973152385816
244,1.43625,4.201906834630509e-13,1.3446101870817628e-09,2,2,5,3,0,4.9995191181512586e-08,0.9548640882895275
245,1.4365625000000002,4.1846926856874134e-13,1.3391016594199723e-09,2,2,5,3,0,4.9872467904655703e-08,0.9547547950392988
246,1.4368750000000001,4.168815900124079e-13,1.3340210880397052e-09,2,2,5,3,0,4.975003195490163e-08,0.9546452731155844
247,1.4371875,4.151639156155934e-13,1.3285245299698989e-09,2,2,5,3,0,4.962788267729219e-08,0.9545355229877427
248,1.4375,4.1364077419357714e-13,1.3236504774194469e-09,2,2,5,3,0,4.950601941828792e-08,0.9544255451141006
249,1.4378125000000002,4.1194117886798887e-13,1.3182117723775644e-09,2,2,5,3,0,4.9384441525767484e-08,0.954315339942016
250,1.438125,4.1013248569879424e-13,1.3124239542361416e-09,2,2,5,3,0,4.926314834902708e-08,0.9542049079079391
251,1.4384375,4.086022698576025e-13,1.307527263544328e-09,2,2,5,3,0,4.914213923877987e-08,0.9540942494374719
252,1.4387500000000002,4.070239154399524e-13,1.3024765294078477e-09,2,2,5,3,0,4.902141354715479e-08,0.953983364945426
253,1.4390625000000001,4.0528125018306216e-13,1.296900000585799e-09,2,2,5,3,0,4.89009706276966e-08,0.9538722548358798
254,1.439375,4.0381895960797665e-13,1.2922206707455253e-09,2,2,5,3,0,4.8780809835364136e-08,0.9537609195022337
255,1.4396875,4.021698609985719e-13,1.28694355519543e-09,2,2,5,3,0,4.8660930526529966e-08,0.9536493593272651
256,1.4400000000000002,4.004548157920257e-13,1.2814554105344822e-09,2,2,5,3,0,4.8541332058979305e-08,0.953537574683181
257,1.4403125,3.990642722957044e-13,1.277005671346254e-09,2,2,5,3,0,4.842201379190874e-08,0.9534255659316695
258,1.440625,3.974183991877628e-13,1.271738877400841e-09,2,2,5,3,0,4.830297508592545e-08,0.9533133334239519
259,1.4409375,3.9579616168718135e-13,1.2665477173989803e-09,2,2,5,3,0,4.818421530304552e-08,0.9532008775008306
260,1.4412500000000001,3.9423962683825253e-13,1.2615668058824081e-09,2,2,5,3,0,4.8065733806693545e-08,0.9530881984927392
261,1.4415625,3.9252506952268396e-13,1.2560802224725887e-09,2,2,5,3,0,4.7947529961700654e-08,0.9529752967197896
262,1.441875,3.9098794189264263e-13,1.2511614140564564e-09,2,2,5,3,0,4.782960313430355e-08,0.9528621724918188
263,1.4421875000000002,3.8940874721830887e-13,1.2461079910985884e-09,2,2,5,3,0,4.771195269214275e-08,0.9527488261084338
264,1.4425000000000001,3.878588260026322e-13,1.241148243208423e-09,2,2,5,3,0,4.759457800426192e-08,0.9526352578590576
265,1.4428125,3.8628071553047094e-13,1.236098289697507e-09,2,2,5,3,0,4.747747844110564e-08,0.9525214680229721
266,1.4431250000000002,3.846863691307767e-13,1.2309963812184854e-09,2,2,5,3,0,4.736065337451826e-08,0.9524074568693618
267,1.4434375000000002,3.831948322020884e-13,1.2262234630466828e-09,2,2,5,3,0,4.724410217774256e-08,0.9522932246573557
268,1.44375,3.8158370777377493e-13,1.2210678648760798e-09,2,2,5,3,0,4.712782422541777e-08,0.9521787716360692
269,1.4440625,3.8011610460804424e-13,1.2163715347457416e-09,2,2,5,3,0,4.7011818893578095e-08,0.9520640980446444
270,1.4443750000000002,3.787692002491655e-13,1.2120614407973296e-09,2,2,5,3,0,4.689608555965122e-08,0.951949204112291
271,1.4446875000000001,3.7717943460365e-13,1.20697419073168e-09,2,2,5,3,0,4.6780623602456256e-08,0.9518340900583246
272,1.445,3.7532132892044434e-13,1.2010282525454219e-09,2,2,5,3,0,4.6665432402202623e-08,0.9517187560922067
273,1.4453125,3.739024877474212e-13,1.1964879607917478e-09,2,2,5,3,0,4.6550511340487754e-08,0.9516032024135818
274,1.4456250000000002,3.72486682340481e-13,1.1919573834895392e-09,2,2,5,3,0,4.643585980029559e-08,0.9514874292123157
275,1.4459375,3.709965819796712e-13,1.187189062334948e-09,2,2,5,3,0,4.632147716599454e-08,0.9513714366685327
276,1.44625,3.6950065403218435e-13,1.18240209290299e-09,2,2,5,3,0,4.620736282333583e-08,0.9512552249526519
277,1.4465625000000002,3.6782182117819917e-13,1.1770298277702373e-09,2,2,5,3,0,4.609351615945199e-08,0.9511387942254231
278,1.4468750000000001,3.6642558562047234e-13,1.1725618739855115e-09,2,2,5,3,0,4.5979936562854053e-08,0.9510221446379632
279,1.4471875,3.6501921277243277e-13,1.1680614808717849e-09,2,2,5,3,0,4.586662342343077e-08,0.9509052763317906
280,1.4475,3.634234840149686e-13,1.1629551488478995e-09,2,2,5,3,0,4.575357613244587e-08,0.9507881894388605
281,1.4478125000000002,3.6204741461765e-13,1.15855172677648e-09,2,2,5,3,0,4.564079408253651e-08,0.9506708840815996
282,1.448125,3.605174969320557e-13,1.1536559901825783e-09,2,2,5,3,0,4.552827666771145e-08,0.95055336037294
283,1.4484375,3.5913194076572785e-13,1.1492222104503291e-09,2,2,5,3,0,4.5416023283348553e-08,0.9504356184163527
284,1.44875,3.573582944317588e-13,1.1435465421816282e-09,2,2,5,3,0,4.530403332619347e-08,0.9503176583058817
285,1.4490625000000001,3.56147457445527e-13,1.1396718638256864e-09,2,2,5,3,0,4.5192306194357146e-08,0.9501994801261775
286,1.449375,3.547390246133597e-13,1.135164878762751e-09,2,2,5,3,0,4.5080841287314314e-08,0.9500810839525292
287,1.4496875,3.5327838744658724e-13,1.1304908398290792e-09,2,2,5,3,0,4.4969638005901274e-08,0.9499624698508985
288,1.4500000000000002,3.518112992768885e-13,1.1257961576860431e-09,2,2,5,3,0,4.485869575231373e-08,0.9498436378779515
289,1.4503125000000001,3.5030789033441145e-13,1.1209852490701167e-09,2,2,5,3,0,4.47480139301051e-08,0.9497245880810915
290,1.450625,3.48845952125032e-13,1.1163070468001024e-09,2,2,5,3,0,4.463759194418441e-08,0.9496053204984918
291,1.4509375000000002,3.475960296504821e-13,1.1123072948815427e-09,2,2,5,3,0,4.452742920081411e-08,0.949485835159127
292,1.4512500000000002,3.460690393107535e-13,1.1074209257944112e-09,2,2,5,3,0,4.4417525107608335e-08,0.9493661320828061
293,1.4515625,3.446158831389712e-13,1.1027708260447078e-09,2,2,5,3,0,4.4307879073530976e-08,0.9492462112802044
294,1.451875,3.431833810185747e-13,1.098186819259439e-09,2,2,5,3,0,4.419849050889331e-08,0.949126072752895
295,1.4521875000000002,3.419881565436267e-13,1.0943621009396054e-09,2,2,5,3,0,4.4089358825352484e-08,0.949005716493381
296,1.4525000000000001,3.4055413654018873e-13,1.089773236928604e-09,2,2,5,3,0,4.398048343590897e-08,0.9488851424851277
297,1.4528125,3.391089492543742e-13,1.0851486376139974e-09,2,2,5,3,0,4.387186375490528e-08,0.9487643507025947
298,1.453125,3.3778980047111107e-13,1.0809273615075554e-09,2,2,5,3,0,4.3763499198023594e-08,0.9486433411112672
299,1.4534375000000002,3.3642847622333827e-13,1.0765711239146825e-09,2,2,5,3,0,4.365538918228358e-08,0.9485221136676888
300,1.45375,3.350249765110558e-13,1.0720799248353785e-09,2,2,5,3,0,4.3547533126041104e-08,0.9484006683194932
301,1.4540625,3.3380779694211493e-13,1.0681849502147678e-09,2,2,5,3,0,4.343993044898582e-08,0.9482790050054364
302,1.4543750000000002,3.3253093204357875e-13,1.064098982539452e-09,2,2,5,3,0,4.333258057213914e-08,0.9481571236554291
303,1.4546875000000001,3.310207468375237e-13,1.0592663898800758e-09,2,2,5,3,0,4.3225482917853014e-08,0.9480350241905692
304,1.455,3.2985116374395496e-13,1.0555237239806559e-09,2,2,5,3,0,4.311863690980726e-08,0.9479127065231736
305,1.4553125,3.2826226546017745e-13,1.0504392494725678e-09,2,2,5,3,0,4.3012041973008e-08,0.9477901705568116
306,1.4556250000000002,3.27098266007797e-13,1.0467144512249504e-09,2,2,5,3,0,4.2905697533786114e-08,0.9476674161863375
307,1.4559375,3.2597936936579197e-13,1.0431339819705343e-09,2,2,5,3,0,4.27996030197951e-08,0.9475444432979235
308,1.45625,3.2460817887824955e-13,1.0387461724103986e-09,2,2,5,3,0,4.2693757860009046e-08,0.9474212517690926
309,1.4565625,3.233079494228963e-13,1.0345854381532682e-09,2,2,5,3,0,4.2588161484721174e-08,0.9472978414687525
310,1.4568750000000001,3.2180199260531395e-13,1.0297663763370046e-09,2,2,5,3,0,4.248281332554217e-08,0.9471742122572288
311,1.4571875,3.205566779899971e-13,1.0257813695679907e-09,2,2,5,3,0,4.23777128153978e-08,0.9470503639862984
312,1.4575,3.193632966587423e-13,1.0219625493079754e-09,2,2,5,3,0,4.2272859388527967e-08,0.9469262964992246
313,1.4578125000000002,3.181490986457758e-13,1.0180771156664825e-09,2,2,5,3,0,4.216825248048433e-08,0.9468020096307901
314,1.4581250000000001,3.168011642948332e-13,1.0137637257434662e-09,2,2,5,3,0,4.206389152812912e-08,0.9466775032073326
315,1.4584375,3.1566595041013223e-13,1.0101310413124232e-09,2,2,5,3,0,4.195977596963309e-08,0.946552777046779
316,1.4587500000000002,3.142770874271783e-13,1.0056866797669706e-09,2,2,5,3,0,4.185590524447416e-08,0.9464278309586804
317,1.4590625000000002,3.1331334011605594e-13,1.002602688371379e-09,2,2,5,3,0,4.1752278793435414e-08,0.9463026647442482
318,1.459375,3.118965047170519e-13,9.98068815094566e-10,2,2,5,3,0,4.164889605860378e-08,0.9461772781963886
319,1.4596875,3.1078232435449715e-13,9.945034379343909e-10,2,2,5,3,0,4.1545756483368604e-08,0.9460516710997394
320,1.4600000000000002,3.095572843198058e-13,9.905833098233785e-10,2,2,5,3,0,4.144285951241959e-08,0.9459258432307067
321,1.4603125000000001,3.0838840595764916e-13,9.868428990644773e-10,2,2,5,3,0,4.1340204591745605e-08,0.9457997943575007
322,1.460625,3.0711799206203927e-13,9.827775745985257e-10,2,2,5,3,0,4.1237791168633326e-08,0.9456735242401728
323,1.4609375,3.0601720159631474e-13,9.792550451082072e-10,2,2,5,3,0,4.113561869166533e-08,0.9455470326306536
324,1.4612500000000002,3.048779761635756e-13,9.756095237234419e-10,2,2,5,3,0,4.1033686610718915e-08,0.9454203192727892
325,1.4615625,3.036571103072483e-13,9.717027529831945e-10,2,2,5,3,0,4.093199437696457e-08,0.9452933839023814
326,1.461875,3.0256710765314e-13,9.68214744490048e-10,2,2,5,3,0,4.083054144286464e-08,0.9451662262472236
327,1.4621875000000002,3.012712150064767e-13,9.640678880207254e-10,2,2,5,3,0,4.072932726217172e-08,0.9450388460271417
328,1.4625000000000001,3.001872838845343e-13,9.605993084305098e-10,2,2,5,3,0,4.062835128992749e-08,0.9449112429540323
329,1.4628125,2.9900984032521505e-13,9.568314890406882e-10,2,2,5,3,0,4.052761298246141e-08,0.9447834167319022
330,1.463125,2.9800733278642633e-13,9.536234649165642e-10,2,2,5,3,0,4.0427111797389254e-08,0.9446553670569088
331,1.4634375000000002,2.9663917806496687e-13,9.49245369807894e-10,2,2,5,3,0,4.0326847193611736e-08,0.9445270936174
332,1.46375,2.957296408624688e-13,9.463348507599e-10,2,2,5,3,0,4.022681863131352e-08,0.9443985960939549
333,1.4640625,2.9451609337080575e-13,9.424514987865784e-10,2,2,5,3,0,4.0127025571961834e-08,0.944269874159426
334,1.464375,2.934692419631624e-13,9.391015742821196e-10,2,2,5,3,0,4.002746747830491e-08,0.9441409274789797
335,1.4646875000000001,2.9232763128564376e-13,9.3544842011406e-10,2,2,5,3,0,3.992814381437125e-08,0.9440117557101385
336,1.465,2.912252145166605e-13,9.319206864533136e-10,2,2,5,3,0,3.9829054045468136e-08,0.9438823585028241
337,1.4653125,2.9026168404597263e-13,9.288373889471124e-10,2,2,5,3,0,3.9730197638180595e-08,0.9437527354993989
338,1.4656250000000002,2.8894172211108016e-13,9.246135107554565e-10,2,2,5,3,0,3.963157406037032e-08,0.9436228863347108
339,1.4659375000000001,2.8804958635345046e-13,9.217586763310415e-10,2,2,5,3,0,3.953318278117417e-08,0.943492810636136
340,1.46625,2.8695237375489513e-13,9.182475960156644e-10,2,2,5,3,0,3.94350232710032e-08,0.9433625080236233
341,1.4665625000000002,2.8577688175948635e-13,9.144860216303563e-10,2,2,5,3,0,3.933709500154192e-08,0.943231978109739
342,1.4668750000000002,2.8479567879338696e-13,9.113461721388383e-10,2,2,5,3,0,3.923939744574686e-08,0.9431012204997117
343,1.4671875,2.837933338849241e-13,9.081386684317572e-10,2,2,5,3,0,3.9141930077845264e-08,0.9429702347914772
344,1.4675,2.8275255400944665e-13,9.048081728302293e-10,2,2,5,3,0,3.904469237333451e-08,0.9428390205757256
345,1.4678125000000002,2.816275858352757e-13,9.012082746728822e-10,2,2,5,3,0,3.8947683808980774e-08,0.9427075774359465
346,1.4681250000000001,2.805505393971286e-13,8.977617260708115e-10,2,2,5,3,0,3.885090386281816e-08,0.9425759049484763
347,1.4684375,2.79791272615737e-13,8.953320723703584e-10,2,2,5,3,0,3.875435201414741e-08,0.9424440026825454
348,1.46875,2.786965536821784e-13,8.918289717829708e-10,2,2,5,3,0,3.8658027743535156e-08,0.9423118702003258
349,1.4690625000000002,2.77722994341395e-13,8.887135818924641e-10,2,2,5,3,0,3.856193053281278e-08,0.9421795070569794
350,1.469375,2.7666502986148367e-13,8.853280955567477e-10,2,2,5,3,0,3.8466059865075236e-08,0.9420469128007057
351,1.4696875,2.7597872988630034e-13,8.831319356361611e-10,2,2,5,3,0,3.837041522468047e-08,0.9419140869727921
352,1.4700000000000002,2.746293318624249e-13,8.788138619597596e-10,2,2,5,3,0,3.8274996097248186e-08,0.9417810291076621
353,1.4703125000000001,2.7358925671835954e-13,8.754856214987505e-10,2,2,5,3,0,3.8179801969658656e-08,0.9416477387329257
354,1.470625,2.728636544144236e-13,8.731636941261556e-10,2,2,5,3,0,3.80848323300519e-08,0.9415142153694296
355,1.4709375,2.7182260348840304e-13,8.698323311628897e-10,2,2,5,3,0,3.799008666782698e-08,0.9413804585313078
356,1.4712500000000002,2.709545370190025e-13,8.670545184608081e-10,2,2,5,3,0,3.78955644736404e-08,0.941246467726033
357,1.4715625,2.7003545883738655e-13,8.64113468279637e-10,2,2,5,3,0,3.780126523940576e-08,0.9411122424544678
358,1.471875,2.6916381450081683e-13,8.613242064026139e-10,2,2,5,3,0,3.770718845829228e-08,0.9409777822109164
359,1.4721875,2.6798279307432837e-13,8.575449378378508e-10,2,2,5,3,0,3.761333362472401e-08,0.9408430864831784
360,1.4725000000000001,2.6710328827200813e-13,8.54730522470426e-10,2,2,5,3,0,3.7519700234378746e-08,0.9407081547525995
361,1.4728125,2.6627284361799286e-13,8.520730995775772e-10,2,2,5,3,0,3.7426287784187056e-08,0.9405729864941264
362,1.473125,2.6540390978685435e-13,8.492925113179339e-10,2,2,5,3,0,3.7333095772331346e-08,0.9404375811763594
363,1.4734375000000002,2.644591360137505e-13,8.462692352440015e-10,2,2,5,3,0,3.7240123698244474e-08,0.9403019382616071
364,1.4737500000000001,2.635329020977961e-13,8.433052867129476e-10,2,2,5,3,0,3.7147371062609033e-08,0.9401660572059403
365,1.4740625,2.627874046839951e-13,8.409196949887843e-10,2,2,5,3,0,3.7054837367356185e-08,0.9400299374592469
366,1.4743750000000002,2.6180007597562116e-13,8.377602431219877e-10,2,2,5,3,0,3.696252211566464e-08,0.9398935784652875
367,1.4746875000000002,2.6077208968577903e-13,8.344706869944929e-10,2,2,5,3,0,3.687042481195934e-08,0.9397569796617503
368,1.475,2.6003521167924926e-13,8.321126773735976e-10,2,2,5,3,0,3.677854496191068e-08,0.9396201404803072
369,1.4753125,2.591913771284038e-13,8.294124068108921e-10,2,2,5,3,0,3.668688207243291e-08,0.93948306034667
370,1.4756250000000002,2.5822031145261715e-13,8.263049966483749e-10,2,2,5,3,0,3.659543565168341e-08,0.9393457386806476
371,1.4759375000000001,2.573309404105273e-13,8.234590093136873e-10,2,2,5,3,0,3.650420520906125e-08,0.9392081748962026
372,1.47625,2.5655573585720015e-13,8.209783547430405e-10,2,2,5,3,0,3.641319025520597e-08,0.939070368401508
373,1.4765625,2.557575462178163e-13,8.184241478970122e-10,2,2,5,3,0,3.6322390301996565e-08,0.938932318599006
374,1.4768750000000002,2.5492997469955814e-13,8.15775919038586e-10,2,2,5,3,0,3.623180486254976e-08,0.9387940248854656
375,1.4771875,2.541324355814778e-13,8.13223793860729e-10,2,2,5,3,0,3.614143345121933e-08,0.93865548665204
376,1.4775,2.532798732031438e-13,8.104955942500602e-10,2,2,5,3,0,3.605127558359426e-08,0.938516703284327
377,1.4778125000000002,2.5256023401115657e-13,8.08192748835701e-10,2,2,5,3,0,3.596133077649737e-08,0.9383776741624259
378,1.4781250000000001,2.5181809762409024e-13,8.058179123970888e-10,2,2,5,3,0,3.587159854798421e-08,0.9382383986609982
379,1.4784375,2.5101080068645754e-13,8.032345621966641e-10,2,2,5,3,0,3.578207841734155e-08,0.9380988761493265
380,1.47875,2.500759473632319e-13,8.002430315623421e-10,2,2,5,3,0,3.569276990508571e-08,0.9379591059913746
381,1.4790625000000002,2.492040861862277e-13,7.974530757959286e-10,2,2,5,3,0,3.560367253296105e-08,0.9378190875458465
382,1.479375,2.486304348167656e-13,7.9561739141365e-10,2,2,5,3,0,3.551478582393847e-08,0.9376788201662485
383,1.4796875,2.478358772546596e-13,7.930748072149107e-10,2,2,5,3,0,3.542610930221388e-08,0.9375383032009483
384,1.48,2.4681873298654233e-13,7.898199455569355e-10,2,2,5,3,0,3.533764249320634e-08,0.9373975359932363
385,1.4803125000000001,2.4622296389276155e-13,7.87913484456837e-10,2,2,5,3,0,3.52493849235566e-08,0.937256517881386
386,1.480625,2.45534820773885e-13,7.85711426476432e-10,2,2,5,3,0,3.516133612112508e-08,0.9371152481987163
387,1.4809375,2.4469017307141017e-13,7.830085538285125e-10,2,2,5,3,0,3.507349561499004e-08,0.9369737262736518
388,1.4812500000000002,2.4386742625281954e-13,7.803757640090225e-10,2,2,5,3,0,3.498586293544596e-08,0.9368319514297854
389,1.4815625000000001,2.4312984351487765e-13,7.780154992476085e-10,2,2,5,3,0,3.4898437614001554e-08,0.936689922985939
390,1.481875,2.4258606191526755e-13,7.762753981288562e-10,2,2,5,3,0,3.481121918337755e-08,0.9365476402562268
391,1.4821875000000002,2.417382700264925e-13,7.73562464084776e-10,2,2,5,3,0,3.472420717750493e-08,0.9364051025501162
392,1.4825000000000002,2.407898099660022e-13,7.70527391891207e-10,2,2,5,3,0,3.4637401131522664e-08,0.9362623091724905
393,1.4828125,2.403643690335189e-13,7.691659809072604e-10,2,2,5,3,0,3.455080058177577e-08,0.9361192594237112
394,1.483125,2.3951728187615595e-13,7.66455302003699e-10,2,2,5,3,0,3.446440506581271e-08,0.9359759525996807
395,1.4834375000000002,2.388253440496757e-13,7.642411009589622e-10,2,2,5,3,0,3.437821412238359e-08,0.9358323879919049
396,1.4837500000000001,2.3810299435225724e-13,7.619295819272232e-10,2,2,5,3,0,3.4292227291437445e-08,0.935688564887556
397,1.4840625,2.37418266470224e-13,7.597384527047168e-10,2,2,5,3,0,3.420644411412007e-08,0.9355444825695347
398,1.484375,2.3651572237173846e-13,7.568503115895631e-10,2,2,5,3,0,3.412086413277137e-08,0.935400140316534
399,1.4846875000000002,2.360665103066234e-13,7.554128329811949e-10,2,2,5,3,0,3.403548689092282e-08,0.9352555374031012
400,1.485,2.3586007821298216e-13,7.547522502815429e-10,2,2,5,3,0,3.395031193329516e-08,0.935110673099702
401,1.4853125,2.353972865156567e-13,7.532713168501015e-10,2,2,5,3,0,3.38653388057952e-08,0.9349655466727822
402,1.4856250000000002,2.353259460127072e-13,7.53043027240663e-10,2,2,5,3,0,3.3780567055513574e-08,0.934820157384832
403,1.4859375000000001,2.3499003307461686e-13,7.519681058387739e-10,2,2,5,3,0,3.369599623072149e-08,0.934674504494448
404,1.48625,2.3456819711435706e-13,7.506182307659426e-10,2,2,5,3,0,3.361162588086818e-08,0.9345285872563973
405,1.4865625,2.345310089798408e-13,7.504992287354906e-10,2,2,5,3,0,3.35274555565779e-08,0.9343824049216792
406,1.4868750000000002,2.341935239486004e-13,7.494192766355212e-10,2,2,5,3,0,3.344348480964651e-08,0.9342359567375895
407,1.4871875,2.3402774943642735e-13,7.488887981965675e-10,2,2,5,3,0,3.335971319303889e-08,0.9340892419477825
408,1.4875,2.3374189953365154e-13,7.479740785076849e-10,2,2,5,3,0,3.327614026088532e-08,0.9339422597923347
409,1.4878125,2.332283671746538e-13,7.463307749588921e-10,2,2,5,3,0,3.3192765568478506e-08,0.9337950095078072
410,1.4881250000000001,2.331620953168606e-13,7.461187050139539e-10,2,2,5,3,0,3.310958867226995e-08,0.933647490327308
411,1.4884375,2.329238418894569e-13,7.453562940462621e-10,2,2,5,3,0,3.3026609129866866e-08,0.9334997014805555
412,1.48875,2.3260842037242657e-13,7.44346945191765e-10,2,2,5,3,0,3.294382650002848e-08,0.9333516421939405
413,1.4890625000000002,2.3235889124242903e-13,7.435484519757729e-10,2,2,5,3,0,3.286124034266258e-08,0.9332033116905887
414,1.4893750000000001,2.322371082334046e-13,7.431587463468947e-10,2,2,5,3,0,3.277885021882159e-08,0.9330547091904229
415,1.4896875,2.3186007692792276e-13,7.419522461693528e-10,2,2,5,3,0,3.2696655690699124e-08,0.9329058339102255
416,1.4900000000000002,2.316812648846256e-13,7.413800476308019e-10,2,2,5,3,0,3.2614656321626114e-08,0.9327566850637002
417,1.4903125000000002,2.314874366412395e-13,7.407597972519664e-10,2,2,5,3,0,3.253285167606694e-08,0.9326072618615334
418,1.490625,2.3109492834974543e-13,7.395037707191854e-10,2,2,5,3,0,3.2451241319615393e-08,0.9324575635114565
419,1.4909375,2.308148518235381e-13,7.38607525835322e-10,2,2,5,3,0,3.236982481899075e-08,0.9323075892183066
420,1.4912500000000002,2.305651058531061e-13,7.378083387299395e-10,2,2,5,3,0,3.22886017420335e-08,0.9321573381840881
421,1.4915625000000001,2.3041675989085575e-13,7.373336316507384e-10,2,2,5,3,0,3.220757165770141e-08,0.9320068096080334
422,1.491875,2.3012356451836136e-13,7.363954064587563e-10,2,2,5,3,0,3.212673413606492e-08,0.9318560026866641
423,1.4921875,2.299689301835106e-13,7.35900576587234e-10,2,2,5,3,0,3.2046088748303094e-08,0.931704916613851
424,1.4925000000000002,2.2971381741232477e-13,7.350842157194393e-10,2,2,5,3,0,3.196563506669914e-08,0.9315535505808737
425,1.4928125,2.296386550967172e-13,7.348436963094951e-10,2,2,5,3,0,3.188537266463577e-08,0.9314019037764818
426,1.493125,2.2923904528099337e-13,7.335649448991788e-10,2,2,5,3,0,3.180530111659092e-08,0.9312499753869532
427,1.4934375000000002,2.289081738830051e-13,7.325061564256163e-10,2,2,5,3,0,3.1725419998132805e-08,0.9310977645961543
428,1.4937500000000001,2.2893845022867176e-13,7.326030407317496e-10,2,2,5,3,0,3.1645728885915416e-08,0.9309452705855985
429,1.4940625,2.2873337338774613e-13,7.319467948407876e-10,2,2,5,3,0,3.1566227357673693e-08,0.9307924925345051
430,1.494375,2.2833769380489755e-13,7.306806201756721e-10,2,2,5,3,0,3.148691499221872e-08,0.930639429619857
431,1.4946875000000002,2.282907207457746e-13,7.305303063864788e-10,2,2,5,3,0,3.14077913694328e-08,0.93048608101646
432,1.495,2.2790910868611403e-13,7.293091477955649e-10,2,2,5,3,0,3.132885607026422e-08,0.9303324458969984
433,1.4953125,2.280039221660979e-13,7.296125509315132e-10,2,2,5,3,0,3.125010867672272e-08,0.930178523432094
434,1.495625,2.2769438244585327e-13,7.286220238267305e-10,2,2,5,3,0,3.117154877187392e-08,0.9300243127903614
435,1.4959375000000001,2.2743300840712133e-13,7.277856269027883e-10,2,2,5,3,0,3.10931759398344e-08,0.9298698131384656
436,1.49625,2.2735559637200586e-13,7.275379083904188e-10,2,2,5,3,0,3.101498976576645e-08,0.9297150236411776
437,1.4965625,2.2705874181717933e-13,7.265879738149739e-10,2,2,5,3,0,3.0936989835872614e-08,0.9295599434614298
438,1.4968750000000002,2.2692497837414893e-13,7.261599307972766e-10,2,2,5,3,0,3.08591757373904e-08,0.9294045717603708
439,1.4971875000000001,2.266618425068867e-13,7.253178960220374e-10,2,2,5,3,0,3.078154705858698e-08,0.9292489076974213
440,1.4975,2.2648972541200463e-13,7.247671213184148e-10,2,2,5,3,0,3.0704103388753816e-08,0.9290929504303267
441,1.4978125000000002,2.261075712512578e-13,7.23544228004025e-10,2,2,5,3,0,3.062684431820073e-08,0.9289366991152119
442,1.4981250000000002,2.2608160460922677e-13,7.234611347495257e-10,2,2,5,3,0,3.05497694382509e-08,0.9287801529066344
443,1.4984375,2.2590238599011492e-13,7.228876351683677e-10,2,2,5,3,0,3.047287834123473e-08,0.9286233109576374
444,1.49875,2.2591401405841482e-13,7.229248449869274e-10,2,2,5,3,0,3.039617062048458e-08,0.9284661724198012
445,1.4990625000000002,2.2567982638915796e-13,7.221754444453055e-10,2,2,5,3,0,3.031964587032889e-08,0.9283087364432963
446,1.4993750000000001,2.254521168278817e-13,7.214467738492214e-10,2,2,5,3,0,3.0243303686086346e-08,0.9281510021769331
447,1.4996875,2.2519009226784625e-13,7.20608295257108e-10,2,2,5,3,0,3.016714366406039e-08,0.9279929687682141
448,1.5,2.2523405666594054e-13,7.207489813310097e-10,2,2,5,3,0,3.00911654015332e-08,0.9278346353633835
449,1.5003125000000002,2.2497195079074217e-13,7.199102425303749e-10,2,2,5,3,0,3.00153684967598e-08,0.9276760011074772
450,1.500625,2.2483254949641485e-13,7.194641583885275e-10,2,2,5,3,0,2.993975254896225e-08,0.9275170651443715
451,1.5009375,2.2471767827624e-13,7.19096570483968e-10,2,2,5,3,0,2.9864317158323726e-08,0.9273578266168319
452,1.5012500000000002,2.2442505210988617e-13,7.181601667516357e-10,2,2,5,3,0,2.9789061925982558e-08,0.9271982846665614
453,1.5015625000000001,2.2417584824054038e-13,7.173627143697292e-10,2,2,5,3,0,2.9713986454026467e-08,0.927038438434248
454,1.501875,2.2424968240848664e-13,7.175989837071572e-10,2,2,5,3,0,2.9639090345486284e-08,0.9268782870596112
455,1.5021875,2.2405772441384808e-13,7.169847181243139e-10,2,2,5,3,0,2.956437320433003e-08,0.9267178296814486
456,1.5025000000000002,2.2387248847267893e-13,7.163919631125726e-10,2,2,5,3,0,2.9489834635457075e-08,0.9265570654376813
457,1.5028125,2.2356026535205742e-13,7.153928491265837e-10,2,2,5,3,0,2.9415474244691726e-08,0.9263959934653994
458,1.503125,2.2352462220563696e-13,7.152787910580383e-10,2,2,5,3,0,2.9341291638777673e-08,0.9262346129009067
459,1.5034375,2.2353936735518276e-13,7.153259755365848e-10,2,2,5,3,0,2.9267286425371593e-08,0.9260729228797645
460,1.5037500000000001,2.2323814888661198e-13,7.143620764371583e-10,2,2,5,3,0,2.9193458213037137e-08,0.9259109225368343
461,1.5040625,2.2316152289807156e-13,7.14116873273829e-10,2,2,5,3,0,2.9119806611239032e-08,0.9257486110063213
462,1.504375,2.2302060372070276e-13,7.136659319062488e-10,2,2,5,3,0,2.9046331230336843e-08,0.9255859874218163
463,1.5046875000000002,2.229577199946986e-13,7.134647039830355e-10,2,2,5,3,0,2.8973031681578988e-08,0.9254230509163368
464,1.5050000000000001,2.2258131210546594e-13,7.12260198737491e-10,2,2,5,3,0,2.8899907577096624e-08,0.9252598006223682
465,1.5053125,2.226663135557888e-13,7.125322033785242e-10,2,2,5,3,0,2.8826958529897817e-08,0.9250962356719038
466,1.5056250000000002,2.2252075941413263e-13,7.120664301252244e-10,2,2,5,3,0,2.875418415386139e-08,0.9249323551964844
467,1.5059375000000002,2.223453897127331e-13,7.115052470807459e-10,2,2,5,3,0,2.8681584063730754e-08,0.9247681583272372
468,1.50625,2.2226469796604587e-13,7.112470334913468e-10,2,2,5,3,0,2.8609157875108177e-08,0.9246036441949143
469,1.5065625,2.2213134109883015e-13,7.108202915162565e-10,2,2,5,3,0,2.8536905204448712e-08,0.9244388119299295
470,1.5068750000000002,2.221075428611441e-13,7.107441371556611e-10,2,2,5,3,0,2.846482566905413e-08,0.9242736606623965
471,1.5071875000000001,2.2180358678208778e-13,7.097714777026809e-10,2,2,5,3,0,2.8392918887067243e-08,0.9241081895221642
472,1.5075,2.2185814925641811e-13,7.09946077620538e-10,2,2,5,3,0,2.8321184477465787e-08,0.9239423976388529
473,1.5078125,2.2163396335220242e-13,7.092286827270478e-10,2,2,5,3,0,2.8249622060056628e-08,0.9237762841418888
474,1.5081250000000002,2.215749827540192e-13,7.090399448128615e-10,2,2,5,3,0,2.817823125547021e-08,0.923609848160539
475,1.5084375,2.214586207558572e-13,7.086675864187431e-10,2,2,5,3,0,2.8107011685154285e-08,0.9234430888239447
476,1.50875,2.212013395803264e-13,7.078442866570445e-10,2,2,5,3,0,2.8035962971368465e-08,0.9232760052611538
477,1.5090625000000002,2.2122516492306676e-13,7.079205277538136e-10,2,2,5,3,0,2.7965084737178594e-08,0.9231085966011545
478,1.5093750000000001,2.2115322810892235e-13,7.076903299485515e-10,2,2,5,3,0,2.7894376606450817e-08,0.9229408619729058
479,1.5096875,2.208473746760642e-13,7.067115989634054e-10,2,2,5,3,0,2.7823838203846284e-08,0.9227728005053687
480,1.51,2.2077565470235427e-13,7.064820950475337e-10,2,2,5,3,0,2.7753469154815333e-08,0.922604411327537
481,1.5103125000000002,2.205001318252714e-13,7.056004218408685e-10,2,2,5,3,0,2.7683269085592226e-08,0.9224356935684668
482,1.510625,2.2049294898587868e-13,7.055774367548118e-10,2,2,5,3,0,2.7613237623189552e-08,0.9222666463573054
483,1.5109375,2.205195661492132e-13,7.056626116774822e-10,2,2,5,3,0,2.7543374395392886e-08,0.9220972688233198
484,1.51125,2.2046297079580945e-13,7.054815065465903e-10,2,2,5,3,0,2.7473679030755408e-08,0.9219275600959237
485,1.5115625000000001,2.2026694704302408e-13,7.04854230537677e-10,2,2,5,3,0,2.7404151158592795e-08,0.921757519304706
486,1.511875,2.20104208296934e-13,7.043334665501888e-10,2,2,5,3,0,2.733445821321554e-08,0.9215871455794554
487,1.5121875,2.199938907258836e-13,7.039804503228275e-10,2,2,5,3,0,2.7264625109028012e-08,0.921416438050187
488,1.5125000000000002,2.2008883973113902e-13,7.042842871396449e-10,2,2,5,3,0,2.7194962128514576e-08,0.9212453958471678
489,1.5128125000000001,2.1996974012249149e-13,7.039031683919728e-10,2,2,5,3,0,2.712546888965362e-08,0.92107401810094
490,1.513125,2.1994325848442853e-13,7.038184271501713e-10,2,2,5,3,0,2.7056145011236687e-08,0.9209023039423456
491,1.5134375000000002,2.1945515066637555e-13,7.022564821324018e-10,2,2,5,3,0,2.6986990112863612e-08,0.9207302525025484
492,1.5137500000000002,2.1951139365407324e-13,7.024364596930344e-10,2,2,5,3,0,2.6918003814938056e-08,0.9205578629130576
493,1.5140625,2.193266456038817e-13,7.018452659324215e-10,2,2,5,3,0,2.684918573866296e-08,0.9203851343057489
494,1.514375,2.1953310480257726e-13,7.025059353682472e-10,2,2,5,3,0,2.678053550603614e-08,0.9202120658128857
495,1.5146875000000002,2.1917325810152932e-13,7.013544259248938e-10,2,2,5,3,0,2.6712052739845753e-08,0.9200386565671396
496,1.5150000000000001,2.1914428279846965e-13,7.012617049551029e-10,2,2,5,3,0,2.664373706366608e-08,0.9198649057016101
497,1.5153125,2.1920613653240995e-13,7.014596369037118e-10,2,2,5,3,0,2.657558810185337e-08,0.919690812349844
498,1.515625,2.1899154581742075e-13,7.007729466157464e-10,2,2,5,3,0,2.6507605479541497e-08,0.9195163756458534
499,1.5159375000000002,2.1891716954838825e-13,7.005349425548424e-10,2,2,5,3,0,2.6439788822638007e-08,0.9193415947241345
500,1.51625,2.1876524571896871e-13,7.000487863006999e-10,2,2,5,3,0,2.6372137757820162e-08,0.9191664687196841
501,1.5165625,2.1882880707133068e-13,7.002521826282582e-10,2,2,5,3,0,2.6304651912530935e-08,0.9189909967680164
502,1.5168750000000002,2.187319607122734e-13,6.999422742792749e-10,2,2,5,3,0,2.6237330914975248e-08,0.9188151780051798
503,1.5171875000000001,2.1870095253014032e-13,6.99843048096449e-10,2,2,5,3,0,2.6170174394116044e-08,0.9186390115677706
504,1.5175,2.1828757334682591e-13,6.985202347098429e-10,2,2,5,3,0,2.6103181979670972e-08,0.9184624965929495
505,1.5178125,2.18434509846252e-13,6.989904315080064e-10,2,2,5,3,0,2.6036353302108355e-08,0.9182856322184552
506,1.5181250000000002,2.1832711962106732e-13,6.986467827874154e-10,2,2,5,3,0,2.596968799264403e-08,0.9181084175826176
507,1.5184375,2.182502767920924e-13,6.984008857346957e-10,2,2,5,3,0,2.5903185683237868e-08,0.9179308518243713
508,1.51875,2.1823512506673193e-13,6.983524002135422e-10,2,2,5,3,0,2.5836846006590203e-08,0.917752934083268
509,1.5190625,2.1815676435471554e-13,6.981016459350897e-10,2,2,5,3,0,2.5770668596138797e-08,0.9175746634994876
510,1.5193750000000001,2.1806143587869975e-13,6.977965948118392e-10,2,2,5,3,0,2.5704653086055602e-08,0.9173960392138502
511,1.5196875,2.1795065752172604e-13,6.974421040695233e-10,2,2,5,3,0,2.563879911124362e-08,0.9172170603678262
512,1.52,2.1801413755892507e-13,6.976452401885602e-10,2,2,5,3,0,2.557310630733407e-08,0.9170377261035471
513,1.5203125000000002,2.1787525126062968e-13,6.97200804034015e-10,2,2,5,3,0,2.550757431068313e-08,0.916858035563814
514,1.5206250000000001,2.1773088974136323e-13,6.967388471723623e-10,2,2,5,3,0,2.544220275836938e-08,0.916677987892107
515,1.5209375,2.1750513174399744e-13,6.960164215807918e-10,2,2,5,3,0,2.5376991288190804e-08,0.9164975822325939
516,1.5212500000000002,2.1756048026490282e-13,6.96193536847689e-10,2,2,5,3,0,2.5311939538662323e-08,0.9163168177301375
517,1.5215625000000002,2.1753681755248833e-13,6.961178161679626e-10,2,2,5,3,0,2.524704714901296e-08,0.9161356935303028
518,1.521875,2.1730731905762746e-13,6.953834209844079e-10,2,2,5,3,0,2.518231375918347e-08,0.9159542087793645
519,1.5221875,2.173858152949154e-13,6.956346089437293e-10,2,2,5,3,0,2.511773900982383e-08,0.915772362624312
520,1.5225000000000002,2.1723779459331682e-13,6.951609426986138e-10,2,2,5,3,0,2.505332254229075e-08,0.9155901542128563
521,1.5228125000000001,2.172629480837185e-13,6.952414338678992e-10,2,2,5,3,0,2.4989063998645475e-08,0.9154075826934339
522,1.523125,2.1701211791111397e-13,6.944387773155647e-10,2,2,5,3,0,2.4924963021651484e-08,0.9152246472152127
523,1.5234375,2.1696723194117307e-13,6.942951422117538e-10,2,2,5,3,0,2.486101925477253e-08,0.9150413469280949
524,1.5237500000000002,2.1689009095660072e-13,6.940482910611223e-10,2,2,5,3,0,2.4797232342170217e-08,0.9148576809827212
525,1.5240625,2.1695243258151864e-13,6.942477842608596e-10,2,2,5,3,0,2.4733601928702124e-08,0.9146736485304743
526,1.524375,2.1677180449958255e-13,6.936697743986642e-10,2,2,5,3,0,2.4670127659920037e-08,0.9144892487234806
527,1.5246875000000002,2.1678400177402302e-13,6.937088056768737e-10,2,2,5,3,0,2.4606809182067878e-08,0.9143044807146126
528,1.5250000000000001,2.166300992756387e-13,6.932163176820438e-10,2,2,5,3,0,2.4543646142079845e-08,0.9141193436574909
529,1.5253125,2.165499225249834e-13,6.929597520799469e-10,2,2,5,3,0,2.4480638187578705e-08,0.9139338367064853
530,1.525625,2.1656553503626719e-13,6.93009712116055e-10,2,2,5,3,0,2.4417784966874174e-08,0.9137479590167151
531,1.5259375000000002,2.163393704630867e-13,6.922859854818775e-10,2,2,5,3,0,2.4355086128961302e-08,0.9135617097440494
532,1.52625,2.1648665932821887e-13,6.927573098503004e-10,2,2,5,3,0,2.4292541323518752e-08,0.9133750880451074
533,1.5265625,2.1612193371739474e-13,6.915901878956632e-10,2,2,5,3,0,2.4230150200907534e-08,0.9131880930772572
534,1.526875,2.1619007582393546e-13,6.918082426365935e-10,2,2,5,3,0,2.4167912412169247e-08,0.9130007239986148
535,1.5271875000000001,2.1603302913925093e-13,6.91305693245603e-10,2,2,5,3,0,2.410582760902492e-08,0.9128129799680427
536,1.5275,2.160731446196329e-13,6.914340627828253e-10,2,2,5,3,0,2.404389544387358e-08,0.912624860145148
537,1.5278125,2.161756559350414e-13,6.917620989921325e-10,2,2,5,3,0,2.398211556979094e-08,0.9124363636902794
538,1.5281250000000002,2.1602272921861232e-13,6.912727334995594e-10,2,2,5,3,0,2.3920487640528288e-08,0.9122474897645252
539,1.5284375000000001,2.1593610146503073e-13,6.909955246880983e-10,2,2,5,3,0,2.385901131051111e-08,0.9120582375297098
540,1.52875,2.1582627178495795e-13,6.906440697118654e-10,2,2,5,3,0,2.3797686234837937e-08,0.9118686061483899
541,1.5290625000000002,2.1581553818345034e-13,6.906097221870411e-10,2,2,5,3,0,2.373651206927951e-08,0.9116785947838508
542,1.5293750000000002,2.1564851683877895e-13,6.900752538840926e-10,2,2,5,3,0,2.3675488470277313e-08,0.9114882026001018
543,1.5296875,2.1566727353636295e-13,6.901352753163614e-10,2,2,5,3,0,2.3614615094942917e-08,0.9112974287618715
544,1.53,2.1557701370550353e-13,6.898464438576113e-10,2,2,5,3,0,2.355389160105679e-08,0.9111062724346028
545,1.5303125000000002,2.1543932002959787e-13,6.894058240947132e-10,2,2,5,3,0,2.3493317647067284e-08,0.9109147327844472
546,1.5306250000000001,2.1545558306218515e-13,6.894578657989925e-10,2,2,5,3,0,2.3432892892089956e-08,0.910722808978259
547,1.5309375,2.1531593782236902e-13,6.890110010315809e-10,2,2,5,3,0,2.3372616995906403e-08,0.9105305001835893
548,1.53125,2.153326345358253e-13,6.890644305146409e-10,2,2,5,3,0,2.3312489618963666e-08,0.9103378055686793
549,1.5315625000000002,2.150309552813312e-13,6.880990569002599e-10,2,2,5,3,0,2.3252510422373174e-08,0.9101447243024534
550,1.531875,2.1519054984112107e-13,6.886097594915874e-10,2,2,5,3,0,2.3192679067910087e-08,0.9099512555545122
551,1.5321875,2.1512278720534073e-13,6.883929190570903e-10,2,2,5,3,0,2.3132995218012478e-08,0.9097573984951245
552,1.5325000000000002,2.148408946404945e-13,6.874908628495824e-10,2,2,5,3,0,2.307345853578049e-08,0.9095631522952203
553,1.5328125000000001,2.1491028357953357e-13,6.877129074545074e-10,2,2,5,3,0,2.3014068684975724e-08,0.909368516126382
554,1.533125,2.1497360098640672e-13,6.879155231565015e-10,2,2,5,3,0,2.2954825330020437e-08,0.9091734891608358
555,1.5334375,2.1484149095168936e-13,6.87492771045406e-10,2,2,5,3,0,2.289572813599683e-08,0.908978070571444
556,1.5337500000000002,2.14699568887311e-13,6.870386204393952e-10,2,2,5,3,0,2.283677676864635e-08,0.9087822595316947
557,1.5340625,2.1466465757735698e-13,6.869269042475423e-10,2,2,5,3,0,2.2777970894369067e-08,0.9085860552156937
558,1.534375,2.1456615780998667e-13,6.866117049919573e-10,2,2,5,3,0,2.2719310180222938e-08,0.9083894567981539
559,1.5346875,2.147410938305172e-13,6.871715002576551e-10,2,2,5,3,0,2.2660794293923157e-08,0.9081924634543864
560,1.5350000000000001,2.1450002147746505e-13,6.864000687278882e-10,2,2,5,3,0,2.260242290384154e-08,0.9079950743602903
561,1.5353125,2.1449563045866649e-13,6.863860174677328e-10,2,2,5,3,0,2.2544195679005777e-08,0.9077972886923412
562,1.535625,2.143199354966152e-13,6.858237935891687e-10,2,2,5,3,0,2.2486112289098787e-08,0.9075991056275828
563,1.5359375000000002,2.1433164488007805e-13,6.858612636162498e-10,2,2,5,3,0,2.2428172404458132e-08,0.9074005243436141
564,1.5362500000000001,2.1416169618954095e-13,6.85317427806531e-10,2,2,5,3,0,2.2370375696075362e-08,0.9072015440185797
565,1.5365625,2.1411339498275672e-13,6.851628639448215e-10,2,2,5,3,0,2.2312721835595352e-08,0.9070021638311581
566,1.5368750000000002,2.1401706361973138e-13,6.848546035831404e-10,2,2,5,3,0,2.2255210495315477e-08,0.9068023829605503
567,1.5371875000000002,2.1409512617615034e-13,6.851044037636811e-10,2,2,5,3,0,2.2197841348185165e-08,0.9066022005864681
568,1.5375,2.1383117715725874e-13,6.84259766903228e-10,2,2,5,3,0,2.2140614067805145e-08,0.9064016158891227
569,1.5378125,2.14072954241723e-13,6.850334535735136e-10,2,2,5,3,0,2.2083528328426612e-08,0.9062006280492123
570,1.5381250000000002,2.1381133625750226e-13,6.841962760240072e-10,2,2,5,3,0,2.202658380495078e-08,0.9059992362479102
571,1.5384375000000001,2.137410799567252e-13,6.839714558615206e-10,2,2,5,3,0,2.196978017292796e-08,0.9057974396668523
572,1.53875,2.1361195147798218e-13,6.83558244729543e-10,2,2,5,3,0,2.191311710855685e-08,0.9055952374881249
573,1.5390625,2.1347371570099027e-13,6.831158902431689e-10,2,2,5,3,0,2.1856594288684023e-08,0.9053926288942513
574,1.5393750000000002,2.1359856158115198e-13,6.835153970596863e-10,2,2,5,3,0,2.180021139080289e-08,0.90518961306818
575,1.5396875,2.1340866357064114e-13,6.829077234260517e-10,2,2,5,3,0,2.17439680930531e-08,0.9049861891932708
576,1.54,2.133036043801273e-13,6.825715340164074e-10,2,2,5,3,0,2.1687864074219593e-08,0.9047823564532825
577,1.5403125000000002,2.1327004832288887e-13,6.824641546332444e-10,2,2,5,3,0,2.1631899013731902e-08,0.9045781140323597
578,1.5406250000000001,2.1327942667168087e-13,6.824941653493788e-10,2,2,5,3,0,2.157607259166327e-08,0.9043734611150188
579,1.5409375,2.1302621125429688e-13,6.8168387601375e-10,2,2,5,3,0,2.1520384488729818e-08,0.9041683968861352
580,1.54125,2.1300512352204204e-13,6.816163952705345e-10,2,2,5,3,0,2.1464834386289657e-08,0.903962920530929
581,1.5415625000000002,2.1293259039670276e-13,6.813842892694488e-10,2,2,5,3,0,2.1409421966342026e-08,0.9037570312349529
582,1.541875,2.129509676235264e-13,6.814430963952844e-10,2,2,5,3,0,2.1354146911526136e-08,0.9035507281840771
583,1.5421875,2.12728109866972e-13,6.807299515743104e-10,2,2,5,3,0,2.1299008905120505e-08,0.9033440105644759
584,1.5425,2.127890962391743e-13,6.809251079653578e-10,2,2,5,3,0,2.1244007631041826e-08,0.903136877562614
585,1.5428125000000001,2.1274187923456256e-13,6.807740135506002e-10,2,2,5,3,0,2.118914277384391e-08,0.9029293283652325
586,1.543125,2.1251159469312664e-13,6.800371030180052e-10,2,2,5,3,0,2.113441401871686e-08,0.9027213621593351
587,1.5434375,2.1257968258955873e-13,6.802549842865879e-10,2,2,5,3,0,2.1079821051485723e-08,0.9025129781321737
588,1.5437500000000002,2.1245386092744178e-13,6.798523549678137e-10,2,2,5,3,0,2.10253635586095e-08,0.9023041754712348
589,1.5440625000000001,2.123656610807101e-13,6.795701154582723e-10,2,2,5,3,0,2.097104122718013e-08,0.9020949533642247
590,1.544375,2.1219972393821118e-13,6.790391166022758e-10,2,2,5,3,0,2.091685374492118e-08,0.9018853109990568
591,1.5446875000000002,2.1220151287179578e-13,6.790448411897465e-10,2,2,5,3,0,2.0862800800186793e-08,0.9016752475638353
592,1.5450000000000002,2.1203324469462603e-13,6.785063830228033e-10,2,2,5,3,0,2.0808882081960347e-08,0.901464762246843
593,1.5453125,2.1193707596192657e-13,6.78198643078165e-10,2,2,5,3,0,2.0755097279853287e-08,0.901253854236526
594,1.545625,2.1191587980945448e-13,6.781308153902543e-10,2,2,5,3,0,2.0701446084103785e-08,0.90104252272148
595,1.5459375000000002,2.1190953722674544e-13,6.781105191255854e-10,2,2,5,3,0,2.0647928185575453e-08,0.9008307668904363
596,1.5462500000000001,2.1176100152911492e-13,6.776352048931678e-10,2,2,5,3,0,2.0594543275756003e-08,0.9006185859322466
597,1.5465625,2.1152231442084224e-13,6.768714061466952e-10,2,2,5,3,0,2.0541291046755946e-08,0.9004059790358709
598,1.546875,2.115385232433209e-13,6.769232743786269e-10,2,2,5,3,0,2.0488171191307036e-08,0.9001929453903611
599,1.5471875000000002,2.1143303037193806e-13,6.765856971902018e-10,2,2,5,3,0,2.0435183402760993e-08,0.8999794841848484
600,1.5475,2.114270672599894e-13,6.76566615231966e-10,2,2,5,3,0,2.038232737508792e-08,0.8997655946085288
601,1.5478125,2.1133203693957103e-13,6.762625182066273e-10,2,2,5,3,0,2.0329602802874922e-08,0.8995512758506494
602,1.5481250000000002,2.1121662361830995e-13,6.758931955785918e-10,2,2,5,3,0,2.0277009381324406e-08,0.8993365271004944
603,1.5484375000000001,2.109635166211432e-13,6.750832531876583e-10,2,2,5,3,0,2.0224546806252703e-08,0.8991213475473712
604,1.54875,2.1105805905058395e-13,6.753857889618686e-10,2,2,5,3,0,2.0172214774088447e-08,0.8989057363805963
605,1.5490625,2.1104537388516587e-13,6.753451964325308e-10,2,2,5,3,0,2.0120012981870912e-08,0.8986896927894823
606,1.5493750000000002,2.1088030410440495e-13,6.748169731340958e-10,2,2,5,3,0,2.0067941127248303e-08,0.8984732159633234
607,1.5496875,2.1073268997862105e-13,6.743446079315873e-10,2,2,5,3,0,2.0015998908476282e-08,0.8982563050913829
608,1.55,2.1067712461728116e-13,6.741667987752997e-10,2,2,5,3,0,1.996418602441612e-08,0.8980389593628791
609,1.5503125,2.1072867843058285e-13,6.743317709778651e-10,2,2,5,3,0,1.9912502174532953e-08,0.8978211779669719
610,1.5506250000000001,2.1043323333858055e-13,6.733863466834578e-10,2,2,5,3,0,1.9860947058894205e-08,0.8976029600927502
611,1.5509375,2.1035197238575276e-13,6.731263116344088e-10,2,2,5,3,0,1.9809520378167586e-08,0.8973843049292177
612,1.55125,2.1021991656114403e-13,6.727037329956609e-10,2,2,5,3,0,1.9758221833619477e-08,0.8971652116652812
613,1.5515625000000002,2.102151460715851e-13,6.726884674290723e-10,2,2,5,3,0,1.9707051127112996e-08,0.8969456794897369
614,1.5518750000000001,2.1001077396207157e-13,6.72034476678629e-10,2,2,5,3,0,1.965600796110621e-08,0.896725707591258
615,1.5521875,2.0983334427654432e-13,6.714667016849418e-10,2,2,5,3,0,1.9605092038650258e-08,0.896505295158382
616,1.5525000000000002,2.097433012861194e-13,6.711785641155821e-10,2,2,5,3,0,1.9554303063387368e-08,0.8962844413794979
617,1.5528125000000002,2.0980987129951e-13,6.71391588158432e-10,2,2,5,3,0,1.9503640739549054e-08,0.8960631454428346
618,1.553125,2.0973332662613253e-13,6.711466452036241e-10,2,2,5,3,0,1.9453104771954106e-08,0.8958414065364485
619,1.5534375,2.0947057022963067e-13,6.703058247348181e-10,2,2,5,3,0,1.940269486600681e-08,0.8956192238482109
620,1.5537500000000002,2.09417715373722e-13,6.701366891959104e-10,2,2,5,3,0,1.9352410727694653e-08,0.895396596565797
621,1.5540625000000001,2.093766241113848e-13,6.700051971564314e-10,2,2,5,3,0,1.930225206358663e-08,0.8951735238766738
622,1.554375,2.092986699751831e-13,6.697557439205859e-10,2,2,5,3,0,1.9252218580831204e-08,0.894950004968089
623,1.5546875,2.091450385273419e-13,6.692641232874941e-10,2,2,5,3,0,1.920230998715415e-08,0.8947260390270589
624,1.5550000000000002,2.0896701253061978e-13,6.686944400979833e-10,2,2,5,3,0,1.9152525990856584e-08,0.8945016252403585
625,1.5553125,2.0888558894746612e-13,6.684338846318916e-10,2,2,5,3,0,1.9102866300812908e-08,0.8942767627945093
626,1.555625,2.0873130697832143e-13,6.679401823306286e-10,2,2,5,3,0,1.905333062646891e-08,0.8940514508757694
627,1.5559375000000002,2.0869249254054645e-13,6.678159761297486e-10,2,2,5,3,0,1.9003918677839462e-08,0.8938256886701229
628,1.5562500000000001,2.085168517886038e-13,6.672539257235321e-10,2,2,5,3,0,1.895463016550659e-08,0.8935994753632689
629,1.5565625,2.0827382787164117e-13,6.664762491892517e-10,2,2,5,3,0,1.890546480061737e-08,0.8933728101406122
630,1.556875,2.083377415897092e-13,6.666807730870694e-10,2,2,5,3,0,1.885642229488174e-08,0.8931456921872535
631,1.5571875000000002,2.0826439531274055e-13,6.664460650007697e-10,2,2,5,3,0,1.8807502360570595e-08,0.8929181206879783
632,1.5575,2.0811190227718046e-13,6.659580872869775e-10,2,2,5,3,0,1.8758704710513515e-08,0.892690094827249
633,1.5578125,2.0809450083231207e-13,6.659024026633986e-10,2,2,5,3,0,1.8710029058096762e-08,0.8924616137891949
634,1.558125,2.0790828910918768e-13,6.653065251494006e-10,2,2,5,3,0,1.8661475117261084e-08,0.892232676757603
635,1.5584375000000001,2.0772191475573742e-13,6.647101272183598e-10,2,2,5,3,0,1.8613042602499647e-08,0.8920032829159098
636,1.55875,2.077225110669323e-13,6.647120354141833e-10,2,2,5,3,0,1.8564731228855936e-08,0.8917734314471926
637,1.5590625,2.0744614793316574e-13,6.638276733861304e-10,2,2,5,3,0,1.8516540711921658e-08,0.8915431215341606
638,1.5593750000000002,2.0732119363278678e-13,6.634278196249177e-10,2,2,5,3,0,1.8468470767834653e-08,0.8913123523591475
639,1.5596875000000001,2.0722269386541647e-13,6.631126203693327e-10,2,2,5,3,0,1.8420521113276766e-08,0.8910811231041031
640,1.56,2.070206527905738e-13,6.624660889298362e-10,2,2,5,3,0,1.8372691465471593e-08,0.8908494329505863
641,1.5603125000000002,2.0701924332774957e-13,6.624615786487986e-10,2,2,5,3,0,1.8324981542182713e-08,0.8906172810797572
642,1.5606250000000002,2.0684105470070158e-13,6.61891375042245e-10,2,2,5,3,0,1.827739106171136e-08,0.8903846666723704
643,1.5609375,2.0675540272907522e-13,6.616172887330407e-10,2,2,5,3,0,1.8229919742894358e-08,0.890151588908768
644,1.56125,2.0667278652353183e-13,6.613529168753018e-10,2,2,5,3,0,1.8182567305102124e-08,0.8899180469688726
645,1.5615625000000002,2.0658523719810362e-13,6.610727590339316e-10,2,2,5,3,0,1.8135333468236693e-08,0.8896840400321819
646,1.5618750000000001,2.0633765963201656e-13,6.60280510822453e-10,2,2,5,3,0,1.8088217952729384e-08,0.8894495672777623
647,1.5621875,2.0617708929027145e-13,6.597666857288687e-10,2,2,5,3,0,1.8041220479539094e-08,0.8892146278842419
648,1.5625,2.0619183443981726e-13,6.598138702074152e-10,2,2,5,3,0,1.7994340770150087e-08,0.8889792210298071
649,1.5628125000000002,2.0596989825510947e-13,6.591036744163503e-10,2,2,5,3,0,1.7947578546569937e-08,0.8887433458921955
650,1.563125,2.058140984029233e-13,6.586051148893546e-10,2,2,5,3,0,1.790093353132773e-08,0.888507001648692
651,1.5634375,2.0562143567687263e-13,6.579885941659924e-10,2,2,5,3,0,1.7854405447471894e-08,0.8882701874761236
652,1.5637500000000002,2.0554017472404484e-13,6.577285591169435e-10,2,2,5,3,0,1.780799401856837e-08,0.8880329025508549
653,1.5640625000000001,2.0540356525031167e-13,6.572914088009973e-10,2,2,5,3,0,1.7761698968698616e-08,0.8877951460487838
654,1.564375,2.0538502539316217e-13,6.572320812581189e-10,2,2,5,3,0,1.771543863250916e-08,0.8875569171453385
655,1.5646875,2.0520548151339857e-13,6.566575408428754e-10,2,2,5,3,0,1.7668952277220724e-08,0.8873182150154725
656,1.5650000000000002,2.0489745967619544e-13,6.556718709638254e-10,2,2,5,3,0,1.7622584234626007e-08,0.8870790388336621
657,1.5653125,2.0478876840840377e-13,6.55324058906892e-10,2,2,5,3,0,1.7576334219679195e-08,0.886846067639743
658,1.565625,2.045954551610496e-13,6.547054565153587e-10,2,2,5,3,0,1.753020194785648e-08,0.8866210271404109
659,1.5659375,2.0462299389623073e-13,6.547935804679383e-10,2,2,5,3,0,1.7484187135154185e-08,0.8863955459806895
660,1.5662500000000001,2.0430488897882348e-13,6.537756447322352e-10,2,2,5,3,0,1.7438289498086852e-08,0.8861696234004588
661,1.5665625,2.0428493965884975e-13,6.537118069083192e-10,2,2,5,3,0,1.7392508753685533e-08,0.885943258638587
662,1.566875,2.0417332104519237e-13,6.533546273446156e-10,2,2,5,3,0,1.734684461949592e-08,0.885716450932932
663,1.5671875000000002,2.0385207194148491e-13,6.523266302127517e-10,2,2,5,3,0,1.7301296813576525e-08,0.8854891995203421
664,1.5675000000000001,2.0377726199158341e-13,6.520872383730669e-10,2,2,5,3,0,1.725586505449718e-08,0.8852615036366597
665,1.5678125,2.037274429017577e-13,6.519278172856247e-10,2,2,5,3,0,1.7210549061337176e-08,0.8850333625167222
666,1.5681250000000002,2.0354551377721464e-13,6.513456440870868e-10,2,2,5,3,0,1.716534855368373e-08,0.8848047753943655
667,1.5684375000000002,2.033256917867432e-13,6.506422137175782e-10,2,2,5,3,0,1.712026325163022e-08,0.8845757415024276
668,1.56875,2.0326237437987005e-13,6.504395980155842e-10,2,2,5,3,0,1.7075292875774896e-08,0.8843462600727509
669,1.5690625,2.0305361125155796e-13,6.497715560049855e-10,2,2,5,3,0,1.7030437147219003e-08,0.8841163303361874
670,1.5693750000000002,2.029679592799316e-13,6.494974696957811e-10,2,2,5,3,0,1.6985695787565625e-08,0.8838859515226023
671,1.5696875000000001,2.0268644618584575e-13,6.485966277947064e-10,2,2,5,3,0,1.694106851891803e-08,0.8836551228608784
672,1.57,2.024755146531887e-13,6.479216468902038e-10,2,2,5,3,0,1.6896555063878265e-08,0.883423843578922
673,1.5703125,2.024665699852657e-13,6.478930239528502e-10,2,2,5,3,0,1.685215514554587e-08,0.8831921129036674
674,1.5706250000000002,2.0226772730683185e-13,6.472567273818619e-10,2,2,5,3,0,1.6807868487516528e-08,0.8829599300610826
675,1.5709375,2.021280278569071e-13,6.468096891421027e-10,2,2,5,3,0,1.676369481388067e-08,0.8827272942761761
676,1.57125,2.0187443296876273e-13,6.459981855000407e-10,2,2,5,3,0,1.6719633849222374e-08,0.8824942047730024
677,1.5715625000000002,2.017381487556813e-13,6.455620760181802e-10,2,2,5,3,0,1.66756853186181e-08,0.8822606607746691
678,1.5718750000000001,2.0172757778449957e-13,6.455282489103986e-10,2,2,5,3,0,1.6631848947635435e-08,0.8820266615033436
679,1.5721875,2.013384034146859e-13,6.442828909269949e-10,2,2,5,3,0,1.6588124462332085e-08,0.8817922061802616
680,1.5725,2.0136480373758592e-13,6.443673719602749e-10,2,2,5,3,0,1.6544511589254706e-08,0.8815572940257332
681,1.5728125000000002,2.0115701639122907e-13,6.43702452451933e-10,2,2,5,3,0,1.6501010055437982e-08,0.8813219242591523
682,1.573125,2.0076079470729424e-13,6.424345430633416e-10,2,2,5,3,0,1.645761958840351e-08,0.8810860960990037
683,1.5734375,2.0083267731133003e-13,6.426645673962561e-10,2,2,5,3,0,1.6414339916158796e-08,0.880849808762873
684,1.57375,2.0055083895659243e-13,6.417626846610958e-10,2,2,5,3,0,1.6371170767196548e-08,0.8806130614674549
685,1.5740625000000001,2.004125489694919e-13,6.413201567023741e-10,2,2,5,3,0,1.632811187049358e-08,0.8803758534285624
686,1.574375,2.0013775792887545e-13,6.404408253724014e-10,2,2,5,3,0,1.6285162955510116e-08,0.8801381838611365
687,1.5746875,2.00125126973566e-13,6.404004063154112e-10,2,2,5,3,0,1.6242323752188936e-08,0.8799000519792557
688,1.5750000000000002,1.9979303584813368e-13,6.393377147140278e-10,2,2,5,3,0,1.6199593990954703e-08,0.8796614569961472
689,1.5753125000000001,1.9969377713924263e-13,6.390200868455764e-10,2,2,5,3,0,1.6156973402713217e-08,0.8794223981241963
690,1.575625,1.9929343548705236e-13,6.377389935585676e-10,2,2,5,3,0,1.6114461718850666e-08,0.8791828745749573
691,1.5759375000000002,1.9929766387552506e-13,6.377525244016802e-10,2,2,5,3,0,1.607205867123323e-08,0.8789428855591647
692,1.5762500000000002,1.989822152534404e-13,6.367430888110093e-10,2,2,5,3,0,1.602976399220627e-08,0.878702430286744
693,1.5765625,1.9895332126554366e-13,6.366506280497397e-10,2,2,5,3,0,1.5987577414593972e-08,0.8784615079668239
694,1.576875,1.9869132381056254e-13,6.358122361938001e-10,2,2,5,3,0,1.594549867169873e-08,0.8782201178077471
695,1.5771875000000002,1.9863933631639186e-13,6.356458762124539e-10,2,2,5,3,0,1.5903527497300792e-08,0.8779782590170832
696,1.5775000000000001,1.9829304214249999e-13,6.34537734856e-10,2,2,5,3,0,1.5861663625657712e-08,0.87773593080164
697,1.5778125,1.9816917204429352e-13,6.341413505417393e-10,2,2,5,3,0,1.581990679150425e-08,0.8774931323674766
698,1.578125,1.9788630369749205e-13,6.332361718319746e-10,2,2,5,3,0,1.577825673005177e-08,0.8772498629199157
699,1.5784375000000002,1.9768312421036827e-13,6.325859974731785e-10,2,2,5,3,0,1.5736713176988102e-08,0.8770061216635567
700,1.57875,1.9748970254279685e-13,6.319670481369499e-10,2,2,5,3,0,1.5695275868477255e-08,0.8767619078022885
701,1.5790625,1.9743663084645369e-13,6.317972187086518e-10,2,2,5,3,0,1.565394454115919e-08,0.8765172205393028
702,1.5793750000000002,1.9714064365336514e-13,6.308500596907685e-10,2,2,5,3,0,1.5612718932149807e-08,0.8762720590771079
703,1.5796875000000001,1.9687073152252488e-13,6.299863408720796e-10,2,2,5,3,0,1.5571598779040626e-08,0.8760264226175417
704,1.58,1.9671617850283707e-13,6.294917712090786e-10,2,2,5,3,0,1.5530583819898864e-08,0.8757803103617862
705,1.5803125,1.966313938929487e-13,6.292204604574358e-10,2,2,5,3,0,1.5489673793267237e-08,0.875533721510381
706,1.5806250000000002,1.9626238568354326e-13,6.280396341873384e-10,2,2,5,3,0,1.5448868438164144e-08,0.8752866552632375
707,1.5809375,1.9620568190992227e-13,6.278581821117513e-10,2,2,5,3,0,1.5408167494083525e-08,0.8750391108196535
708,1.58125,1.9582474747661949e-13,6.266391919251824e-10,2,2,5,3,0,1.536757070099507e-08,0.8747910873783273
709,1.5815625,1.956130570024417e-13,6.259617824078134e-10,2,2,5,3,0,1.5327077799344268e-08,0.8745425841373724
710,1.5818750000000001,1.9555629901871208e-13,6.257801568598786e-10,2,2,5,3,0,1.5286688530052502e-08,0.8742936002943319
711,1.5821875,1.9526540757583422e-13,6.248493042426695e-10,2,2,5,3,0,1.524640263451735e-08,0.8740441350461937
712,1.5825,1.9510651774745646e-13,6.243408567918607e-10,2,2,5,3,0,1.5206219854612765e-08,0.8737941875894054
713,1.5828125000000002,1.9488176263710022e-13,6.236216404387207e-10,2,2,5,3,0,1.516613993268927e-08,0.8735437571198891
714,1.5831250000000001,1.946179762485345e-13,6.227775239953104e-10,2,2,5,3,0,1.5126162611574396e-08,0.8732928428330563
715,1.5834375,1.9442222354629224e-13,6.221511153481352e-10,2,2,5,3,0,1.5086287634572837e-08,0.8730414439238237
716,1.5837500000000002,1.9442910823008752e-13,6.221731463362801e-10,2,2,5,3,0,1.5046514745466897e-08,0.8727895595866278
717,1.5840625000000002,1.9447453630111466e-13,6.223185161635669e-10,2,2,5,3,0,1.5006843688516928e-08,0.872537189015441
718,1.584375,1.946506107339263e-13,6.228819543485642e-10,2,2,5,3,0,1.4967274208461716e-08,0.8722843314037861
719,1.5846875,1.9461456101169117e-13,6.227665952374117e-10,2,2,5,3,0,1.4927806050518945e-08,0.8720309859447523
720,1.5850000000000002,1.9475138732585884e-13,6.232044394427483e-10,2,2,5,3,0,1.4888438960385705e-08,0.8717771518310102
721,1.5853125000000001,1.946664400856446e-13,6.229326082740627e-10,2,2,5,3,0,1.4849172684239008e-08,0.8715228282548283
722,1.585625,1.9466774112825158e-13,6.229367716104051e-10,2,2,5,3,0,1.4810006968736329e-08,0.8712680144080869
723,1.5859375,1.947997427427517e-13,6.233591767768054e-10,2,2,5,3,0,1.4770941561016275e-08,0.8710127094822953
724,1.5862500000000002,1.948718963973306e-13,6.235900684714579e-10,2,2,5,3,0,1.4731976208699114e-08,0.8707569126686058
725,1.5865625,1.9481280737893014e-13,6.234009836125765e-10,2,2,5,3,0,1.4693110659887534e-08,0.8705006231578306
726,1.586875,1.9479513488351863e-13,6.233444316272596e-10,2,2,5,3,0,1.4654344663167175e-08,0.8702438401404564
727,1.5871875000000002,1.9491309607988505e-13,6.237219074556322e-10,2,2,5,3,0,1.4615677967607458e-08,0.86998656280666
728,1.5875000000000001,1.950733411609784e-13,6.242346917151309e-10,2,2,5,3,0,1.4577110322762312e-08,0.869728790346324
729,1.5878125,1.9499256809912824e-13,6.239762179172104e-10,2,2,5,3,0,1.453864147867086e-08,0.8694705219490522
730,1.588125,1.9507507588445439e-13,6.24240242830254e-10,2,2,5,3,0,1.4500271185858247e-08,0.8692117568041847
731,1.5884375000000002,1.9506689015805212e-13,6.242140485057668e-10,2,2,5,3,0,1.446199919533652e-08,0.868952494100813
732,1.58875,1.9514397693251584e-13,6.244607261840507e-10,2,2,5,3,0,1.4423825258605359e-08,0.868692733027796
733,1.5890625,1.9522030476545882e-13,6.247049752494682e-10,2,2,5,3,0,1.4385749127653022e-08,0.8684324727737743
734,1.589375,1.951356285757877e-13,6.244340114425206e-10,2,2,5,3,0,1.4347770554957232e-08,0.8681717125271857
735,1.5896875000000001,1.9528421848352684e-13,6.249094991472859e-10,2,2,5,3,0,1.4309889293486045e-08,0.8679104514762799
736,1.59,1.9523808568108758e-13,6.247618741794803e-10,2,2,5,3,0,1.4272105096698854e-08,0.8676486888091333
737,1.5903125,1.9536434102407352e-13,6.251658912770353e-10,2,2,5,3,0,1.4234417718547232e-08,0.8673864237136643
738,1.5906250000000002,1.9521320324122904e-13,6.246822503719329e-10,2,2,5,3,0,1.4196826913475977e-08,0.8671236553776472
739,1.5909375000000001,1.9523624253739436e-13,6.247559761196619e-10,2,2,5,3,0,1.4159332436424208e-08,0.8668603829887275
740,1.59125,1.9538770558089058e-13,6.252406578588499e-10,2,2,5,3,0,1.4121934042826195e-08,0.8665966057344348
741,1.5915625000000002,1.9538727190002159e-13,6.252392700800691e-10,2,2,5,3,0,1.408463148861258e-08,0.8663323228021985
742,1.5918750000000002,1.9542174952910663e-13,6.253495984931412e-10,2,2,5,3,0,1.4047424530211299e-08,0.8660675333793614
743,1.5921875,1.9539768024087745e-13,6.252725767708078e-10,2,2,5,3,0,1.4010312924548707e-08,0.8658022366531928
744,1.5925,1.9541264223085775e-13,6.253204551387448e-10,2,2,5,3,0,1.3973296429050705e-08,0.8655364318109035
745,1.5928125000000002,1.9544218674005798e-13,6.254149975681855e-10,2,2,5,3,0,1.3936374801643795e-08,0.8652701180396583
746,1.5931250000000001,1.9546961705502186e-13,6.2550277457607e-10,2,2,5,3,0,1.3899547800756235e-08,0.8650032945265897
747,1.5934375,1.9538569980687148e-13,6.252342393819887e-10,2,2,5,3,0,1.3862815185319179e-08,0.8647359604588114
748,1.59375,1.953319233791162e-13,6.250621548131718e-10,2,2,5,3,0,1.3826176714767814e-08,0.8644681150234304
749,1.5940625000000002,1.9548224801033132e-13,6.255431936330602e-10,2,2,5,3,0,1.378963214904256e-08,0.8641997574075602
750,1.594375,1.9549032531651633e-13,6.255690410128523e-10,2,2,5,3,0,1.3753181248590198e-08,0.8639308867983341
751,1.5946875,1.955972276507234e-13,6.259111284823149e-10,2,2,5,3,0,1.3716823774365065e-08,0.8636615023829162
752,1.5950000000000002,1.9551406934409377e-13,6.256450219011e-10,2,2,5,3,0,1.3680559487830369e-08,0.8633916033485144
753,1.5953125000000001,1.9552588714777386e-13,6.256828388728763e-10,2,2,5,3,0,1.364438815095922e-08,0.863121188882392
754,1.595625,1.9559061401747124e-13,6.25889964855908e-10,2,2,5,3,0,1.3608309526236051e-08,0.8628502581718791
755,1.5959375,1.9554681224970283e-13,6.25749799199049e-10,2,2,5,3,0,1.3572323376657734e-08,0.8625788104043843
756,1.5962500000000002,1.9565344353336678e-13,6.260910193067737e-10,2,2,5,3,0,1.3536429465734865e-08,0.8623068447674055
757,1.5965625,1.9557093574804063e-13,6.2582699439373e-10,2,2,5,3,0,1.3500627557492904e-08,0.8620343604485412
758,1.596875,1.9545102298776373e-13,6.25443273560844e-10,2,2,5,3,0,1.3464917416473628e-08,0.8617613566355011
759,1.5971875,1.9558307881237247e-13,6.258658521995919e-10,2,2,5,3,0,1.3429298807736245e-08,0.8614878325161163
760,1.5975000000000001,1.9559137295899198e-13,6.258923934687743e-10,2,2,5,3,0,1.3393771496858757e-08,0.8612137872783489
761,1.5978125,1.9552089981778042e-13,6.256668794168974e-10,2,2,5,3,0,1.3358335249939139e-08,0.8609392201103028
762,1.598125,1.9548127222837608e-13,6.255400711308035e-10,2,2,5,3,0,1.332298983359669e-08,0.8606641302002326
763,1.5984375000000002,1.9539567446685835e-13,6.252661582939467e-10,2,2,5,3,0,1.3287735014973304e-08,0.8603885167365531
764,1.5987500000000001,1.9553217552037427e-13,6.257029616651977e-10,2,2,5,3,0,1.3252570561734739e-08,0.8601123789078485
765,1.5990625,1.9547693541968614e-13,6.255261933429956e-10,2,2,5,3,0,1.3217496242071929e-08,0.8598357159028808
766,1.5993750000000002,1.956628760922674e-13,6.261212034952557e-10,2,2,5,3,0,1.3182511824702182e-08,0.8595585269105982
767,1.5996875000000002,1.9545931713438325e-13,6.254698148300264e-10,2,2,5,3,0,1.3147617078870603e-08,0.8592808111201434
768,1.6,1.9547579700740503e-13,6.255225504236961e-10,2,2,5,3,0,1.3112811774351306e-08,0.8590025677208618
769,1.6003125,1.9543410943387296e-13,6.253891501883935e-10,2,2,5,3,0,1.3078095681448743e-08,0.8587237959023085
770,1.6006250000000002,1.954761764781654e-13,6.255237647301293e-10,2,2,5,3,0,1.3043468570998899e-08,0.8584444948542558
771,1.6009375000000001,1.9536981624504457e-13,6.251834119841426e-10,2,2,5,3,0,1.3008930214370649e-08,0.8581646637667003
772,1.60125,1.9549065057716808e-13,6.255700818469379e-10,2,2,5,3,0,1.2974480383467024e-08,0.8578843018298697
773,1.6015625,1.9547650173881714e-13,6.255248055642149e-10,2,2,5,3,0,1.2940118850726509e-08,0.857603408234229
774,1.6018750000000002,1.9543606099778343e-13,6.25395395192907e-10,2,2,5,3,0,1.2905845389124268e-08,0.8573219821704862
775,1.6021875,1.9538835610219407e-13,6.25242739527021e-10,2,2,5,3,0,1.2871659772173386e-08,0.8570400228295995
776,1.6025,1.9548035065652947e-13,6.255371221008943e-10,2,2,5,3,0,1.2837561773926261e-08,0.8567575294027813
777,1.6028125000000002,1.9554323438253363e-13,6.257383500241076e-10,2,2,5,3,0,1.2803551168975709e-08,0.8564745010815045
778,1.6031250000000001,1.9554084913775416e-13,6.257307172408133e-10,2,2,5,3,0,1.2769627732456254e-08,0.8561909370575074
779,1.6034375,1.953580526514731e-13,6.251457684847139e-10,2,2,5,3,0,1.2735791240045395e-08,0.8559068365227975
780,1.60375,1.9537084623710843e-13,6.25186707958747e-10,2,2,5,3,0,1.2702041467964769e-08,0.8556221986696573
781,1.6040625000000002,1.952457293064036e-13,6.247863337804915e-10,2,2,5,3,0,1.2668378192981455e-08,0.8553370226906472
782,1.604375,1.9518761606995838e-13,6.246003714238668e-10,2,2,5,3,0,1.2634801192409134e-08,0.8550513077786104
783,1.6046875,1.9530698672914903e-13,6.249823575332769e-10,2,2,5,3,0,1.2601310244109247e-08,0.8547650531266758
784,1.605,1.95103265140939e-13,6.243304484510048e-10,2,2,5,3,0,1.256790512649222e-08,0.8544782579282617
785,1.6053125000000001,1.950684080410936e-13,6.242189057314995e-10,2,2,5,3,0,1.2534585618518592e-08,0.854190921377079
786,1.605625,1.9507507588445439e-13,6.24240242830254e-10,2,2,5,3,0,1.2501351499700298e-08,0.853903042667134
787,1.6059375,1.9499186336771612e-13,6.239739627766916e-10,2,2,5,3,0,1.2468202550101651e-08,0.8536146209927308
788,1.6062500000000002,1.9498015398425328e-13,6.239364927496105e-10,2,2,5,3,0,1.2435138550340495e-08,0.853325655548474
789,1.6065625000000001,1.9501468582344694e-13,6.240469946350302e-10,2,2,5,3,0,1.240215928158947e-08,0.8530361455292704
790,1.606875,1.950860263263965e-13,6.242752842444688e-10,2,2,5,3,0,1.23692645255769e-08,0.8527460901303316
791,1.6071875000000002,1.9485102550551026e-13,6.235232816176328e-10,2,2,5,3,0,1.2336454064587954e-08,0.8524554885471756
792,1.6075000000000002,1.947430389691307e-13,6.231777247012182e-10,2,2,5,3,0,1.2303727681465827e-08,0.8521643399756275
793,1.6078125,1.948665295965768e-13,6.235728947090458e-10,2,2,5,3,0,1.2271085159612568e-08,0.8518726436118217
794,1.608125,1.949029587895723e-13,6.236894681266314e-10,2,2,5,3,0,1.2238526282990238e-08,0.8515803986522033
795,1.6084375000000002,1.9480679005687285e-13,6.233817281819931e-10,2,2,5,3,0,1.2206050836121885e-08,0.8512876042935276
796,1.6087500000000001,1.946215541157037e-13,6.227889731702518e-10,2,2,5,3,0,1.217365860409254e-08,0.8509942597328627
797,1.6090625,1.947537725706383e-13,6.232120722260426e-10,2,2,5,3,0,1.2141349372550206e-08,0.850700364167589
798,1.609375,1.9470346558983498e-13,6.230510898874719e-10,2,2,5,3,0,1.2109122927706668e-08,0.8504059167953999
799,1.6096875000000002,1.9447177158557483e-13,6.223096690738394e-10,2,2,5,3,0,1.2076979056338613e-08,0.8501109168143027
800,1.61,1.946486049599072e-13,6.228755358717031e-10,2,2,5,3,0,1.2044917545788376e-08,0.8498153634226179
801,1.6103125,1.9440520157218422e-13,6.220966450309895e-10,2,2,5,3,0,1.201293818396483e-08,0.8495192558189802
802,1.6106250000000002,1.9438248753667065e-13,6.220239601173461e-10,2,2,5,3,0,1.1981040759344306e-08,0.8492225932023385
803,1.6109375000000001,1.9426653211432332e-13,6.216529027658346e-10,2,2,5,3,0,1.1949225060971368e-08,0.8489253747719552
804,1.61125,1.9426235793595925e-13,6.216395453950696e-10,2,2,5,3,0,1.19174908784596e-08,0.8486275997274068
805,1.6115625000000002,1.942499438210843e-13,6.215998202274697e-10,2,2,5,3,0,1.1885838001992474e-08,0.8483292672685828
806,1.6118750000000002,1.9417708543509327e-13,6.213666733922985e-10,2,2,5,3,0,1.185426622232397e-08,0.8480303765956871
807,1.6121875,1.9391042591077046e-13,6.205133629144655e-10,2,2,5,3,0,1.1822775330779366e-08,0.8477309269092367
808,1.6125,1.9399385526794322e-13,6.207803368574183e-10,2,2,5,3,0,1.1791365119255926e-08,0.8474309174100612
809,1.6128125,1.9397141228297277e-13,6.207085193055129e-10,2,2,5,3,0,1.1760035380223558e-08,0.847130347299303
810,1.6131250000000001,1.9395433609875612e-13,6.206538755160196e-10,2,2,5,3,0,1.1728785906725494e-08,0.8468292157784174
811,1.6134375,1.9375478868891016e-13,6.200153238045125e-10,2,2,5,3,0,1.1697616492378803e-08,0.846527522049172
812,1.61375,1.937048611788672e-13,6.198555557723751e-10,2,2,5,3,0,1.1666526931375122e-08,0.8462252653136473
813,1.6140625000000002,1.937128842749436e-13,6.198812296798195e-10,2,2,5,3,0,1.1635517018481012e-08,0.8459224447742353
814,1.6143750000000001,1.9366875724652344e-13,6.19740023188875e-10,2,2,5,3,0,1.1604586549038623e-08,0.8456190596336407
815,1.6146875,1.9342264335336923e-13,6.189524587307815e-10,2,2,5,3,0,1.1573735318966151e-08,0.8453151090948811
816,1.6150000000000002,1.9344427318671031e-13,6.19021674197473e-10,2,2,5,3,0,1.1542963124758329e-08,0.8450105923612866
817,1.6153125000000002,1.9328148023051162e-13,6.185007367376372e-10,2,2,5,3,0,1.1512269763486695e-08,0.8447055086365005
818,1.615625,1.9325193572131139e-13,6.184061943081964e-10,2,2,5,3,0,1.14816550328002e-08,0.8443998571244802
819,1.6159375,1.9326689771129169e-13,6.184540726761334e-10,2,2,5,3,0,1.1451118730925427e-08,0.8440936370294972
820,1.61625,1.9300576761804855e-13,6.176184563777554e-10,2,2,5,3,0,1.142066065666694e-08,0.8437868475561393
821,1.6165625000000001,1.9299167298980624e-13,6.1757335356738e-10,2,2,5,3,0,1.1390280609407647e-08,0.8434794879093109
822,1.616875,1.928006365670143e-13,6.169620370144457e-10,2,2,5,3,0,1.1359978389108988e-08,0.843171557294234
823,1.6171875,1.9284053520696176e-13,6.170897126622776e-10,2,2,5,3,0,1.1329753796311225e-08,0.8428630549164513
824,1.6175000000000002,1.9270392573322859e-13,6.166525623463315e-10,2,2,5,3,0,1.1299606632133509e-08,0.8425539799818267
825,1.6178125,1.9253598281671058e-13,6.161151450134739e-10,2,2,5,3,0,1.1269536698274217e-08,0.8422443316965482
826,1.618125,1.926447825047195e-13,6.164633040151024e-10,2,2,5,3,0,1.1239543797010932e-08,0.8419341092671306
827,1.6184375000000002,1.9245932972311586e-13,6.158698551139707e-10,2,2,5,3,0,1.1209627731200572e-08,0.8416233119004181
828,1.6187500000000001,1.9239351865124599e-13,6.156592596839872e-10,2,2,5,3,0,1.1179788304279472e-08,0.8413119388035875
829,1.6190625,1.9217369666077455e-13,6.149558293144786e-10,2,2,5,3,0,1.1150025320263373e-08,0.8409999891841518
830,1.6193750000000002,1.9217835873011624e-13,6.14970747936372e-10,2,2,5,3,0,1.1120338583747418e-08,0.8406874622499645
831,1.6196875000000002,1.9191256656753142e-13,6.141202130161005e-10,2,2,5,3,0,1.1090727899906028e-08,0.8403743572092238
832,1.62,1.9204456818203153e-13,6.145426181825009e-10,2,2,5,3,0,1.10611930744929e-08,0.8400606732704773
833,1.6203125,1.9202456465194917e-13,6.144786068862373e-10,2,2,5,3,0,1.1031733913840853e-08,0.8397464096426273
834,1.620625,1.91822306736672e-13,6.138313815573504e-10,2,2,5,3,0,1.1002350224861609e-08,0.8394315655349367
835,1.6209375000000001,1.9157342812797795e-13,6.130349700095294e-10,2,2,5,3,0,1.0973041815045593e-08,0.8391161401570352
836,1.62125,1.9157364496841245e-13,6.130356638989198e-10,2,2,5,3,0,1.0943808492461774e-08,0.838800132718926
837,1.6215625,1.9139908841864228e-13,6.124770829396553e-10,2,2,5,3,0,1.0914650065757297e-08,0.838483542430993
838,1.6218750000000002,1.911532455760312e-13,6.116903858432998e-10,2,2,5,3,0,1.0885566344157154e-08,0.8381663685040087
839,1.6221875000000001,1.9117129754220308e-13,6.117481521350498e-10,2,2,5,3,0,1.0856557137463927e-08,0.8378486101491429
840,1.6225,1.9107480354885187e-13,6.11439371356326e-10,2,2,5,3,0,1.0827622256057318e-08,0.8375302665779707
841,1.6228125000000002,1.9094773505423657e-13,6.11032752173557e-10,2,2,5,3,0,1.0798761510893656e-08,0.837211337002483
842,1.6231250000000002,1.9086278781402233e-13,6.107609210048714e-10,2,2,5,3,0,1.0769974713505588e-08,0.8368918206350964
843,1.6234375,1.9086349254543444e-13,6.107631761453902e-10,2,2,5,3,0,1.0741261676001435e-08,0.8365717166886636
844,1.62375,1.9062464280683589e-13,6.099988569818748e-10,2,2,5,3,0,1.0712622211064672e-08,0.8362510243764855
845,1.6240625,1.9046109090911645e-13,6.094754909091726e-10,2,2,5,3,0,1.0684056131953378e-08,0.8359297429123228
846,1.6243750000000001,1.9034578600807261e-13,6.091065152258324e-10,2,2,5,3,0,1.0655563252499545e-08,0.8356078715104092
847,1.6246875,1.902729276220816e-13,6.088733683906611e-10,2,2,5,3,0,1.0627143387108525e-08,0.8352854093854646
848,1.625,1.9018890195371396e-13,6.086044862518847e-10,2,2,5,3,0,1.0598796350758187e-08,0.8349623557527095
849,1.6253125000000002,1.9004199255934218e-13,6.08134376189895e-10,2,2,5,3,0,1.0570521958998269e-08,0.83463870982788
850,1.625625,1.899552021754347e-13,6.078566469613911e-10,2,2,5,3,0,1.05423200279496e-08,0.8343144708272435
851,1.6259375,1.8962901995184245e-13,6.068128638458958e-10,2,2,5,3,0,1.051419037430321e-08,0.8339896379676149
852,1.6262500000000002,1.8953068281479801e-13,6.064981850073536e-10,2,2,5,3,0,1.0486132815319588e-08,0.8336642104663743
853,1.6265625000000001,1.8942513573330655e-13,6.06160434346581e-10,2,2,5,3,0,1.0458147168827665e-08,0.8333381875414848
854,1.626875,1.893580236188297e-13,6.05945675580255e-10,2,2,5,3,0,1.0430233253223962e-08,0.833011568411511
855,1.6271875000000002,1.8919870010958295e-13,6.054358403506654e-10,2,2,5,3,0,1.0402390887471615e-08,0.8326843522956398
856,1.6275000000000002,1.8908166048506314e-13,6.05061313552202e-10,2,2,5,3,0,1.037461989109936e-08,0.832356538413699
857,1.6278125,1.888502375313461e-13,6.043207601003076e-10,2,2,5,3,0,1.0346920084200424e-08,0.8320281259861809
858,1.628125,1.8872929477900535e-13,6.039337432928171e-10,2,2,5,3,0,1.031929128743156e-08,0.8316991142342627
859,1.6284375,1.886664110530012e-13,6.037325153696038e-10,2,2,5,3,0,1.0291733322011802e-08,0.83136950237983
860,1.6287500000000001,1.8834516194929374e-13,6.0270451823774e-10,2,2,5,3,0,1.0264246009721453e-08,0.8310392896455011
861,1.6290625,1.8831128063140357e-13,6.025960980204914e-10,2,2,5,3,0,1.0236829172900732e-08,0.8307084752546515
862,1.629375,1.8798878469519775e-13,6.015641110246328e-10,2,2,5,3,0,1.0209482634448728e-08,0.8303770584314396
863,1.6296875000000002,1.880311227900333e-13,6.016995929281066e-10,2,2,5,3,0,1.0182206217821907e-08,0.8300450384008331
864,1.6300000000000001,1.8767360712365622e-13,6.005555427956999e-10,2,2,5,3,0,1.0154999747033053e-08,0.8297124143886365
865,1.6303125,1.8763858739348493e-13,6.004434796591518e-10,2,2,5,3,0,1.0127863046649733e-08,0.8293791856215198
866,1.6306250000000002,1.8759820086255985e-13,6.003142427601915e-10,2,2,5,3,0,1.0100795941793001e-08,0.8290453513270474
867,1.6309375000000002,1.872984189618676e-13,5.993549406779763e-10,2,2,5,3,0,1.0073798258136063e-08,0.8287109107337084
868,1.63125,1.8723846258172916e-13,5.991630802615333e-10,2,2,5,3,0,1.0046869821902693e-08,0.8283758630709475
869,1.6315625,1.8712348294133707e-13,5.987951454122786e-10,2,2,5,3,0,1.0020010459865852e-08,0.8280402075691974
870,1.6318750000000002,1.8697982615348274e-13,5.983354436911448e-10,2,2,5,3,0,9.993219999346156e-09,0.8277039434599116
871,1.6321875000000001,1.8659688594616086e-13,5.971100350277148e-10,2,2,5,3,0,9.96649826821033e-09,0.8273670699755981
872,1.6325,1.8663391145035124e-13,5.97228516641124e-10,2,2,5,3,0,9.939845094869604e-09,0.8270295863498538
873,1.6328125,1.863823765463346e-13,5.964236049482707e-10,2,2,5,3,0,9.913260308278125e-09,0.8266914918174016
874,1.6331250000000002,1.862994892902481e-13,5.961583657287939e-10,2,2,5,3,0,9.886743737931296e-09,0.8263527856141255
875,1.6334375,1.8598187226381846e-13,5.951419912442191e-10,2,2,5,3,0,9.86029521386414e-09,0.8260134669771089
876,1.63375,1.8578980584896265e-13,5.945273787166805e-10,2,2,5,3,0,9.833914566649563e-09,0.8256735351446729
877,1.6340625000000002,1.8558055482967295e-13,5.938577754549534e-10,2,2,5,3,0,9.807601627396617e-09,0.8253329893564159
878,1.6343750000000001,1.855339883463647e-13,5.93708762708367e-10,2,2,5,3,0,9.781356227748704e-09,0.8249918288532533
879,1.6346875,1.854200929081451e-13,5.933442973060643e-10,2,2,5,3,0,9.755178199881789e-09,0.8246500528774596
880,1.6350000000000002,1.851791289753102e-13,5.925732127209926e-10,2,2,5,3,0,9.729067376502643e-09,0.8243076606727097
881,1.6353125000000002,1.8493821925258391e-13,5.918023016082685e-10,2,2,5,3,0,9.703023590846845e-09,0.8239646514841221
882,1.635625,1.847926109008191e-13,5.913363548826212e-10,2,2,5,3,0,9.677046676676989e-09,0.8236210245583034
883,1.6359375,1.8456796421068011e-13,5.906174854741764e-10,2,2,5,3,0,9.651136468280746e-09,0.8232767791433919
884,1.63625,1.8434987694368465e-13,5.899196062197909e-10,2,2,5,3,0,9.625292800468898e-09,0.8229319144891041
885,1.6365625000000001,1.8432727132838833e-13,5.898472682508427e-10,2,2,5,3,0,9.599515508573387e-09,0.8225864298467809
886,1.636875,1.8395663681572416e-13,5.886612378103173e-10,2,2,5,3,0,9.573804428445303e-09,0.8222403244694347
887,1.6371875,1.838801463524553e-13,5.88416468327857e-10,2,2,5,3,0,9.548159396452863e-09,0.8218935976117981
888,1.6375000000000002,1.8361007159128917e-13,5.875522290921253e-10,2,2,5,3,0,9.522580249479326e-09,0.8215462485303723
889,1.6378125000000001,1.8341328889698305e-13,5.869225244703458e-10,2,2,5,3,0,9.497066824920972e-09,0.821198276483477
890,1.638125,1.832879009157351e-13,5.865212829303523e-10,2,2,5,3,0,9.471618960684952e-09,0.8208496807313012
891,1.6384375000000002,1.8303002342900943e-13,5.856960749728302e-10,2,2,5,3,0,9.446236495187149e-09,0.8205004605359544
892,1.6387500000000002,1.8283763175350187e-13,5.85080421611206e-10,2,2,5,3,0,9.420919267350079e-09,0.8201506151615189
893,1.6390625,1.8267017672796149e-13,5.845445655294768e-10,2,2,5,3,0,9.395667116600668e-09,0.8198001438741022
894,1.639375,1.82472580882026e-13,5.839122588224832e-10,2,2,5,3,0,9.37047988286803e-09,0.819449045941891
895,1.6396875000000002,1.8215718647004997e-13,5.829029967041599e-10,2,2,5,3,0,9.345357406581372e-09,0.8190973206352055
896,1.6400000000000001,1.8200800025111596e-13,5.824256008035711e-10,2,2,5,3,0,9.320299528667593e-09,0.818744967226554
897,1.6403125,1.8183490737427865e-13,5.818717035976917e-10,2,2,5,3,0,9.295306090549132e-09,0.8183919849906891
898,1.640625,1.815527437588893e-13,5.809687800284458e-10,2,2,5,3,0,9.270376934141593e-09,0.818038373204664
899,1.6409375000000002,1.8128771053782522e-13,5.801206737210407e-10,2,2,5,3,0,9.245511901851557e-09,0.817684131147889
900,1.64125,1.8124027669277898e-13,5.799688854168927e-10,2,2,5,3,0,9.220710836574159e-09,0.8173292581021895
901,1.6415625,1.8085083127242219e-13,5.78722660071751e-10,2,2,5,3,0,9.195973581690786e-09,0.8169737533518638
902,1.6418750000000002,1.8072175700378779e-13,5.783096224121209e-10,2,2,5,3,0,9.171299981066727e-09,0.8166176161837425
903,1.6421875000000001,1.806219561938105e-13,5.779902598201936e-10,2,2,5,3,0,9.146689879048788e-09,0.8162608458872471
904,1.6425,1.8024422015691655e-13,5.767815045021329e-10,2,2,5,3,0,9.12214312046287e-09,0.8159034417544505
905,1.6428125000000002,1.7992958468646125e-13,5.75774670996676e-10,2,2,5,3,0,9.09765955061162e-09,0.8155454030801365
906,1.6431250000000002,1.7993023520776474e-13,5.757767526648472e-10,2,2,5,3,0,9.07323901527193e-09,0.8151867291618613
907,1.6434375,1.7963479011576244e-13,5.748313283704398e-10,2,2,5,3,0,9.048881360692558e-09,0.8148274193000147
908,1.64375,1.7932552144606095e-13,5.738416686273951e-10,2,2,5,3,0,9.024586433591643e-09,0.8144674727978817
909,1.6440625,1.7913058189544806e-13,5.732178620654338e-10,2,2,5,3,0,9.000354081154255e-09,0.8141068889617046
910,1.6443750000000001,1.7883285997888354e-13,5.722651519324273e-10,2,2,5,3,0,8.97618415102993e-09,0.8137456671007451
911,1.6446875,1.7865347872944581e-13,5.716911319342266e-10,2,2,5,3,0,8.952076491330114e-09,0.8133838065273481
912,1.645,1.7856132154478455e-13,5.713962289433105e-10,2,2,5,3,0,8.928030950625714e-09,0.8130213065570039
913,1.6453125000000002,1.7821762945610664e-13,5.702964142595413e-10,2,2,5,3,0,8.90404737794458e-09,0.8126581665084123
914,1.6456250000000001,1.778943745783801e-13,5.692619986508163e-10,2,2,5,3,0,8.88012562276891e-09,0.8122943857035458
915,1.6459375,1.774736499253471e-13,5.679156797611107e-10,2,2,5,3,0,8.856265535032818e-09,0.8119299634677143
916,1.6462500000000002,1.7730608647958945e-13,5.673794767346862e-10,2,2,5,3,0,8.83246696511969e-09,0.8115648991296288
917,1.6465625000000002,1.7704051115743913e-13,5.665296357038052e-10,2,2,5,3,0,8.808729763859683e-09,0.8111991920214657
918,1.646875,1.7686655091886383e-13,5.659729629403643e-10,2,2,5,3,0,8.785053782527156e-09,0.8108328414789321
919,1.6471875,1.767318387989325e-13,5.65541884156584e-10,2,2,5,3,0,8.761438872838124e-09,0.8104658468413295
920,1.6475000000000002,1.764151433443495e-13,5.645284587019184e-10,2,2,5,3,0,8.737884886947583e-09,0.8100982074516195
921,1.6478125000000001,1.7623727997795324e-13,5.639592959294504e-10,2,2,5,3,0,8.714391677447015e-09,0.809729922656488
922,1.648125,1.7596774731787335e-13,5.630967914171947e-10,2,2,5,3,0,8.69095909736178e-09,0.8093609918064109
923,1.6484375,1.7558773445641718e-13,5.61880750260535e-10,2,2,5,3,0,8.667587000148515e-09,0.808991414255718
924,1.6487500000000002,1.753595641092176e-13,5.611506051494963e-10,2,2,5,3,0,8.64427523969252e-09,0.8086211893626593
925,1.6490625,1.7519888534725525e-13,5.606364331112168e-10,2,2,5,3,0,8.621023670305143e-09,0.8082503164894689
926,1.649375,1.7490940336720162e-13,5.597100907750452e-10,2,2,5,3,0,8.597832146721224e-09,0.8078787950024303
927,1.6496875000000002,1.7460880831488002e-13,5.58748186607616e-10,2,2,5,3,0,8.57470052409647e-09,0.8075066242719409
928,1.6500000000000001,1.7435065977761122e-13,5.579221112883559e-10,2,2,5,3,0,8.551628658004768e-09,0.8071338036725768
929,1.6503125,1.7416179175916424e-13,5.573177336293256e-10,2,2,5,3,0,8.528616404435663e-09,0.8067603325831579
930,1.6506250000000002,1.7382980905394918e-13,5.562553889726374e-10,2,2,5,3,0,8.505663619791686e-09,0.8063862103868112
931,1.6509375000000002,1.7344058047402688e-13,5.55009857516886e-10,2,2,5,3,0,8.482770160885787e-09,0.8060114364710356
932,1.65125,1.7311222984608965e-13,5.539591355074869e-10,2,2,5,3,0,8.459935884938641e-09,0.8056360102277655
933,1.6515625,1.7292200657492707e-13,5.533504210397666e-10,2,2,5,3,0,8.437160649576128e-09,0.8052599310534347
934,1.651875,1.7292070553232008e-13,5.533462577034243e-10,2,2,5,3,0,8.414444312826664e-09,0.8048831983490398
935,1.6521875000000001,1.723407657902576e-13,5.514904505288243e-10,2,2,5,3,0,8.391786733118568e-09,0.8045058115202026
936,1.6525,1.7211335438457875e-13,5.50762734030652e-10,2,2,5,3,0,8.369187769277466e-09,0.8041277699772339
937,1.6528125,1.7222237091302217e-13,5.51111586921671e-10,2,2,5,3,0,8.346647280523735e-09,0.803749073135195
938,1.6531250000000002,1.72451083361308e-13,5.518434667561856e-10,2,2,5,3,0,8.324165126469821e-09,0.8033697204139596
939,1.6534375000000001,1.726532328563679e-13,5.524903451403773e-10,2,2,5,3,0,8.301741167117689e-09,0.8029897112382759
940,1.65375,1.7282453679962062e-13,5.53038517758786e-10,2,2,5,3,0,8.279375262856179e-09,0.8026090450378274
941,1.6540625000000002,1.7305774868692225e-13,5.537847957981512e-10,2,2,5,3,0,8.257067274458491e-09,0.8022277212472932
942,1.6543750000000002,1.732999052421469e-13,5.5455969677487e-10,2,2,5,3,0,8.23481706307949e-09,0.8018457393064089
943,1.6546875,1.7346324029943183e-13,5.550823689581819e-10,2,2,5,3,0,8.212624490253217e-09,0.8014630986600252
944,1.655,1.7366983502339894e-13,5.557434720748766e-10,2,2,5,3,0,8.190489417890244e-09,0.8010797987581677
945,1.6553125000000002,1.7390559478580592e-13,5.564979033145789e-10,2,2,5,3,0,8.168411708275189e-09,0.8006958390560951
946,1.6556250000000001,1.7408334973198492e-13,5.570667191423517e-10,2,2,5,3,0,8.146391224064078e-09,0.8003112190143568
947,1.6559375,1.7429558230724895e-13,5.577458633831966e-10,2,2,5,3,0,8.124427828281801e-09,0.7999259380988508
948,1.65625,1.7447528881733843e-13,5.58320924215483e-10,2,2,5,3,0,8.102521384319582e-09,0.79953999578088
949,1.6565625000000002,1.7469066557890267e-13,5.590101298524885e-10,2,2,5,3,0,8.080671755932473e-09,0.7991533915372077
950,1.656875,1.7490273552384084e-13,5.596887536762907e-10,2,2,5,3,0,8.058878807236766e-09,0.7987661248501136
951,1.6571875,1.7507940626784735e-13,5.602541000571115e-10,2,2,5,3,0,8.037142402707491e-09,0.7983781952074479
952,1.6575000000000002,1.7530161350309825e-13,5.609651632099144e-10,2,2,5,3,0,8.015462407175948e-09,0.7979896021026857
953,1.6578125000000001,1.755013777533787e-13,5.616044088108119e-10,2,2,5,3,0,7.993838685827107e-09,0.797600345034979
954,1.658125,1.756364693440704e-13,5.620367019010253e-10,2,2,5,3,0,7.972271104197279e-09,0.7972104235092103
955,1.6584375000000002,1.7586084498366628e-13,5.627547039477321e-10,2,2,5,3,0,7.95075952817147e-09,0.7968198370360433
956,1.6587500000000002,1.7607210177697508e-13,5.634307256863202e-10,2,2,5,3,0,7.929303823981004e-09,0.7964285851319737
957,1.6590625,1.7626270451889803e-13,5.640406544604737e-10,2,2,5,3,0,7.90790385820107e-09,0.7960366673193795
958,1.659375,1.7647065449558075e-13,5.647060943858584e-10,2,2,5,3,0,7.886559497748289e-09,0.7956440831265695
959,1.6596875,1.7664233790959383e-13,5.652554813107002e-10,2,2,5,3,0,7.865270609878192e-09,0.7952508320878324
960,1.6600000000000001,1.7682101442761944e-13,5.658272461683822e-10,2,2,5,3,0,7.844037062182918e-09,0.7948569137434829
961,1.6603125,1.7702186288007238e-13,5.664699612162316e-10,2,2,5,3,0,7.822858722588759e-09,0.7944623276399089
962,1.660625,1.771974494219064e-13,5.670318381501005e-10,2,2,5,3,0,7.801735459353757e-09,0.7940670733296169
963,1.6609375000000002,1.7737672225112688e-13,5.67605511203606e-10,2,2,5,3,0,7.780667141065344e-09,0.7936711503712766
964,1.6612500000000001,1.7753300999429067e-13,5.681056319817301e-10,2,2,5,3,0,7.759653636637992e-09,0.7932745583297638
965,1.6615625,1.777358642207627e-13,5.687547655064407e-10,2,2,5,3,0,7.738694815310853e-09,0.7928772967762046
966,1.6618750000000002,1.778939408975111e-13,5.692606108720355e-10,2,2,5,3,0,7.71779054664542e-09,0.7924793652880154
967,1.6621875000000002,1.7808654941345314e-13,5.698769581230501e-10,2,2,5,3,0,7.696940700523238e-09,0.7920807634489452
968,1.6625,1.7827823635754858e-13,5.704903563441555e-10,2,2,5,3,0,7.676145147143565e-09,0.7916814908491143
969,1.6628125,1.784700859319699e-13,5.711042749823037e-10,2,2,5,3,0,7.655403757021137e-09,0.7912815470850527
970,1.6631250000000002,1.7864957560162487e-13,5.716786419251996e-10,2,2,5,3,0,7.63471640098384e-09,0.7908809317597388
971,1.6634375000000001,1.7878824505948576e-13,5.721223841903544e-10,2,2,5,3,0,7.614082950170512e-09,0.7904796444826355
972,1.66375,1.7894491227340992e-13,5.726237192749117e-10,2,2,5,3,0,7.59350327602869e-09,0.7900776848697262
973,1.6640625,1.791382797308727e-13,5.732424951387927e-10,2,2,5,3,0,7.572977250312336e-09,0.7896750525435486
974,1.6643750000000002,1.7931039682575478e-13,5.737932698424153e-10,2,2,5,3,0,7.552504745079738e-09,0.789271747133229
975,1.6646875,1.7947665922890543e-13,5.743253095324974e-10,2,2,5,3,0,7.532085632691271e-09,0.7888677682745142
976,1.665,1.796487763237875e-13,5.7487608423612e-10,2,2,5,3,0,7.511719785807203e-09,0.7884631156098032
977,1.6653125000000002,1.7981753239193488e-13,5.754161036541916e-10,2,2,5,3,0,7.491407077385618e-09,0.7880577887881768
978,1.6656250000000001,1.799446550966588e-13,5.758228963093082e-10,2,2,5,3,0,7.47114738068022e-09,0.7876517874654276
979,1.6659375,1.801005091589536e-13,5.763216293086515e-10,2,2,5,3,0,7.450940569238286e-09,0.7872451113040877
980,1.6662500000000002,1.803160485508437e-13,5.770113553626999e-10,2,2,5,3,0,7.430786516898505e-09,0.7868377599734554
981,1.6665625000000002,1.8044273757469864e-13,5.774167602390357e-10,2,2,5,3,0,7.410685097788974e-09,0.786429733149621
982,1.666875,1.8061756517501193e-13,5.779762085600382e-10,2,2,5,3,0,7.3906361863250944e-09,0.7860210305154919
983,1.6671875,1.8076192669427837e-13,5.784381654216908e-10,2,2,5,3,0,7.370639657207581e-09,0.7856116517608157
984,1.6675,1.8095036103185635e-13,5.790411553019403e-10,2,2,5,3,0,7.3506953854203995e-09,0.7852015965822033
985,1.6678125000000001,1.811184123685916e-13,5.795789195794931e-10,2,2,5,3,0,7.330803246228818e-09,0.7847908646831495
986,1.668125,1.8125187765602457e-13,5.800060084992786e-10,2,2,5,3,0,7.310963115177403e-09,0.7843794557740529
987,1.6684375,1.8140231070745694e-13,5.804873942638622e-10,2,2,5,3,0,7.2911748680880735e-09,0.7839673695722359
988,1.6687500000000002,1.815435822505318e-13,5.809394632017018e-10,2,2,5,3,0,7.271438381058164e-09,0.7835546058019618
989,1.6690625000000001,1.817001410442387e-13,5.814404513415639e-10,2,2,5,3,0,7.251753530458556e-09,0.7831411641944516
990,1.669375,1.8188852117170806e-13,5.820432677494658e-10,2,2,5,3,0,7.232120192931694e-09,0.7827270444878998
991,1.6696875000000002,1.820116323283938e-13,5.824372234508601e-10,2,2,5,3,0,7.2125382453898146e-09,0.7823122464274885
992,1.6700000000000002,1.8216298695167277e-13,5.829215582453529e-10,2,2,5,3,0,7.193007565012999e-09,0.7818967697654009
993,1.6703125,1.8227362978337491e-13,5.832756153067997e-10,2,2,5,3,0,7.173528029247456e-09,0.7814806142608328
994,1.670625,1.824323569814268e-13,5.837835423405657e-10,2,2,5,3,0,7.154099515803607e-09,0.7810637796800046
995,1.6709375000000002,1.825907318137726e-13,5.842903418040724e-10,2,2,5,3,0,7.134721902654352e-09,0.7806462657961695
996,1.6712500000000001,1.827472635024252e-13,5.847912432077607e-10,2,2,5,3,0,7.1153950680333105e-09,0.7802280723896238
997,1.6715625,1.8290498781346753e-13,5.852959610030961e-10,2,2,5,3,0,7.0961188904330575e-09,0.7798091992477129
998,1.671875,1.8298112591103033e-13,5.855396029152971e-10,2,2,5,3,0,7.07689324860344e-09,0.7793896461648386
999,1.6721875000000002,1.831434309762514e-13,5.860589791240045e-10,2,2,5,3,0,7.057718021549794e-09,0.7789694129424639
1000,1.6725,1.8326456346397235e-13,5.864466030847115e-10,2,2,5,3,0,7.038593088531357e-09,0.7785484993891166
1001,1.6728125,1.834281424667461e-13,5.869700558935875e-10,2,2,5,3,0,7.019518329059582e-09,0.7781269053203926
1002,1.6731250000000002,1.8354127896344496e-13,5.873320926830239e-10,2,2,5,3,0,7.000493622896456e-09,0.7777046305589576
1003,1.6734375000000001,1.8370450560051266e-13,5.878544179216405e-10,2,2,5,3,0,6.98151885005299e-09,0.7772816749345473
1004,1.67375,1.8380132485451561e-13,5.8816423953445e-10,2,2,5,3,0,6.962593890787544e-09,0.7768580382839669
1005,1.6740625000000002,1.839843923913398e-13,5.887500556522873e-10,2,2,5,3,0,6.943718625604277e-09,0.77643372045109
1006,1.6743750000000002,1.8406006970297928e-13,5.889922230495337e-10,2,2,5,3,0,6.924892935251631e-09,0.7760087212868548
1007,1.6746875,1.8420285912909562e-13,5.89449149213106e-10,2,2,5,3,0,6.906116700720797e-09,0.7755830406492608
1008,1.675,1.843455401349947e-13,5.899057284319831e-10,2,2,5,3,0,6.8873898032442024e-09,0.7751566784033632
1009,1.6753125,1.8449521424490634e-13,5.903846855837003e-10,2,2,5,3,0,6.868712124294057e-09,0.7747296344212672
1010,1.6756250000000001,1.846150456900203e-13,5.907681462080649e-10,2,2,5,3,0,6.85008354558088e-09,0.7743019085821202
1011,1.6759375,1.846969842692059e-13,5.910303496614588e-10,2,2,5,3,0,6.831503949052058e-09,0.7738735007721037
1012,1.67625,1.8480293792651203e-13,5.913694013648385e-10,2,2,5,3,0,6.812973216890503e-09,0.7734444108844237
1013,1.6765625000000002,1.849899899063201e-13,5.919679677002243e-10,2,2,5,3,0,6.794491231513183e-09,0.7730146388193001
1014,1.6768750000000001,1.8509401910477008e-13,5.923008611352643e-10,2,2,5,3,0,6.776057875569799e-09,0.7725841844839545
1015,1.6771875,1.8517652689009623e-13,5.925648860483079e-10,2,2,5,3,0,6.757673031941465e-09,0.7721530477925984
1016,1.6775000000000002,1.8531541318839162e-13,5.930093222028532e-10,2,2,5,3,0,6.73933658373936e-09,0.7717212286664186
1017,1.6778125000000002,1.8541984896265629e-13,5.933435166805001e-10,2,2,5,3,0,6.721048414303442e-09,0.7712887270335624
1018,1.678125,1.8554230959803852e-13,5.937353907137233e-10,2,2,5,3,0,6.702808407201183e-09,0.7708555428291219
1019,1.6784375,1.8566002684891614e-13,5.941120859165316e-10,2,2,5,3,0,6.684616446226324e-09,0.7704216759951168
1020,1.6787500000000002,1.8578712244858575e-13,5.945187918354744e-10,2,2,5,3,0,6.666472415397603e-09,0.7699871264804763
1021,1.6790625000000001,1.8586057714577164e-13,5.947538468664693e-10,2,2,5,3,0,6.648376198957624e-09,0.7695518942410203
1022,1.679375,1.8598683248875758e-13,5.951578639640243e-10,2,2,5,3,0,6.630327681371667e-09,0.7691159792394393
1023,1.6796875,1.86100971872466e-13,5.955231099918912e-10,2,2,5,3,0,6.6123267473264495e-09,0.7686793814452727
1024,1.6800000000000002,1.8620733210558682e-13,5.958634627378778e-10,2,2,5,3,0,6.594373281729086e-09,0.7682421008348876
1025,1.6803125,1.8628485256091953e-13,5.961115281949425e-10,2,2,5,3,0,6.576467169705938e-09,0.7678041373914551
1026,1.680625,1.863986666839762e-13,5.964757333887238e-10,2,2,5,3,0,6.5586082966015295e-09,0.7673654911049268
1027,1.6809375000000002,1.8650445771095647e-13,5.968142646750607e-10,2,2,5,3,0,6.540796547977454e-09,0.7669261619720089
1028,1.6812500000000001,1.8661138715021786e-13,5.971564388806971e-10,2,2,5,3,0,6.523031809611384e-09,0.7664861499961375
1029,1.6815625,1.8670766430313457e-13,5.974645257700306e-10,2,2,5,3,0,6.505313967496034e-09,0.7660454551874508
1030,1.6818750000000002,1.8682440577205695e-13,5.978380984705822e-10,2,2,5,3,0,6.487642907838101e-09,0.7656040775627613
1031,1.6821875000000002,1.869165358516639e-13,5.981329147253245e-10,2,2,5,3,0,6.470018517057366e-09,0.7651620171455272
1032,1.6825,1.870201313692449e-13,5.984644203815837e-10,2,2,5,3,0,6.4524406817856925e-09,0.7647192739658232
1033,1.6828125,1.8711792640520308e-13,5.987773644966499e-10,2,2,5,3,0,6.4349092888661236e-09,0.7642758480603091
1034,1.683125,1.871979134204782e-13,5.990333229455302e-10,2,2,5,3,0,6.417424225351948e-09,0.7638317394721991
1035,1.6834375000000001,1.8731094149695982e-13,5.993950127902714e-10,2,2,5,3,0,6.399985378505809e-09,0.7633869482512292
1036,1.68375,1.8741976829002305e-13,5.997432585280738e-10,2,2,5,3,0,6.3825926357988995e-09,0.7629414744536241
1037,1.6840625,1.8752517984624295e-13,6.000805755079774e-10,2,2,5,3,0,6.365245884910025e-09,0.7624953181420633
1038,1.6843750000000002,1.8758294071698212e-13,6.002654102943428e-10,2,2,5,3,0,6.347945013724829e-09,0.7620484793856457
1039,1.6846875000000001,1.876856417677708e-13,6.005940536568666e-10,2,2,5,3,0,6.330689910335006e-09,0.7616009582598553
1040,1.685,1.8774356526883584e-13,6.007794088602747e-10,2,2,5,3,0,6.313480463037486e-09,0.7611527548465237
1041,1.6853125000000002,1.878189444248779e-13,6.010206221596093e-10,2,2,5,3,0,6.2963165603337074e-09,0.7607038692337929
1042,1.6856250000000002,1.879317285558707e-13,6.013815313787862e-10,2,2,5,3,0,6.279198090928871e-09,0.760254301516078
1043,1.6859375,1.8797845766950483e-13,6.015310645424155e-10,2,2,5,3,0,6.262124943731233e-09,0.759804051794028
1044,1.68625,1.8808048109393571e-13,6.018575395005943e-10,2,2,5,3,0,6.24509700785135e-09,0.7593531201744869
1045,1.6865625000000002,1.8817076802984944e-13,6.021464576955182e-10,2,2,5,3,0,6.2281141726014906e-09,0.7589015067704526
1046,1.6868750000000001,1.8827468880808218e-13,6.02479004185863e-10,2,2,5,3,0,6.21117632749495e-09,0.7584492117010369
1047,1.6871875,1.8833350677593952e-13,6.026672216830065e-10,2,2,5,3,0,6.1942833622454015e-09,0.7579962350914238
1048,1.6875,1.8843319916569956e-13,6.029862373302386e-10,2,2,5,3,0,6.17743516676629e-09,0.7575425770728268
1049,1.6878125000000002,1.8850502755962673e-13,6.032160881908055e-10,2,2,5,3,0,6.160631631170245e-09,0.7570882377824466
1050,1.688125,1.8858439115865266e-13,6.034700517076885e-10,2,2,5,3,0,6.1438726457685115e-09,0.7566332173634277
1051,1.6884375,1.886404986210788e-13,6.036495955874521e-10,2,2,5,3,0,6.12715810107042e-09,0.7561775159648133
1052,1.6887500000000002,1.8869872027774126e-13,6.03835904888772e-10,2,2,5,3,0,6.11048788778279e-09,0.7557211337415017
1053,1.6890625000000001,1.8878607986778928e-13,6.041154555769257e-10,2,2,5,3,0,6.0938618968094805e-09,0.7552640708542006
1054,1.689375,1.8884893648873913e-13,6.043165967639652e-10,2,2,5,3,0,6.077280019250868e-09,0.7548063274693808
1055,1.6896875000000002,1.8895239648104856e-13,6.046476687393554e-10,2,2,5,3,0,6.0607421464033874e-09,0.7543479037592307
1056,1.6900000000000002,1.889951411516988e-13,6.047844516854362e-10,2,2,5,3,0,6.044248169759076e-09,0.7538887999016085
1057,1.6903125,1.8908049496772772e-13,6.050575838967287e-10,2,2,5,3,0,6.0277979810050905e-09,0.7534290160799951
1058,1.690625,1.8912470331131082e-13,6.051990505961946e-10,2,2,5,3,0,6.011391472023355e-09,0.7529685524834463
1059,1.6909375,1.891929809431231e-13,6.054175390179939e-10,2,2,5,3,0,5.995028534890138e-09,0.7525074093065443
1060,1.6912500000000001,1.8926684221612367e-13,6.056538950915957e-10,2,2,5,3,0,5.978709061875671e-09,0.7520455867493484
1061,1.6915625,1.8932080837925913e-13,6.058265868136292e-10,2,2,5,3,0,5.9624329454437475e-09,0.7515830850173462
1062,1.691875,1.8941792578885952e-13,6.061373625243505e-10,2,2,5,3,0,5.946200078251443e-09,0.7511199043214041
1063,1.6921875000000002,1.894310717402009e-13,6.061794295686429e-10,2,2,5,3,0,5.9300103531487465e-09,0.7506560448777164
1064,1.6925000000000001,1.8947958978741963e-13,6.063346873197428e-10,2,2,5,3,0,5.913863663178238e-09,0.7501915069077559
1065,1.6928125,1.8954797583944916e-13,6.065535226862373e-10,2,2,5,3,0,5.897759901574846e-09,0.7497262906382217
1066,1.6931250000000002,1.8966520519934915e-13,6.069286566379173e-10,2,2,5,3,0,5.8816989617655144e-09,0.7492603963009892
1067,1.6934375000000002,1.896987883616419e-13,6.07036122757254e-10,2,2,5,3,0,5.865680737368991e-09,0.7487938241330577
1068,1.69375,1.8973792806006862e-13,6.071613697922196e-10,2,2,5,3,0,5.849705122195518e-09,0.7483265743764999
1069,1.6940625,1.8978538901016917e-13,6.073132448325413e-10,2,2,5,3,0,5.8337720102466804e-09,0.7478586472784081
1070,1.6943750000000002,1.8984363777188595e-13,6.07499640870035e-10,2,2,5,3,0,5.817881295715133e-09,0.7473900430908437
1071,1.6946875000000001,1.8986700232870302e-13,6.075744074518497e-10,2,2,5,3,0,5.802032872984428e-09,0.7469207620707834
1072,1.695,1.899692696986227e-13,6.079016630355927e-10,2,2,5,3,0,5.786226636628827e-09,0.7464508044800665
1073,1.6953125,1.8998252407018135e-13,6.079440770245803e-10,2,2,5,3,0,5.7704624814131564e-09,0.7459801705853426
1074,1.6956250000000002,1.900509914373738e-13,6.081631725995962e-10,2,2,5,3,0,5.754740302292599e-09,0.7455088606580181
1075,1.6959375,1.9008977877009448e-13,6.082872920643023e-10,2,2,5,3,0,5.739059994412608e-09,0.7450368749742028
1076,1.69625,1.9012607243781843e-13,6.08403431801019e-10,2,2,5,3,0,5.72342145310879e-09,0.7445642138146569
1077,1.6965625000000002,1.9024977990569902e-13,6.087992956982369e-10,2,2,5,3,0,5.707824573906721e-09,0.7440908774647371
1078,1.6968750000000001,1.9061358394467653e-13,6.099634686229649e-10,2,2,5,3,0,5.6922692525219384e-09,0.7436168662143429
1079,1.6971875,1.9098015269919388e-13,6.111364886374204e-10,2,2,5,3,0,5.676755384859787e-09,0.7431421803578633
1080,1.6975000000000002,1.9137491071019586e-13,6.123997142726267e-10,2,2,5,3,0,5.661282867015393e-09,0.7426668201941232
1081,1.6978125000000002,1.9175210464600356e-13,6.136067348672114e-10,2,2,5,3,0,5.645851595273588e-09,0.7421907860263289
1082,1.698125,1.9216301726937557e-13,6.149216552620018e-10,2,2,5,3,0,5.630461466108871e-09,0.741714078162015
1083,1.6984375,1.9248789845036085e-13,6.159612750411547e-10,2,2,5,3,0,5.615112376185348e-09,0.7412366969129901
1084,1.69875,1.9284292045174123e-13,6.170973454455719e-10,2,2,5,3,0,5.599804222356727e-09,0.7407586425952839
1085,1.6990625000000001,1.932191386055937e-13,6.183012435378998e-10,2,2,5,3,0,5.584536901666324e-09,0.740279915529093
1086,1.699375,1.9360262091400182e-13,6.195283869248058e-10,2,2,5,3,0,5.569310311347069e-09,0.7398005160387269
1087,1.6996875,1.9393639255280148e-13,6.205964561689647e-10,2,2,5,3,0,5.554124348821443e-09,0.7393204444525552
1088,1.7000000000000002,1.9431770645686464e-13,6.218166606619668e-10,2,2,5,3,0,5.5389789117015806e-09,0.7388397011029538
1089,1.7003125000000001,1.9470086350462101e-13,6.230427632147872e-10,2,2,5,3,0,5.5238738977892646e-09,0.7383582863262522
1090,1.700625,1.9508748999932934e-13,6.242799679978539e-10,2,2,5,3,0,5.508809205075957e-09,0.7378762004626797
1091,1.7009375000000002,1.954464693386393e-13,6.254287018836457e-10,2,2,5,3,0,5.493784731742895e-09,0.7373934438563127
1092,1.7012500000000002,1.9573025925728738e-13,6.263368296233196e-10,2,2,5,3,0,5.4788003761611195e-09,0.7369100168550221
1093,1.7015625,1.9609617749050123e-13,6.275077679696039e-10,2,2,5,3,0,5.463856036891514e-09,0.7364259198104206
1094,1.701875,1.9647353405663481e-13,6.287153089812314e-10,2,2,5,3,0,5.4489516126849164e-09,0.7359411530778107
1095,1.7021875000000002,1.9683582021257084e-13,6.298746246802267e-10,2,2,5,3,0,5.434087002482213e-09,0.7354557170161322
1096,1.7025000000000001,1.972361076546525e-13,6.31155544494888e-10,2,2,5,3,0,5.419262105414409e-09,0.7349696119879108
1097,1.7028125,1.975773602884423e-13,6.322475529230154e-10,2,2,5,3,0,5.4044768208027244e-09,0.7344828383592062
1098,1.703125,1.9789476047443744e-13,6.332632335181998e-10,2,2,5,3,0,5.389731048158724e-09,0.7339953964995615
1099,1.7034375000000002,1.982349831161634e-13,6.343519459717228e-10,2,2,5,3,0,5.375024687184432e-09,0.7335072867819514
1100,1.70375,1.9863174690118446e-13,6.356215900837903e-10,2,2,5,3,0,5.360357637772412e-09,0.7330185095827327
1101,1.7040625,1.9895619440130075e-13,6.366598220841624e-10,2,2,5,3,0,5.345729800005915e-09,0.7325290652815936
1102,1.7043750000000002,1.9930785537594642e-13,6.377851372030285e-10,2,2,5,3,0,5.331141074159041e-09,0.7320389542615034
1103,1.7046875000000001,1.996713883643808e-13,6.389484427660186e-10,2,2,5,3,0,5.31659136069685e-09,0.7315481769086644
1104,1.705,2.0000174476633714e-13,6.400055832522789e-10,2,2,5,3,0,5.302080560275485e-09,0.7310567336124613
1105,1.7053125000000002,2.0032559595525856e-13,6.410419070568274e-10,2,2,5,3,0,5.2876085737423724e-09,0.7305646247654133
1106,1.7056250000000002,2.0068934578412745e-13,6.422059065092078e-10,2,2,5,3,0,5.27317530213631e-09,0.7300718507631266
1107,1.7059375,2.0101178751022464e-13,6.432377200327188e-10,2,2,5,3,0,5.258780646687685e-09,0.7295784120042458
1108,1.70625,2.0133867446522902e-13,6.442837582887329e-10,2,2,5,3,0,5.244424508818603e-09,0.7290843088904068
1109,1.7065625,2.0169803327529934e-13,6.454337064809579e-10,2,2,5,3,0,5.230106790143026e-09,0.7285895418261902
1110,1.7068750000000001,2.02051428973421e-13,6.465645727149472e-10,2,2,5,3,0,5.21582739246701e-09,0.7280941112190751
1111,1.7071875,2.023730033377802e-13,6.475936106808966e-10,2,2,5,3,0,5.201586217788799e-09,0.7275980174793933
1112,1.7075,2.0268785564866998e-13,6.486011380757439e-10,2,2,5,3,0,5.187383168299046e-09,0.7271012610202839
1113,1.7078125000000002,2.0307101269642636e-13,6.498272406285643e-10,2,2,5,3,0,5.173218146380972e-09,0.7266038422576488
1114,1.7081250000000001,2.0338223293003832e-13,6.508231453761226e-10,2,2,5,3,0,5.159091054610533e-09,0.7261057616101084
1115,1.7084375,2.0368429165529278e-13,6.517897332969369e-10,2,2,5,3,0,5.145001795756623e-09,0.7256070194989583
1116,1.7087500000000002,2.0401096176986266e-13,6.528350776635605e-10,2,2,5,3,0,5.130950272781246e-09,0.725107616348126
1117,1.7090625000000002,2.0437070005069335e-13,6.539862401622187e-10,2,2,5,3,0,5.116936388839662e-09,0.7246075525841288
1118,1.709375,2.046568752141209e-13,6.549020006851869e-10,2,2,5,3,0,5.102960047280624e-09,0.7241068286360318
1119,1.7096875,2.0501634244440847e-13,6.560522958221071e-10,2,2,5,3,0,5.089021151646518e-09,0.723605444935407
1120,1.7100000000000002,2.0534604832506131e-13,6.571073546401962e-10,2,2,5,3,0,5.075119605673568e-09,0.7231034019162922
1121,1.7103125000000001,2.0566550849518417e-13,6.581296271845893e-10,2,2,5,3,0,5.061255313292008e-09,0.7226007000151515
1122,1.710625,2.06004592724629e-13,6.592146967188128e-10,2,2,5,3,0,5.047428178626241e-09,0.7220973396708361
1123,1.7109375,2.0630844038346807e-13,6.601870092270978e-10,2,2,5,3,0,5.03363810599507e-09,0.7215933213245456
1124,1.7112500000000002,2.0660475283720836e-13,6.611352090790668e-10,2,2,5,3,0,5.0198849999118335e-09,0.7210886454197896
1125,1.7115625,2.0691082311050102e-13,6.621146339536033e-10,2,2,5,3,0,5.00616876508463e-09,0.7205833124023512
1126,1.711875,2.0723922794854688e-13,6.6316552943535e-10,2,2,5,3,0,4.9924893064164174e-09,0.7200773227202502
1127,1.7121875000000002,2.0756047705225433e-13,6.641935265672139e-10,2,2,5,3,0,4.9788465290052786e-09,0.7195706768237066
1128,1.7125000000000001,2.0786649311543837e-13,6.651727779694028e-10,2,2,5,3,0,4.965240338144543e-09,0.7190633751651062
1129,1.7128125,2.0816307661972178e-13,6.661218451831097e-10,2,2,5,3,0,4.951670639322945e-09,0.718555418198966
1130,1.7131250000000002,2.0845158281782017e-13,6.670450650170245e-10,2,2,5,3,0,4.938137338224835e-09,0.7180468063819001
1131,1.7134375000000002,2.0872198283963805e-13,6.679103450868418e-10,2,2,5,3,0,4.924640340730331e-09,0.7175375401725873
1132,1.71375,2.0910112833935623e-13,6.6912361068594e-10,2,2,5,3,0,4.911179552915453e-09,0.7170276200317378
1133,1.7140625,2.094021028624382e-13,6.700867291598023e-10,2,2,5,3,0,4.897754881052305e-09,0.7165170464220629
1134,1.714375,2.097151662397434e-13,6.710885319671789e-10,2,2,5,3,0,4.884366231609238e-09,0.7160058198082438
1135,1.7146875000000001,2.1001277973609067e-13,6.720408951554901e-10,2,2,5,3,0,4.871013511250987e-09,0.7154939406569012
1136,1.715,2.1032134367438005e-13,6.730282997580161e-10,2,2,5,3,0,4.857696626838818e-09,0.7149814094365664
1137,1.7153125,2.1060160993596755e-13,6.739251517950962e-10,2,2,5,3,0,4.844415485430702e-09,0.7144682266176532
1138,1.7156250000000002,2.1091825118044194e-13,6.749384037774142e-10,2,2,5,3,0,4.831169994281401e-09,0.7139543926724293
1139,1.7159375000000001,2.1117661655814524e-13,6.757651729860648e-10,2,2,5,3,0,4.817960060842646e-09,0.7134399080749904
1140,1.71625,2.1151071345759664e-13,6.768342830643093e-10,2,2,5,3,0,4.8047855927632526e-09,0.7129247733012334
1141,1.7165625000000002,2.1176457939628412e-13,6.776466540681092e-10,2,2,5,3,0,4.7916464978892425e-09,0.712408988828832
1142,1.7168750000000002,2.1209650789139056e-13,6.787088252524498e-10,2,2,5,3,0,4.778542684263981e-09,0.7118925551372111
1143,1.7171875,2.1237053999048627e-13,6.795857279695561e-10,2,2,5,3,0,4.7654740601282796e-09,0.7113754727075239
1144,1.7175,2.126696171597664e-13,6.805427749112525e-10,2,2,5,3,0,4.752440533920493e-09,0.7108577420226291
1145,1.7178125000000002,2.1292857884866456e-13,6.813714523157266e-10,2,2,5,3,0,4.739442014276637e-09,0.7103393635670682
1146,1.7181250000000001,2.132437564202061e-13,6.823800205446595e-10,2,2,5,3,0,4.726478410030483e-09,0.7098203378270453
1147,1.7184375,2.1349529132422274e-13,6.831849322375128e-10,2,2,5,3,0,4.713549630213685e-09,0.7093006652904061
1148,1.71875,2.1375712614887799e-13,6.840228036764096e-10,2,2,5,3,0,4.700655584055796e-09,0.7087803464466186
1149,1.7190625000000002,2.1407414686411275e-13,6.850372699651608e-10,2,2,5,3,0,4.687796180984396e-09,0.708259381786754
1150,1.719375,2.1432985594649345e-13,6.85855539028779e-10,2,2,5,3,0,4.674971330625169e-09,0.7077377718034699
1151,1.7196875,2.146495329570508e-13,6.868785054625626e-10,2,2,5,3,0,4.6621809428019475e-09,0.7072155169909924
1152,1.7200000000000002,2.1489163530216682e-13,6.876532329669338e-10,2,2,5,3,0,4.6494249275367886e-09,0.7066926178451008
1153,1.7203125000000001,2.1517325681646993e-13,6.885544218127038e-10,2,2,5,3,0,4.636703195050013e-09,0.7061690748631121
1154,1.720625,2.154275564360264e-13,6.893681805952845e-10,2,2,5,3,0,4.624015655760276e-09,0.7056448885438661
1155,1.7209375000000002,2.1571747209694903e-13,6.902959107102369e-10,2,2,5,3,0,4.611362220284594e-09,0.705120059387713
1156,1.7212500000000002,2.1602272921861232e-13,6.912727334995594e-10,2,2,5,3,0,4.598742799438392e-09,0.7045945878965003
1157,1.7215625,2.1631091015605897e-13,6.921949124993887e-10,2,2,5,3,0,4.5861573042354974e-09,0.704068474573561
1158,1.721875,2.1655425933367334e-13,6.929736298677547e-10,2,2,5,3,0,4.5736056458881995e-09,0.7035417199237033
1159,1.7221875,2.1683246561113312e-13,6.93863889955626e-10,2,2,5,3,0,4.561087735807249e-09,0.7030143244532006
1160,1.7225000000000001,2.171046545665356e-13,6.947348946129139e-10,2,2,5,3,0,4.5486034856018354e-09,0.702486288669782
1161,1.7228125,2.173699588381428e-13,6.95583868282057e-10,2,2,5,3,0,4.536152807079637e-09,0.7019576130826255
1162,1.723125,2.1763596784116213e-13,6.964350970917188e-10,2,2,5,3,0,4.5237356122467785e-09,0.70142829820235
1163,1.7234375000000002,2.1788679801376665e-13,6.972377536440533e-10,2,2,5,3,0,4.511351813307829e-09,0.7008983445410089
1164,1.7237500000000001,2.1810548159195697e-13,6.979375410942623e-10,2,2,5,3,0,4.499001322665768e-09,0.700367752612086
1165,1.7240625,2.1838081473365967e-13,6.988186071477109e-10,2,2,5,3,0,4.486684052921949e-09,0.6998365229304901
1166,1.7243750000000002,2.1864969687243607e-13,6.996790299917954e-10,2,2,5,3,0,4.4743999168761e-09,0.6993046560125527
1167,1.7246875000000002,2.1888263770919458e-13,7.004244406694227e-10,2,2,5,3,0,4.462148827526228e-09,0.6987721523760244
1168,1.725,2.1915683243861617e-13,7.013018638035717e-10,2,2,5,3,0,4.449930698068603e-09,0.6982390125400748
1169,1.7253125,2.1944626020856117e-13,7.022280326673958e-10,2,2,5,3,0,4.437745441897677e-09,0.6977052370252911
1170,1.7256250000000002,2.1966087802860468e-13,7.02914809691535e-10,2,2,5,3,0,4.425592972606031e-09,0.6971708263536792
1171,1.7259375000000001,2.1992992279770696e-13,7.037757529526623e-10,2,2,5,3,0,4.413473203984313e-09,0.696635781048665
1172,1.72625,2.2013201808265825e-13,7.044224578645064e-10,2,2,5,3,0,4.401386050021109e-09,0.6961001016350967
1173,1.7265625,2.2042009059988765e-13,7.053442899196405e-10,2,2,5,3,0,4.389331424902919e-09,0.6955637886392493
1174,1.7268750000000002,2.206573682453361e-13,7.061035783850755e-10,2,2,5,3,0,4.377309243013995e-09,0.6950268425888275
1175,1.7271875,2.208759976134178e-13,7.06803192362937e-10,2,2,5,3,0,4.3653194189362915e-09,0.6944892640129733
1176,1.7275,2.211459639543667e-13,7.076670846539734e-10,2,2,5,3,0,4.35336186744931e-09,0.6939510534422703
1177,1.7278125000000002,2.2140964192271517e-13,7.085108541526886e-10,2,2,5,3,0,4.341436503530028e-09,0.6934122114087532
1178,1.7281250000000001,2.216705551755238e-13,7.093457765616762e-10,2,2,5,3,0,4.329543242352745e-09,0.6928727384459159
1179,1.7284375,2.2186956048428352e-13,7.099825935497073e-10,2,2,5,3,0,4.317681999288954e-09,0.6923326350887204
1180,1.7287500000000002,2.2211475280559112e-13,7.107672089778916e-10,2,2,5,3,0,4.305852689907217e-09,0.6917919018736088
1181,1.7290625000000002,2.2234698891093752e-13,7.11510364515e-10,2,2,5,3,0,4.2940552299730025e-09,0.6912505393385141
1182,1.729375,2.2258177289138925e-13,7.122616732524456e-10,2,2,5,3,0,4.282289535448529e-09,0.6907085480228736
1183,1.7296875,2.2278001925862823e-13,7.128960616276103e-10,2,2,5,3,0,4.270555522492652e-09,0.6901659284676427
1184,1.73,2.2304543195045268e-13,7.137453822414486e-10,2,2,5,3,0,4.2588531074606345e-09,0.6896226812153101
1185,1.7303125000000001,2.2328314327677012e-13,7.145060584856644e-10,2,2,5,3,0,4.247182206904032e-09,0.6890788068099141
1186,1.730625,2.235166804247235e-13,7.152533773591152e-10,2,2,5,3,0,4.235542737570479e-09,0.6885343057970593
1187,1.7309375,2.237511391445235e-13,7.160036452624752e-10,2,2,5,3,0,4.223934616403518e-09,0.6879891787239358
1188,1.7312500000000002,2.2396602801511012e-13,7.166912896483524e-10,2,2,5,3,0,4.212357760542416e-09,0.6874434261393378
1189,1.7315625000000001,2.2418042899471913e-13,7.173773727831012e-10,2,2,5,3,0,4.200812087321963e-09,0.686897048593685
1190,1.731875,2.2439884152236633e-13,7.180762928715723e-10,2,2,5,3,0,4.18929751427226e-09,0.686350046639044
1191,1.7321875000000002,2.246292344840195e-13,7.188135503488624e-10,2,2,5,3,0,4.1778139591185286e-09,0.6858024208291514
1192,1.7325000000000002,2.248083446829141e-13,7.193867029853251e-10,2,2,5,3,0,4.166361339780892e-09,0.6852541717194379
1193,1.7328125,2.2510568712871826e-13,7.203381988118984e-10,2,2,5,3,0,4.154939574374165e-09,0.6847052998670533
1194,1.733125,2.2527243742284653e-13,7.208717997531089e-10,2,2,5,3,0,4.143548581207589e-09,0.6841558058308933
1195,1.7334375000000002,2.2545420391706372e-13,7.214534525346039e-10,2,2,5,3,0,4.1321882787846675e-09,0.6836056901716268
1196,1.7337500000000001,2.2574162591298963e-13,7.223732029215668e-10,2,2,5,3,0,4.120858585802899e-09,0.6830549534517251
1197,1.7340625,2.259345054794748e-13,7.229904175343194e-10,2,2,5,3,0,4.109559421153529e-09,0.6825035962354915
1198,1.734375,2.2612895713911008e-13,7.236126628451522e-10,2,2,5,3,0,4.0982907039213115e-09,0.6819516190890929
1199,1.7346875000000002,2.2632248722689874e-13,7.24231959126076e-10,2,2,5,3,0,4.087052353384276e-09,0.6813990225805916
1200,1.735,2.2656524009331824e-13,7.250087682986184e-10,2,2,5,3,0,4.075844289013479e-09,0.6808458072799798
1201,1.7353125,2.2674017611384878e-13,7.255685635643161e-10,2,2,5,3,0,4.064666430472728e-09,0.6802919737592138
1202,1.7356250000000002,2.2700076410600567e-13,7.264024451392181e-10,2,2,5,3,0,4.053518697618315e-09,0.6797375225922504
1203,1.7359375000000001,2.2719906468335327e-13,7.270370069867305e-10,2,2,5,3,0,4.042401010498786e-09,0.6791824543550843
1204,1.73625,2.273610444879226e-13,7.275553423613523e-10,2,2,5,3,0,4.0313132893546525e-09,0.6786267696257864
1205,1.7365625000000002,2.275975089817417e-13,7.283120287415734e-10,2,2,5,3,0,4.020255454618116e-09,0.678070468984544
1206,1.7368750000000002,2.277831243936712e-13,7.289059980597479e-10,2,2,5,3,0,4.009227426912795e-09,0.6775135530137016
1207,1.7371875,2.279510131000806e-13,7.294432419202579e-10,2,2,5,3,0,3.998229127053441e-09,0.6769560222978034
1208,1.7375,2.2817896660684567e-13,7.301726931419061e-10,2,2,5,3,0,3.9872604760457e-09,0.6763978774236367
1209,1.7378125,2.2835596261150393e-13,7.307390803568126e-10,2,2,5,3,0,3.97632139508578e-09,0.6758391189802773
1210,1.7381250000000001,2.2852547762117204e-13,7.312815283877505e-10,2,2,5,3,0,3.9654118055601815e-09,0.6752797475591349
1211,1.7384375,2.287223687356954e-13,7.319115799542253e-10,2,2,5,3,0,3.95453162904541e-09,0.6747197637540012
1212,1.73875,2.289686452591755e-13,7.326996648293616e-10,2,2,5,3,0,3.943680787307696e-09,0.6741591681610983
1213,1.7390625000000002,2.291522006869773e-13,7.332870421983273e-10,2,2,5,3,0,3.932859202302669e-09,0.6735979613791285
1214,1.7393750000000001,2.293309314151115e-13,7.338589805283569e-10,2,2,5,3,0,3.922066796175113e-09,0.6730361440093259
1215,1.7396875,2.2951719734834453e-13,7.344550315147025e-10,2,2,5,3,0,3.911303491258625e-09,0.6724737166555085
1216,1.7400000000000002,2.296920249486578e-13,7.35014479835705e-10,2,2,5,3,0,3.900569210075358e-09,0.6719106799241324
1217,1.7403125000000002,2.298727072407025e-13,7.355926631702481e-10,2,2,5,3,0,3.889863875335673e-09,0.6713470344243468
1218,1.740625,2.300906318773721e-13,7.362900220075907e-10,2,2,5,3,0,3.879187409937897e-09,0.67078278076805
1219,1.7409375,2.302409565085872e-13,7.367710608274791e-10,2,2,5,3,0,3.8685397369679815e-09,0.6702179195699471
1220,1.7412500000000002,2.3044381073505926e-13,7.374201943521896e-10,2,2,5,3,0,3.8579207796992136e-09,0.6696524514476092
1221,1.7415625000000001,2.305953279886641e-13,7.379050495637252e-10,2,2,5,3,0,3.84733046159192e-09,0.6690863770215332
1222,1.741875,2.3079259857394785e-13,7.385363154366331e-10,2,2,5,3,0,3.836768706293157e-09,0.6685196969152033
1223,1.7421875,2.309504042001531e-13,7.3904129344049e-10,2,2,5,3,0,3.826235437636414e-09,0.6679524117551536
1224,1.7425000000000002,2.311247981195974e-13,7.395993539827117e-10,2,2,5,3,0,3.815730579641321e-09,0.667384522171032
1225,1.7428125,2.313074319755526e-13,7.401837823217683e-10,2,2,5,3,0,3.8052540565133185e-09,0.6668160287956653
1226,1.743125,2.314702249317513e-13,7.407047197816041e-10,2,2,5,3,0,3.794805792643394e-09,0.6662469322651252
1227,1.7434375000000002,2.3164993144184076e-13,7.412797806138904e-10,2,2,5,3,0,3.7843857126077495e-09,0.6656772332187967
1228,1.7437500000000001,2.317985213495799e-13,7.417552683186557e-10,2,2,5,3,0,3.773993741167533e-09,0.665106932299446
1229,1.7440625,2.3199384037095316e-13,7.423802891870501e-10,2,2,5,3,0,3.763629803268526e-09,0.6645360301532905
1230,1.7443750000000002,2.3215197125781017e-13,7.428863080249926e-10,2,2,5,3,0,3.753293824040829e-09,0.6639645274300708
1231,1.7446875000000002,2.3232452203356124e-13,7.43438470507396e-10,2,2,5,3,0,3.742985728798599e-09,0.663392424783122
1232,1.745,2.32455710496432e-13,7.438582735885824e-10,2,2,5,3,0,3.732705443039737e-09,0.6628197228694473
1233,1.7453125,2.32642410110534e-13,7.444557123537088e-10,2,2,5,3,0,3.722452892445597e-09,0.6622464223497936
1234,1.745625,2.3278476585578134e-13,7.449112507385003e-10,2,2,5,3,0,3.712228002880711e-09,0.6616725238887259
1235,1.7459375000000001,2.3294940195567326e-13,7.454380862581544e-10,2,2,5,3,0,3.7020307003924824e-09,0.661098028154705
1236,1.74625,2.3312401271555205e-13,7.459968406897666e-10,2,2,5,3,0,3.6918609112108975e-09,0.6605229358201649
1237,1.7465625,2.332401849783339e-13,7.463685919306684e-10,2,2,5,3,0,3.681718561748269e-09,0.6599472475615923
1238,1.7468750000000002,2.334358292603589e-13,7.469946536331484e-10,2,2,5,3,0,3.6716035785989205e-09,0.6593709640596064
1239,1.7471875000000001,2.335314558919721e-13,7.473006588543107e-10,2,2,5,3,0,3.661515888538954e-09,0.6587940859990399
1240,1.7475,2.3373273802529404e-13,7.479447616809409e-10,2,2,5,3,0,3.6514554185259315e-09,0.6582166140690214
1241,1.7478125000000002,2.339072945750642e-13,7.485033426402055e-10,2,2,5,3,0,3.6414220956986127e-09,0.6576385489630582
1242,1.7481250000000002,2.340195637100251e-13,7.488626038720803e-10,2,2,5,3,0,3.63141584737669e-09,0.6570598913791205
1243,1.7484375,2.341285802384685e-13,7.492114567630992e-10,2,2,5,3,0,3.621436601060549e-09,0.6564806420197263
1244,1.74875,2.3433365707939413e-13,7.498677026540612e-10,2,2,5,3,0,3.611484284430962e-09,0.6559008015920275
1245,1.7490625000000002,2.3443508419263015e-13,7.501922694164165e-10,2,2,5,3,0,3.601558825348843e-09,0.6553203708078964
1246,1.7493750000000001,2.3461690489695597e-13,7.507740956702591e-10,2,2,5,3,0,3.5916601518550067e-09,0.6547393503840137
1247,1.7496875,2.347435397107023e-13,7.511793270742473e-10,2,2,5,3,0,3.581788192169893e-09,0.6541577410419567
1248,1.75,2.349028090098404e-13,7.516889888314893e-10,2,2,5,3,0,3.5719428746933506e-09,0.6535755435082888
1249,1.7503125000000002,2.3502283019033454e-13,7.520730566090705e-10,2,2,5,3,0,3.562124128004358e-09,0.6529927585146497
1250,1.750625,2.35148868692886e-13,7.524763798172351e-10,2,2,5,3,0,3.552331880860799e-09,0.6524093867978455
1251,1.7509375,2.352978922814941e-13,7.529532553007812e-10,2,2,5,3,0,3.542566062199214e-09,0.6518254290999416
1252,1.7512500000000002,2.3541525716666567e-13,7.533288229333301e-10,2,2,5,3,0,3.5328266011345773e-09,0.6512408861683533
1253,1.7515625000000001,2.3556232919136333e-13,7.537994534123627e-10,2,2,5,3,0,3.523113426960064e-09,0.6506557587559398
1254,1.751875,2.356935176542341e-13,7.54219256493549e-10,2,2,5,3,0,3.5134264691468316e-09,0.6500700476210972
1255,1.7521875000000002,2.3580247997256887e-13,7.545679359122204e-10,2,2,5,3,0,3.503765657343781e-09,0.6494837535278527
1256,1.7525000000000002,2.3594895568607166e-13,7.550366581954293e-10,2,2,5,3,0,3.494130921377343e-09,0.6488968772459586
1257,1.7528125,2.3603043347933395e-13,7.552973871338686e-10,2,2,5,3,0,3.4845221912512748e-09,0.6483094195509888
1258,1.753125,2.3617067503034495e-13,7.557461600971038e-10,2,2,5,3,0,3.4749393971464356e-09,0.6477213812244325
1259,1.7534375,2.3628213101367646e-13,7.561028192437647e-10,2,2,5,3,0,3.465382469420579e-09,0.6471327630537916
1260,1.7537500000000001,2.3642752252500676e-13,7.565680720800216e-10,2,2,5,3,0,3.4558513386081805e-09,0.6465435658326766
1261,1.7540625,2.3653382854801897e-13,7.569082513536607e-10,2,2,5,3,0,3.446345935420207e-09,0.6459537903609027
1262,1.754375,2.3667022118131764e-13,7.573447077802165e-10,2,2,5,3,0,3.436866190743936e-09,0.645363437444588
1263,1.7546875000000002,2.367755514223746e-13,7.576817645515987e-10,2,2,5,3,0,3.4274120356427424e-09,0.6447725078962497
1264,1.7550000000000001,2.369202924124014e-13,7.581449357196846e-10,2,2,5,3,0,3.417983401355944e-09,0.6441810025349022
1265,1.7553125,2.3700523965261566e-13,7.584167668883701e-10,2,2,5,3,0,3.4085802192985992e-09,0.6435889221861546
1266,1.7556250000000002,2.371187556200749e-13,7.587800179842397e-10,2,2,5,3,0,3.399202421061338e-09,0.6429962676823086
1267,1.7559375000000002,2.3724679989664543e-13,7.591897596692654e-10,2,2,5,3,0,3.389849938410171e-09,0.6424030398624562
1268,1.75625,2.3733548763435475e-13,7.594735604299352e-10,2,2,5,3,0,3.3805227032863165e-09,0.641809239572578
1269,1.7565625,2.3747036238461194e-13,7.599051596307582e-10,2,2,5,3,0,3.3712206478060487e-09,0.641214867665641
1270,1.7568750000000002,2.3758783569000075e-13,7.602810742080024e-10,2,2,5,3,0,3.3619437042605286e-09,0.6406199250016967
1271,1.7571875000000001,2.3764947258350655e-13,7.60478312267221e-10,2,2,5,3,0,3.3526918051156035e-09,0.6400244124479788
1272,1.7575,2.3779415936342474e-13,7.609413099629592e-10,2,2,5,3,0,3.3434648830117044e-09,0.6394283308790009
1273,1.7578125,2.378952070059004e-13,7.612646624188812e-10,2,2,5,3,0,3.334262870763651e-09,0.6388316811766543
1274,1.7581250000000002,2.379414482285569e-13,7.614126343313821e-10,2,2,5,3,0,3.325085701360494e-09,0.6382344642303055
1275,1.7584375,2.380613609888338e-13,7.617963551642681e-10,2,2,5,3,0,3.3159333079653998e-09,0.6376366809368929
1276,1.75875,2.381461998088308e-13,7.620678393882585e-10,2,2,5,3,0,3.3068056239154454e-09,0.6370383322010239
1277,1.7590625000000002,2.382684436037785e-13,7.624590195320913e-10,2,2,5,3,0,3.297702582721514e-09,0.6364394189350715
1278,1.7593750000000001,2.383660217993022e-13,7.627712697577671e-10,2,2,5,3,0,3.2886241180681345e-09,0.6358399420592696
1279,1.7596875,2.384289055253064e-13,7.629724976809804e-10,2,2,5,3,0,3.2795701638133493e-09,0.6352399025018098
1280,1.7600000000000002,2.3856239791779366e-13,7.633996733369397e-10,2,2,5,3,0,3.2705406539885544e-09,0.6346393011989356
1281,1.7603125000000002,2.386761307256874e-13,7.637636183221996e-10,2,2,5,3,0,3.2615355227983683e-09,0.6340381390950376
1282,1.760625,2.3870280209913053e-13,7.638489667172177e-10,2,2,5,3,0,3.2525547046204962e-09,0.6334364171427471
1283,1.7609375,2.3887275078966763e-13,7.643928025269364e-10,2,2,5,3,0,3.2435981340055857e-09,0.6328341363030295
1284,1.76125,2.3893238190915433e-13,7.645836221092939e-10,2,2,5,3,0,3.2346657456771023e-09,0.6322312975452777
1285,1.7615625000000001,2.3900234005433396e-13,7.648074881738687e-10,2,2,5,3,0,3.2257574745311783e-09,0.6316279018474034
1286,1.761875,2.3908782939563444e-13,7.650810540660302e-10,2,2,5,3,0,3.2168732556364944e-09,0.6310239501959285
1287,1.7621875,2.391156391813587e-13,7.651700453803478e-10,2,2,5,3,0,3.2080130242341285e-09,0.630419443586076
1288,1.7625000000000002,2.392337359029967e-13,7.655479548895894e-10,2,2,5,3,0,3.199176715737441e-09,0.6298143830218594
1289,1.7628125000000001,2.393180055168531e-13,7.6581761765393e-10,2,2,5,3,0,3.1903642657319196e-09,0.6292087695161709
1290,1.763125,2.3937907320421836e-13,7.660130342534988e-10,2,2,5,3,0,3.181575609975064e-09,0.6286026040908698
1291,1.7634375000000002,2.394539373642285e-13,7.662525995655312e-10,2,2,5,3,0,3.172810684396246e-09,0.6279958877768694
1292,1.7637500000000002,2.395778887775979e-13,7.666492440883133e-10,2,2,5,3,0,3.164069425096565e-09,0.6273886216142227
1293,1.7640625,2.395997625564278e-13,7.667192401805689e-10,2,2,5,3,0,3.155351768348732e-09,0.6267808066522069
1294,1.764375,2.3966267338748626e-13,7.66920554839956e-10,2,2,5,3,0,3.1466576505969076e-09,0.6261724439494069
1295,1.7646875000000002,2.397620947267032e-13,7.672387031254502e-10,2,2,5,3,0,3.137987008456586e-09,0.6255635345737985
1296,1.7650000000000001,2.398293423664516e-13,7.674538955726451e-10,2,2,5,3,0,3.129339778714439e-09,0.6249540796028293
1297,1.7653125,2.398791614562773e-13,7.676133166600874e-10,2,2,5,3,0,3.1207158983281934e-09,0.6243440801234985
1298,1.765625,2.3995947373220416e-13,7.678703159430533e-10,2,2,5,3,0,3.112115304426482e-09,0.6237335372324364
1299,1.7659375000000002,2.400116238567007e-13,7.680371963414423e-10,2,2,5,3,0,3.1035379343086956e-09,0.6231224520359814
1300,1.76625,2.401015313218541e-13,7.68324900229933e-10,2,2,5,3,0,3.0949837254448287e-09,0.6225108256502567
1301,1.7665625,2.4015820799042076e-13,7.685062655693464e-10,2,2,5,3,0,3.08645261547535e-09,0.6218986592012448
1302,1.7668750000000002,2.4022179644783703e-13,7.687097486330785e-10,2,2,5,3,0,3.0779445422110457e-09,0.621285953824861
1303,1.7671875000000001,2.4030934577326524e-13,7.689899064744488e-10,2,2,5,3,0,3.069459443632855e-09,0.6206727106670251
1304,1.7675,2.4034469076408826e-13,7.691030104450824e-10,2,2,5,3,0,3.060997257891718e-09,0.6200589308837329
1305,1.7678125000000002,2.403869204387066e-13,7.69238145403861e-10,2,2,5,3,0,3.0525579233084295e-09,0.6194446156411241
1306,1.7681250000000002,2.4045004811019954e-13,7.694401539526385e-10,2,2,5,3,0,3.0441413783734636e-09,0.6188297661155504
1307,1.7684375,2.404676392904481e-13,7.69496445729434e-10,2,2,5,3,0,3.035747561746796e-09,0.6182143834936413
1308,1.76875,2.405433437071419e-13,7.697386998628541e-10,2,2,5,3,0,3.02737641225777e-09,0.6175984689723685
1309,1.7690625,2.4059549383163847e-13,7.699055802612431e-10,2,2,5,3,0,3.0190278689048963e-09,0.6169820237591085
1310,1.7693750000000001,2.4063433537446777e-13,7.700298731982969e-10,2,2,5,3,0,3.010701870855669e-09,0.6163650490717034
1311,1.7696875,2.406839918339676e-13,7.701887738686963e-10,2,2,5,3,0,3.0023983574464037e-09,0.6157475461385207
1312,1.77,2.4076649961929375e-13,7.7045279878174e-10,2,2,5,3,0,2.9941172681820523e-09,0.6151295161985109
1313,1.7703125000000002,2.407799708312869e-13,7.70495906660118e-10,2,2,5,3,0,2.985858542736003e-09,0.6145109605012629
1314,1.7706250000000001,2.408698240863316e-13,7.707834370762612e-10,2,2,5,3,0,2.9776221209499018e-09,0.6138918803070588
1315,1.7709375,2.4087502825675955e-13,7.708000904216306e-10,2,2,5,3,0,2.969407942833422e-09,0.6132722768869259
1316,1.7712500000000002,2.409461790243289e-13,7.710277728778525e-10,2,2,5,3,0,2.9612159485641098e-09,0.6126521515226875
1317,1.7715625000000002,2.4096162890528683e-13,7.710772124969179e-10,2,2,5,3,0,2.9530460784871356e-09,0.6120315055070118
1318,1.771875,2.410181158384733e-13,7.712579706831146e-10,2,2,5,3,0,2.9448982731150927e-09,0.6114103401434584
1319,1.7721875,2.4103890541513073e-13,7.713244973284183e-10,2,2,5,3,0,2.936772473127818e-09,0.6107886567465234
1320,1.7725000000000002,2.41066715200855e-13,7.71413488642736e-10,2,2,5,3,0,2.9286686193721145e-09,0.6101664566416831
1321,1.7728125000000001,2.4126452788722497e-13,7.720464892391199e-10,2,2,5,3,0,2.9205866528615506e-09,0.6095437411654351
1322,1.773125,2.4149134298170893e-13,7.727722975414686e-10,2,2,5,3,0,2.9125265147762377e-09,0.6089205116653376
1323,1.7734375,2.416885051467754e-13,7.734032164696814e-10,2,2,5,3,0,2.9044881464625894e-09,0.6082967695000469
1324,1.7737500000000002,2.418954793415029e-13,7.740655338928093e-10,2,2,5,3,0,2.896471489433067e-09,0.6076725160393531
1325,1.7740625,2.421232160078335e-13,7.747942912250672e-10,2,2,5,3,0,2.8884764853659483e-09,0.607047752664214
1326,1.774375,2.4232482340180717e-13,7.754394348857829e-10,2,2,5,3,0,2.8805030761050722e-09,0.606422480766786
1327,1.7746875000000002,2.4253336968968475e-13,7.761067830069912e-10,2,2,5,3,0,2.8725512036595702e-09,0.6057967017504547
1328,1.7750000000000001,2.427484754007059e-13,7.767951212822588e-10,2,2,5,3,0,2.8646208102036213e-09,0.6051704170298625
1329,1.7753125,2.4292129722700007e-13,7.773481511264002e-10,2,2,5,3,0,2.8567118380761753e-09,0.6045436280309341
1330,1.7756250000000002,2.4314767864061504e-13,7.780725716499681e-10,2,2,5,3,0,2.8488242297806777e-09,0.6039163361909003
1331,1.7759375000000002,2.4334868972339385e-13,7.787158071148603e-10,2,2,5,3,0,2.8409579279848223e-09,0.6032885429583206
1332,1.77625,2.4349343071342067e-13,7.791789782829461e-10,2,2,5,3,0,2.833112875520217e-09,0.6026602497931021
1333,1.7765625,2.4372767259278616e-13,7.799285522969157e-10,2,2,5,3,0,2.8252890153821303e-09,0.6020314581665179
1334,1.776875,2.4391876322568673e-13,7.805400423221975e-10,2,2,5,3,0,2.817486290729192e-09,0.6014021695612235
1335,1.7771875000000001,2.4410790229467683e-13,7.811452873429658e-10,2,2,5,3,0,2.809704644883098e-09,0.6007723854712698
1336,1.7775,2.44282458844447e-13,7.817038683022304e-10,2,2,5,3,0,2.8019440213283053e-09,0.6001421074021158
1337,1.7778125,2.4448715621461226e-13,7.823588998867592e-10,2,2,5,3,0,2.794204363711708e-09,0.5995113368706383
1338,1.7781250000000002,2.446583517376477e-13,7.829067255604727e-10,2,2,5,3,0,2.78648561584235e-09,0.5988800754051398
1339,1.7784375000000001,2.4483887139936655e-13,7.83484388477973e-10,2,2,5,3,0,2.7787877216910804e-09,0.598248324545355
1340,1.77875,2.4506303019852793e-13,7.842016966352894e-10,2,2,5,3,0,2.771110625390257e-09,0.5976160858424545
1341,1.7790625000000002,2.4520511489323216e-13,7.846563676583429e-10,2,2,5,3,0,2.7634542712333914e-09,0.596983360859047
1342,1.7793750000000002,2.454021686380814e-13,7.852869396418605e-10,2,2,5,3,0,2.7558186036748356e-09,0.5963501511691797
1343,1.7796875,2.455927171698957e-13,7.858966949436663e-10,2,2,5,3,0,2.748203567329434e-09,0.5957164583583363
1344,1.78,2.4572943506384615e-13,7.863341922043077e-10,2,2,5,3,0,2.7406091069721795e-09,0.5950822840234339
1345,1.7803125000000002,2.459414507986757e-13,7.870126425557622e-10,2,2,5,3,0,2.7330351675378834e-09,0.5944476297728165
1346,1.7806250000000001,2.460781144825175e-13,7.87449966344056e-10,2,2,5,3,0,2.7254816941208085e-09,0.5938124972262485
1347,1.7809375,2.4626183254064515e-13,7.880378641300645e-10,2,2,5,3,0,2.717948631974306e-09,0.5931768880149048
1348,1.78125,2.46403971445458e-13,7.884927086254656e-10,2,2,5,3,0,2.710435926510468e-09,0.5925408037813595
1349,1.7815625000000002,2.466063377809524e-13,7.891402808990478e-10,2,2,5,3,0,2.702943523299763e-09,0.5919042461795732
1350,1.781875,2.4679151951201295e-13,7.897328624384414e-10,2,2,5,3,0,2.695471368070646e-09,0.5912672168748775
1351,1.7821875,2.469258521611839e-13,7.901627269157885e-10,2,2,5,3,0,2.6880194067092233e-09,0.590629717543959
1352,1.7825000000000002,2.4712735113494033e-13,7.908075236318091e-10,2,2,5,3,0,2.6805875852588397e-09,0.5899917498748402
1353,1.7828125000000001,2.472681889971462e-13,7.912582047908678e-10,2,2,5,3,0,2.6731758499197147e-09,0.5893533155668592
1354,1.783125,2.473934685581769e-13,7.916590993861661e-10,2,2,5,3,0,2.665784147048549e-09,0.5887144163306477
1355,1.7834375000000002,2.4756753721696945e-13,7.922161190943022e-10,2,2,5,3,0,2.6584124231581385e-09,0.5880750538881069
1356,1.7837500000000002,2.4774372006999834e-13,7.927799042239947e-10,2,2,5,3,0,2.65106062491698e-09,0.587435229972382
1357,1.7840625,2.4789648415610155e-13,7.93268749299525e-10,2,2,5,3,0,2.6436879337208735e-09,0.5867949463278348
1358,1.784375,2.4805391031154644e-13,7.937725129969486e-10,2,2,5,3,0,2.6362743851034063e-09,0.5861542047100151
1359,1.7846875,2.481889476921295e-13,7.942046326148144e-10,2,2,5,3,0,2.6288812530731407e-09,0.5855130068856295
1360,1.7850000000000001,2.483181845910898e-13,7.946181906914873e-10,2,2,5,3,0,2.6215084830747836e-09,0.5848713546325088
1361,1.7853125,2.484883501220614e-13,7.951627203905964e-10,2,2,5,3,0,2.6141560206819294e-09,0.5842292497395752
1362,1.785625,2.486369400298005e-13,7.956382080953617e-10,2,2,5,3,0,2.606823811596946e-09,0.5835866940068054
1363,1.7859375000000002,2.4879913667480436e-13,7.961572373593739e-10,2,2,5,3,0,2.599511801650845e-09,0.5829436892451945
1364,1.7862500000000001,2.489417092604862e-13,7.966134696335558e-10,2,2,5,3,0,2.5922199368031253e-09,0.5823002372767166
1365,1.7865625,2.490730061435742e-13,7.970336196594374e-10,2,2,5,3,0,2.584948163141699e-09,0.5816563399342854
1366,1.7868750000000002,2.4918885314570427e-13,7.974043300662537e-10,2,2,5,3,0,2.5776964268827226e-09,0.5810119990617116
1367,1.7871875000000002,2.4931516269879883e-13,7.978085206361563e-10,2,2,5,3,0,2.570464674370514e-09,0.5803672165136604
1368,1.7875,2.494846234983583e-13,7.983507951947466e-10,2,2,5,3,0,2.5632528520774044e-09,0.5797219941556069
1369,1.7878125,2.4972428638858624e-13,7.99117716443476e-10,2,2,5,3,0,2.5560609066036424e-09,0.5790763338637896
1370,1.7881250000000002,2.5023879452953923e-13,8.007641424945255e-10,2,2,5,3,0,2.5488887846772657e-09,0.5784302375251638
1371,1.7884375000000001,2.507200176637969e-13,8.023040565241502e-10,2,2,5,3,0,2.5417364331539884e-09,0.5777837070373523
1372,1.78875,2.511739731134166e-13,8.037567139629331e-10,2,2,5,3,0,2.534603799017085e-09,0.5771367443085953
1373,1.7890625,2.5162922960564327e-13,8.052135347380585e-10,2,2,5,3,0,2.527490829377292e-09,0.5764893512576996
1374,1.7893750000000002,2.521252520995554e-13,8.068008067185772e-10,2,2,5,3,0,2.52039747147267e-09,0.5758415298139855
1375,1.7896875,2.525328036961927e-13,8.081049718278166e-10,2,2,5,3,0,2.5133236726685283e-09,0.5751932819172333
1376,1.79,2.5304584816421283e-13,8.09746714125481e-10,2,2,5,3,0,2.5062693804572774e-09,0.5745446095176278
1377,1.7903125000000002,2.5350636303697605e-13,8.112203617183233e-10,2,2,5,3,0,2.4992345424583537e-09,0.5738955145757024
1378,1.7906250000000001,2.5395478905551605e-13,8.126553249776514e-10,2,2,5,3,0,2.4922191064180994e-09,0.5732459990622822
1379,1.7909375,2.544052750581838e-13,8.140968801861881e-10,2,2,5,3,0,2.4852230202096345e-09,0.5725960649584247
1380,1.7912500000000002,2.5490167702285627e-13,8.1568536647314e-10,2,2,5,3,0,2.478246231832779e-09,0.5719457142553606
1381,1.7915625000000002,2.553269553250137e-13,8.170462570400439e-10,2,2,5,3,0,2.4712886894139415e-09,0.5712949489544333
1382,1.791875,2.558001011530864e-13,8.185603236898764e-10,2,2,5,3,0,2.4643503412059983e-09,0.5706437710670375
1383,1.7921875,2.562154590053656e-13,8.198894688171698e-10,2,2,5,3,0,2.4574311355881854e-09,0.5699921826145559
1384,1.7925,2.567315392394687e-13,8.215409255662998e-10,2,2,5,3,0,2.450531021066021e-09,0.5693401856282965
1385,1.7928125000000001,2.571534023047828e-13,8.228908873753049e-10,2,2,5,3,0,2.4436499462711673e-09,0.5686877821494278
1386,1.793125,2.575971662539811e-13,8.243109320127395e-10,2,2,5,3,0,2.436787859961354e-09,0.5680349742289135
1387,1.7934375,2.580228240268989e-13,8.256730368860765e-10,2,2,5,3,0,2.4299447110202364e-09,0.567381763927446
1388,1.7937500000000002,2.584658290345765e-13,8.270906529106448e-10,2,2,5,3,0,2.4231204484573267e-09,0.5667281533153801
1389,1.7940625000000001,2.5888606579663187e-13,8.28435410549222e-10,2,2,5,3,0,2.416315021407854e-09,0.5660741444726644
1390,1.794375,2.5935698901025095e-13,8.29942364832803e-10,2,2,5,3,0,2.409528379132683e-09,0.5654197394887736
1391,1.7946875000000002,2.5978909778609505e-13,8.313251129155041e-10,2,2,5,3,0,2.4027604710182034e-09,0.5647649404626386
1392,1.7950000000000002,2.602434869165837e-13,8.327791581330679e-10,2,2,5,3,0,2.3960112465762025e-09,0.564109749502577
1393,1.7953125,2.6064149753410315e-13,8.340527921091301e-10,2,2,5,3,0,2.3892806554437766e-09,0.563454168726222
1394,1.795625,2.610652579532191e-13,8.354088254503012e-10,2,2,5,3,0,2.382568647383212e-09,0.562798200260452
1395,1.7959375000000002,2.6151135293708827e-13,8.368363293986825e-10,2,2,5,3,0,2.3758751722818824e-09,0.5621418462413178
1396,1.7962500000000001,2.620111701386041e-13,8.384357444435331e-10,2,2,5,3,0,2.369200180152138e-09,0.5614851088139712
1397,1.7965625,2.623730226136711e-13,8.395936723637476e-10,2,2,5,3,0,2.3625436211311864e-09,0.5608279901325912
1398,1.796875,2.6279293411507476e-13,8.409373891682392e-10,2,2,5,3,0,2.3559054454809764e-09,0.5601704923603116
1399,1.7971875000000002,2.6322412131907225e-13,8.423171882210312e-10,2,2,5,3,0,2.3492856035881144e-09,0.5595126176691465
1400,1.7975,2.636438159800414e-13,8.436602111361324e-10,2,2,5,3,0,2.3426840459637148e-09,0.5588543682399162
1401,1.7978125,2.640799905140323e-13,8.450559696449034e-10,2,2,5,3,0,2.3361007232432992e-09,0.5581957462621728
1402,1.7981250000000002,2.644796816449191e-13,8.463349812637411e-10,2,2,5,3,0,2.329535586186683e-09,0.5575367539341252
1403,1.7984375000000001,2.648937926646999e-13,8.476601365270398e-10,2,2,5,3,0,2.3229885856778558e-09,0.5568773934625634
1404,1.79875,2.6528090705038587e-13,8.488989025612348e-10,2,2,5,3,0,2.3164596727248513e-09,0.5562176670627832
1405,1.7990625000000002,2.6573909088847825e-13,8.503650908431304e-10,2,2,5,3,0,2.3099487984596415e-09,0.5555575769585103
1406,1.7993750000000002,2.6613498731176133e-13,8.516319593976363e-10,2,2,5,3,0,2.303455914138015e-09,0.5548971253818242
1407,1.7996875,2.665223185378818e-13,8.528714193212217e-10,2,2,5,3,0,2.296980971139443e-09,0.554236314573082
1408,1.8,2.6693046644571394e-13,8.541774926262846e-10,2,2,5,3,0,2.2905239209669515e-09,0.5535751467808415
1409,1.8003125,2.6733135019899046e-13,8.554603206367695e-10,2,2,5,3,0,2.284084715247022e-09,0.5529136242617851
1410,1.8006250000000001,2.677260539998838e-13,8.567233727996282e-10,2,2,5,3,0,2.2776633057294235e-09,0.552251749280643
1411,1.8009375,2.681325213943486e-13,8.580240684619156e-10,2,2,5,3,0,2.2712596442871157e-09,0.5515895241101159
1412,1.80125,2.685274962457851e-13,8.592879879865123e-10,2,2,5,3,0,2.2648736829161063e-09,0.5509269510307987
1413,1.8015625000000002,2.689105448733242e-13,8.605137435946375e-10,2,2,5,3,0,2.258505373735306e-09,0.5502640323311039
1414,1.8018750000000001,2.6932302958984633e-13,8.618336946875083e-10,2,2,5,3,0,2.2521546689864195e-09,0.5496007703071838
1415,1.8021875,2.697119871192255e-13,8.630783587815216e-10,2,2,5,3,0,2.2458215210337807e-09,0.5489371672628542
1416,1.8025000000000002,2.701090761648983e-13,8.643490437276746e-10,2,2,5,3,0,2.2395058823642428e-09,0.5482732255095181
1417,1.8028125000000002,2.704607913496526e-13,8.654745323188884e-10,2,2,5,3,0,2.2332077055870137e-09,0.5476089473660881
1418,1.803125,2.708580430256513e-13,8.667457376820842e-10,2,2,5,3,0,2.2269269434335158e-09,0.5469443351589107
1419,1.8034375,2.712762740136876e-13,8.680840768438003e-10,2,2,5,3,0,2.2206635487572678e-09,0.5462793912216897
1420,1.8037500000000002,2.716320549565887e-13,8.692225758610839e-10,2,2,5,3,0,2.2144174745337033e-09,0.5456141178954095
1421,1.8040625000000001,2.720463286066954e-13,8.705482515414253e-10,2,2,5,3,0,2.2081886738600417e-09,0.5449485175282596
1422,1.804375,2.724229804414169e-13,8.71753537412534e-10,2,2,5,3,0,2.2019770999551385e-09,0.5442825924755588
1423,1.8046875,2.727607094181461e-13,8.728342701380676e-10,2,2,5,3,0,2.195782706159325e-09,0.5436163450996797
1424,1.8050000000000002,2.731429991041645e-13,8.740575971333264e-10,2,2,5,3,0,2.189605445934266e-09,0.5429497777699729
1425,1.8053125,2.7348902222751326e-13,8.751648711280424e-10,2,2,5,3,0,2.1834452728627875e-09,0.5422828928626927
1426,1.805625,2.7387022771135916e-13,8.763847286763493e-10,2,2,5,3,0,2.17730214064872e-09,0.5416156927609223
1427,1.8059375000000002,2.7422730969686726e-13,8.775273910299752e-10,2,2,5,3,0,2.1711760031167598e-09,0.5409481798544991
1428,1.8062500000000001,2.7462521189416944e-13,8.788006780613422e-10,2,2,5,3,0,2.1650668142122753e-09,0.5402803565399413
1429,1.8065625,2.749636456023108e-13,8.798836659273945e-10,2,2,5,3,0,2.158974528001169e-09,0.5396122252203742
1430,1.8068750000000002,2.7530923504479055e-13,8.809895521433297e-10,2,2,5,3,0,2.1528990986696785e-09,0.5389437883054568
1431,1.8071875000000002,2.7568192954158244e-13,8.821821745330638e-10,2,2,5,3,0,2.146840480524243e-09,0.5382750482113093
1432,1.8075,2.759917945224788e-13,8.831737424719321e-10,2,2,5,3,0,2.1407986279913037e-09,0.5376060073604413
1433,1.8078125,2.7640173136389556e-13,8.844855403644658e-10,2,2,5,3,0,2.1347734956171483e-09,0.5369366681816788
1434,1.808125,2.767568617854932e-13,8.856219577135782e-10,2,2,5,3,0,2.1287650380677108e-09,0.5362670331100945
1435,1.8084375000000001,2.771059206749249e-13,8.867389461597597e-10,2,2,5,3,0,2.1227732101284278e-09,0.5355971045869353
1436,1.80875,2.774561179766377e-13,8.878595775252407e-10,2,2,5,3,0,2.1167979667040242e-09,0.5349268850595533
1437,1.8090625,2.7778761279087516e-13,8.889203609308005e-10,2,2,5,3,0,2.1108392628183447e-09,0.5342563769813355
1438,1.8093750000000002,2.7813195540085656e-13,8.90022257282741e-10,2,2,5,3,0,2.1048970536141683e-09,0.5335855828116348
1439,1.8096875000000001,2.7849500049831333e-13,8.911840015946026e-10,2,2,5,3,0,2.098971294353031e-09,0.5329145050157009
1440,1.81,2.788430836057898e-13,8.922978675385274e-10,2,2,5,3,0,2.0930619404150107e-09,0.5322431460646126
1441,1.8103125000000002,2.7915511699103113e-13,8.932963743712996e-10,2,2,5,3,0,2.087168947298555e-09,0.5315715084352104
1442,1.8106250000000002,2.7948297972799074e-13,8.943455351295704e-10,2,2,5,3,0,2.0812922706202774e-09,0.5308995946100293
1443,1.8109375,2.797986451905099e-13,8.953556646096317e-10,2,2,5,3,0,2.0754318661147728e-09,0.5302274070772326
1444,1.81125,2.8015588980634387e-13,8.964988473803004e-10,2,2,5,3,0,2.0695876896344014e-09,0.5295549483305463
1445,1.8115625000000002,2.8047030843636467e-13,8.975049869963669e-10,2,2,5,3,0,2.063759697149104e-09,0.528882220869194
1446,1.8118750000000001,2.8080863372428877e-13,8.985876279177241e-10,2,2,5,3,0,2.05794784474618e-09,0.5282092271978326
1447,1.8121875,2.8113042492908247e-13,8.996173597730639e-10,2,2,5,3,0,2.052152088630101e-09,0.5275359698264884
1448,1.8125,2.814534629663745e-13,9.006510814923985e-10,2,2,5,3,0,2.0463723851222916e-09,0.5268624512704942
1449,1.8128125000000002,2.8177731415529594e-13,9.01687405296947e-10,2,2,5,3,0,2.040608690660921e-09,0.5261886740504265
1450,1.813125,2.8206966927110666e-13,9.026229416675413e-10,2,2,5,3,0,2.0348609618006976e-09,0.5255146406920439
1451,1.8134375,2.8239877884056463e-13,9.036760922898068e-10,2,2,5,3,0,2.0291291552126417e-09,0.5248403537262263
1452,1.8137500000000002,2.8273938095305096e-13,9.047660190497631e-10,2,2,5,3,0,2.0234132276838805e-09,0.5241658156889137
1453,1.8140625000000001,2.83062418990343e-13,9.057997407690976e-10,2,2,5,3,0,2.017713136117419e-09,0.5234910291210472
1454,1.814375,2.833491362548568e-13,9.067172360155418e-10,2,2,5,3,0,2.0120288375319325e-09,0.5228159965685093
1455,1.8146875000000002,2.836378592933897e-13,9.07641149738847e-10,2,2,5,3,0,2.006360289061537e-09,0.5221407205820657
1456,1.8150000000000002,2.839389422366889e-13,9.086046151574045e-10,2,2,5,3,0,2.000707447955553e-09,0.5214652037173079
1457,1.8153125,2.842934763470917e-13,9.097391243106934e-10,2,2,5,3,0,1.9950702715782995e-09,0.5207894485345954
1458,1.815625,2.845039199887711e-13,9.104125439640676e-10,2,2,5,3,0,1.9894487174088456e-09,0.5201134575989996
1459,1.8159375,2.848989490503162e-13,9.116766369610119e-10,2,2,5,3,0,1.9838427430407906e-09,0.5194372334802486
1460,1.8162500000000001,2.851572602179109e-13,9.125032326973148e-10,2,2,5,3,0,1.97825230618203e-09,0.5187607787526712
1461,1.8165625,2.854702151749988e-13,9.135046885599962e-10,2,2,5,3,0,1.9726773646545173e-09,0.5180840959951432
1462,1.816875,2.8579249427077014e-13,9.145359816664644e-10,2,2,5,3,0,1.967117876394017e-09,0.5174071877910329
1463,1.8171875000000002,2.8603990920653133e-13,9.153277094609003e-10,2,2,5,3,0,1.961573799449891e-09,0.516730056728149
1464,1.8175000000000001,2.862933414643498e-13,9.161386926859194e-10,2,2,5,3,0,1.956045091984828e-09,0.5160527053986874
1465,1.8178125,2.8658753972385376e-13,9.17080127116332e-10,2,2,5,3,0,1.9505317122746266e-09,0.5153751363991798
1466,1.8181250000000002,2.868991394282261e-13,9.180772461703235e-10,2,2,5,3,0,1.9450336187079222e-09,0.514697352330442
1467,1.8184375000000002,2.8716390159874705e-13,9.189244851159906e-10,2,2,5,3,0,1.9395507697859756e-09,0.514019355797524
1468,1.81875,2.8743804211806e-13,9.19801734777792e-10,2,2,5,3,0,1.9340831241223855e-09,0.5133411494096598
1469,1.8190625,2.877265483161584e-13,9.207249546117069e-10,2,2,5,3,0,1.9286306404428644e-09,0.5126627357802177
1470,1.8193750000000002,2.8800957929328574e-13,9.216306537385144e-10,2,2,5,3,0,1.92319327758498e-09,0.5119841175266521
1471,1.8196875000000001,2.882696251843564e-13,9.224628005899405e-10,2,2,5,3,0,1.917770994497906e-09,0.511305297270455
1472,1.82,2.8855021670659564e-13,9.233606934611061e-10,2,2,5,3,0,1.912363750242144e-09,0.5106262776371088
1473,1.8203125,2.888196409464583e-13,9.242228510286665e-10,2,2,5,3,0,1.9069715039892966e-09,0.5099470612560388
1474,1.8206250000000002,2.890867341516501e-13,9.250775492852803e-10,2,2,5,3,0,1.9015942150217955e-09,0.5092676507605672
1475,1.8209375,2.893786013764832e-13,9.260115244047462e-10,2,2,5,3,0,1.8962318427326256e-09,0.5085880487878668
1476,1.82125,2.8963626202277437e-13,9.26836038472878e-10,2,2,5,3,0,1.89088434662509e-09,0.5079082579789157
1477,1.8215625000000002,2.898596076703064e-13,9.275507445449804e-10,2,2,5,3,0,1.885551686312523e-09,0.5072282809784526
1478,1.8218750000000001,2.901425844373251e-13,9.284562701994403e-10,2,2,5,3,0,1.8802338215180467e-09,0.5065481204349321
1479,1.8221875,2.9040192559698363e-13,9.292861619103476e-10,2,2,5,3,0,1.8749307120742744e-09,0.5058677790004809
1480,1.8225000000000002,2.9063378223156966e-13,9.300281031410229e-10,2,2,5,3,0,1.869642317923075e-09,0.5051872593308542
1481,1.8228125000000002,2.908913344576436e-13,9.308522702644595e-10,2,2,5,3,0,1.864368599115286e-09,0.5045065640853931
1482,1.823125,2.911242752944021e-13,9.315976809420867e-10,2,2,5,3,0,1.8591095158104335e-09,0.5038256959269815
1483,1.8234375,2.913619324106109e-13,9.32358183713955e-10,2,2,5,3,0,1.8538650282764773e-09,0.5031446575220041
1484,1.82375,2.9161997252766247e-13,9.3318391208852e-10,2,2,5,3,0,1.8486350968895284e-09,0.502463451540305
1485,1.8240625000000001,2.918587138460438e-13,9.339478843073401e-10,2,2,5,3,0,1.8434196821335762e-09,0.5017820806551456
1486,1.824375,2.92122283394175e-13,9.3479130686136e-10,2,2,5,3,0,1.8382187446002135e-09,0.5011005475431639
1487,1.8246875,2.9232649287336265e-13,9.354447771947605e-10,2,2,5,3,0,1.833032244988351e-09,0.5004188548843339
1488,1.8250000000000002,2.925603552819678e-13,9.361931369022969e-10,2,2,5,3,0,1.8278601441039426e-09,0.4997370053619253
1489,1.8253125000000001,2.928006686934992e-13,9.369621398191974e-10,2,2,5,3,0,1.8227024028597086e-09,0.4990550016624631
1490,1.825625,2.930262911655934e-13,9.37684131729899e-10,2,2,5,3,0,1.8175589822748495e-09,0.4983728464756881
1491,1.8259375000000002,2.9323331957042953e-13,9.383466226253745e-10,2,2,5,3,0,1.812429843474768e-09,0.49769054249451733
1492,1.8262500000000002,2.9348837813150674e-13,9.391628100208216e-10,2,2,5,3,0,1.8073149476907845e-09,0.4970080924150049
1493,1.8265625,2.9371421744403547e-13,9.398854958209135e-10,2,2,5,3,0,1.802214256259843e-09,0.4963254989363026
1494,1.826875,2.9391696325029026e-13,9.405342824009288e-10,2,2,5,3,0,1.797127730624245e-09,0.49564276476062186
1495,1.8271875000000002,2.94131689490551e-13,9.412214063697633e-10,2,2,5,3,0,1.7920553323313517e-09,0.49495989259319434
1496,1.8275000000000001,2.9434988517776373e-13,9.41919632568844e-10,2,2,5,3,0,1.7869970230332923e-09,0.49427688514223406
1497,1.8278125,2.9458174181234975e-13,9.426615737995192e-10,2,2,5,3,0,1.7819527644866739e-09,0.49359374511889903
1498,1.828125,2.9477559716079016e-13,9.432819109145285e-10,2,2,5,3,0,1.7769225185523127e-09,0.492910475237253
1499,1.8284375000000002,2.9499682861408583e-13,9.439898515650746e-10,2,2,5,3,0,1.7719062471949244e-09,0.49222707821422773
1500,1.82875,2.952126932666277e-13,9.446806184532086e-10,2,2,5,3,0,1.7669039124828374e-09,0.49154355676958494
1501,1.8290625,2.9540600651398186e-13,9.45299220844742e-10,2,2,5,3,0,1.7619154765877108e-09,0.4908599136258784
1502,1.8293750000000002,2.956292437412966e-13,9.460135799721492e-10,2,2,5,3,0,1.7569409017842261e-09,0.49017615150841676
1503,1.8296875000000001,2.958290079915771e-13,9.466528255730466e-10,2,2,5,3,0,1.7519801504498033e-09,0.4894922731452253
1504,1.83,2.960153281349187e-13,9.472490500317399e-10,2,2,5,3,0,1.7470331850643217e-09,0.4888082812670086
1505,1.8303125000000002,2.962292412235501e-13,9.479335719153603e-10,2,2,5,3,0,1.7420999682097939e-09,0.4881241786071129
1506,1.8306250000000002,2.964219581597094e-13,9.4855026611107e-10,2,2,5,3,0,1.7371804625701068e-09,0.48743996790148864
1507,1.8309375,2.966197708460794e-13,9.49183266707454e-10,2,2,5,3,0,1.7322746309306963e-09,0.48675565188865255
1508,1.83125,2.9683498497731775e-13,9.498719519274168e-10,2,2,5,3,0,1.7273824361782667e-09,0.48607123330965035
1509,1.8315625,2.969540845859653e-13,9.50253070675089e-10,2,2,5,3,0,1.722503841300501e-09,0.485386714908019
1510,1.8318750000000001,2.971361221307256e-13,9.50835590818322e-10,2,2,5,3,0,1.7176388093857513e-09,0.4847020994297488
1511,1.8321875,2.9734396368719107e-13,9.515006837990114e-10,2,2,5,3,0,1.7127873036227496e-09,0.48401738962324553
1512,1.8325,2.975200381200027e-13,9.520641219840087e-10,2,2,5,3,0,1.7079492873003003e-09,0.4833325882392929
1513,1.8328125000000002,2.9767464534979915e-13,9.525588651193573e-10,2,2,5,3,0,1.703124723807003e-09,0.4826476980310145
1514,1.8331250000000001,2.9788389636908885e-13,9.532284683810843e-10,2,2,5,3,0,1.6983135766309375e-09,0.48196272175383503
1515,1.8334375,2.9804446671083396e-13,9.537422934746687e-10,2,2,5,3,0,1.69351580935938e-09,0.481277662165443
1516,1.8337500000000002,2.981921892568351e-13,9.542150056218723e-10,2,2,5,3,0,1.68873138567848e-09,0.48059252202575165
1517,1.8340625000000002,2.9835557852422867e-13,9.547378512775317e-10,2,2,5,3,0,1.6839602693729986e-09,0.4799073040968608
1518,1.834375,2.985412481462668e-13,9.553319940680538e-10,2,2,5,3,0,1.6792024243259834e-09,0.47922201114301777
1519,1.8346875,2.987129857703885e-13,9.558815544652433e-10,2,2,5,3,0,1.674457814518481e-09,0.4785366459305788
1520,1.8350000000000002,2.9888900599309154e-13,9.56444819177893e-10,2,2,5,3,0,1.6697264040292353e-09,0.47785121122796975
1521,1.8353125000000001,2.9905141947852987e-13,9.569645423312956e-10,2,2,5,3,0,1.6650081570343853e-09,0.4771657098056468
1522,1.835625,2.9920326199278646e-13,9.574504383769167e-10,2,2,5,3,0,1.6603030378071875e-09,0.47648014443605713
1523,1.8359375,2.9934686457053217e-13,9.57909966625703e-10,2,2,5,3,0,1.6556110107176904e-09,0.47579451789359906
1524,1.8362500000000002,2.995137774949863e-13,9.584440879839562e-10,2,2,5,3,0,1.6509320402324537e-09,0.47510883295458206
1525,1.8365625,2.9964588752970367e-13,9.588668400950517e-10,2,2,5,3,0,1.6462660909142508e-09,0.47442309239718666
1526,1.836875,2.997638487260701e-13,9.592443159234243e-10,2,2,5,3,0,1.6416131274217576e-09,0.47373729900142386
1527,1.8371875000000002,2.9993341794584683e-13,9.597869374267098e-10,2,2,5,3,0,1.6369731145092781e-09,0.47305145554909456
1528,1.8375000000000001,3.00070894781318e-13,9.602268633002176e-10,2,2,5,3,0,1.632346017026424e-09,0.47236556482374864
1529,1.8378125,3.002024627149491e-13,9.606478806878371e-10,2,2,5,3,0,1.6277317999178402e-09,0.4716796296106434
1530,1.8381250000000002,3.0038081397232297e-13,9.612186047114335e-10,2,2,5,3,0,1.6231304282228831e-09,0.47099365269670274
1531,1.8384375000000002,3.004577381164608e-13,9.614647619726746e-10,2,2,5,3,0,1.6185418670753556e-09,0.4703076368704746
1532,1.83875,3.0061364638886423e-13,9.619636684443655e-10,2,2,5,3,0,1.613966081703186e-09,0.4696215849220894
1533,1.8390625,3.0075437583085285e-13,9.624140026587291e-10,2,2,5,3,0,1.6094030374281428e-09,0.4689354996432174
1534,1.839375,3.008460451245365e-13,9.627073443985168e-10,2,2,5,3,0,1.6048526996655404e-09,0.4682493838270264
1535,1.8396875000000001,3.009802693534902e-13,9.631368619311687e-10,2,2,5,3,0,1.6003150339239503e-09,0.46756324026813867
1536,1.84,3.0113980970317145e-13,9.636473910501486e-10,2,2,5,3,0,1.5957900058049028e-09,0.46687707176258747
1537,1.8403125,3.0124925991248386e-13,9.639976317199483e-10,2,2,5,3,0,1.5912775810025972e-09,0.4661908811077739
1538,1.8406250000000002,3.013869535883895e-13,9.644382514828465e-10,2,2,5,3,0,1.5867777253035981e-09,0.4655046711024228
1539,1.8409375000000001,3.0152838776179025e-13,9.648908408377288e-10,2,2,5,3,0,1.5822904045865625e-09,0.4648184445465389
1540,1.84125,3.019965462598695e-13,9.663889480315824e-10,2,2,5,3,0,1.5778155848219352e-09,0.4641322042413622
1541,1.8415625000000002,3.0250492865854794e-13,9.680157717073534e-10,2,2,5,3,0,1.5733532320716706e-09,0.46344595298932334
1542,1.8418750000000002,3.029697261298925e-13,9.69503123615656e-10,2,2,5,3,0,1.5689033124889359e-09,0.46275969359399843
1543,1.8421875,3.03408990640075e-13,9.7090877004824e-10,2,2,5,3,0,1.5644657923178208e-09,0.4620734288600639
1544,1.8425,3.0385091144558007e-13,9.723229166258562e-10,2,2,5,3,0,1.5600406378930615e-09,0.4613871615932509
1545,1.8428125000000002,3.0434904813372854e-13,9.739169540279313e-10,2,2,5,3,0,1.5556278156397403e-09,0.460700894600299
1546,1.8431250000000001,3.0484642588035626e-13,9.7550856281714e-10,2,2,5,3,0,1.551227292073005e-09,0.4600146306889107
1547,1.8434375,3.053127412347423e-13,9.770007719511753e-10,2,2,5,3,0,1.546839033797795e-09,0.45932837266770443
1548,1.84375,3.057605167319788e-13,9.784336535423321e-10,2,2,5,3,0,1.5424630075085428e-09,0.4586421233461677
1549,1.8440625000000002,3.061990765107492e-13,9.798370448343974e-10,2,2,5,3,0,1.538099179988893e-09,0.4579558855346105
1550,1.844375,3.066638197719851e-13,9.813242232703523e-10,2,2,5,3,0,1.5337475181114364e-09,0.45726966204411734
1551,1.8446875,3.0709739222076204e-13,9.827116551064385e-10,2,2,5,3,0,1.529407988837408e-09,0.4565834556865004
1552,1.8450000000000002,3.0755942497656674e-13,9.841901599250136e-10,2,2,5,3,0,1.5250805592164224e-09,0.45589726927425084
1553,1.8453125000000001,3.0803625709202587e-13,9.857160226944828e-10,2,2,5,3,0,1.5207651963861877e-09,0.45521110562049116
1554,1.845625,3.08467498506132e-13,9.870959952196223e-10,2,2,5,3,0,1.5164618675722326e-09,0.45452496753892685
1555,1.8459375000000002,3.0887570062407277e-13,9.884022419970329e-10,2,2,5,3,0,1.5121705400876215e-09,0.45383885784379735
1556,1.8462500000000002,3.0934949697344893e-13,9.899183903150366e-10,2,2,5,3,0,1.5078911813326958e-09,0.4531527793498274
1557,1.8465625,3.0979656773927333e-13,9.913490167656747e-10,2,2,5,3,0,1.5036237587947867e-09,0.45246673487217787
1558,1.846875,3.1021783449339257e-13,9.926970703788562e-10,2,2,5,3,0,1.499368240047947e-09,0.45178072722639645
1559,1.8471875,3.106408901810964e-13,9.940508485795085e-10,2,2,5,3,0,1.4951245927526741e-09,0.4510947592283678
1560,1.8475000000000001,3.110733784277009e-13,9.954348109686428e-10,2,2,5,3,0,1.4908927846556547e-09,0.45040883369426404
1561,1.8478125,3.115046740519156e-13,9.9681495696613e-10,2,2,5,3,0,1.4866727835894712e-09,0.44972295344049457
1562,1.848125,3.118740075219728e-13,9.97996824070313e-10,2,2,5,3,0,1.4824645574723632e-09,0.44903712128365586
1563,1.8484375000000002,3.1227960755469963e-13,9.992947441750388e-10,2,2,5,3,0,1.4782680743079366e-09,0.448351340040481
1564,1.8487500000000001,3.1276641433014563e-13,1.000852525856466e-09,2,2,5,3,0,1.4740833021849188e-09,0.44766561252778914
1565,1.8490625,3.1310414330687486e-13,1.0019332585819996e-09,2,2,5,3,0,1.4699102092768738e-09,0.44697994156243465
1566,1.8493750000000002,3.135608634720344e-13,1.00339476311051e-09,2,2,5,3,0,1.4657487638419542e-09,0.44629432996125623
1567,1.8496875000000002,3.139744866008376e-13,1.0047183571226803e-09,2,2,5,3,0,1.4615989342226387e-09,0.44560878054102565
1568,1.85,3.1437255142846565e-13,1.00599216457109e-09,2,2,5,3,0,1.4574606888454749e-09,0.4449232961183968
1569,1.8503125,3.1478140406770994e-13,1.0073004930166718e-09,2,2,5,3,0,1.4533339962208066e-09,0.4442378795098539
1570,1.8506250000000002,3.1519296721238543e-13,1.0086174950796334e-09,2,2,5,3,0,1.4492188249425342e-09,0.44355253353166
1571,1.8509375000000001,3.155550907379956e-13,1.0097762903615859e-09,2,2,5,3,0,1.445115143687852e-09,0.4428672609998057
1572,1.85125,3.159776043246132e-13,1.0111283338387622e-09,2,2,5,3,0,1.4410229212169932e-09,0.4421820647299569
1573,1.8515625,3.162908845423529e-13,1.0121308305355292e-09,2,2,5,3,0,1.4369421263729782e-09,0.44149694753740315
1574,1.8518750000000002,3.16712313926798e-13,1.0134794045657536e-09,2,2,5,3,0,1.432872728081363e-09,0.44081191223700567
1575,1.8521875,3.1714279639938336e-13,1.0148569484780268e-09,2,2,5,3,0,1.4288146953499903e-09,0.44012696164314524
1576,1.8525,3.174584076517939e-13,1.0158669044857405e-09,2,2,5,3,0,1.4247679972687425e-09,0.43944209856966987
1577,1.8528125000000002,3.1785246093138375e-13,1.017127874980428e-09,2,2,5,3,0,1.420732603009288e-09,0.43875732582984306
1578,1.8531250000000001,3.1822515542817564e-13,1.018320497370162e-09,2,2,5,3,0,1.4167084818248506e-09,0.4380726462362909
1579,1.8534375,3.186241418276503e-13,1.019597253848481e-09,2,2,5,3,0,1.412695603049948e-09,0.4373880626009502
1580,1.8537500000000002,3.189568834743861e-13,1.0206620271180356e-09,2,2,5,3,0,1.4086939361001575e-09,0.4367035777350161
1581,1.8540625000000002,3.193363000246474e-13,1.0218761600788717e-09,2,2,5,3,0,1.4047034504718772e-09,0.43601919444888954
1582,1.854375,3.196985319704748e-13,1.0230353023055194e-09,2,2,5,3,0,1.4007241157420804e-09,0.4353349155521248
1583,1.8546875,3.2005295766066033e-13,1.024169464514113e-09,2,2,5,3,0,1.3967559015680873e-09,0.4346507438533772
1584,1.855,3.2042348375310725e-13,1.0253551480099432e-09,2,2,5,3,0,1.392798777687316e-09,0.4339666821603508
1585,1.8553125000000001,3.2078213783176546e-13,1.0265028410616495e-09,2,2,5,3,0,1.3888527139170523e-09,0.4332827332797457
1586,1.855625,3.211453455595481e-13,1.027665105790554e-09,2,2,5,3,0,1.3849176801542185e-09,0.4325989000172059
1587,1.8559375,3.214427964255695e-13,1.0286169485618224e-09,2,2,5,3,0,1.3809936463751338e-09,0.4319151851772668
1588,1.8562500000000002,3.2179668001466877e-13,1.02974937604694e-09,2,2,5,3,0,1.377080582635294e-09,0.4312315915633029
1589,1.8565625000000001,3.2213142743542367e-13,1.0308205677933557e-09,2,2,5,3,0,1.373178459069133e-09,0.43054812197747544
1590,1.856875,3.224704574547599e-13,1.0319054638552316e-09,2,2,5,3,0,1.3692872458898008e-09,0.42986477922068056
1591,1.8571875000000002,3.228134990221343e-13,1.0330031968708298e-09,2,2,5,3,0,1.3654069133889272e-09,0.42918156609249647
1592,1.8575000000000002,3.2314678276995634e-13,1.0340697048638603e-09,2,2,5,3,0,1.3615374319364033e-09,0.42849848539113206
1593,1.8578125,3.235055452688318e-13,1.0352177448602617e-09,2,2,5,3,0,1.3576787719801551e-09,0.4278155399133743
1594,1.858125,3.238077124143035e-13,1.0361846797257712e-09,2,2,5,3,0,1.3538309040459302e-09,0.4271327324545368
1595,1.8584375000000002,3.2410283224565406e-13,1.037129063186093e-09,2,2,5,3,0,1.3499937987370625e-09,0.42645006580840766
1596,1.8587500000000001,3.2445270428671513e-13,1.0382486537174884e-09,2,2,5,3,0,1.3461674267342517e-09,0.42576754276719786
1597,1.8590625,3.247543293311006e-13,1.039213853859522e-09,2,2,5,3,0,1.3423517587953614e-09,0.42508516612148983
1598,1.859375,3.2511417603214854e-13,1.0403653633028753e-09,2,2,5,3,0,1.3385467657551847e-09,0.42440293866018575
1599,1.8596875000000002,3.254113016375182e-13,1.0413161652400582e-09,2,2,5,3,0,1.3347524185252368e-09,0.4237208631704561
1600,1.86,3.2572094977798005e-13,1.0423070392895362e-09,2,2,5,3,0,1.3309686880935395e-09,0.42303894243768897
1601,1.8603125,3.260649129172011e-13,1.0434077213350434e-09,2,2,5,3,0,1.3271955455243976e-09,0.4223571792454385
1602,1.8606250000000002,3.262989921662407e-13,1.0441567749319702e-09,2,2,5,3,0,1.323432961958207e-09,0.421675576375374
1603,1.8609375000000001,3.266361790418837e-13,1.0452357729340278e-09,2,2,5,3,0,1.3196809086112217e-09,0.4209941366072297
1604,1.86125,3.2694360456789195e-13,1.0462195346172543e-09,2,2,5,3,0,1.3159393567753565e-09,0.4203128627187536
1605,1.8615625000000002,3.2720348782863673e-13,1.0470511610516375e-09,2,2,5,3,0,1.3122082778179781e-09,0.41963175748565734
1606,1.861875,3.274995834419425e-13,1.047998667014216e-09,2,2,5,3,0,1.3084876431816935e-09,0.4189508236815661
1607,1.8621875,3.277786570811403e-13,1.048891702659649e-09,2,2,5,3,0,1.3047774243841447e-09,0.4182700640779682
1608,1.8625000000000003,3.2805274339034463e-13,1.0497687788491028e-09,2,2,5,3,0,1.3010775930178089e-09,0.41758948144416574
1609,1.8628125,3.2837919666448e-13,1.050813429326336e-09,2,2,5,3,0,1.2973881207497823e-09,0.4169090785472246
1610,1.8631250000000001,3.2866976284670613e-13,1.0517432411094596e-09,2,2,5,3,0,1.2937089793215925e-09,0.41622885815192523
1611,1.8634375,3.2891528042866547e-13,1.0525288973717295e-09,2,2,5,3,0,1.290040140548986e-09,0.41554882302071344
1612,1.86375,3.2918811990537145e-13,1.0534019836971886e-09,2,2,5,3,0,1.2863815763217272e-09,0.4148689759136514
1613,1.8640625000000002,3.2947310244640926e-13,1.0543139278285096e-09,2,2,5,3,0,1.2827332586034073e-09,0.4141893195883688
1614,1.8643750000000001,3.297225773662982e-13,1.0551122475721542e-09,2,2,5,3,0,1.2790951594312424e-09,0.4135098568000145
1615,1.8646875,3.299912426646401e-13,1.0559719765268483e-09,2,2,5,3,0,1.2754672509158656e-09,0.4128305903012081
1616,1.8650000000000002,3.3023968759246514e-13,1.0567670002958884e-09,2,2,5,3,0,1.2718495052411476e-09,0.41215152284199214
1617,1.8653125000000002,3.3052261014937523e-13,1.0576723524780007e-09,2,2,5,3,0,1.2682418946639868e-09,0.411472657169784
1618,1.865625,3.3076379092264463e-13,1.0584441309524628e-09,2,2,5,3,0,1.2646443915141241e-09,0.41079399602932853
1619,1.8659375000000002,3.309997133153775e-13,1.059199082609208e-09,2,2,5,3,0,1.2610569681939462e-09,0.4101155421626509
1620,1.86625,3.312650175869847e-13,1.060048056278351e-09,2,2,5,3,0,1.2574795971782855e-09,0.4094372983090095
1621,1.8665625000000001,3.3151747406284793e-13,1.0608559170011134e-09,2,2,5,3,0,1.2539122510142373e-09,0.4087592672048493
1622,1.866875,3.3174667440211136e-13,1.0615893580867564e-09,2,2,5,3,0,1.250354902320973e-09,0.4080814515837549
1623,1.8671875,3.3199745036460726e-13,1.0623918411667432e-09,2,2,5,3,0,1.2468075237895308e-09,0.4074038541764052
1624,1.8675000000000002,3.322306622519089e-13,1.0631381192061085e-09,2,2,5,3,0,1.2432700881826527e-09,0.4067264777105267
1625,1.8678125,3.3245991680128095e-13,1.063871733764099e-09,2,2,5,3,0,1.2397425683345698e-09,0.4060493249108486
1626,1.868125,3.3269882074998813e-13,1.064636226399962e-09,2,2,5,3,0,1.2362249371508324e-09,0.4053723984990567
1627,1.8684375000000002,3.329350141932641e-13,1.0653920454184451e-09,2,2,5,3,0,1.2327171676081196e-09,0.40469570119374904
1628,1.8687500000000001,3.331355915951739e-13,1.0660338931045565e-09,2,2,5,3,0,1.2292192327540448e-09,0.4040192357103906
1629,1.8690625,3.333802960255039e-13,1.0668169472816125e-09,2,2,5,3,0,1.2257311057069837e-09,0.4033430047612695
1630,1.8693750000000002,3.335652067060213e-13,1.0674086614592682e-09,2,2,5,3,0,1.2222527596558774e-09,0.40266701105545233
1631,1.8696875,3.338056827478786e-13,1.0681781847932115e-09,2,2,5,3,0,1.2187841678600523e-09,0.4019912572987405
1632,1.87,3.340213847700946e-13,1.0688684312643026e-09,2,2,5,3,0,1.2153253036490454e-09,0.4013157461936267
1633,1.8703125000000003,3.342766601716063e-13,1.0696853125491401e-09,2,2,5,3,0,1.2118761404224065e-09,0.40064048043925166
1634,1.870625,3.3442774374434214e-13,1.0701687799818949e-09,2,2,5,3,0,1.2084366516495284e-09,0.39996546273136124
1635,1.8709375000000001,3.3463813317591296e-13,1.0708420261629215e-09,2,2,5,3,0,1.2050068108694576e-09,0.39929069576226395
1636,1.87125,3.348264590932737e-13,1.0714446690984758e-09,2,2,5,3,0,1.201586591690723e-09,0.39861618222078843
1637,1.8715625,3.3500811716727363e-13,1.0720259749352756e-09,2,2,5,3,0,1.198175967791143e-09,0.39794192479224166
1638,1.8718750000000002,3.3525466474129684e-13,1.0728149271721499e-09,2,2,5,3,0,1.1947749129176591e-09,0.3972679261583673
1639,1.8721875000000001,3.3541924663108014e-13,1.0733415892194564e-09,2,2,5,3,0,1.1913834008861482e-09,0.39659418899730425
1640,1.8725,3.3564844697034357e-13,1.0740750303050994e-09,2,2,5,3,0,1.1880014055812482e-09,0.3959207159835456
1641,1.8728125000000002,3.358407844357425e-13,1.074690510194376e-09,2,2,5,3,0,1.1846289009561777e-09,0.3952475097878982
1642,1.8731250000000002,3.359891032929385e-13,1.0751651305374033e-09,2,2,5,3,0,1.1812658610325608e-09,0.3945745730774418
1643,1.8734375,3.361940175035383e-13,1.0758208560113225e-09,2,2,5,3,0,1.1779122599002522e-09,0.3939019085154896
1644,1.8737500000000002,3.3635068471746243e-13,1.0763221910958798e-09,2,2,5,3,0,1.1745680717171555e-09,0.39322951876154794
1645,1.8740625,3.3655077422839463e-13,1.0769624775308628e-09,2,2,5,3,0,1.1712332707090485e-09,0.39255740647127724
1646,1.8743750000000001,3.3671356718459333e-13,1.0774834149906987e-09,2,2,5,3,0,1.1679078311694158e-09,0.39188557429645254
1647,1.8746875,3.3688953319718773e-13,1.0780465062310007e-09,2,2,5,3,0,1.1645917274592617e-09,0.3912140248849252
1648,1.875,3.3705991556859383e-13,1.0785917298195002e-09,2,2,5,3,0,1.1612849340069487e-09,0.3905427608805838
1649,1.8753125000000002,3.371905077202697e-13,1.079009624704863e-09,2,2,5,3,0,1.1579874253080148e-09,0.3898717849233166
1650,1.875625,3.373792131083908e-13,1.0796134819468506e-09,2,2,5,3,0,1.1546991759250029e-09,0.38920109964897315
1651,1.8759375,3.375379403064427e-13,1.0801214089806166e-09,2,2,5,3,0,1.151420160487284e-09,0.388530707689327
1652,1.8762500000000002,3.376936317384116e-13,1.0806196215629171e-09,2,2,5,3,0,1.1481503536908964e-09,0.38786061167203856
1653,1.8765625000000001,3.378527926173325e-13,1.081128936375464e-09,2,2,5,3,0,1.1448897302983535e-09,0.38719081422061785
1654,1.876875,3.380293007310131e-13,1.081693762339242e-09,2,2,5,3,0,1.1416382651384953e-09,0.3865213179543882
1655,1.8771875000000002,3.3815284556856784e-13,1.082089105819417e-09,2,2,5,3,0,1.1383959331062991e-09,0.38585212548844977
1656,1.8775,3.382795888025314e-13,1.0824946841681005e-09,2,2,5,3,0,1.1351627091627176e-09,0.3851832394336434
1657,1.8778125,3.384364186467814e-13,1.0829965396697006e-09,2,2,5,3,0,1.1319385683345063e-09,0.38451466239651516
1658,1.8781250000000003,3.385987237120025e-13,1.083515915878408e-09,2,2,5,3,0,1.1287234857140475e-09,0.3838463969792804
1659,1.8784375,3.387192869935829e-13,1.0839017183794653e-09,2,2,5,3,0,1.1255174364591968e-09,0.38317844577978927
1660,1.8787500000000001,3.3884966230482427e-13,1.0843189193754377e-09,2,2,5,3,0,1.1223203957930893e-09,0.3825108113914914
1661,1.8790625,3.389794955149794e-13,1.0847343856479341e-09,2,2,5,3,0,1.119132339003993e-09,0.3818434964034012
1662,1.879375,3.391061303287257e-13,1.0851396170519223e-09,2,2,5,3,0,1.1159532414451302e-09,0.381176503400064
1663,1.8796875000000002,3.392465345100626e-13,1.0855889104322003e-09,2,2,5,3,0,1.112783078534507e-09,0.3805098349615214
1664,1.8800000000000001,3.3934541374819327e-13,1.0859053239942185e-09,2,2,5,3,0,1.109621825754748e-09,0.37984349366327813
1665,1.8803125,3.394859263497474e-13,1.0863549643191917e-09,2,2,5,3,0,1.106469458652928e-09,0.37917748207626806
1666,1.8806250000000002,3.39609200136759e-13,1.0867494404376288e-09,2,2,5,3,0,1.1033259528404114e-09,0.37851180276682106
1667,1.8809375000000002,3.3971653615183506e-13,1.0870929156858722e-09,2,2,5,3,0,1.1001912839926706e-09,0.37784645829663
1668,1.88125,3.398301063294029e-13,1.0874563402540893e-09,2,2,5,3,0,1.097065427849135e-09,0.3771814512227178
1669,1.8815625000000002,3.3992291403536767e-13,1.0877533249131766e-09,2,2,5,3,0,1.0939483602130094e-09,0.3765167840974054
1670,1.881875,3.4005220514443657e-13,1.088167056462197e-09,2,2,5,3,0,1.090840056951126e-09,0.3758524594682789
1671,1.8821875000000001,3.4011292046609576e-13,1.0883613454915064e-09,2,2,5,3,0,1.0877404939937592e-09,0.3751884798781577
1672,1.8825,3.402412357932094e-13,1.0887719545382701e-09,2,2,5,3,0,1.0846496473344738e-09,0.3745248478650628
1673,1.8828125,3.4033729610569163e-13,1.0890793475382132e-09,2,2,5,3,0,1.081567493029953e-09,0.373861565962185
1674,1.8831250000000002,3.404452826420712e-13,1.0894249044546278e-09,2,2,5,3,0,1.0784940071998397e-09,0.3731986366978535
1675,1.8834375,3.405453545025916e-13,1.0897451344082931e-09,2,2,5,3,0,1.0754291660265667e-09,0.3725360625955048
1676,1.88375,3.4060552772316455e-13,1.0899376887141266e-09,2,2,5,3,0,1.0723729457551934e-09,0.37187384617365155
1677,1.8840625000000002,3.4069735964717407e-13,1.090231550870957e-09,2,2,5,3,0,1.0693253226932466e-09,0.37121198994585186
1678,1.8843750000000001,3.4080274409833966e-13,1.090568781114687e-09,2,2,5,3,0,1.0662862732105524e-09,0.37055049642067844
1679,1.8846875,3.408778793088929e-13,1.0908092137884573e-09,2,2,5,3,0,1.0632557737390717e-09,0.3698893681016886
1680,1.8850000000000002,3.4095550818444287e-13,1.0910576261902172e-09,2,2,5,3,0,1.0602338007727403e-09,0.3692286074873934
1681,1.8853125,3.4104658116693165e-13,1.0913490597341813e-09,2,2,5,3,0,1.0572203308673103e-09,0.36856821707122794
1682,1.885625,3.4112090322585553e-13,1.0915868903227377e-09,2,2,5,3,0,1.054215340640178e-09,0.36790819934152136
1683,1.8859375000000003,3.4117858278143176e-13,1.0917714649005816e-09,2,2,5,3,0,1.051218806770231e-09,0.36724855678146695
1684,1.88625,3.4127453467369673e-13,1.0920785109558295e-09,2,2,5,3,0,1.048230705997682e-09,0.3665892918690925
1685,1.8865625000000001,3.413155717259253e-13,1.092209829522961e-09,2,2,5,3,0,1.0452510151239102e-09,0.36593040707723085
1686,1.886875,3.413928211307149e-13,1.0924570276182877e-09,2,2,5,3,0,1.0422797110112967e-09,0.36527190487349037
1687,1.8871875,3.4144068865663013e-13,1.0926102037012164e-09,2,2,5,3,0,1.0393167705830678e-09,0.36461378772022607
1688,1.8875000000000002,3.415018376591583e-13,1.0928058805093066e-09,2,2,5,3,0,1.036362170823135e-09,0.36395605807451026
1689,1.8878125000000001,3.415683534624403e-13,1.093018731079809e-09,2,2,5,3,0,1.0334158887759326e-09,0.36329871838810324
1690,1.888125,3.415962716683818e-13,1.0931080693388218e-09,2,2,5,3,0,1.0304779015462592e-09,0.36264177110742485
1691,1.8884375000000002,3.4162538249671304e-13,1.0932012239894817e-09,2,2,5,3,0,1.0275481862991197e-09,0.36198521867352557
1692,1.8887500000000002,3.417380853125429e-13,1.0935618730001373e-09,2,2,5,3,0,1.0246267202595642e-09,0.3613290635220579
1693,1.8890625,3.417610703985996e-13,1.0936354252755187e-09,2,2,5,3,0,1.021713480712532e-09,0.3606733080832473
1694,1.8893750000000002,3.418068779403871e-13,1.0937820094092388e-09,2,2,5,3,0,1.0188084450026914e-09,0.3600179547818642
1695,1.8896875,3.4187713424116417e-13,1.0940068295717253e-09,2,2,5,3,0,1.015911590534282e-09,0.3593630060371954
1696,1.8900000000000001,3.4188754258202003e-13,1.094040136262464e-09,2,2,5,3,0,1.0130228947709622e-09,0.3587084642630155
1697,1.8903125,3.419209902190412e-13,1.0941471687009319e-09,2,2,5,3,0,1.010142335235643e-09,0.3580543318675588
1698,1.890625,3.419589372950782e-13,1.0942685993442502e-09,2,2,5,3,0,1.0072698895103445e-09,0.35740061125349104
1699,1.8909375000000002,3.419774229421191e-13,1.094327753414781e-09,2,2,5,3,0,1.0044055352360243e-09,0.35674730481788114
1700,1.89125,3.42021007869453e-13,1.0944672251822496e-09,2,2,5,3,0,1.0015492501124317e-09,0.35609441495217325
1701,1.8915625,3.420451855778994e-13,1.0945445938492782e-09,2,2,5,3,0,9.987010118979504e-10,0.3554419440421584
1702,1.8918750000000002,3.4202669993085855e-13,1.0944854397787473e-09,2,2,5,3,0,9.958607984094417e-10,0.3547898944679466
1703,1.8921875000000001,3.421052503782551e-13,1.0947368012104164e-09,2,2,5,3,0,9.930285875220952e-10,0.3541382686039389
1704,1.8925,3.4207651902068426e-13,1.0946448608661896e-09,2,2,5,3,0,9.902043571692644e-10,0.3534870688187992
1705,1.8928125000000002,3.4213967379723154e-13,1.094846956151141e-09,2,2,5,3,0,9.873880853423205e-10,0.35283629747542666
1706,1.893125,3.4211755607291283e-13,1.094776179433321e-09,2,2,5,3,0,9.845797500904963e-10,0.35218595693092747
1707,1.8934375,3.421270428419221e-13,1.0948065370941507e-09,2,2,5,3,0,9.817793295207355e-10,0.35153604953658707
1708,1.8937500000000003,3.421400532679919e-13,1.094848170457574e-09,2,2,5,3,0,9.789868017975373e-10,0.35088657763784226
1709,1.8940625,3.4214325166440074e-13,1.0948584053260824e-09,2,2,5,3,0,9.762021451428046e-10,0.35023754357425346
1710,1.8943750000000001,3.421480763640683e-13,1.0948738443650186e-09,2,2,5,3,0,9.734253378356914e-10,0.3495889496794767
1711,1.8946875,3.4274265283545935e-13,1.09677648907347e-09,2,2,5,3,0,9.706563582124552e-10,0.34894079828123575
1712,1.895,3.433670990767024e-13,1.0987747170454476e-09,2,2,5,3,0,9.678951846662974e-10,0.3482930917012945
1713,1.8953125000000002,3.440752457256613e-13,1.1010407863221161e-09,2,2,5,3,0,9.651417956472249e-10,0.347645832255429
1714,1.8956250000000001,3.4477211667202634e-13,1.1032707733504843e-09,2,2,5,3,0,9.623961696618889e-10,0.3469990222533995
1715,1.8959375,3.4545370036775935e-13,1.10545184117683e-09,2,2,5,3,0,9.596582852734414e-10,0.34635266399892295
1716,1.8962500000000002,3.4611739472764635e-13,1.1075756631284683e-09,2,2,5,3,0,9.569281211013836e-10,0.34570675978964477
1717,1.8965625000000002,3.4678352854242145e-13,1.1097072913357486e-09,2,2,5,3,0,9.54205655821418e-10,0.3450613119171114
1718,1.896875,3.4748809732421115e-13,1.1119619114374757e-09,2,2,5,3,0,9.514908681652974e-10,0.3444163226667422
1719,1.8971875000000002,3.481632300170179e-13,1.1141223360544572e-09,2,2,5,3,0,9.487837369206777e-10,0.34377179431780164
1720,1.8975,3.488223165176718e-13,1.1162314128565498e-09,2,2,5,3,0,9.460842409309721e-10,0.34312772914337153
1721,1.8978125000000001,3.4949370871298346e-13,1.118379867881547e-09,2,2,5,3,0,9.433923590952075e-10,0.3424841294103232
1722,1.898125,3.501246059571528e-13,1.1203987390628889e-09,2,2,5,3,0,9.40708070367866e-10,0.3418409973792894
1723,1.8984375,3.507613036829449e-13,1.1224361717854237e-09,2,2,5,3,0,9.380313537587543e-10,0.34119833530463684
1724,1.8987500000000002,3.5144792891877996e-13,1.1246333725400959e-09,2,2,5,3,0,9.353621883328408e-10,0.34055614543443774
1725,1.8990625,3.5209595655727455e-13,1.1267070609832786e-09,2,2,5,3,0,9.327005532101257e-10,0.3399144300104425
1726,1.899375,3.527117833912463e-13,1.1286777068519882e-09,2,2,5,3,0,9.300464275654885e-10,0.33927319126805155
1727,1.8996875000000002,3.5337081568179163e-13,1.1307866101817332e-09,2,2,5,3,0,9.273997906285427e-10,0.3386324314362873
1728,1.9000000000000001,3.5396577162394305e-13,1.1326904691966178e-09,2,2,5,3,0,9.247606216834926e-10,0.3379921527377665
1729,1.9003125,3.546468132185898e-13,1.1348698022994874e-09,2,2,5,3,0,9.221289000689962e-10,0.3373523573886724
1730,1.9006250000000002,3.552562432597439e-13,1.1368199784311805e-09,2,2,5,3,0,9.195046051780141e-10,0.33671304759872656
1731,1.9009375,3.558718532532812e-13,1.1387899304104998e-09,2,2,5,3,0,9.16887716457669e-10,0.3360742255711609
1732,1.90125,3.5648383116954063e-13,1.14074825974253e-09,2,2,5,3,0,9.142782134091045e-10,0.33543589350269026
1733,1.9015625000000003,3.57112560009365e-13,1.142760192029968e-09,2,2,5,3,0,9.116760755873483e-10,0.33479805358348413
1734,1.901875,3.5772551370757966e-13,1.144721643864255e-09,2,2,5,3,0,9.090812826011603e-10,0.33416070799713876
1735,1.9021875000000001,3.58346598922088e-13,1.1467091165506815e-09,2,2,5,3,0,9.06493814112905e-10,0.33352385892064956
1736,1.9025,3.589357543826166e-13,1.1485944140243731e-09,2,2,5,3,0,9.03913649838399e-10,0.3328875085243828
1737,1.9028125,3.5956941634232575e-13,1.1506221322954424e-09,2,2,5,3,0,9.013407695467793e-10,0.33225165897204834
1738,1.9031250000000002,3.601451819060242e-13,1.1524645820992774e-09,2,2,5,3,0,8.987751530603594e-10,0.3316163124206711
1739,1.9034375000000001,3.6077331443465366e-13,1.1544746061908917e-09,2,2,5,3,0,8.962167802544979e-10,0.33098147102056386
1740,1.90375,3.613582415067096e-13,1.1563463728214707e-09,2,2,5,3,0,8.93665631057453e-10,0.33034713691529916
1741,1.9040625000000002,3.619239782003125e-13,1.158156730241e-09,2,2,5,3,0,8.911216854502483e-10,0.3297133122416817
1742,1.9043750000000002,3.625174704695311e-13,1.1600559055024995e-09,2,2,5,3,0,8.885849234665312e-10,0.32907999912972047
1743,1.9046875,3.63133568354046e-13,1.1620274187329471e-09,2,2,5,3,0,8.860553251924469e-10,0.3284471997026012
1744,1.9050000000000002,3.636606532401998e-13,1.1637140903686394e-09,2,2,5,3,0,8.835328707664869e-10,0.3278149160766587
1745,1.9053125,3.642672101455968e-13,1.1656550724659098e-09,2,2,5,3,0,8.810175403793713e-10,0.3271831503613491
1746,1.9056250000000001,3.6483603681539134e-13,1.1674753178092523e-09,2,2,5,3,0,8.785093142738947e-10,0.32655190465922257
1747,1.9059375,3.6541863285277643e-13,1.1693396251288846e-09,2,2,5,3,0,8.76008172744806e-10,0.32592118106589574
1748,1.90625,3.659363936002469e-13,1.17099645952079e-09,2,2,5,3,0,8.735140961386648e-10,0.325290981670024
1749,1.9065625000000002,3.665130807357919e-13,1.1728418583545341e-09,2,2,5,3,0,8.710270648537195e-10,0.32466130855327474
1750,1.906875,3.6710472986131726e-13,1.1747351355562152e-09,2,2,5,3,0,8.685470593397597e-10,0.3240321637902993
1751,1.9071875,3.676258516355224e-13,1.1764027252336717e-09,2,2,5,3,0,8.660740600979936e-10,0.3234035494487065
1752,1.9075000000000002,3.6817884895359865e-13,1.1781723166515157e-09,2,2,5,3,0,8.63608047680911e-10,0.32277546758903475
1753,1.9078125000000001,3.6874892245589153e-13,1.1799965518588529e-09,2,2,5,3,0,8.61149002692154e-10,0.3221479202647258
1754,1.908125,3.692548653996819e-13,1.181615569278982e-09,2,2,5,3,0,8.586969057863839e-10,0.3215209095220969
1755,1.9084375000000002,3.6984250297716903e-13,1.1834960095269409e-09,2,2,5,3,0,8.562517376691567e-10,0.32089443740031465
1756,1.90875,3.703659015759364e-13,1.1851708850429965e-09,2,2,5,3,0,8.538134790967817e-10,0.32026850593136785
1757,1.9090625,3.70890709637528e-13,1.1868502708400896e-09,2,2,5,3,0,8.513821108762032e-10,0.3196431171400409
1758,1.9093750000000003,3.714130240341229e-13,1.1885216769091933e-09,2,2,5,3,0,8.48957613864863e-10,0.3190182730438873
1759,1.9096875,3.7193295318593833e-13,1.1901854501950027e-09,2,2,5,3,0,8.465399689705741e-10,0.31839397565320315
1760,1.9100000000000001,3.725219460161411e-13,1.1920702272516515e-09,2,2,5,3,0,8.441291571513994e-10,0.3177702269710008
1761,1.9103125,3.7296603522599114e-13,1.1934913127231717e-09,2,2,5,3,0,8.417251594155167e-10,0.3171470289929828
1762,1.910625,3.7351670150939653e-13,1.195253444830069e-09,2,2,5,3,0,8.393279568210888e-10,0.3165243837075156
1763,1.9109375000000002,3.739934252046384e-13,1.196778960654843e-09,2,2,5,3,0,8.36937530476142e-10,0.31590229309560386
1764,1.9112500000000001,3.745497293393407e-13,1.1985591338858903e-09,2,2,5,3,0,8.345538615384462e-10,0.31528075913086445
1765,1.9115625,3.7501355102873e-13,1.200043363291936e-09,2,2,5,3,0,8.321769312153746e-10,0.31465978377950105
1766,1.9118750000000002,3.7550263462873823e-13,1.2016084308119623e-09,2,2,5,3,0,8.298067207637893e-10,0.31403936900027846
1767,1.9121875000000002,3.760317794990198e-13,1.2033016943968633e-09,2,2,5,3,0,8.274432114899132e-10,0.31341951674449753
1768,1.9125,3.764753266077836e-13,1.2047210451449075e-09,2,2,5,3,0,8.250863847492093e-10,0.3128002289559696
1769,1.9128125000000002,3.7699867099644235e-13,1.2063957471886155e-09,2,2,5,3,0,8.227362219462517e-10,0.312181507570992
1770,1.913125,3.774531685471483e-13,1.2078501393508745e-09,2,2,5,3,0,8.203927045346024e-10,0.311563354518323
1771,1.9134375000000001,3.7796252672778197e-13,1.2094800855289023e-09,2,2,5,3,0,8.180558140166967e-10,0.3109457717191572
1772,1.91375,3.784469482584485e-13,1.2110302344270352e-09,2,2,5,3,0,8.157255319437136e-10,0.310328761087101
1773,1.9140625,3.7889233851090554e-13,1.2124554832348977e-09,2,2,5,3,0,8.134018399154546e-10,0.3097123245281487
1774,1.9143750000000002,3.7939264360339897e-13,1.2140564595308767e-09,2,2,5,3,0,8.110847195802263e-10,0.309096463940658
1775,1.9146875,3.7982540290054656e-13,1.215441289281749e-09,2,2,5,3,0,8.087741526347192e-10,0.3084811812153266
1776,1.915,3.803007171329642e-13,1.2169622948254855e-09,2,2,5,3,0,8.064701208238795e-10,0.3078664782351683
1777,1.9153125000000002,3.807716945566919e-13,1.2184694225814141e-09,2,2,5,3,0,8.041726059408042e-10,0.3072523568754897
1778,1.9156250000000001,3.81224294753596e-13,1.2199177432115071e-09,2,2,5,3,0,8.018815898266108e-10,0.3066388190038671
1779,1.9159375,3.8169538059754093e-13,1.221425217912131e-09,2,2,5,3,0,7.99597054370319e-10,0.30602586648012314
1780,1.9162500000000002,3.8209246964321375e-13,1.222695902858284e-09,2,2,5,3,0,7.973189815087374e-10,0.30541350115630456
1781,1.9165625,3.8256480231965706e-13,1.2242073674229026e-09,2,2,5,3,0,7.950473532263454e-10,0.30480172487665946
1782,1.916875,3.8298151542465186e-13,1.225540849358886e-09,2,2,5,3,0,7.927821515551712e-10,0.3041905394776151
1783,1.9171875000000003,3.834333566800352e-13,1.2269867413761126e-09,2,2,5,3,0,7.905233585746806e-10,0.30357994678775563
1784,1.9175,3.8384302247090885e-13,1.2282976719069083e-09,2,2,5,3,0,7.882709564116565e-10,0.3029699486278008
1785,1.9178125000000001,3.8426461448567983e-13,1.2296467663541755e-09,2,2,5,3,0,7.860249272400832e-10,0.30236054681058405
1786,1.918125,3.8470930000672476e-13,1.2310697600215192e-09,2,2,5,3,0,7.83785253281037e-10,0.3017517431410314
1787,1.9184375,3.851053048502251e-13,1.2323369755207203e-09,2,2,5,3,0,7.815519168025649e-10,0.30114353941614064
1788,1.9187500000000002,3.855613744940811e-13,1.2337963983810596e-09,2,2,5,3,0,7.793249001195744e-10,0.30053593742496015
1789,1.9190625000000001,3.8601635993576466e-13,1.235252351794447e-09,2,2,5,3,0,7.77104185593712e-10,0.2999289389485689
1790,1.919375,3.8638439236321487e-13,1.2364300555622876e-09,2,2,5,3,0,7.748897556332639e-10,0.2993225457600561
1791,1.9196875000000002,3.867551352960963e-13,1.2376164329475081e-09,2,2,5,3,0,7.726815926930288e-10,0.2987167596245012
1792,1.9200000000000002,3.871750467974999e-13,1.2389601497519998e-09,2,2,5,3,0,7.704796792742145e-10,0.2981115822989545
1793,1.9203125,3.8759116359129986e-13,1.2402917234921595e-09,2,2,5,3,0,7.682839979243197e-10,0.29750701553241765
1794,1.9206250000000002,3.879616896837468e-13,1.2414774069879897e-09,2,2,5,3,0,7.660945312370291e-10,0.29690306106582454
1795,1.9209375,3.883632239583268e-13,1.2427623166666457e-09,2,2,5,3,0,7.63911261852095e-10,0.29629972063202287
1796,1.9212500000000001,3.8873673160674804e-13,1.2439575411415937e-09,2,2,5,3,0,7.61734172455236e-10,0.2956969959557555
1797,1.9215625,3.8913089330655515e-13,1.2452188585809765e-09,2,2,5,3,0,7.595632457780144e-10,0.2950948887536422
1798,1.921875,3.895278739320107e-13,1.2464891965824343e-09,2,2,5,3,0,7.573984645977396e-10,0.29449340073416214
1799,1.9221875000000002,3.899182409242141e-13,1.2477383709574852e-09,2,2,5,3,0,7.552398117373503e-10,0.293892533597636
1800,1.9225,3.9026350510604213e-13,1.2488432163393348e-09,2,2,5,3,0,7.530872700653057e-10,0.293292289036209
1801,1.9228125,3.906251949507833e-13,1.2500006238425065e-09,2,2,5,3,0,7.509408224954842e-10,0.292692668733834
1802,1.9231250000000002,3.910151282621177e-13,1.2512484104387767e-09,2,2,5,3,0,7.488004519870671e-10,0.2920936743662546
1803,1.9234375000000001,3.9135648931612477e-13,1.2523407658115993e-09,2,2,5,3,0,7.466661415444365e-10,0.29149530760098946
1804,1.92375,3.917222991291214e-13,1.2535113572131884e-09,2,2,5,3,0,7.445378742170657e-10,0.29089757009731565
1805,1.9240625000000002,3.9207504430593954e-13,1.2546401417790065e-09,2,2,5,3,0,7.424156330994141e-10,0.29030046350625355
1806,1.924375,3.9242123005961416e-13,1.2557479361907653e-09,2,2,5,3,0,7.402994013308222e-10,0.2897039894705513
1807,1.9246875,3.928016223918307e-13,1.2569651916538582e-09,2,2,5,3,0,7.381891620953982e-10,0.28910814962466996
1808,1.9250000000000003,3.9311343893663753e-13,1.25796300459724e-09,2,2,5,3,0,7.36084898621925e-10,0.2885129455947689
1809,1.9253125,3.9346298571704685e-13,1.25908155429455e-09,2,2,5,3,0,7.339865941837453e-10,0.2879183789986911
1810,1.9256250000000001,3.937956189435654e-13,1.2601459806194093e-09,2,2,5,3,0,7.31894232098662e-10,0.2873244514459498
1811,1.9259375,3.941379015694191e-13,1.261241285022141e-09,2,2,5,3,0,7.298077957288325e-10,0.2867311645377144
1812,1.92625,3.944528623005261e-13,1.2622491593616836e-09,2,2,5,3,0,7.277272684806666e-10,0.2861385198667972
1813,1.9265625000000002,3.9477400298401633e-13,1.2632768095488522e-09,2,2,5,3,0,7.256526338047207e-10,0.28554651901764067
1814,1.9268750000000001,3.9511861664454084e-13,1.2643795732625307e-09,2,2,5,3,0,7.23583875195595e-10,0.2849551635663046
1815,1.9271875,3.954302163489132e-13,1.2653766923165222e-09,2,2,5,3,0,7.21520976191834e-10,0.284364455080454
1816,1.9275000000000002,3.9571823465603395e-13,1.2662983508993086e-09,2,2,5,3,0,7.194639203758252e-10,0.2837743951193468
1817,1.9278125000000002,3.960046808700046e-13,1.2672149787840148e-09,2,2,5,3,0,7.174126913736911e-10,0.2831849852338227
1818,1.928125,3.9632896573979504e-13,1.2682526903673441e-09,2,2,5,3,0,7.153672728551943e-10,0.28259622696629155
1819,1.9284375000000002,3.9667108573532284e-13,1.269347474353033e-09,2,2,5,3,0,7.13327648533633e-10,0.28200812185072266
1820,1.92875,3.969052734045797e-13,1.270096874894655e-09,2,2,5,3,0,7.112938021657463e-10,0.28142067141263394
1821,1.9290625000000001,3.972297751148046e-13,1.2711352803673748e-09,2,2,5,3,0,7.092657175516052e-10,0.280833877169082
1822,1.929375,3.975280391324554e-13,1.2720897252238572e-09,2,2,5,3,0,7.072433785345193e-10,0.28024774062865193
1823,1.9296875,3.977899823773279e-13,1.2729279436074492e-09,2,2,5,3,0,7.052267690009356e-10,0.2796622632914481
1824,1.9300000000000002,3.981326444739419e-13,1.2740244623166141e-09,2,2,5,3,0,7.032158728803442e-10,0.2790774466490846
1825,1.9303125,3.9839377456718505e-13,1.2748600786149922e-09,2,2,5,3,0,7.012106741451679e-10,0.2784932921846766
1826,1.930625,3.986455805217448e-13,1.2756658576695834e-09,2,2,5,3,0,6.992111568106792e-10,0.27790980137283167
1827,1.9309375000000002,3.9889288703728876e-13,1.276457238519324e-09,2,2,5,3,0,6.972173049348882e-10,0.27732697567964165
1828,1.9312500000000001,3.9919082579428777e-13,1.2774106425417209e-09,2,2,5,3,0,6.952291026184586e-10,0.27674481656267497
1829,1.9315625,3.994329281394038e-13,1.2781853700460921e-09,2,2,5,3,0,6.932465340045972e-10,0.2761633254709687
1830,1.9318750000000002,3.996996418738352e-13,1.2790388539962727e-09,2,2,5,3,0,6.912695832789714e-10,0.27558250384502203
1831,1.9321875,3.999570314695833e-13,1.2798625007026665e-09,2,2,5,3,0,6.892982346695985e-10,0.2750023531167888
1832,1.9325,4.002602828172275e-13,1.280832905015128e-09,2,2,5,3,0,6.873324724467607e-10,0.2744228747096714
1833,1.9328125000000003,4.0047376222498987e-13,1.2815160391199676e-09,2,2,5,3,0,6.853722809229054e-10,0.2738440700385146
1834,1.933125,4.007203640091217e-13,1.2823051648291894e-09,2,2,5,3,0,6.834176444525496e-10,0.2732659405095994
1835,1.9334375000000001,4.0101369490688765e-13,1.2832438237020405e-09,2,2,5,3,0,6.814685474321821e-10,0.2726884875206378
1836,1.93375,4.012138386279285e-13,1.2838842836093711e-09,2,2,5,3,0,6.79524974300175e-10,0.2721117124607676
1837,1.9340625,4.014758360829096e-13,1.2847226754653107e-09,2,2,5,3,0,6.775869095366857e-10,0.2715356167105478
1838,1.9343750000000002,4.016732692985192e-13,1.2853544617552615e-09,2,2,5,3,0,6.756543376635637e-10,0.27096020164195356
1839,1.9346875000000001,4.019387904105609e-13,1.286204129313795e-09,2,2,5,3,0,6.737272432442555e-10,0.2703854686183724
1840,1.935,4.0216690654765186e-13,1.286934100952486e-09,2,2,5,3,0,6.718056108837136e-10,0.2698114189946002
1841,1.9353125000000002,4.0235555772566434e-13,1.2875377847221259e-09,2,2,5,3,0,6.698894252283017e-10,0.26923805411683766
1842,1.9356250000000002,4.0256388717310743e-13,1.2882044389539438e-09,2,2,5,3,0,6.679786709657017e-10,0.2686653753226872
1843,1.9359375,4.0279151541922076e-13,1.2889328493415064e-09,2,2,5,3,0,6.660733328248228e-10,0.26809338394114995
1844,1.9362500000000002,4.0301496948697e-13,1.289647902358304e-09,2,2,5,3,0,6.641733955757084e-10,0.2675220812926233
1845,1.9365625,4.03202970143679e-13,1.2902495044597728e-09,2,2,5,3,0,6.622788440294456e-10,0.2669514686888982
1846,1.9368750000000001,4.0341899742654674e-13,1.2909407917649496e-09,2,2,5,3,0,6.6038966303807e-10,0.2663815474331576
1847,1.9371875,4.0362374900682063e-13,1.291595996821826e-09,2,2,5,3,0,6.585058374944788e-10,0.26581231881997475
1848,1.9375,4.03802750785498e-13,1.2921688025135936e-09,2,2,5,3,0,6.566273523323375e-10,0.2652437841353116
1849,1.9378125000000002,4.039738920984248e-13,1.2927164547149594e-09,2,2,5,3,0,6.547541925259884e-10,0.264675944656518
1850,1.938125,4.042004903524743e-13,1.2934415691279177e-09,2,2,5,3,0,6.528863430903617e-10,0.2641088016523306
1851,1.9384375,4.044151081725178e-13,1.294128346152057e-09,2,2,5,3,0,6.510237890808851e-10,0.2635423563828726
1852,1.9387500000000002,4.045676012080779e-13,1.2946163238658492e-09,2,2,5,3,0,6.491665155933911e-10,0.2629766100996538
1853,1.9390625000000001,4.0471066168473735e-13,1.2950741173911595e-09,2,2,5,3,0,6.473145077640351e-10,0.2624115640455699
1854,1.939375,4.049646902537507e-13,1.2958870088120023e-09,2,2,5,3,0,6.454677507691954e-10,0.2618472194549039
1855,1.9396875000000002,4.0509858922205266e-13,1.2963154855105685e-09,2,2,5,3,0,6.436262298253907e-10,0.26128357755332593
1856,1.94,4.052837709531132e-13,1.2969080670499622e-09,2,2,5,3,0,6.417899301891928e-10,0.26072063955789454
1857,1.9403125,4.054224946210827e-13,1.2973519827874647e-09,2,2,5,3,0,6.399588371571297e-10,0.2601584066770581
1858,1.9406250000000003,4.0563478140645537e-13,1.2980313005006572e-09,2,2,5,3,0,6.381329360656048e-10,0.25959688011065574
1859,1.9409375,4.057773539921372e-13,1.298487532774839e-09,2,2,5,3,0,6.363122122908075e-10,0.25903606104991966
1860,1.9412500000000001,4.059550547282076e-13,1.2990561751302643e-09,2,2,5,3,0,6.344966512486213e-10,0.2584759506774767
1861,1.9415625,4.060377251438596e-13,1.2993207204603507e-09,2,2,5,3,0,6.326862383945388e-10,0.25791655016735093
1862,1.941875,4.062091917174382e-13,1.2998694134958022e-09,2,2,5,3,0,6.308809592235765e-10,0.2573578606849658
1863,1.9421875000000002,4.0638326037623074e-13,1.3004264332039384e-09,2,2,5,3,0,6.290807992701799e-10,0.25679988338714754
1864,1.9425000000000001,4.0650035421085917e-13,1.3008011334747493e-09,2,2,5,3,0,6.272857441081445e-10,0.2562426194221273
1865,1.9428125,4.0663322318709727e-13,1.3012263141987113e-09,2,2,5,3,0,6.254957793505247e-10,0.2556860699295452
1866,1.9431250000000002,4.06766580054313e-13,1.3016530561738016e-09,2,2,5,3,0,6.237108906495479e-10,0.2551302360404533
1867,1.9434375000000002,4.0692774670725296e-13,1.3021687894632095e-09,2,2,5,3,0,6.219310636965277e-10,0.2545751188773197
1868,1.94375,4.0707248769727977e-13,1.3026319606312953e-09,2,2,5,3,0,6.201562842217764e-10,0.25402071955403216
1869,1.9440625000000002,4.0714258136773096e-13,1.302856260376739e-09,2,2,5,3,0,6.183865379945229e-10,0.2534670391759025
1870,1.944375,4.072949659830738e-13,1.3033438911458362e-09,2,2,5,3,0,6.166218108228191e-10,0.252914078839671
1871,1.9446875000000001,4.0740024201402214e-13,1.3036807744448708e-09,2,2,5,3,0,6.148620885534597e-10,0.2523618396335109
1872,1.945,4.075301294342859e-13,1.3040964141897149e-09,2,2,5,3,0,6.131073570718975e-10,0.25181032263703346
1873,1.9453125,4.076190340124297e-13,1.304380908839775e-09,2,2,5,3,0,6.113576023021566e-10,0.25125952892129283
1874,1.9456250000000002,4.0776675655843087e-13,1.3048536209869788e-09,2,2,5,3,0,6.096128102067407e-10,0.2507094595487913
1875,1.9459375,4.078521374795141e-13,1.3051268399344451e-09,2,2,5,3,0,6.078729667865577e-10,0.25016011557348483
1876,1.94625,4.079158343571476e-13,1.3053306699428724e-09,2,2,5,3,0,6.061380580808263e-10,0.24961149804078867
1877,1.9465625000000002,4.080321692502553e-13,1.305702941600817e-09,2,2,5,3,0,6.044080701669998e-10,0.24906360798758323
1878,1.9468750000000001,4.081031302824445e-13,1.3059300169038224e-09,2,2,5,3,0,6.026829891606701e-10,0.2485164464422201
1879,1.9471875,4.082384929236793e-13,1.3063631773557738e-09,2,2,5,3,0,6.009628012154932e-10,0.24797001442452823
1880,1.9475000000000002,4.083085865941305e-13,1.3065874771012176e-09,2,2,5,3,0,5.992474925230982e-10,0.24742431294582043
1881,1.9478125,4.0841565155866344e-13,1.306930084987723e-09,2,2,5,3,0,5.975370493130064e-10,0.24687934300889983
1882,1.948125,4.0846791010337724e-13,1.3070973123308072e-09,2,2,5,3,0,5.958314578525439e-10,0.24633510560806668
1883,1.9484375000000003,4.0854835790457567e-13,1.3073547452946421e-09,2,2,5,3,0,5.941307044467604e-10,0.24579160172912534
1884,1.94875,4.086202947187201e-13,1.3075849430999043e-09,2,2,5,3,0,5.924347754383417e-10,0.24524883234939113
1885,1.9490625000000001,4.086817147717914e-13,1.3077814872697324e-09,2,2,5,3,0,5.907436572075265e-10,0.24470679843769783
1886,1.949375,4.0876942672754546e-13,1.3080621655281455e-09,2,2,5,3,0,5.890573361720276e-10,0.24416550095440487
1887,1.9496875,4.08842068273102e-13,1.3082946184739264e-09,2,2,5,3,0,5.873757987869391e-10,0.24362494085140496
1888,1.9500000000000002,4.088744859180593e-13,1.3083983549377898e-09,2,2,5,3,0,5.856990315446609e-10,0.24308511907213182
1889,1.9503125000000001,4.089552589799095e-13,1.3086568287357103e-09,2,2,5,3,0,5.840270209748087e-10,0.2425460365515678
1890,1.950625,4.090122880141822e-13,1.308839321645383e-09,2,2,5,3,0,5.823597536441338e-10,0.24200769421625218
1891,1.9509375000000002,4.090408567414272e-13,1.308930741572567e-09,2,2,5,3,0,5.80697216156437e-10,0.24147009298428898
1892,1.9512500000000002,4.0911263092524575e-13,1.3091604189607864e-09,2,2,5,3,0,5.790393951524873e-10,0.2409332337653554
1893,1.9515625,4.0916467262952505e-13,1.3093269524144802e-09,2,2,5,3,0,5.773862773099397e-10,0.24039711746070982
1894,1.9518750000000002,4.091947592398115e-13,1.3094232295673969e-09,2,2,5,3,0,5.757378493432465e-10,0.23986174496320087
1895,1.9521875,4.092203464110822e-13,1.309505108515463e-09,2,2,5,3,0,5.740940980035808e-10,0.23932711715727548
1896,1.9525000000000001,4.096290906301092e-13,1.3108130900163495e-09,2,2,5,3,0,5.72455010078747e-10,0.2387932349189878
1897,1.9528125,4.1012110157598314e-13,1.312387525043146e-09,2,2,5,3,0,5.708205723931006e-10,0.23826009911600807
1898,1.953125,4.1069843923283167e-13,1.3142350055450613e-09,2,2,5,3,0,5.691907718074659e-10,0.23772771060763154
1899,1.9534375000000002,4.111687661352559e-13,1.3157400516328188e-09,2,2,5,3,0,5.675655952190493e-10,0.23719607024478737
1900,1.95375,4.1171178879334525e-13,1.3174777241387048e-09,2,2,5,3,0,5.659450295613581e-10,0.23666517887004787
1901,1.9540625,4.122152922822475e-13,1.319088935303192e-09,2,2,5,3,0,5.643290618041195e-10,0.23613503731763766
1902,1.9543750000000002,4.1269857540063293e-13,1.3206354412820254e-09,2,2,5,3,0,5.627176789531941e-10,0.23560564641344325
1903,1.9546875000000001,4.132370986197065e-13,1.3223587155830607e-09,2,2,5,3,0,5.611108680504924e-10,0.235077006975022
1904,1.955,4.13720652788635e-13,1.323906088923632e-09,2,2,5,3,0,5.595086161738953e-10,0.23454911981161194
1905,1.9553125000000002,4.14199382257896e-13,1.3254380232252672e-09,2,2,5,3,0,5.579109104371696e-10,0.2340219857241413
1906,1.955625,4.1467252808596866e-13,1.3269520898750997e-09,2,2,5,3,0,5.563177379898826e-10,0.233495605505238
1907,1.9559375,4.1515825065924217e-13,1.328506402109575e-09,2,2,5,3,0,5.54729086017322e-10,0.23296997993923965
1908,1.9562500000000003,4.156248370641713e-13,1.3299994786053482e-09,2,2,5,3,0,5.531449417404112e-10,0.23244510980220306
1909,1.9565625,4.1611717327069697e-13,1.3315749544662303e-09,2,2,5,3,0,5.515652924156257e-10,0.2319209958619143
1910,1.9568750000000001,4.1657763393335157e-13,1.333048428586725e-09,2,2,5,3,0,5.499901253349115e-10,0.23139763887789858
1911,1.9571875,4.1711382611775427e-13,1.3347642435768137e-09,2,2,5,3,0,5.484194278256016e-10,0.23087503960143024
1912,1.9575,4.175424112365378e-13,1.336135715956921e-09,2,2,5,3,0,5.468531872503322e-10,0.23035319877554292
1913,1.9578125000000002,4.179895362124708e-13,1.3375665158799066e-09,2,2,5,3,0,5.452913910069593e-10,0.22983211713503937
1914,1.9581250000000001,4.184638204528246e-13,1.3390842254490387e-09,2,2,5,3,0,5.437340265284765e-10,0.229311795406502
1915,1.9584375,4.188731609830465e-13,1.3403941151457488e-09,2,2,5,3,0,5.421810812829327e-10,0.22879223430830287
1916,1.9587500000000002,4.193467947020968e-13,1.3419097430467097e-09,2,2,5,3,0,5.40632542773347e-10,0.2282734345506141
1917,1.9590625000000002,4.1977884926783227e-13,1.3432923176570633e-09,2,2,5,3,0,5.390883985376278e-10,0.22775539683541804
1918,1.959375,4.202613192345883e-13,1.3448362215506826e-09,2,2,5,3,0,5.375486361484839e-10,0.22723812185651773
1919,1.9596875000000002,4.206534751603763e-13,1.3460911205132042e-09,2,2,5,3,0,5.36013243213349e-10,0.22672161029954732
1920,1.96,4.2109588385685903e-13,1.347506828341949e-09,2,2,5,3,0,5.344822073742913e-10,0.22620586284198244
1921,1.9603125000000001,4.215576455621206e-13,1.348984465798786e-09,2,2,5,3,0,5.329555163079366e-10,0.22569088015315067
1922,1.960625,4.2213503742907776e-13,1.3508321197730488e-09,2,2,5,3,0,5.314331577253813e-10,0.2251766628942423
1923,1.9609375,4.2265198502491885e-13,1.3524863520797403e-09,2,2,5,3,0,5.299151193721072e-10,0.22466321171832057
1924,1.9612500000000002,4.2313071449417983e-13,1.3540182863813754e-09,2,2,5,3,0,5.284013890279013e-10,0.22415052727033238
1925,1.9615625,4.236528120503402e-13,1.3556889985610887e-09,2,2,5,3,0,5.268919545067728e-10,0.2236386101871189
1926,1.961875,4.2416558546781724e-13,1.3573298734970152e-09,2,2,5,3,0,5.253868036568668e-10,0.22312746109742632
1927,1.9621875000000002,4.2467093210041273e-13,1.3589469827213208e-09,2,2,5,3,0,5.238859243603803e-10,0.22261708062191624
1928,1.9625000000000001,4.251368679840384e-13,1.3604379775489228e-09,2,2,5,3,0,5.223893045334833e-10,0.2221074693731768
1929,1.9628125,4.2562719841654495e-13,1.3620070349329438e-09,2,2,5,3,0,5.208969321262303e-10,0.2215986279557329
1930,1.9631250000000002,4.2609633269657943e-13,1.3635082646290542e-09,2,2,5,3,0,5.194087951224791e-10,0.22109055696605726
1931,1.9634375,4.265697495751952e-13,1.3650231986406247e-09,2,2,5,3,0,5.179248815398024e-10,0.22058325699258116
1932,1.96375,4.270431122437024e-13,1.3665379591798477e-09,2,2,5,3,0,5.164451794294137e-10,0.22007672861570518
1933,1.9640625000000003,4.275466699427133e-13,1.3681493438166825e-09,2,2,5,3,0,5.149696768760746e-10,0.21957097240780976
1934,1.964375,4.279832781575732e-13,1.3695464901042342e-09,2,2,5,3,0,5.134983619980114e-10,0.21906598893326637
1935,1.9646875000000001,4.284636339300929e-13,1.3710836285762973e-09,2,2,5,3,0,5.120312229468388e-10,0.21856177874844826
1936,1.965,4.2894409812282985e-13,1.3726211139930555e-09,2,2,5,3,0,5.105682479074662e-10,0.21805834240174116
1937,1.9653125,4.293610822783678e-13,1.3739554632907769e-09,2,2,5,3,0,5.0910942509802e-10,0.2175556804335543
1938,1.9656250000000002,4.2984555801914293e-13,1.3755057856612574e-09,2,2,5,3,0,5.076547427697576e-10,0.21705379337633102
1939,1.9659375000000001,4.302948513994209e-13,1.376943524478147e-09,2,2,5,3,0,5.062041892069811e-10,0.21655268175456005
1940,1.96625,4.3071899128929725e-13,1.3783007721257512e-09,2,2,5,3,0,5.047577527269598e-10,0.21605234608478618
1941,1.9665625000000002,4.3116806782914074e-13,1.3797378170532504e-09,2,2,5,3,0,5.033154216798363e-10,0.21555278687562113
1942,1.9668750000000002,4.3156987315426387e-13,1.3810235940936444e-09,2,2,5,3,0,5.018771844485515e-10,0.21505400462775454
1943,1.9671875,4.3201087238792235e-13,1.3824347916413515e-09,2,2,5,3,0,5.004430294487535e-10,0.214555999833965
1944,1.9675000000000002,4.3242986231747937e-13,1.383775559415934e-09,2,2,5,3,0,4.990129451287181e-10,0.2140587729791309
1945,1.9678125,4.32860886891151e-13,1.3851548380516832e-09,2,2,5,3,0,4.975869199692598e-10,0.21356232454024138
1946,1.9681250000000001,4.3328779149656715e-13,1.3865209327890149e-09,2,2,5,3,0,4.961649424836523e-10,0.21306665498640723
1947,1.9684375,4.336845552815882e-13,1.3877905769010823e-09,2,2,5,3,0,4.947470012175413e-10,0.21257176477887213
1948,1.96875,4.3408370431138876e-13,1.389067853796444e-09,2,2,5,3,0,4.933330847488575e-10,0.21207765437102344
1949,1.9690625000000002,4.344991163737766e-13,1.390397172396085e-09,2,2,5,3,0,4.919231816877394e-10,0.2115843242084032
1950,1.969375,4.3490216853139807e-13,1.3916869393004738e-09,2,2,5,3,0,4.905172806764408e-10,0.21109177472871926
1951,1.9696875,4.352472700829002e-13,1.3927912642652807e-09,2,2,5,3,0,4.89115370389252e-10,0.21060000636185633
1952,1.9700000000000002,4.3566317003626565e-13,1.39412214411605e-09,2,2,5,3,0,4.877174395324117e-10,0.21010901952988678
1953,1.9703125000000001,4.3605418754977254e-13,1.3953734001592721e-09,2,2,5,3,0,4.863234768440246e-10,0.20961881464708207
1954,1.970625,4.364203768335295e-13,1.3965452058672945e-09,2,2,5,3,0,4.849334710939755e-10,0.20912939211992354
1955,1.9709375000000002,4.3681302065029515e-13,1.3978016660809445e-09,2,2,5,3,0,4.835474110838452e-10,0.2086407523471136
1956,1.97125,4.371748731253622e-13,1.398959594001159e-09,2,2,5,3,0,4.821652856468257e-10,0.20815289571958695
1957,1.9715625,4.3756448117604485e-13,1.4002063397633435e-09,2,2,5,3,0,4.807870836476356e-10,0.20766582262052144
1958,1.9718750000000003,4.379044327672277e-13,1.4012941848551286e-09,2,2,5,3,0,4.79412793982436e-10,0.2071795334253495
1959,1.9721875,4.3828130144238364e-13,1.4025001646156277e-09,2,2,5,3,0,4.780424055787448e-10,0.20669402850176916
1960,1.9725000000000001,4.386030384370687e-13,1.4035297229986199e-09,2,2,5,3,0,4.766759073953525e-10,0.2062093082097551
1961,1.9728125,4.3897291400821215e-13,1.4047133248262789e-09,2,2,5,3,0,4.753132884222388e-10,0.2057253729015701
1962,1.973125,4.393247376131837e-13,1.4058391603621878e-09,2,2,5,3,0,4.739545376804872e-10,0.2052422229217762
1963,1.9734375000000002,4.396646892043665e-13,1.4069270054539729e-09,2,2,5,3,0,4.725996442221983e-10,0.20475985860724585
1964,1.9737500000000001,4.400027434417475e-13,1.408008779013592e-09,2,2,5,3,0,4.712485971304083e-10,0.20427828028717337
1965,1.9740625,4.4033651508054716e-13,1.409076848257751e-09,2,2,5,3,0,4.699013855190028e-10,0.203797488283086
1966,1.9743750000000002,4.4068638712160824e-13,1.4101964387891464e-09,2,2,5,3,0,4.685579985326339e-10,0.20331748290885543
1967,1.9746875000000002,4.409870905941471e-13,1.4111586899012707e-09,2,2,5,3,0,4.67218425346633e-10,0.20283826447070905
1968,1.975,4.413090986393753e-13,1.412189115646001e-09,2,2,5,3,0,4.658826551669276e-10,0.2023598332672414
1969,1.9753125000000002,4.416179878383164e-13,1.4131775610826125e-09,2,2,5,3,0,4.6455067722995694e-10,0.20188218958942564
1970,1.975625,4.419455795247329e-13,1.4142258544791453e-09,2,2,5,3,0,4.632224808025905e-10,0.20140533372062483
1971,1.9759375000000001,4.4222416527295305e-13,1.4151173288734498e-09,2,2,5,3,0,4.618980551820378e-10,0.20092926593660362
1972,1.97625,4.4253430130439253e-13,1.416109764174056e-09,2,2,5,3,0,4.605773896957701e-10,0.20045398650553972
1973,1.9765625,4.428605377380934e-13,1.417153720761899e-09,2,2,5,3,0,4.5926047370143224e-10,0.19997949568803539
1974,1.9768750000000002,4.4313776823359796e-13,1.4180408583475135e-09,2,2,5,3,0,4.579472965867574e-10,0.19950579373712915
1975,1.9771875,4.4340193409292405e-13,1.418886189097357e-09,2,2,5,3,0,4.566378477694887e-10,0.19903288089830737
1976,1.9775,4.437168948240311e-13,1.4198940634368995e-09,2,2,5,3,0,4.5533211669729064e-10,0.19856075740951604
1977,1.9778125000000002,4.440134241182059e-13,1.4208429571782588e-09,2,2,5,3,0,4.540300928476655e-10,0.19808942350117242
1978,1.9781250000000001,4.442568817160375e-13,1.42162202149132e-09,2,2,5,3,0,4.527317657278712e-10,0.19761887939617695
1979,1.9784375,4.445297754028521e-13,1.4224952812891267e-09,2,2,5,3,0,4.5143712487483683e-10,0.19714912530992498
1980,1.9787500000000002,4.448179021301901e-13,1.4234172868166084e-09,2,2,5,3,0,4.501461598550791e-10,0.19668016145031886
1981,1.9790625,4.45041844088917e-13,1.4241339010845344e-09,2,2,5,3,0,4.4885886026461805e-10,0.19621198801777964
1982,1.979375,4.4528204908023117e-13,1.4249025570567397e-09,2,2,5,3,0,4.475752157288937e-10,0.1957446052052593
1983,1.9796875000000003,4.4552583193871453e-13,1.4256826622038865e-09,2,2,5,3,0,4.4629521590268244e-10,0.19527801319825266
1984,1.98,4.4584279844384067e-13,1.4266969550202901e-09,2,2,5,3,0,4.450188504700173e-10,0.1948122121748097
1985,1.9803125000000001,4.4608327448569796e-13,1.4274664783542335e-09,2,2,5,3,0,4.4374610914410126e-10,0.19434720230554753
1986,1.980625,4.462832013663043e-13,1.4281062443721737e-09,2,2,5,3,0,4.4247698166722403e-10,0.19388298375366295
1987,1.9809375,4.4653793466672975e-13,1.4289213909335352e-09,2,2,5,3,0,4.412114578106801e-10,0.19341955667494445
1988,1.9812500000000002,4.467459388535211e-13,1.4295870043312675e-09,2,2,5,3,0,4.399495273746874e-10,0.19295692121778488
1989,1.9815625000000001,4.4694928097097075e-13,1.4302376991071064e-09,2,2,5,3,0,4.3869118018830306e-10,0.19249507752319375
1990,1.981875,4.4722418043180445e-13,1.4311173773817742e-09,2,2,5,3,0,4.3743640610934107e-10,0.19203402572480993
1991,1.9821875000000002,4.474169515780724e-13,1.4317342450498316e-09,2,2,5,3,0,4.36185195024291e-10,0.19157376594891423
1992,1.9825000000000002,4.476679985911114e-13,1.4325375954915565e-09,2,2,5,3,0,4.349375368482351e-10,0.191114298314442
1993,1.9828125,4.4783653781882427e-13,1.4330769210202376e-09,2,2,5,3,0,4.336934215247685e-10,0.19065562293299596
1994,1.9831250000000002,4.480744117754676e-13,1.4338381176814963e-09,2,2,5,3,0,4.324528390259129e-10,0.19019773990885927
1995,1.9834375,4.4831927883612344e-13,1.434621692275595e-09,2,2,5,3,0,4.3121577935204e-10,0.1897406493390083
1996,1.9837500000000001,4.4881709026362016e-13,1.4362146888435845e-09,2,2,5,3,0,4.299822325317857e-10,0.18928435131312563
1997,1.9840625,4.4933452575043886e-13,1.4378704824014044e-09,2,2,5,3,0,4.287521886219731e-10,0.18882884591361337
1998,1.984375,4.4983136139598034e-13,1.439460356467137e-09,2,2,5,3,0,4.2752563770752827e-10,0.18837413321560628
1999,1.9846875000000002,4.502836905423413e-13,1.4409078097354922e-09,2,2,5,3,0,4.2630256990140114e-10,0.1879202132869851
2000,1.985,4.5077131046941665e-13,1.4424681935021333e-09,2,2,5,3,0,4.2508297534448357e-10,0.18746708618839003
2001,1.9853125,4.5128229495330907e-13,1.444103343850589e-09,2,2,5,3,0,4.238668442055293e-10,0.1870147519732341
2002,1.9856250000000002,4.5173711776466674e-13,1.4455587768469336e-09,2,2,5,3,0,4.2265416668107624e-10,0.1865632106877171
2003,1.9859375000000001,4.52205709943615e-13,1.447058271819568e-09,2,2,5,3,0,4.214449329953613e-10,0.18611246237083903
2004,1.98625,4.526758200056047e-13,1.448562624017935e-09,2,2,5,3,0,4.202391334002465e-10,0.18566250705441406
2005,1.9865625000000002,4.531530858019328e-13,1.450089874566185e-09,2,2,5,3,0,4.190367581751357e-10,0.18521334476308443
2006,1.986875,4.5359023611787896e-13,1.4514887555772127e-09,2,2,5,3,0,4.1783779762689497e-10,0.18476497551433452
2007,1.9871875,4.540380658252241e-13,1.4529218106407171e-09,2,2,5,3,0,4.1664224208977563e-10,0.18431739931850505
2008,1.9875000000000003,4.5445938678945197e-13,1.4542700377262463e-09,2,2,5,3,0,4.1545008192533566e-10,0.18387061617880732
2009,1.9878125,4.549293884312244e-13,1.4557740429799182e-09,2,2,5,3,0,4.142613075223584e-10,0.1834246260913376
2010,1.9881250000000001,4.553899575140963e-13,1.457247864045108e-09,2,2,5,3,0,4.130759092967775e-10,0.18297942904509182
2011,1.9884375,4.558172415902728e-13,1.458615173088873e-09,2,2,5,3,0,4.118938776915962e-10,0.18253502502197988
2012,1.98875,4.562495129964428e-13,1.459998441588617e-09,2,2,5,3,0,4.107152031768095e-10,0.18209141399684073
2013,1.9890625000000002,4.566453552096172e-13,1.4612651366707752e-09,2,2,5,3,0,4.095398762493287e-10,0.18164859593745714
2014,1.9893750000000001,4.570462931730024e-13,1.4625481381536076e-09,2,2,5,3,0,4.083678874329043e-10,0.18120657080457056
2015,1.9896875,4.574579647378951e-13,1.4638654871612644e-09,2,2,5,3,0,4.0719922727804684e-10,0.18076533855189666
2016,1.9900000000000002,4.578710457656121e-13,1.4651873464499587e-09,2,2,5,3,0,4.060338863619516e-10,0.18032489912614022
2017,1.9903125000000002,4.582772963196424e-13,1.4664873482228558e-09,2,2,5,3,0,4.0487185528841985e-10,0.17988525246701062
2018,1.990625,4.586586102237056e-13,1.4677075527158578e-09,2,2,5,3,0,4.0371312468778596e-10,0.17944639850723762
2019,1.9909375000000002,4.590560787401388e-13,1.468979451968444e-09,2,2,5,3,0,4.025576852168396e-10,0.17900833717258674
2020,1.99125,4.594447110088662e-13,1.4702230752283718e-09,2,2,5,3,0,4.0140552755875236e-10,0.17857106838187525
2021,1.9915625000000001,4.598547562705002e-13,1.4715352200656007e-09,2,2,5,3,0,4.002566424229985e-10,0.1781345920469881
2022,1.991875,4.602151450726344e-13,1.47268846423243e-09,2,2,5,3,0,3.991110205452845e-10,0.17769890807289393
2023,1.9921875,4.605562350760983e-13,1.4737799522435147e-09,2,2,5,3,0,3.9796865268746975e-10,0.17726401635766154
2024,1.9925000000000002,4.609340253231009e-13,1.4749888810339229e-09,2,2,5,3,0,3.9682952963749724e-10,0.17682991679247595
2025,1.9928125,4.612963656891456e-13,1.4761483702052658e-09,2,2,5,3,0,3.956936422093148e-10,0.1763966092616553
2026,1.993125,4.616411961901046e-13,1.4772518278083346e-09,2,2,5,3,0,3.9456098124280403e-10,0.17596409364266727
2027,1.9934375000000002,4.619778409646613e-13,1.4783290910869162e-09,2,2,5,3,0,3.934315376037082e-10,0.175532369806146
2028,1.9937500000000001,4.623862599230366e-13,1.4796360317537172e-09,2,2,5,3,0,3.9230530218355314e-10,0.17510143761590916
2029,1.9940625,4.627259946737849e-13,1.4807231829561118e-09,2,2,5,3,0,3.911822658995836e-10,0.17467129692897493
2030,1.9943750000000002,4.630264813058893e-13,1.4816847401788458e-09,2,2,5,3,0,3.9006241969468223e-10,0.1742419475955794
2031,1.9946875,4.633900142943237e-13,1.4828480457418358e-09,2,2,5,3,0,3.8894575453730075e-10,0.173813389459194
2032,1.995,4.636709852873233e-13,1.4837471529194346e-09,2,2,5,3,0,3.8783226142139116e-10,0.17338562235654315
2033,1.9953125000000003,4.640308319883713e-13,1.484898662362788e-09,2,2,5,3,0,3.8672193136632965e-10,0.17295864611762196
2034,1.995625,4.643105561488725e-13,1.485793779676392e-09,2,2,5,3,0,3.8561475541684863e-10,0.17253246056571425
2035,1.9959375000000001,4.646530556151607e-13,1.4868897779685142e-09,2,2,5,3,0,3.845107246429637e-10,0.1721070655174105
2036,1.99625,4.64945031260211e-13,1.4878241000326753e-09,2,2,5,3,0,3.8340983013990306e-10,0.17168246078262633
2037,1.9965625,4.652712134838033e-13,1.4888678831481705e-09,2,2,5,3,0,3.8231206302804096e-10,0.17125864616462066
2038,1.9968750000000002,4.655357588138898e-13,1.4897144282044472e-09,2,2,5,3,0,3.812174144528226e-10,0.17083562146001435
2039,1.9971875000000001,4.658328844192594e-13,1.4906652301416301e-09,2,2,5,3,0,3.8012587558469994e-10,0.17041338645880919
2040,1.9975,4.6612366744192e-13,1.491595735814144e-09,2,2,5,3,0,3.7903743761905934e-10,0.1699919409444066
2041,1.9978125000000002,4.664105473367597e-13,1.492513751477631e-09,2,2,5,3,0,3.7795209177615217e-10,0.16957128469362676
2042,1.9981250000000002,4.667059382186534e-13,1.4934590022996908e-09,2,2,5,3,0,3.7686982930103014e-10,0.16915141747672788
2043,1.9984375,4.66984740807308e-13,1.4943511705833856e-09,2,2,5,3,0,3.7579064146347297e-10,0.16873233905742555
2044,1.9987500000000002,4.672495571879376e-13,1.4951985830014003e-09,2,2,5,3,0,3.7471451955792435e-10,0.16831404919291254
2045,1.9990625,4.675387681174481e-13,1.496124057975834e-09,2,2,5,3,0,3.736414549034223e-10,0.1678965476338784
2046,1.9993750000000001,4.677830388669091e-13,1.496905724374109e-09,2,2,5,3,0,3.7257143884353196e-10,0.16747983412452946
2047,1.9996875,4.680227559672456e-13,1.497672819095186e-09,2,2,5,3,0,3.7150446274627864e-10,0.167063908402609
2048,2.0,4.683060037848075e-13,1.4985792121113839e-09,2,2,5,3,0,3.704405180040858e-10,0.16664877019941748
2049,2.0003125,4.685035454206343e-13,1.4992113453460298e-09,2,2,5,3,0,3.6937959603370277e-10,0.16623441923983312
2050,2.0006250000000003,4.687344262732651e-13,1.4999501640744484e-09,2,2,5,3,0,3.6832168827614227e-10,0.16582085524233248
2051,2.0009375,4.690161562077855e-13,1.5008516998649135e-09,2,2,5,3,0,3.6726678619661603e-10,0.1654080779190113
2052,2.00125,4.691901164463608e-13,1.5014083726283545e-09,2,2,5,3,0,3.6621488128446725e-10,0.1649960869756055
2053,2.0015625000000004,4.694465844702622e-13,1.502229070304839e-09,2,2,5,3,0,3.651659650531093e-10,0.16458488211151245
2054,2.001875,4.696418492815269e-13,1.502853917700886e-09,2,2,5,3,0,3.641200290399572e-10,0.16417446301981234
2055,2.0021875000000002,4.698922457732624e-13,1.5036551864744396e-09,2,2,5,3,0,3.630770648063673e-10,0.16376482938728967
2056,2.0025,4.701140735377529e-13,1.5043650353208093e-09,2,2,5,3,0,3.620370639375712e-10,0.16335598089445508
2057,2.0028125,4.703281492567102e-13,1.5050500776214726e-09,2,2,5,3,0,3.610000180426154e-10,0.16294791721556712
2058,2.0031250000000003,4.705475375663126e-13,1.5057521202122004e-09,2,2,5,3,0,3.5996591875429456e-10,0.16254063801865462
2059,2.0034375,4.707079994878405e-13,1.5062655983610895e-09,2,2,5,3,0,3.589347577290924e-10,0.1621341429655388
2060,2.00375,4.709051074427983e-13,1.5068963438169547e-09,2,2,5,3,0,3.579065266471177e-10,0.16172843171185577
2061,2.0040625,4.711311635957616e-13,1.507619723506437e-09,2,2,5,3,0,3.568812172120424e-10,0.1613235039070792
2062,2.004375,4.712768803677436e-13,1.5080860171767796e-09,2,2,5,3,0,3.558588211510392e-10,0.16091935919454325
2063,2.0046875,4.714683504714046e-13,1.5086987215084946e-09,2,2,5,3,0,3.548393302147216e-10,0.16051599721146556
2064,2.005,4.716394375742228e-13,1.5092462002375129e-09,2,2,5,3,0,3.5382273617708324e-10,0.16011341758897046
2065,2.0053125,4.718142109644274e-13,1.5098054750861678e-09,2,2,5,3,0,3.528090308354376e-10,0.15971161995211244
2066,2.005625,4.719316300597076e-13,1.5101812161910644e-09,2,2,5,3,0,3.517982060103543e-10,0.15931060391989973
2067,2.0059375,4.721019582210051e-13,1.5107262663072163e-09,2,2,5,3,0,3.507902535456022e-10,0.1589103691053181
2068,2.00625,4.722395976868021e-13,1.5111667125977668e-09,2,2,5,3,0,3.4978516530809005e-10,0.1585109151153548
2069,2.0065625000000002,4.724453250490313e-13,1.5118250401569e-09,2,2,5,3,0,3.4878293318780455e-10,0.15811224155102283
2070,2.006875,4.725716888122344e-13,1.5122294041991502e-09,2,2,5,3,0,3.4778354909775374e-10,0.15771434800738524
2071,2.0071875,4.72761478402528e-13,1.5128367308880897e-09,2,2,5,3,0,3.4678700497390627e-10,0.15731723407357973
2072,2.0075000000000003,4.728617671034829e-13,1.5131576547311454e-09,2,2,5,3,0,3.457932927751337e-10,0.15692089933284337
2073,2.0078125,4.729920339945071e-13,1.5135745087824226e-09,2,2,5,3,0,3.448024044831529e-10,0.1565253433625375
2074,2.008125,4.730863053734047e-13,1.513876177194895e-09,2,2,5,3,0,3.438143321024663e-10,0.15613056573417297
2075,2.0084375000000003,4.73241508914396e-13,1.5143728285260671e-09,2,2,5,3,0,3.4282906766030763e-10,0.1557365660134354
2076,2.00875,4.733445623308907e-13,1.5147025994588503e-09,2,2,5,3,0,3.418466032065809e-10,0.1553433437602107
2077,2.0090625,4.734935859194989e-13,1.5151794749423964e-09,2,2,5,3,0,3.408669308138048e-10,0.1549508985286107
2078,2.0093750000000004,4.735859599445946e-13,1.5154750718227028e-09,2,2,5,3,0,3.398900425770567e-10,0.15455922986699921
2079,2.0096875,4.736856523343547e-13,1.515794087469935e-09,2,2,5,3,0,3.3891593061391393e-10,0.1541683373180181
2080,2.0100000000000002,4.737685938005498e-13,1.5160595001617594e-09,2,2,5,3,0,3.379445870643998e-10,0.15377822041861341
2081,2.0103125,4.738976138590756e-13,1.5164723643490419e-09,2,2,5,3,0,3.369760040909272e-10,0.15338887870006196
2082,2.010625,4.739836995115709e-13,1.516747838437027e-09,2,2,5,3,0,3.360101738782406e-10,0.15300031168799802
2083,2.0109375000000003,4.740489142722459e-13,1.516956525671187e-09,2,2,5,3,0,3.3504708863336384e-10,0.15261251890244013
2084,2.01125,4.741289283925754e-13,1.5172125708562412e-09,2,2,5,3,0,3.340867405855417e-10,0.15222549985781827
2085,2.0115625,4.742054188558442e-13,1.5174573403387015e-09,2,2,5,3,0,3.3312912198618594e-10,0.151839254063001
2086,2.011875,4.742795240743336e-13,1.5176944770378675e-09,2,2,5,3,0,3.321742251088217e-10,0.1514537810213229
2087,2.0121875,4.743626281708546e-13,1.5179604101467348e-09,2,2,5,3,0,3.312220422490307e-10,0.15106908023061227
2088,2.0125,4.743999247255881e-13,1.518079759121882e-09,2,2,5,3,0,3.3027256572440005e-10,0.15068515118321893
2089,2.0128125,4.744740841541861e-13,1.5183170692933956e-09,2,2,5,3,0,3.2932578787446336e-10,0.15030199336604222
2090,2.013125,4.745238490339032e-13,1.5184763169084903e-09,2,2,5,3,0,3.283817010606523e-10,0.1499196062605592
2091,2.0134375,4.74536859459973e-13,1.5185179502719137e-09,2,2,5,3,0,3.274402976662365e-10,0.14953798934285312
2092,2.01375,4.746342208150622e-13,1.5188295066081992e-09,2,2,5,3,0,3.265015700962766e-10,0.149157142083642
2093,2.0140625,4.746553085473171e-13,1.5188969873514147e-09,2,2,5,3,0,3.255655107775651e-10,0.1487770639483074
2094,2.0143750000000002,4.747049107967083e-13,1.5190557145494665e-09,2,2,5,3,0,3.2463211215857644e-10,0.14839775439692335
2095,2.0146875,4.747422073514418e-13,1.5191750635246137e-09,2,2,5,3,0,3.237013667094132e-10,0.14801921288428557
2096,2.015,4.74729196925372e-13,1.5191334301611903e-09,2,2,5,3,0,3.227732669217527e-10,0.14764143885994074
2097,2.0153125000000003,4.748991456159091e-13,1.519677265970909e-09,2,2,5,3,0,3.218478053087958e-10,0.1472644317682162
2098,2.015625,4.753146660985141e-13,1.5210069315152452e-09,2,2,5,3,0,3.209249744052112e-10,0.1468881910482496
2099,2.0159375,4.757826619662675e-13,1.522504518292056e-09,2,2,5,3,0,3.2000476676708507e-10,0.1465127161340187
2100,2.0162500000000003,4.76187448847365e-13,1.523799836311568e-09,2,2,5,3,0,3.1908717497187023e-10,0.14613800645437167
2101,2.0165625,4.765900673241175e-13,1.5250882154371759e-09,2,2,5,3,0,3.1817219161833124e-10,0.1457640614330572
2102,2.016875,4.770060756977001e-13,1.5264194422326405e-09,2,2,5,3,0,3.172598093264934e-10,0.14539088048875512
2103,2.0171875000000004,4.774040863152196e-13,1.5276930762087026e-09,2,2,5,3,0,3.1635002073759125e-10,0.14501846303510696
2104,2.0175,4.777900622886244e-13,1.5289281993235981e-09,2,2,5,3,0,3.1544281851401557e-10,0.14464680848074674
2105,2.0178125000000002,4.781796703393071e-13,1.5301749450857827e-09,2,2,5,3,0,3.145381953392626e-10,0.14427591622933217
2106,2.018125,4.7857242257629e-13,1.5314317522441279e-09,2,2,5,3,0,3.136361439178836e-10,0.14390578567957565
2107,2.0184375,4.789259809047375e-13,1.53256313889516e-09,2,2,5,3,0,3.1273665697543085e-10,0.1435364162252757
2108,2.0187500000000003,4.792985669813121e-13,1.5337554143401988e-09,2,2,5,3,0,3.118397272584066e-10,0.14316780725534864
2109,2.0190625,4.796861150478671e-13,1.5349955681531746e-09,2,2,5,3,0,3.10945347534215e-10,0.14279995815386012
2110,2.019375,4.80054906416838e-13,1.5361757005338816e-09,2,2,5,3,0,3.100535105911057e-10,0.14243286830005705
2111,2.0196875,4.80404073726487e-13,1.5372930359247583e-09,2,2,5,3,0,3.0916420923812657e-10,0.14206653706839975
2112,2.02,4.807729735156752e-13,1.5384735152501605e-09,2,2,5,3,0,3.0827743630507087e-10,0.14170096382859418
