reference,reader,object,metrics.S,metrics.Ephi,metrics.ET,metrics.EV,metrics.EI,metrics.energy_error,metrics.electric_fv_rms,metrics.current_balance_rms,metrics.power_defect_rms,metrics.phase_max,metrics.power_trace_rms_error,metrics.power_trace_NRMSE,metrics.input_power_rms_error,metrics.input_power_NRMSE,metrics.bottom_current_rms_error,metrics.bottom_current_NRMSE,metrics.local_joule_NRMSE,metrics.top_current_rms_error,metrics.bottom_native_NRMSE,cycles,valid,strict_device_pass,event_failures,readout,normalizers.top_current,normalizers.bottom_current,normalizers.power,normalizers.local_q,fixed_old_denominator.EI,fixed_old_denominator.bottom_current_NRMSE,fixed_old_denominator.power_trace_NRMSE,fixed_old_denominator.local_joule_NRMSE,id,protocol,seed,role,origin,readout_grid,field_event_grid,local_q_measure,native_240_local_q_NRMSE
old,coarse,shorter/29/E,0.004039843750000001,0.0659007411448824,0.011156946981216099,0.001359273582296164,0.008167948804133605,0.002748240117777411,8.921347655473373e-13,1.2603881368016516e-14,6.683077205310552e-15,0.9957547210799541,0.002979809993096412,0.008166917910243179,0.002979809993097398,0.008166917910245881,0.0043014130612772355,0.008167948804129884,0.1476013154711223,0.004301413061279195,0.008167948804126956,"[{""cycle"": 1, ""event_time"": 0.23761000000000002, ""pre_roi_fraction"": 0.0, ""peak_roi_fraction"": 0.06740702479338843, ""peak_full_domain_fraction"": 0.020390625, ""peak_outside_roi_fraction"": 0.0, ""recovery_fraction"": 1.0, ""peak_time_index"": 152, ""recall"": 0.9210229833258226, ""precision"": 0.9417117843566407, ""mass_ratio"": 0.9780306444344303, ""reference_event_time"": 0.24059999999999998, ""timing_absolute"": 0.002989999999999965, ""support_window"": [0.0, 0.35], ""support_measure"": ""global trapezoid time times cell volume"", ""teacher_active_target_mass"": 0.0006934374999999997, ""predicted_active_target_mass"": 0.000678203125, ""true_positive_target_mass"": 0.0006386718749999998, ""reference_event_present"": true, ""false_positive_event"": false, ""false_negative_target_mass"": 5.476562499999991e-05, ""false_positive_target_mass"": 3.953125000000018e-05}, {""cycle"": 2, ""event_time"": 1.2248, ""pre_roi_fraction"": 0.0, ""peak_roi_fraction"": 0.09607438016528926, ""peak_full_domain_fraction"": 0.0290625, ""peak_outside_roi_fraction"": 0.0, ""recovery_fraction"": 1.0, ""peak_time_index"": 629, ""recall"": 0.7716703710035906, ""precision"": 0.8548295454545455, ""mass_ratio"": 0.9027184134040009, ""reference_event_time"": 1.2268000000000001, ""timing_absolute"": 0.0020000000000000018, ""support_window"": [1.01, 1.36], ""support_measure"": ""global trapezoid time times cell volume"", ""teacher_active_target_mass"": 0.00091390625, ""predicted_active_target_mass"": 0.0008250000000000002, ""true_positive_target_mass"": 0.0007052343750000002, ""reference_event_present"": true, ""false_positive_event"": false, ""false_negative_target_mass"": 0.00020867187499999976, ""false_positive_target_mass"": 0.00011976562499999997}]",True,False,[],COMMON_FV_FACE_FLUX_EDGE_DISSIPATION_V1,0.5266209625484372,0.526620962548438,0.3648634681829053,0.2706925435582177,0.008167948804133605,0.008167948804129884,0.008166917910243179,0.1476013154711223,shorter/29/E,shorter,29,E,b1_missing_phase,"[160, 80]","[160, 80]",restricted 160x80 diagnostic; native fine metric separately named,
old,coarse,shorter/29/D_E,0.004107890625,0.06679965118622742,0.011190639850807484,0.0014472155926503023,0.008815845808802476,0.0034715880256982836,8.918782687141874e-13,1.3004302413008583e-14,7.551001199350185e-15,0.9958282066103568,0.00322368269323911,0.0088353123136545,0.003223682693239653,0.008835312313655988,0.004642609205509301,0.008815845808800835,0.15323418307499864,0.004642609205510165,0.008815845808797768,"[{""cycle"": 1, ""event_time"": 0.2356777777777778, ""pre_roi_fraction"": 0.0, ""peak_roi_fraction"": 0.06740702479338843, ""peak_full_domain_fraction"": 0.020390625, ""peak_outside_roi_fraction"": 0.0, ""recovery_fraction"": 1.0, ""peak_time_index"": 151, ""recall"": 0.9214736367733215, ""precision"": 0.9332496576905526, ""mass_ratio"": 0.9873817034700314, ""reference_event_time"": 0.24059999999999998, ""timing_absolute"": 0.004922222222222189, ""support_window"": [0.0, 0.35], ""support_measure"": ""global trapezoid time times cell volume"", ""teacher_active_target_mass"": 0.0006934374999999997, ""predicted_active_target_mass"": 0.0006846874999999996, ""true_positive_target_mass"": 0.0006389843749999999, ""reference_event_present"": true, ""false_positive_event"": false, ""false_negative_target_mass"": 5.4453124999999814e-05, ""false_positive_target_mass"": 4.570312499999974e-05}, {""cycle"": 2, ""event_time"": 1.2260166666666668, ""pre_roi_fraction"": 0.0, ""peak_roi_fraction"": 0.09581611570247933, ""peak_full_domain_fraction"": 0.028984375, ""peak_outside_roi_fraction"": 0.0, ""recovery_fraction"": 1.0, ""peak_time_index"": 625, ""recall"": 0.7644041716532745, ""precision"": 0.8610495907558982, ""mass_ratio"": 0.8877585912121733, ""reference_event_time"": 1.2268000000000001, ""timing_absolute"": 0.0007833333333333581, ""support_window"": [1.01, 1.36], ""support_measure"": ""global trapezoid time times cell volume"", ""teacher_active_target_mass"": 0.00091390625, ""predicted_active_target_mass"": 0.0008113281250000002, ""true_positive_target_mass"": 0.0006985937500000003, ""reference_event_present"": true, ""false_positive_event"": false, ""false_negative_target_mass"": 0.00021531249999999968, ""false_positive_target_mass"": 0.00011273437499999988}]",True,False,[],COMMON_FV_FACE_FLUX_EDGE_DISSIPATION_V1,0.5266209625484372,0.526620962548438,0.3648634681829053,0.2706925435582177,0.008815845808802476,0.008815845808800835,0.0088353123136545,0.15323418307499864,shorter/29/D_E,shorter,29,D_E,b1_missing_phase,"[160, 80]","[160, 80]",restricted 160x80 diagnostic; native fine metric separately named,
old,coarse,shorter/29/F,0.0037296875,0.0792630577907297,0.011457928946644885,0.009550897232073599,0.06477102751122879,0.030635446933321993,9.047092632166893e-13,1.464433161447441e-14,7.824824816711711e-15,0.9790326063160586,0.02223437291967779,0.06093888497637079,0.02223437291967753,0.060938884976370074,0.03410978085321495,0.06477102751122944,0.252018079273883,0.03410978085321461,0.0647710275112306,"[{""cycle"": 1, ""event_time"": 0.2384, ""pre_roi_fraction"": 0.0, ""peak_roi_fraction"": 0.0699896694214876, ""peak_full_domain_fraction"": 0.021171875, ""peak_outside_roi_fraction"": 0.0, ""recovery_fraction"": 1.0, ""peak_time_index"": 158, ""recall"": 0.8884632717440291, ""precision"": 0.9276555699329493, ""mass_ratio"": 0.9577512392969806, ""reference_event_time"": 0.24059999999999998, ""timing_absolute"": 0.0021999999999999797, ""support_window"": [0.0, 0.35], ""support_measure"": ""global trapezoid time times cell volume"", ""teacher_active_target_mass"": 0.0006934374999999997, ""predicted_active_target_mass"": 0.0006641406249999997, ""true_positive_target_mass"": 0.0006160937499999999, ""reference_event_present"": true, ""false_positive_event"": false, ""false_negative_target_mass"": 7.734374999999983e-05, ""false_positive_target_mass"": 4.8046874999999804e-05}, {""cycle"": 2, ""event_time"": null, ""pre_roi_fraction"": 0.0, ""peak_roi_fraction"": 0.0, ""peak_full_domain_fraction"": 0.0, ""peak_outside_roi_fraction"": 0.0, ""recovery_fraction"": 0.0, ""peak_time_index"": 404, ""recall"": 0.0, ""precision"": 0.0, ""mass_ratio"": 0.0, ""reference_event_time"": 1.2268000000000001, ""timing_absolute"": null, ""support_window"": [1.01, 1.36], ""support_measure"": ""global trapezoid time times cell volume"", ""teacher_active_target_mass"": 0.00091390625, ""predicted_active_target_mass"": 0.0, ""true_positive_target_mass"": 0.0, ""reference_event_present"": true, ""false_positive_event"": false, ""false_negative_target_mass"": 0.00091390625, ""false_positive_target_mass"": 0.0}]",True,False,"[""cycle_2_event_missing"", ""cycle_2_roi_peak_below_minimum"", ""cycle_2_recovery_failure""]",COMMON_FV_FACE_FLUX_EDGE_DISSIPATION_V1,0.5266209625484372,0.526620962548438,0.3648634681829053,0.2706925435582177,0.06477102751122879,0.06477102751122944,0.06093888497637079,0.252018079273883,shorter/29/F,shorter,29,F,b1_missing_phase,"[160, 80]","[160, 80]",restricted 160x80 diagnostic; native fine metric separately named,
old,coarse,shorter/43/E,0.003676015625,0.05817640114189538,0.011076819386078235,0.0012540766210698605,0.0068376766431676025,0.0018864386134768805,8.926241161769853e-13,1.2582225945279277e-14,7.105144294047629e-15,0.9878301403970035,0.0025328741705547115,0.006941978003906345,0.002532874170555466,0.006941978003908413,0.003600863855418706,0.006837676643165355,0.12231569463675311,0.0036008638554198896,0.006837676643162524,"[{""cycle"": 1, ""event_time"": 0.23734444444444447, ""pre_roi_fraction"": 0.0, ""peak_roi_fraction"": 0.07076446280991736, ""peak_full_domain_fraction"": 0.02140625, ""peak_outside_roi_fraction"": 0.0, ""recovery_fraction"": 1.0, ""peak_time_index"": 149, ""recall"": 0.9389364578639027, ""precision"": 0.9191573839197089, ""mass_ratio"": 1.0215187021180712, ""reference_event_time"": 0.24059999999999998, ""timing_absolute"": 0.0032555555555555116, ""support_window"": [0.0, 0.35], ""support_measure"": ""global trapezoid time times cell volume"", ""teacher_active_target_mass"": 0.0006934374999999997, ""predicted_active_target_mass"": 0.0007083593749999997, ""true_positive_target_mass"": 0.0006510937499999998, ""reference_event_present"": true, ""false_positive_event"": false, ""false_negative_target_mass"": 4.2343749999999955e-05, ""false_positive_target_mass"": 5.7265624999999916e-05}, {""cycle"": 2, ""event_time"": 1.2215857142857143, ""pre_roi_fraction"": 0.0, ""peak_roi_fraction"": 0.09891528925619834, ""peak_full_domain_fraction"": 0.029921875, ""peak_outside_roi_fraction"": 0.0, ""recovery_fraction"": 1.0, ""peak_time_index"": 617, ""recall"": 0.8017609847837238, ""precision"": 0.8339112652262824, ""mass_ratio"": 0.9614464010942044, ""reference_event_time"": 1.2268000000000001, ""timing_absolute"": 0.005214285714285838, ""support_window"": [1.01, 1.36], ""support_measure"": ""global trapezoid time times cell volume"", ""teacher_active_target_mass"": 0.00091390625, ""predicted_active_target_mass"": 0.0008786718750000002, ""true_positive_target_mass"": 0.0007327343750000001, ""reference_event_present"": true, ""false_positive_event"": false, ""false_negative_target_mass"": 0.0001811718749999999, ""false_positive_target_mass"": 0.00014593750000000013}]",True,False,[],COMMON_FV_FACE_FLUX_EDGE_DISSIPATION_V1,0.5266209625484372,0.526620962548438,0.3648634681829053,0.2706925435582177,0.0068376766431676025,0.006837676643165355,0.006941978003906345,0.12231569463675311,shorter/43/E,shorter,43,E,b1_missing_phase,"[160, 80]","[160, 80]",restricted 160x80 diagnostic; native fine metric separately named,
old,coarse,shorter/43/D_E,0.0035101562500000003,0.055882993883445635,0.011173368644655018,0.001305531396053992,0.007245507930004716,0.0018900683303110244,8.928952525416478e-13,1.3755779381380043e-14,7.59994695380536e-15,0.987936345811472,0.0026656765901080506,0.00730595639893373,0.0026656765901081894,0.00730595639893411,0.0038156363602507293,0.0072455079300034085,0.12130691952184684,0.003815636360251418,0.007245507930000619,"[{""cycle"": 1, ""event_time"": 0.23711000000000002, ""pre_roi_fraction"": 0.0, ""peak_roi_fraction"": 0.07050619834710743, ""peak_full_domain_fraction"": 0.021328125, ""peak_outside_roi_fraction"": 0.0, ""recovery_fraction"": 1.0, ""peak_time_index"": 146, ""recall"": 0.9423163587201442, ""precision"": 0.9224660858056688, ""mass_ratio"": 1.0215187021180714, ""reference_event_time"": 0.24059999999999998, ""timing_absolute"": 0.0034899999999999654, ""support_window"": [0.0, 0.35], ""support_measure"": ""global trapezoid time times cell volume"", ""teacher_active_target_mass"": 0.0006934374999999997, ""predicted_active_target_mass"": 0.0007083593749999998, ""true_positive_target_mass"": 0.0006534374999999997, ""reference_event_present"": true, ""false_positive_event"": false, ""false_negative_target_mass"": 3.9999999999999996e-05, ""false_positive_target_mass"": 5.4921875000000066e-05}, {""cycle"": 2, ""event_time"": 1.2217, ""pre_roi_fraction"": 0.0, ""peak_roi_fraction"": 0.09659090909090909, ""peak_full_domain_fraction"": 0.02921875, ""peak_outside_roi_fraction"": 0.0, ""recovery_fraction"": 1.0, ""peak_time_index"": 623, ""recall"": 0.7962899640964269, ""precision"": 0.8478201510876489, ""mass_ratio"": 0.9392203795520606, ""reference_event_time"": 1.2268000000000001, ""timing_absolute"": 0.0051000000000001044, ""support_window"": [1.01, 1.36], ""support_measure"": ""global trapezoid time times cell volume"", ""teacher_active_target_mass"": 0.00091390625, ""predicted_active_target_mass"": 0.0008583593750000004, ""true_positive_target_mass"": 0.0007277343750000002, ""reference_event_present"": true, ""false_positive_event"": false, ""false_negative_target_mass"": 0.00018617187499999981, ""false_positive_target_mass"": 0.0001306250000000002}]",True,False,[],COMMON_FV_FACE_FLUX_EDGE_DISSIPATION_V1,0.5266209625484372,0.526620962548438,0.3648634681829053,0.2706925435582177,0.007245507930004716,0.0072455079300034085,0.00730595639893373,0.12130691952184684,shorter/43/D_E,shorter,43,D_E,b1_missing_phase,"[160, 80]","[160, 80]",restricted 160x80 diagnostic; native fine metric separately named,
old,coarse,shorter/43/F,0.00364265625,0.07070557855497785,0.011036028878532096,0.009475158434977359,0.06426416231562679,0.03218285745858276,9.05181176860679e-13,1.431929925890829e-14,8.01435779367094e-15,0.9867537664354427,0.0221080359711703,0.060592626829078934,0.022108035971170337,0.060592626829079045,0.0338428550160243,0.06426416231562664,0.23810610845030813,0.03384285501602438,0.0642641623156279,"[{""cycle"": 1, ""event_time"": 0.24015714285714285, ""pre_roi_fraction"": 0.0, ""peak_roi_fraction"": 0.06947314049586777, ""peak_full_domain_fraction"": 0.021015625, ""peak_outside_roi_fraction"": 0.0, ""recovery_fraction"": 1.0, ""peak_time_index"": 145, ""recall"": 0.9337539432176655, ""precision"": 0.9518777994716894, ""mass_ratio"": 0.9809598918431724, ""reference_event_time"": 0.24059999999999998, ""timing_absolute"": 0.00044285714285713373, ""support_window"": [0.0, 0.35], ""support_measure"": ""global trapezoid time times cell volume"", ""teacher_active_target_mass"": 0.0006934374999999997, ""predicted_active_target_mass"": 0.0006802343749999996, ""true_positive_target_mass"": 0.0006474999999999996, ""reference_event_present"": true, ""false_positive_event"": false, ""false_negative_target_mass"": 4.593750000000008e-05, ""false_positive_target_mass"": 3.2734374999999994e-05}, {""cycle"": 2, ""event_time"": null, ""pre_roi_fraction"": 0.0, ""peak_roi_fraction"": 0.0, ""peak_full_domain_fraction"": 0.0, ""peak_outside_roi_fraction"": 0.0, ""recovery_fraction"": 0.0, ""peak_time_index"": 404, ""recall"": 0.0, ""precision"": 0.0, ""mass_ratio"": 0.0, ""reference_event_time"": 1.2268000000000001, ""timing_absolute"": null, ""support_window"": [1.01, 1.36], ""support_measure"": ""global trapezoid time times cell volume"", ""teacher_active_target_mass"": 0.00091390625, ""predicted_active_target_mass"": 0.0, ""true_positive_target_mass"": 0.0, ""reference_event_present"": true, ""false_positive_event"": false, ""false_negative_target_mass"": 0.00091390625, ""false_positive_target_mass"": 0.0}]",True,False,"[""cycle_2_event_missing"", ""cycle_2_roi_peak_below_minimum"", ""cycle_2_recovery_failure""]",COMMON_FV_FACE_FLUX_EDGE_DISSIPATION_V1,0.5266209625484372,0.526620962548438,0.3648634681829053,0.2706925435582177,0.06426416231562679,0.06426416231562664,0.060592626829078934,0.23810610845030813,shorter/43/F,shorter,43,F,b1_missing_phase,"[160, 80]","[160, 80]",restricted 160x80 diagnostic; native fine metric separately named,
old,coarse,shorter/B_E,0.0038965625000000003,0.08355371705911815,0.012800189053165364,0.009820680999144819,0.06667131566158731,0.03798317936361649,9.083738869274465e-13,1.3375342681841286e-14,7.390499755627218e-15,0.9804634545213793,0.02298802194155825,0.06300444946172139,0.022988021941559567,0.06300444946172501,0.03511051242807321,0.0666713156615824,0.24814891565526184,0.0351105124280758,0.06667131566158371,"[{""cycle"": 1, ""event_time"": 0.2558714285714286, ""pre_roi_fraction"": 0.0, ""peak_roi_fraction"": 0.05965909090909091, ""peak_full_domain_fraction"": 0.018046875, ""peak_outside_roi_fraction"": 0.0, ""recovery_fraction"": 1.0, ""peak_time_index"": 135, ""recall"": 0.7929247408742678, ""precision"": 0.9879281302638967, ""mass_ratio"": 0.8026137899954936, ""reference_event_time"": 0.24059999999999998, ""timing_absolute"": 0.015271428571428602, ""support_window"": [0.0, 0.35], ""support_measure"": ""global trapezoid time times cell volume"", ""teacher_active_target_mass"": 0.0006934374999999997, ""predicted_active_target_mass"": 0.0005565624999999999, ""true_positive_target_mass"": 0.0005498437499999999, ""reference_event_present"": true, ""false_positive_event"": false, ""false_negative_target_mass"": 0.00014359374999999984, ""false_positive_target_mass"": 6.718749999999997e-06}, {""cycle"": 2, ""event_time"": null, ""pre_roi_fraction"": 0.0, ""peak_roi_fraction"": 0.0, ""peak_full_domain_fraction"": 0.0, ""peak_outside_roi_fraction"": 0.0, ""recovery_fraction"": 0.0, ""peak_time_index"": 404, ""recall"": 0.0, ""precision"": 0.0, ""mass_ratio"": 0.0, ""reference_event_time"": 1.2268000000000001, ""timing_absolute"": null, ""support_window"": [1.01, 1.36], ""support_measure"": ""global trapezoid time times cell volume"", ""teacher_active_target_mass"": 0.00091390625, ""predicted_active_target_mass"": 0.0, ""true_positive_target_mass"": 0.0, ""reference_event_present"": true, ""false_positive_event"": false, ""false_negative_target_mass"": 0.00091390625, ""false_positive_target_mass"": 0.0}]",True,False,"[""cycle_2_event_missing"", ""cycle_2_roi_peak_below_minimum"", ""cycle_2_recovery_failure""]",COMMON_FV_FACE_FLUX_EDGE_DISSIPATION_V1,0.5266209625484372,0.526620962548438,0.3648634681829053,0.2706925435582177,0.06667131566158731,0.0666713156615824,0.06300444946172139,0.24814891565526184,shorter/B_E,shorter,,B_E,b1_missing_phase,"[160, 80]","[160, 80]",restricted 160x80 diagnostic; native fine metric separately named,
old,fine,shorter/29/E,0.004039843750000001,0.0659007411448824,0.011156946981216099,0.0014507863153614675,0.008770514764769309,0.004066529009711592,2.0124005031063056e-12,2.0177395731241524e-14,1.1227778707586498e-14,0.9957547210799541,0.0032262447437184324,0.008842334256662612,0.0032262447437174492,0.008842334256659916,0.004618736927470217,0.008770514764773342,0.14013972306037362,0.004618736927468094,0.008770514764770407,"[{""cycle"": 1, ""event_time"": 0.23761000000000002, ""pre_roi_fraction"": 0.0, ""peak_roi_fraction"": 0.06740702479338843, ""peak_full_domain_fraction"": 0.020390625, ""peak_outside_roi_fraction"": 0.0, ""recovery_fraction"": 1.0, ""peak_time_index"": 152, ""recall"": 0.9210229833258226, ""precision"": 0.9417117843566407, ""mass_ratio"": 0.9780306444344303, ""reference_event_time"": 0.24059999999999998, ""timing_absolute"": 0.002989999999999965, ""support_window"": [0.0, 0.35], ""support_measure"": ""global trapezoid time times cell volume"", ""teacher_active_target_mass"": 0.0006934374999999997, ""predicted_active_target_mass"": 0.000678203125, ""true_positive_target_mass"": 0.0006386718749999998, ""reference_event_present"": true, ""false_positive_event"": false, ""false_negative_target_mass"": 5.476562499999991e-05, ""false_positive_target_mass"": 3.953125000000018e-05}, {""cycle"": 2, ""event_time"": 1.2248, ""pre_roi_fraction"": 0.0, ""peak_roi_fraction"": 0.09607438016528926, ""peak_full_domain_fraction"": 0.0290625, ""peak_outside_roi_fraction"": 0.0, ""recovery_fraction"": 1.0, ""peak_time_index"": 629, ""recall"": 0.7716703710035906, ""precision"": 0.8548295454545455, ""mass_ratio"": 0.9027184134040009, ""reference_event_time"": 1.2268000000000001, ""timing_absolute"": 0.0020000000000000018, ""support_window"": [1.01, 1.36], ""support_measure"": ""global trapezoid time times cell volume"", ""teacher_active_target_mass"": 0.00091390625, ""predicted_active_target_mass"": 0.0008250000000000002, ""true_positive_target_mass"": 0.0007052343750000002, ""reference_event_present"": true, ""false_positive_event"": false, ""false_negative_target_mass"": 0.00020867187499999976, ""false_positive_target_mass"": 0.00011976562499999997}]",True,False,[],COMMON_FV_FACE_FLUX_EDGE_DISSIPATION_V1,0.5266209625484372,0.526620962548438,0.3648634681829053,0.2706925435582177,0.008770514764769309,0.008770514764773342,0.008842334256662612,0.14013972306037362,shorter/29/E,shorter,29,E,b1_missing_phase,"[240, 120]","[160, 80]",restricted 160x80 diagnostic; native fine metric separately named,
old,fine,shorter/29/D_E,0.004107890625,0.06679965118622742,0.011190639850807484,0.0015538321716618024,0.00949887923658336,0.004828610636750982,2.012952299059239e-12,1.8443094749278843e-14,9.716757185771955e-15,0.9958282066103568,0.003501435930210657,0.009596564840126429,0.0035014359302127417,0.009596564840132141,0.005002308926697017,0.009498879236576,0.1445902383365831,0.0050023089267008936,0.009498879236572935,"[{""cycle"": 1, ""event_time"": 0.2356777777777778, ""pre_roi_fraction"": 0.0, ""peak_roi_fraction"": 0.06740702479338843, ""peak_full_domain_fraction"": 0.020390625, ""peak_outside_roi_fraction"": 0.0, ""recovery_fraction"": 1.0, ""peak_time_index"": 151, ""recall"": 0.9214736367733215, ""precision"": 0.9332496576905526, ""mass_ratio"": 0.9873817034700314, ""reference_event_time"": 0.24059999999999998, ""timing_absolute"": 0.004922222222222189, ""support_window"": [0.0, 0.35], ""support_measure"": ""global trapezoid time times cell volume"", ""teacher_active_target_mass"": 0.0006934374999999997, ""predicted_active_target_mass"": 0.0006846874999999996, ""true_positive_target_mass"": 0.0006389843749999999, ""reference_event_present"": true, ""false_positive_event"": false, ""false_negative_target_mass"": 5.4453124999999814e-05, ""false_positive_target_mass"": 4.570312499999974e-05}, {""cycle"": 2, ""event_time"": 1.2260166666666668, ""pre_roi_fraction"": 0.0, ""peak_roi_fraction"": 0.09581611570247933, ""peak_full_domain_fraction"": 0.028984375, ""peak_outside_roi_fraction"": 0.0, ""recovery_fraction"": 1.0, ""peak_time_index"": 625, ""recall"": 0.7644041716532745, ""precision"": 0.8610495907558982, ""mass_ratio"": 0.8877585912121733, ""reference_event_time"": 1.2268000000000001, ""timing_absolute"": 0.0007833333333333581, ""support_window"": [1.01, 1.36], ""support_measure"": ""global trapezoid time times cell volume"", ""teacher_active_target_mass"": 0.00091390625, ""predicted_active_target_mass"": 0.0008113281250000002, ""true_positive_target_mass"": 0.0006985937500000003, ""reference_event_present"": true, ""false_positive_event"": false, ""false_negative_target_mass"": 0.00021531249999999968, ""false_positive_target_mass"": 0.00011273437499999988}]",True,False,[],COMMON_FV_FACE_FLUX_EDGE_DISSIPATION_V1,0.5266209625484372,0.526620962548438,0.3648634681829053,0.2706925435582177,0.00949887923658336,0.009498879236576,0.009596564840126429,0.1445902383365831,shorter/29/D_E,shorter,29,D_E,b1_missing_phase,"[240, 120]","[160, 80]",restricted 160x80 diagnostic; native fine metric separately named,
old,fine,shorter/29/F,0.0037296875,0.0792630577907297,0.011457928946644885,0.009437946345753847,0.06402293661939815,0.029150940247228585,2.0404019423772124e-12,1.976879812244622e-14,1.057437289584323e-14,0.9790326063160586,0.021962173197949488,0.060192853253644714,0.021962173197949054,0.06019285325364353,0.03371582050768624,0.06402293661940044,0.24438837236138994,0.03371582050768503,0.06402293661940156,"[{""cycle"": 1, ""event_time"": 0.2384, ""pre_roi_fraction"": 0.0, ""peak_roi_fraction"": 0.0699896694214876, ""peak_full_domain_fraction"": 0.021171875, ""peak_outside_roi_fraction"": 0.0, ""recovery_fraction"": 1.0, ""peak_time_index"": 158, ""recall"": 0.8884632717440291, ""precision"": 0.9276555699329493, ""mass_ratio"": 0.9577512392969806, ""reference_event_time"": 0.24059999999999998, ""timing_absolute"": 0.0021999999999999797, ""support_window"": [0.0, 0.35], ""support_measure"": ""global trapezoid time times cell volume"", ""teacher_active_target_mass"": 0.0006934374999999997, ""predicted_active_target_mass"": 0.0006641406249999997, ""true_positive_target_mass"": 0.0006160937499999999, ""reference_event_present"": true, ""false_positive_event"": false, ""false_negative_target_mass"": 7.734374999999983e-05, ""false_positive_target_mass"": 4.8046874999999804e-05}, {""cycle"": 2, ""event_time"": null, ""pre_roi_fraction"": 0.0, ""peak_roi_fraction"": 0.0, ""peak_full_domain_fraction"": 0.0, ""peak_outside_roi_fraction"": 0.0, ""recovery_fraction"": 0.0, ""peak_time_index"": 404, ""recall"": 0.0, ""precision"": 0.0, ""mass_ratio"": 0.0, ""reference_event_time"": 1.2268000000000001, ""timing_absolute"": null, ""support_window"": [1.01, 1.36], ""support_measure"": ""global trapezoid time times cell volume"", ""teacher_active_target_mass"": 0.00091390625, ""predicted_active_target_mass"": 0.0, ""true_positive_target_mass"": 0.0, ""reference_event_present"": true, ""false_positive_event"": false, ""false_negative_target_mass"": 0.00091390625, ""false_positive_target_mass"": 0.0}]",True,False,"[""cycle_2_event_missing"", ""cycle_2_roi_peak_below_minimum"", ""cycle_2_recovery_failure""]",COMMON_FV_FACE_FLUX_EDGE_DISSIPATION_V1,0.5266209625484372,0.526620962548438,0.3648634681829053,0.2706925435582177,0.06402293661939815,0.06402293661940044,0.060192853253644714,0.24438837236138994,shorter/29/F,shorter,29,F,b1_missing_phase,"[240, 120]","[160, 80]",restricted 160x80 diagnostic; native fine metric separately named,
old,fine,shorter/43/E,0.003676015625,0.05817640114189538,0.011076819386078235,0.0013167736772899342,0.007332308124415246,0.0031670529644553607,2.0137806731947865e-12,2.0197193706515157e-14,1.1268401496552704e-14,0.9878301403970035,0.0027277699857964936,0.007476138949677111,0.0027277699857961002,0.0074761389496760325,0.00386134716218201,0.007332308124416626,0.11805438285720289,0.003861347162181283,0.0073323081244137675,"[{""cycle"": 1, ""event_time"": 0.23734444444444447, ""pre_roi_fraction"": 0.0, ""peak_roi_fraction"": 0.07076446280991736, ""peak_full_domain_fraction"": 0.02140625, ""peak_outside_roi_fraction"": 0.0, ""recovery_fraction"": 1.0, ""peak_time_index"": 149, ""recall"": 0.9389364578639027, ""precision"": 0.9191573839197089, ""mass_ratio"": 1.0215187021180712, ""reference_event_time"": 0.24059999999999998, ""timing_absolute"": 0.0032555555555555116, ""support_window"": [0.0, 0.35], ""support_measure"": ""global trapezoid time times cell volume"", ""teacher_active_target_mass"": 0.0006934374999999997, ""predicted_active_target_mass"": 0.0007083593749999997, ""true_positive_target_mass"": 0.0006510937499999998, ""reference_event_present"": true, ""false_positive_event"": false, ""false_negative_target_mass"": 4.2343749999999955e-05, ""false_positive_target_mass"": 5.7265624999999916e-05}, {""cycle"": 2, ""event_time"": 1.2215857142857143, ""pre_roi_fraction"": 0.0, ""peak_roi_fraction"": 0.09891528925619834, ""peak_full_domain_fraction"": 0.029921875, ""peak_outside_roi_fraction"": 0.0, ""recovery_fraction"": 1.0, ""peak_time_index"": 617, ""recall"": 0.8017609847837238, ""precision"": 0.8339112652262824, ""mass_ratio"": 0.9614464010942044, ""reference_event_time"": 1.2268000000000001, ""timing_absolute"": 0.005214285714285838, ""support_window"": [1.01, 1.36], ""support_measure"": ""global trapezoid time times cell volume"", ""teacher_active_target_mass"": 0.00091390625, ""predicted_active_target_mass"": 0.0008786718750000002, ""true_positive_target_mass"": 0.0007327343750000001, ""reference_event_present"": true, ""false_positive_event"": false, ""false_negative_target_mass"": 0.0001811718749999999, ""false_positive_target_mass"": 0.00014593750000000013}]",True,False,[],COMMON_FV_FACE_FLUX_EDGE_DISSIPATION_V1,0.5266209625484372,0.526620962548438,0.3648634681829053,0.2706925435582177,0.007332308124415246,0.007332308124416626,0.007476138949677111,0.11805438285720289,shorter/43/E,shorter,43,E,b1_missing_phase,"[240, 120]","[160, 80]",restricted 160x80 diagnostic; native fine metric separately named,
old,fine,shorter/43/D_E,0.0035101562500000003,0.055882993883445635,0.011173368644655018,0.0013708083232950399,0.007731926139649849,0.0031767708805708296,2.0137263988246855e-12,2.0080787772805615e-14,1.1063578695808206e-14,0.987936345811472,0.0028601460949590585,0.007838948933975689,0.002860146094957968,0.007838948933972701,0.0040717943860178255,0.007731926139653647,0.11697149805202739,0.004071794386015825,0.0077319261396508205,"[{""cycle"": 1, ""event_time"": 0.23711000000000002, ""pre_roi_fraction"": 0.0, ""peak_roi_fraction"": 0.07050619834710743, ""peak_full_domain_fraction"": 0.021328125, ""peak_outside_roi_fraction"": 0.0, ""recovery_fraction"": 1.0, ""peak_time_index"": 146, ""recall"": 0.9423163587201442, ""precision"": 0.9224660858056688, ""mass_ratio"": 1.0215187021180714, ""reference_event_time"": 0.24059999999999998, ""timing_absolute"": 0.0034899999999999654, ""support_window"": [0.0, 0.35], ""support_measure"": ""global trapezoid time times cell volume"", ""teacher_active_target_mass"": 0.0006934374999999997, ""predicted_active_target_mass"": 0.0007083593749999998, ""true_positive_target_mass"": 0.0006534374999999997, ""reference_event_present"": true, ""false_positive_event"": false, ""false_negative_target_mass"": 3.9999999999999996e-05, ""false_positive_target_mass"": 5.4921875000000066e-05}, {""cycle"": 2, ""event_time"": 1.2217, ""pre_roi_fraction"": 0.0, ""peak_roi_fraction"": 0.09659090909090909, ""peak_full_domain_fraction"": 0.02921875, ""peak_outside_roi_fraction"": 0.0, ""recovery_fraction"": 1.0, ""peak_time_index"": 623, ""recall"": 0.7962899640964269, ""precision"": 0.8478201510876489, ""mass_ratio"": 0.9392203795520606, ""reference_event_time"": 1.2268000000000001, ""timing_absolute"": 0.0051000000000001044, ""support_window"": [1.01, 1.36], ""support_measure"": ""global trapezoid time times cell volume"", ""teacher_active_target_mass"": 0.00091390625, ""predicted_active_target_mass"": 0.0008583593750000004, ""true_positive_target_mass"": 0.0007277343750000002, ""reference_event_present"": true, ""false_positive_event"": false, ""false_negative_target_mass"": 0.00018617187499999981, ""false_positive_target_mass"": 0.0001306250000000002}]",True,False,[],COMMON_FV_FACE_FLUX_EDGE_DISSIPATION_V1,0.5266209625484372,0.526620962548438,0.3648634681829053,0.2706925435582177,0.007731926139649849,0.007731926139653647,0.007838948933975689,0.11697149805202739,shorter/43/D_E,shorter,43,D_E,b1_missing_phase,"[240, 120]","[160, 80]",restricted 160x80 diagnostic; native fine metric separately named,
old,fine,shorter/43/F,0.00364265625,0.07070557855497785,0.011036028878532096,0.009361749283590319,0.06351950047574959,0.030752494796355823,2.0417516712494444e-12,2.0466134385665266e-14,1.1002924049607778e-14,0.9867537664354427,0.02183455908207986,0.05984309470833139,0.02183455908207846,0.05984309470832755,0.03345070048113766,0.06351950047575433,0.2316424830156942,0.03345070048113516,0.06351950047575557,"[{""cycle"": 1, ""event_time"": 0.24015714285714285, ""pre_roi_fraction"": 0.0, ""peak_roi_fraction"": 0.06947314049586777, ""peak_full_domain_fraction"": 0.021015625, ""peak_outside_roi_fraction"": 0.0, ""recovery_fraction"": 1.0, ""peak_time_index"": 145, ""recall"": 0.9337539432176655, ""precision"": 0.9518777994716894, ""mass_ratio"": 0.9809598918431724, ""reference_event_time"": 0.24059999999999998, ""timing_absolute"": 0.00044285714285713373, ""support_window"": [0.0, 0.35], ""support_measure"": ""global trapezoid time times cell volume"", ""teacher_active_target_mass"": 0.0006934374999999997, ""predicted_active_target_mass"": 0.0006802343749999996, ""true_positive_target_mass"": 0.0006474999999999996, ""reference_event_present"": true, ""false_positive_event"": false, ""false_negative_target_mass"": 4.593750000000008e-05, ""false_positive_target_mass"": 3.2734374999999994e-05}, {""cycle"": 2, ""event_time"": null, ""pre_roi_fraction"": 0.0, ""peak_roi_fraction"": 0.0, ""peak_full_domain_fraction"": 0.0, ""peak_outside_roi_fraction"": 0.0, ""recovery_fraction"": 0.0, ""peak_time_index"": 404, ""recall"": 0.0, ""precision"": 0.0, ""mass_ratio"": 0.0, ""reference_event_time"": 1.2268000000000001, ""timing_absolute"": null, ""support_window"": [1.01, 1.36], ""support_measure"": ""global trapezoid time times cell volume"", ""teacher_active_target_mass"": 0.00091390625, ""predicted_active_target_mass"": 0.0, ""true_positive_target_mass"": 0.0, ""reference_event_present"": true, ""false_positive_event"": false, ""false_negative_target_mass"": 0.00091390625, ""false_positive_target_mass"": 0.0}]",True,False,"[""cycle_2_event_missing"", ""cycle_2_roi_peak_below_minimum"", ""cycle_2_recovery_failure""]",COMMON_FV_FACE_FLUX_EDGE_DISSIPATION_V1,0.5266209625484372,0.526620962548438,0.3648634681829053,0.2706925435582177,0.06351950047574959,0.06351950047575433,0.05984309470833139,0.2316424830156942,shorter/43/F,shorter,43,F,b1_missing_phase,"[240, 120]","[160, 80]",restricted 160x80 diagnostic; native fine metric separately named,
old,fine,shorter/B_E,0.0038965625000000003,0.08355371705911815,0.012800189053165364,0.009683264530307323,0.06576961108303417,0.03642548907749611,2.0547689779750802e-12,2.1614785775656224e-14,1.1662924257604613e-14,0.9804634545213793,0.022654415048831318,0.062090115959416096,0.022654415048833813,0.06209011595942294,0.03463565589497831,0.06576961108302372,0.24115295982059728,0.03463565589498382,0.06576961108302501,"[{""cycle"": 1, ""event_time"": 0.2558714285714286, ""pre_roi_fraction"": 0.0, ""peak_roi_fraction"": 0.05965909090909091, ""peak_full_domain_fraction"": 0.018046875, ""peak_outside_roi_fraction"": 0.0, ""recovery_fraction"": 1.0, ""peak_time_index"": 135, ""recall"": 0.7929247408742678, ""precision"": 0.9879281302638967, ""mass_ratio"": 0.8026137899954936, ""reference_event_time"": 0.24059999999999998, ""timing_absolute"": 0.015271428571428602, ""support_window"": [0.0, 0.35], ""support_measure"": ""global trapezoid time times cell volume"", ""teacher_active_target_mass"": 0.0006934374999999997, ""predicted_active_target_mass"": 0.0005565624999999999, ""true_positive_target_mass"": 0.0005498437499999999, ""reference_event_present"": true, ""false_positive_event"": false, ""false_negative_target_mass"": 0.00014359374999999984, ""false_positive_target_mass"": 6.718749999999997e-06}, {""cycle"": 2, ""event_time"": null, ""pre_roi_fraction"": 0.0, ""peak_roi_fraction"": 0.0, ""peak_full_domain_fraction"": 0.0, ""peak_outside_roi_fraction"": 0.0, ""recovery_fraction"": 0.0, ""peak_time_index"": 404, ""recall"": 0.0, ""precision"": 0.0, ""mass_ratio"": 0.0, ""reference_event_time"": 1.2268000000000001, ""timing_absolute"": null, ""support_window"": [1.01, 1.36], ""support_measure"": ""global trapezoid time times cell volume"", ""teacher_active_target_mass"": 0.00091390625, ""predicted_active_target_mass"": 0.0, ""true_positive_target_mass"": 0.0, ""reference_event_present"": true, ""false_positive_event"": false, ""false_negative_target_mass"": 0.00091390625, ""false_positive_target_mass"": 0.0}]",True,False,"[""cycle_2_event_missing"", ""cycle_2_roi_peak_below_minimum"", ""cycle_2_recovery_failure""]",COMMON_FV_FACE_FLUX_EDGE_DISSIPATION_V1,0.5266209625484372,0.526620962548438,0.3648634681829053,0.2706925435582177,0.06576961108303417,0.06576961108302372,0.062090115959416096,0.24115295982059728,shorter/B_E,shorter,,B_E,b1_missing_phase,"[240, 120]","[160, 80]",restricted 160x80 diagnostic; native fine metric separately named,
refined,coarse,shorter/29/E,0.004032812500000001,0.06584962319901687,0.011209907542491227,0.0013658671983089294,0.008236840019298022,0.003036371574511084,8.921347655473373e-13,1.2603881368016516e-14,6.683077205310552e-15,0.9957547210799541,0.0030117671215303538,0.00825702938806653,0.003011767121531329,0.008257029388069203,0.0043363953647695,0.008236840019294318,0.14773308218386424,0.00433639536477145,0.008236840019294683,"[{""cycle"": 1, ""event_time"": 0.23761000000000002, ""pre_roi_fraction"": 0.0, ""peak_roi_fraction"": 0.06740702479338843, ""peak_full_domain_fraction"": 0.020390625, ""peak_outside_roi_fraction"": 0.0, ""recovery_fraction"": 1.0, ""peak_time_index"": 152, ""recall"": 0.9247336204942191, ""precision"": 0.939753484621587, ""mass_ratio"": 0.9840172296531404, ""reference_event_time"": 0.24143333333333333, ""timing_absolute"": 0.0038233333333333175, ""support_window"": [0.0, 0.35], ""support_measure"": ""global trapezoid time times cell volume"", ""teacher_active_target_mass"": 0.0006892187499999996, ""predicted_active_target_mass"": 0.000678203125, ""true_positive_target_mass"": 0.0006373437499999998, ""reference_event_present"": true, ""false_positive_event"": false, ""false_negative_target_mass"": 5.187499999999984e-05, ""false_positive_target_mass"": 4.0859375000000205e-05}, {""cycle"": 2, ""event_time"": 1.2248, ""pre_roi_fraction"": 0.0, ""peak_roi_fraction"": 0.09607438016528926, ""peak_full_domain_fraction"": 0.0290625, ""peak_outside_roi_fraction"": 0.0, ""recovery_fraction"": 1.0, ""peak_time_index"": 629, ""recall"": 0.7722602739726029, ""precision"": 0.8541666666666667, ""mass_ratio"": 0.9041095890410961, ""reference_event_time"": 1.2268000000000001, ""timing_absolute"": 0.0020000000000000018, ""support_window"": [1.01, 1.36], ""support_measure"": ""global trapezoid time times cell volume"", ""teacher_active_target_mass"": 0.0009125000000000001, ""predicted_active_target_mass"": 0.0008250000000000002, ""true_positive_target_mass"": 0.0007046875000000002, ""reference_event_present"": true, ""false_positive_event"": false, ""false_negative_target_mass"": 0.00020781249999999988, ""false_positive_target_mass"": 0.00012031249999999998}]",True,False,[],COMMON_FV_FACE_FLUX_EDGE_DISSIPATION_V1,0.5264634683460825,0.5264634683460817,0.3647518956252124,0.2707270809701395,0.008234376663979836,0.008234376663976133,0.00825450444937546,0.147751931311538,shorter/29/E,shorter,29,E,b1_missing_phase,"[160, 80]","[160, 80]",restricted 160x80 diagnostic; native fine metric separately named,
refined,coarse,shorter/29/D_E,0.004101953125000001,0.06675250835589851,0.01123953335663675,0.0014600001034820356,0.008924049510664766,0.003759927330501988,8.918782687141874e-13,1.3004302413008583e-14,7.551001199350185e-15,0.9958282066103568,0.003270677179714008,0.008966854508344143,0.0032706771797145332,0.008966854508345584,0.0046981860570758874,0.00892404951066316,0.15343276247593904,0.004698186057076732,0.008924049510663739,"[{""cycle"": 1, ""event_time"": 0.2356777777777778, ""pre_roi_fraction"": 0.0, ""peak_roi_fraction"": 0.06740702479338843, ""peak_full_domain_fraction"": 0.020390625, ""peak_outside_roi_fraction"": 0.0, ""recovery_fraction"": 1.0, ""peak_time_index"": 151, ""recall"": 0.9247336204942195, ""precision"": 0.9308534915563674, ""mass_ratio"": 0.9934255270913626, ""reference_event_time"": 0.24143333333333333, ""timing_absolute"": 0.0057555555555555415, ""support_window"": [0.0, 0.35], ""support_measure"": ""global trapezoid time times cell volume"", ""teacher_active_target_mass"": 0.0006892187499999996, ""predicted_active_target_mass"": 0.0006846874999999996, ""true_positive_target_mass"": 0.00063734375, ""reference_event_present"": true, ""false_positive_event"": false, ""false_negative_target_mass"": 5.187499999999962e-05, ""false_positive_target_mass"": 4.734374999999964e-05}, {""cycle"": 2, ""event_time"": 1.2260166666666668, ""pre_roi_fraction"": 0.0, ""peak_roi_fraction"": 0.09581611570247933, ""peak_full_domain_fraction"": 0.028984375, ""peak_outside_roi_fraction"": 0.0, ""recovery_fraction"": 1.0, ""peak_time_index"": 625, ""recall"": 0.7650684931506851, ""precision"": 0.8604718343765048, ""mass_ratio"": 0.8891267123287673, ""reference_event_time"": 1.2268000000000001, ""timing_absolute"": 0.0007833333333333581, ""support_window"": [1.01, 1.36], ""support_measure"": ""global trapezoid time times cell volume"", ""teacher_active_target_mass"": 0.0009125000000000001, ""predicted_active_target_mass"": 0.0008113281250000002, ""true_positive_target_mass"": 0.0006981250000000003, ""reference_event_present"": true, ""false_positive_event"": false, ""false_negative_target_mass"": 0.00021437499999999983, ""false_positive_target_mass"": 0.00011320312499999991}]",True,False,[],COMMON_FV_FACE_FLUX_EDGE_DISSIPATION_V1,0.5264634683460825,0.5264634683460817,0.3647518956252124,0.2707270809701395,0.008921380634643093,0.008921380634641488,0.008964112510366273,0.15345233882056336,shorter/29/D_E,shorter,29,D_E,b1_missing_phase,"[160, 80]","[160, 80]",restricted 160x80 diagnostic; native fine metric separately named,
refined,coarse,shorter/29/F,0.0037298437500000005,0.07930496443768445,0.011518992481278155,0.009529763551781856,0.06463271292352218,0.03035690800439974,9.047092632166893e-13,1.464433161447441e-14,7.824824816711711e-15,0.9790326063160586,0.02217443090744091,0.0607931889413001,0.022174430907440652,0.0607931889412994,0.0340267622143345,0.06463271292352282,0.25188857754009913,0.03402676221433416,0.06463271292352096,"[{""cycle"": 1, ""event_time"": 0.2384, ""pre_roi_fraction"": 0.0, ""peak_roi_fraction"": 0.0699896694214876, ""peak_full_domain_fraction"": 0.021171875, ""peak_outside_roi_fraction"": 0.0, ""recovery_fraction"": 1.0, ""peak_time_index"": 158, ""recall"": 0.8919746089322153, ""precision"": 0.9256558051993885, ""mass_ratio"": 0.963613693040127, ""reference_event_time"": 0.24143333333333333, ""timing_absolute"": 0.0030333333333333323, ""support_window"": [0.0, 0.35], ""support_measure"": ""global trapezoid time times cell volume"", ""teacher_active_target_mass"": 0.0006892187499999996, ""predicted_active_target_mass"": 0.0006641406249999997, ""true_positive_target_mass"": 0.0006147656249999999, ""reference_event_present"": true, ""false_positive_event"": false, ""false_negative_target_mass"": 7.445312499999976e-05, ""false_positive_target_mass"": 4.937499999999983e-05}, {""cycle"": 2, ""event_time"": null, ""pre_roi_fraction"": 0.0, ""peak_roi_fraction"": 0.0, ""peak_full_domain_fraction"": 0.0, ""peak_outside_roi_fraction"": 0.0, ""recovery_fraction"": 0.0, ""peak_time_index"": 404, ""recall"": 0.0, ""precision"": 0.0, ""mass_ratio"": 0.0, ""reference_event_time"": 1.2268000000000001, ""timing_absolute"": null, ""support_window"": [1.01, 1.36], ""support_measure"": ""global trapezoid time times cell volume"", ""teacher_active_target_mass"": 0.0009125000000000001, ""predicted_active_target_mass"": 0.0, ""true_positive_target_mass"": 0.0, ""reference_event_present"": true, ""false_positive_event"": false, ""false_negative_target_mass"": 0.0009125000000000001, ""false_positive_target_mass"": 0.0}]",True,False,"[""cycle_2_event_missing"", ""cycle_2_roi_peak_below_minimum"", ""cycle_2_recovery_failure""]",COMMON_FV_FACE_FLUX_EDGE_DISSIPATION_V1,0.5264634683460825,0.5264634683460817,0.3647518956252124,0.2707270809701395,0.06461338350389816,0.0646133835038988,0.060774598832473166,0.25192071577134306,shorter/29/F,shorter,29,F,b1_missing_phase,"[160, 80]","[160, 80]",restricted 160x80 diagnostic; native fine metric separately named,
refined,coarse,shorter/43/E,0.003669296875,0.05811231442459187,0.011110158315900764,0.001248792902650555,0.00684147297195618,0.0021743224386387254,8.926241161769853e-13,1.2582225945279277e-14,7.105144294047629e-15,0.9878301403970035,0.0025373034591868113,0.006956244750524684,0.0025373034591875763,0.006956244750526782,0.003601785589410835,0.0068414729719539075,0.12226949093438247,0.003601785589412031,0.006841472971953525,"[{""cycle"": 1, ""event_time"": 0.23734444444444447, ""pre_roi_fraction"": 0.0, ""peak_roi_fraction"": 0.07076446280991736, ""peak_full_domain_fraction"": 0.02140625, ""peak_outside_roi_fraction"": 0.0, ""recovery_fraction"": 1.0, ""peak_time_index"": 149, ""recall"": 0.9420766266152804, ""precision"": 0.9166207124738064, ""mass_ratio"": 1.0277714803899343, ""reference_event_time"": 0.24143333333333333, ""timing_absolute"": 0.004088888888888864, ""support_window"": [0.0, 0.35], ""support_measure"": ""global trapezoid time times cell volume"", ""teacher_active_target_mass"": 0.0006892187499999996, ""predicted_active_target_mass"": 0.0007083593749999997, ""true_positive_target_mass"": 0.0006492968749999999, ""reference_event_present"": true, ""false_positive_event"": false, ""false_negative_target_mass"": 3.99218749999997e-05, ""false_positive_target_mass"": 5.906249999999976e-05}, {""cycle"": 2, ""event_time"": 1.2215857142857143, ""pre_roi_fraction"": 0.0, ""peak_roi_fraction"": 0.09891528925619834, ""peak_full_domain_fraction"": 0.029921875, ""peak_outside_roi_fraction"": 0.0, ""recovery_fraction"": 1.0, ""peak_time_index"": 617, ""recall"": 0.8020547945205478, ""precision"": 0.8329332266382145, ""mass_ratio"": 0.9629280821917809, ""reference_event_time"": 1.2268000000000001, ""timing_absolute"": 0.005214285714285838, ""support_window"": [1.01, 1.36], ""support_measure"": ""global trapezoid time times cell volume"", ""teacher_active_target_mass"": 0.0009125000000000001, ""predicted_active_target_mass"": 0.0008786718750000002, ""true_positive_target_mass"": 0.000731875, ""reference_event_present"": true, ""false_positive_event"": false, ""false_negative_target_mass"": 0.00018062500000000012, ""false_positive_target_mass"": 0.00014679687500000023}]",True,False,[],COMMON_FV_FACE_FLUX_EDGE_DISSIPATION_V1,0.5264634683460825,0.5264634683460817,0.3647518956252124,0.2707270809701395,0.006839426922890007,0.006839426922887736,0.006954117582182457,0.12228509118593857,shorter/43/E,shorter,43,E,b1_missing_phase,"[160, 80]","[160, 80]",restricted 160x80 diagnostic; native fine metric separately named,
refined,coarse,shorter/43/D_E,0.00350375,0.05581867408200824,0.011209392473525362,0.0013010192674519248,0.007251762505433845,0.0021779531984421376,8.928952525416478e-13,1.3755779381380043e-14,7.59994695380536e-15,0.987936345811472,0.002671387107430714,0.0073238470847471655,0.0026713871074308315,0.007323847084747487,0.0038177880402321257,0.007251762505432604,0.1212740268004341,0.003817788040232779,0.007251762505432138,"[{""cycle"": 1, ""event_time"": 0.23711000000000002, ""pre_roi_fraction"": 0.0, ""peak_roi_fraction"": 0.07050619834710743, ""peak_full_domain_fraction"": 0.021328125, ""peak_outside_roi_fraction"": 0.0, ""recovery_fraction"": 1.0, ""peak_time_index"": 146, ""recall"": 0.9452505100884154, ""precision"": 0.9197088342340354, ""mass_ratio"": 1.0277714803899345, ""reference_event_time"": 0.24143333333333333, ""timing_absolute"": 0.004323333333333318, ""support_window"": [0.0, 0.35], ""support_measure"": ""global trapezoid time times cell volume"", ""teacher_active_target_mass"": 0.0006892187499999996, ""predicted_active_target_mass"": 0.0007083593749999998, ""true_positive_target_mass"": 0.0006514843749999997, ""reference_event_present"": true, ""false_positive_event"": false, ""false_negative_target_mass"": 3.77343749999999e-05, ""false_positive_target_mass"": 5.687500000000007e-05}, {""cycle"": 2, ""event_time"": 1.2217, ""pre_roi_fraction"": 0.0, ""peak_roi_fraction"": 0.09659090909090909, ""peak_full_domain_fraction"": 0.02921875, ""peak_outside_roi_fraction"": 0.0, ""recovery_fraction"": 1.0, ""peak_time_index"": 623, ""recall"": 0.7965753424657536, ""precision"": 0.8468189678711202, ""mass_ratio"": 0.9406678082191784, ""reference_event_time"": 1.2268000000000001, ""timing_absolute"": 0.0051000000000001044, ""support_window"": [1.01, 1.36], ""support_measure"": ""global trapezoid time times cell volume"", ""teacher_active_target_mass"": 0.0009125000000000001, ""predicted_active_target_mass"": 0.0008583593750000004, ""true_positive_target_mass"": 0.0007268750000000002, ""reference_event_present"": true, ""false_positive_event"": false, ""false_negative_target_mass"": 0.00018562499999999992, ""false_positive_target_mass"": 0.0001314843750000002}]",True,False,[],COMMON_FV_FACE_FLUX_EDGE_DISSIPATION_V1,0.5264634683460825,0.5264634683460817,0.3647518956252124,0.2707270809701395,0.007249593752891349,0.007249593752890108,0.007321607506322209,0.12128950004163964,shorter/43/D_E,shorter,43,D_E,b1_missing_phase,"[160, 80]","[160, 80]",restricted 160x80 diagnostic; native fine metric separately named,
refined,coarse,shorter/43/F,0.0036431250000000005,0.07072790845438832,0.011067566078822153,0.009452325252633344,0.06411496271137464,0.031904763165343686,9.05181176860679e-13,1.431929925890829e-14,8.01435779367094e-15,0.9867537664354427,0.0220434313809242,0.06043404200309937,0.022043431380924242,0.06043404200309948,0.033754185641909955,0.06411496271137447,0.23789307864296477,0.03375418564191004,0.06411496271137249,"[{""cycle"": 1, ""event_time"": 0.24015714285714285, ""pre_roi_fraction"": 0.0, ""peak_roi_fraction"": 0.06947314049586777, ""peak_full_domain_fraction"": 0.021015625, ""peak_outside_roi_fraction"": 0.0, ""recovery_fraction"": 1.0, ""peak_time_index"": 145, ""recall"": 0.93708909544321, ""precision"": 0.9494659469392441, ""mass_ratio"": 0.9869644071639084, ""reference_event_time"": 0.24143333333333333, ""timing_absolute"": 0.0012761904761904863, ""support_window"": [0.0, 0.35], ""support_measure"": ""global trapezoid time times cell volume"", ""teacher_active_target_mass"": 0.0006892187499999996, ""predicted_active_target_mass"": 0.0006802343749999996, ""true_positive_target_mass"": 0.0006458593749999995, ""reference_event_present"": true, ""false_positive_event"": false, ""false_negative_target_mass"": 4.3359375000000104e-05, ""false_positive_target_mass"": 3.437500000000012e-05}, {""cycle"": 2, ""event_time"": null, ""pre_roi_fraction"": 0.0, ""peak_roi_fraction"": 0.0, ""peak_full_domain_fraction"": 0.0, ""peak_outside_roi_fraction"": 0.0, ""recovery_fraction"": 0.0, ""peak_time_index"": 404, ""recall"": 0.0, ""precision"": 0.0, ""mass_ratio"": 0.0, ""reference_event_time"": 1.2268000000000001, ""timing_absolute"": null, ""support_window"": [1.01, 1.36], ""support_measure"": ""global trapezoid time times cell volume"", ""teacher_active_target_mass"": 0.0009125000000000001, ""predicted_active_target_mass"": 0.0, ""true_positive_target_mass"": 0.0, ""reference_event_present"": true, ""false_positive_event"": false, ""false_negative_target_mass"": 0.0009125000000000001, ""false_positive_target_mass"": 0.0}]",True,False,"[""cycle_2_event_missing"", ""cycle_2_roi_peak_below_minimum"", ""cycle_2_recovery_failure""]",COMMON_FV_FACE_FLUX_EDGE_DISSIPATION_V1,0.5264634683460825,0.5264634683460817,0.3647518956252124,0.2707270809701395,0.06409578813301686,0.06409578813301671,0.06041556171875742,0.23792343120141515,shorter/43/F,shorter,43,F,b1_missing_phase,"[160, 80]","[160, 80]",restricted 160x80 diagnostic; native fine metric separately named,
refined,coarse,shorter/B_E,0.0038970312500000008,0.08359054261257057,0.01291774799709429,0.009790823247422474,0.06647410518989948,0.037706751745154955,9.083738869274465e-13,1.3375342681841286e-14,7.390499755627218e-15,0.9804634545213793,0.022903726974612657,0.0627926194471284,0.02290372697461398,0.06279261944713202,0.034996187973474216,0.06647410518989456,0.2477111948723206,0.034996187973476804,0.06647410518989247,"[{""cycle"": 1, ""event_time"": 0.2558714285714286, ""pre_roi_fraction"": 0.0, ""peak_roi_fraction"": 0.05965909090909091, ""peak_full_domain_fraction"": 0.018046875, ""peak_outside_roi_fraction"": 0.0, ""recovery_fraction"": 1.0, ""peak_time_index"": 135, ""recall"": 0.7974382226252553, ""precision"": 0.9875070185289163, ""mass_ratio"": 0.8075266379505783, ""reference_event_time"": 0.24143333333333333, ""timing_absolute"": 0.01443809523809525, ""support_window"": [0.0, 0.35], ""support_measure"": ""global trapezoid time times cell volume"", ""teacher_active_target_mass"": 0.0006892187499999996, ""predicted_active_target_mass"": 0.0005565624999999999, ""true_positive_target_mass"": 0.0005496093749999999, ""reference_event_present"": true, ""false_positive_event"": false, ""false_negative_target_mass"": 0.00013960937499999976, ""false_positive_target_mass"": 6.953125000000015e-06}, {""cycle"": 2, ""event_time"": null, ""pre_roi_fraction"": 0.0, ""peak_roi_fraction"": 0.0, ""peak_full_domain_fraction"": 0.0, ""peak_outside_roi_fraction"": 0.0, ""recovery_fraction"": 0.0, ""peak_time_index"": 404, ""recall"": 0.0, ""precision"": 0.0, ""mass_ratio"": 0.0, ""reference_event_time"": 1.2268000000000001, ""timing_absolute"": null, ""support_window"": [1.01, 1.36], ""support_measure"": ""global trapezoid time times cell volume"", ""teacher_active_target_mass"": 0.0009125000000000001, ""predicted_active_target_mass"": 0.0, ""true_positive_target_mass"": 0.0, ""reference_event_present"": true, ""false_positive_event"": false, ""false_negative_target_mass"": 0.0009125000000000001, ""false_positive_target_mass"": 0.0}]",True,False,"[""cycle_2_event_missing"", ""cycle_2_roi_peak_below_minimum"", ""cycle_2_recovery_failure""]",COMMON_FV_FACE_FLUX_EDGE_DISSIPATION_V1,0.5264634683460825,0.5264634683460817,0.3647518956252124,0.2707270809701395,0.06645422507323367,0.06645422507322876,0.06277341792719864,0.24774280011516356,shorter/B_E,shorter,,B_E,b1_missing_phase,"[160, 80]","[160, 80]",restricted 160x80 diagnostic; native fine metric separately named,
refined,fine,shorter/29/E,0.004032812500000001,0.06584962319901687,0.011209907542491227,0.001461613900852981,0.008872966844449083,0.004355039265912204,2.0124005031063056e-12,2.0177395731241524e-14,1.1227778707586498e-14,0.9957547210799541,0.0032699985991847336,0.008964994119029068,0.003269998599183769,0.008964994119026425,0.004671292899450553,0.008872966844453059,0.14032903588328582,0.004671292899448459,0.00887296684445362,"[{""cycle"": 1, ""event_time"": 0.23761000000000002, ""pre_roi_fraction"": 0.0, ""peak_roi_fraction"": 0.06740702479338843, ""peak_full_domain_fraction"": 0.020390625, ""peak_outside_roi_fraction"": 0.0, ""recovery_fraction"": 1.0, ""peak_time_index"": 152, ""recall"": 0.9247336204942191, ""precision"": 0.939753484621587, ""mass_ratio"": 0.9840172296531404, ""reference_event_time"": 0.24143333333333333, ""timing_absolute"": 0.0038233333333333175, ""support_window"": [0.0, 0.35], ""support_measure"": ""global trapezoid time times cell volume"", ""teacher_active_target_mass"": 0.0006892187499999996, ""predicted_active_target_mass"": 0.000678203125, ""true_positive_target_mass"": 0.0006373437499999998, ""reference_event_present"": true, ""false_positive_event"": false, ""false_negative_target_mass"": 5.187499999999984e-05, ""false_positive_target_mass"": 4.0859375000000205e-05}, {""cycle"": 2, ""event_time"": 1.2248, ""pre_roi_fraction"": 0.0, ""peak_roi_fraction"": 0.09607438016528926, ""peak_full_domain_fraction"": 0.0290625, ""peak_outside_roi_fraction"": 0.0, ""recovery_fraction"": 1.0, ""peak_time_index"": 629, ""recall"": 0.7722602739726029, ""precision"": 0.8541666666666667, ""mass_ratio"": 0.9041095890410961, ""reference_event_time"": 1.2268000000000001, ""timing_absolute"": 0.0020000000000000018, ""support_window"": [1.01, 1.36], ""support_measure"": ""global trapezoid time times cell volume"", ""teacher_active_target_mass"": 0.0009125000000000001, ""predicted_active_target_mass"": 0.0008250000000000002, ""true_positive_target_mass"": 0.0007046875000000002, ""reference_event_present"": true, ""false_positive_event"": false, ""false_negative_target_mass"": 0.00020781249999999988, ""false_positive_target_mass"": 0.00012031249999999998}]",True,False,[],COMMON_FV_FACE_FLUX_EDGE_DISSIPATION_V1,0.5264634683460825,0.5264634683460817,0.3647518956252124,0.2707270809701395,0.008870313245494489,0.008870313245498465,0.008962252689944529,0.14034694033552222,shorter/29/E,shorter,29,E,b1_missing_phase,"[240, 120]","[160, 80]",restricted 160x80 diagnostic; native fine metric separately named,
refined,fine,shorter/29/D_E,0.004101953125000001,0.06675250835589851,0.01123953335663675,0.0015702007837011067,0.009635718406580302,0.005117339870837133,2.012952299059239e-12,1.8443094749278843e-14,9.716757185771955e-15,0.9958282066103568,0.0035582028027686045,0.009755131763385562,0.003558202802770673,0.009755131763391234,0.005072853732330601,0.009635718406572985,0.14484918039277667,0.005072853732334453,0.009635718406573733,"[{""cycle"": 1, ""event_time"": 0.2356777777777778, ""pre_roi_fraction"": 0.0, ""peak_roi_fraction"": 0.06740702479338843, ""peak_full_domain_fraction"": 0.020390625, ""peak_outside_roi_fraction"": 0.0, ""recovery_fraction"": 1.0, ""peak_time_index"": 151, ""recall"": 0.9247336204942195, ""precision"": 0.9308534915563674, ""mass_ratio"": 0.9934255270913626, ""reference_event_time"": 0.24143333333333333, ""timing_absolute"": 0.0057555555555555415, ""support_window"": [0.0, 0.35], ""support_measure"": ""global trapezoid time times cell volume"", ""teacher_active_target_mass"": 0.0006892187499999996, ""predicted_active_target_mass"": 0.0006846874999999996, ""true_positive_target_mass"": 0.00063734375, ""reference_event_present"": true, ""false_positive_event"": false, ""false_negative_target_mass"": 5.187499999999962e-05, ""false_positive_target_mass"": 4.734374999999964e-05}, {""cycle"": 2, ""event_time"": 1.2260166666666668, ""pre_roi_fraction"": 0.0, ""peak_roi_fraction"": 0.09581611570247933, ""peak_full_domain_fraction"": 0.028984375, ""peak_outside_roi_fraction"": 0.0, ""recovery_fraction"": 1.0, ""peak_time_index"": 625, ""recall"": 0.7650684931506851, ""precision"": 0.8604718343765048, ""mass_ratio"": 0.8891267123287673, ""reference_event_time"": 1.2268000000000001, ""timing_absolute"": 0.0007833333333333581, ""support_window"": [1.01, 1.36], ""support_measure"": ""global trapezoid time times cell volume"", ""teacher_active_target_mass"": 0.0009125000000000001, ""predicted_active_target_mass"": 0.0008113281250000002, ""true_positive_target_mass"": 0.0006981250000000003, ""reference_event_present"": true, ""false_positive_event"": false, ""false_negative_target_mass"": 0.00021437499999999983, ""false_positive_target_mass"": 0.00011320312499999991}]",True,False,[],COMMON_FV_FACE_FLUX_EDGE_DISSIPATION_V1,0.5264634683460825,0.5264634683460817,0.3647518956252124,0.2707270809701395,0.009632836694889194,0.009632836694881878,0.009752148716036664,0.14486766156608125,shorter/29/D_E,shorter,29,D_E,b1_missing_phase,"[240, 120]","[160, 80]",restricted 160x80 diagnostic; native fine metric separately named,
refined,fine,shorter/29/F,0.0037298437500000005,0.07930496443768445,0.011518992481278155,0.009417398493665588,0.06388861128672749,0.02887197475752379,2.0404019423772124e-12,1.976879812244622e-14,1.057437289584323e-14,0.9790326063160586,0.021903924682486125,0.06005157189091818,0.021903924682485695,0.060051571890917,0.033635019885826435,0.06388861128672979,0.2442847494060586,0.03363501988582523,0.06388861128672794,"[{""cycle"": 1, ""event_time"": 0.2384, ""pre_roi_fraction"": 0.0, ""peak_roi_fraction"": 0.0699896694214876, ""peak_full_domain_fraction"": 0.021171875, ""peak_outside_roi_fraction"": 0.0, ""recovery_fraction"": 1.0, ""peak_time_index"": 158, ""recall"": 0.8919746089322153, ""precision"": 0.9256558051993885, ""mass_ratio"": 0.963613693040127, ""reference_event_time"": 0.24143333333333333, ""timing_absolute"": 0.0030333333333333323, ""support_window"": [0.0, 0.35], ""support_measure"": ""global trapezoid time times cell volume"", ""teacher_active_target_mass"": 0.0006892187499999996, ""predicted_active_target_mass"": 0.0006641406249999997, ""true_positive_target_mass"": 0.0006147656249999999, ""reference_event_present"": true, ""false_positive_event"": false, ""false_negative_target_mass"": 7.445312499999976e-05, ""false_positive_target_mass"": 4.937499999999983e-05}, {""cycle"": 2, ""event_time"": null, ""pre_roi_fraction"": 0.0, ""peak_roi_fraction"": 0.0, ""peak_full_domain_fraction"": 0.0, ""peak_outside_roi_fraction"": 0.0, ""recovery_fraction"": 0.0, ""peak_time_index"": 404, ""recall"": 0.0, ""precision"": 0.0, ""mass_ratio"": 0.0, ""reference_event_time"": 1.2268000000000001, ""timing_absolute"": null, ""support_window"": [1.01, 1.36], ""support_measure"": ""global trapezoid time times cell volume"", ""teacher_active_target_mass"": 0.0009125000000000001, ""predicted_active_target_mass"": 0.0, ""true_positive_target_mass"": 0.0, ""reference_event_present"": true, ""false_positive_event"": false, ""false_negative_target_mass"": 0.0009125000000000001, ""false_positive_target_mass"": 0.0}]",True,False,"[""cycle_2_event_missing"", ""cycle_2_roi_peak_below_minimum"", ""cycle_2_recovery_failure""]",COMMON_FV_FACE_FLUX_EDGE_DISSIPATION_V1,0.5264634683460825,0.5264634683460817,0.3647518956252124,0.2707270809701395,0.06386950440228928,0.06386950440229158,0.06003320856311581,0.24431591747188539,shorter/29/F,shorter,29,F,b1_missing_phase,"[240, 120]","[160, 80]",restricted 160x80 diagnostic; native fine metric separately named,
refined,fine,shorter/43/E,0.003669296875,0.05811231442459187,0.011110158315900764,0.0013167450708570694,0.007380292983038049,0.003455304763614765,2.0137806731947865e-12,2.0197193706515157e-14,1.1268401496552704e-14,0.9878301403970035,0.0027482840115502618,0.007534666836589004,0.0027482840115498524,0.007534666836587882,0.003885454641261218,0.007380292983039476,0.11806946046027197,0.0038854546412604666,0.007380292983039379,"[{""cycle"": 1, ""event_time"": 0.23734444444444447, ""pre_roi_fraction"": 0.0, ""peak_roi_fraction"": 0.07076446280991736, ""peak_full_domain_fraction"": 0.02140625, ""peak_outside_roi_fraction"": 0.0, ""recovery_fraction"": 1.0, ""peak_time_index"": 149, ""recall"": 0.9420766266152804, ""precision"": 0.9166207124738064, ""mass_ratio"": 1.0277714803899343, ""reference_event_time"": 0.24143333333333333, ""timing_absolute"": 0.004088888888888864, ""support_window"": [0.0, 0.35], ""support_measure"": ""global trapezoid time times cell volume"", ""teacher_active_target_mass"": 0.0006892187499999996, ""predicted_active_target_mass"": 0.0007083593749999997, ""true_positive_target_mass"": 0.0006492968749999999, ""reference_event_present"": true, ""false_positive_event"": false, ""false_negative_target_mass"": 3.99218749999997e-05, ""false_positive_target_mass"": 5.906249999999976e-05}, {""cycle"": 2, ""event_time"": 1.2215857142857143, ""pre_roi_fraction"": 0.0, ""peak_roi_fraction"": 0.09891528925619834, ""peak_full_domain_fraction"": 0.029921875, ""peak_outside_roi_fraction"": 0.0, ""recovery_fraction"": 1.0, ""peak_time_index"": 617, ""recall"": 0.8020547945205478, ""precision"": 0.8329332266382145, ""mass_ratio"": 0.9629280821917809, ""reference_event_time"": 1.2268000000000001, ""timing_absolute"": 0.005214285714285838, ""support_window"": [1.01, 1.36], ""support_measure"": ""global trapezoid time times cell volume"", ""teacher_active_target_mass"": 0.0009125000000000001, ""predicted_active_target_mass"": 0.0008786718750000002, ""true_positive_target_mass"": 0.000731875, ""reference_event_present"": true, ""false_positive_event"": false, ""false_negative_target_mass"": 0.00018062500000000012, ""false_positive_target_mass"": 0.00014679687500000023}]",True,False,[],COMMON_FV_FACE_FLUX_EDGE_DISSIPATION_V1,0.5264634683460825,0.5264634683460817,0.3647518956252124,0.2707270809701395,0.007378085791454025,0.007378085791455453,0.007532362791038736,0.11808452483381436,shorter/43/E,shorter,43,E,b1_missing_phase,"[240, 120]","[160, 80]",restricted 160x80 diagnostic; native fine metric separately named,
refined,fine,shorter/43/D_E,0.00350375,0.05581867408200824,0.011209392473525362,0.0013713443073990767,0.0077801932378522955,0.0034650254720934755,2.0137263988246855e-12,2.0080787772805615e-14,1.1063578695808206e-14,0.987936345811472,0.002881203228863422,0.00789907677909342,0.0028812032288623806,0.007899076779090566,0.0040959875164043955,0.0077801932378559775,0.11700148539965145,0.004095987516402457,0.00778019323785579,"[{""cycle"": 1, ""event_time"": 0.23711000000000002, ""pre_roi_fraction"": 0.0, ""peak_roi_fraction"": 0.07050619834710743, ""peak_full_domain_fraction"": 0.021328125, ""peak_outside_roi_fraction"": 0.0, ""recovery_fraction"": 1.0, ""peak_time_index"": 146, ""recall"": 0.9452505100884154, ""precision"": 0.9197088342340354, ""mass_ratio"": 1.0277714803899345, ""reference_event_time"": 0.24143333333333333, ""timing_absolute"": 0.004323333333333318, ""support_window"": [0.0, 0.35], ""support_measure"": ""global trapezoid time times cell volume"", ""teacher_active_target_mass"": 0.0006892187499999996, ""predicted_active_target_mass"": 0.0007083593749999998, ""true_positive_target_mass"": 0.0006514843749999997, ""reference_event_present"": true, ""false_positive_event"": false, ""false_negative_target_mass"": 3.77343749999999e-05, ""false_positive_target_mass"": 5.687500000000007e-05}, {""cycle"": 2, ""event_time"": 1.2217, ""pre_roi_fraction"": 0.0, ""peak_roi_fraction"": 0.09659090909090909, ""peak_full_domain_fraction"": 0.02921875, ""peak_outside_roi_fraction"": 0.0, ""recovery_fraction"": 1.0, ""peak_time_index"": 623, ""recall"": 0.7965753424657536, ""precision"": 0.8468189678711202, ""mass_ratio"": 0.9406678082191784, ""reference_event_time"": 1.2268000000000001, ""timing_absolute"": 0.0051000000000001044, ""support_window"": [1.01, 1.36], ""support_measure"": ""global trapezoid time times cell volume"", ""teacher_active_target_mass"": 0.0009125000000000001, ""predicted_active_target_mass"": 0.0008583593750000004, ""true_positive_target_mass"": 0.0007268750000000002, ""reference_event_present"": true, ""false_positive_event"": false, ""false_negative_target_mass"": 0.00018562499999999992, ""false_positive_target_mass"": 0.0001314843750000002}]",True,False,[],COMMON_FV_FACE_FLUX_EDGE_DISSIPATION_V1,0.5264634683460825,0.5264634683460817,0.3647518956252124,0.2707270809701395,0.007777866449867573,0.007777866449871254,0.007896661299670265,0.11701641351124105,shorter/43/D_E,shorter,43,D_E,b1_missing_phase,"[240, 120]","[160, 80]",restricted 160x80 diagnostic; native fine metric separately named,
refined,fine,shorter/43/F,0.0036431250000000005,0.07072790845438832,0.011067566078822153,0.009339462727120334,0.06337403878459613,0.030473989500174013,2.0417516712494444e-12,2.0466134385665266e-14,1.1002924049607778e-14,0.9867537664354427,0.021771529577070108,0.059688598848134995,0.02177152957706871,0.059688598848131165,0.03336411626164012,0.06337403878460086,0.23145547570097363,0.03336411626163763,0.06337403878459887,"[{""cycle"": 1, ""event_time"": 0.24015714285714285, ""pre_roi_fraction"": 0.0, ""peak_roi_fraction"": 0.06947314049586777, ""peak_full_domain_fraction"": 0.021015625, ""peak_outside_roi_fraction"": 0.0, ""recovery_fraction"": 1.0, ""peak_time_index"": 145, ""recall"": 0.93708909544321, ""precision"": 0.9494659469392441, ""mass_ratio"": 0.9869644071639084, ""reference_event_time"": 0.24143333333333333, ""timing_absolute"": 0.0012761904761904863, ""support_window"": [0.0, 0.35], ""support_measure"": ""global trapezoid time times cell volume"", ""teacher_active_target_mass"": 0.0006892187499999996, ""predicted_active_target_mass"": 0.0006802343749999996, ""true_positive_target_mass"": 0.0006458593749999995, ""reference_event_present"": true, ""false_positive_event"": false, ""false_negative_target_mass"": 4.3359375000000104e-05, ""false_positive_target_mass"": 3.437500000000012e-05}, {""cycle"": 2, ""event_time"": null, ""pre_roi_fraction"": 0.0, ""peak_roi_fraction"": 0.0, ""peak_full_domain_fraction"": 0.0, ""peak_outside_roi_fraction"": 0.0, ""recovery_fraction"": 0.0, ""peak_time_index"": 404, ""recall"": 0.0, ""precision"": 0.0, ""mass_ratio"": 0.0, ""reference_event_time"": 1.2268000000000001, ""timing_absolute"": null, ""support_window"": [1.01, 1.36], ""support_measure"": ""global trapezoid time times cell volume"", ""teacher_active_target_mass"": 0.0009125000000000001, ""predicted_active_target_mass"": 0.0, ""true_positive_target_mass"": 0.0, ""reference_event_present"": true, ""false_positive_event"": false, ""false_negative_target_mass"": 0.0009125000000000001, ""false_positive_target_mass"": 0.0}]",True,False,"[""cycle_2_event_missing"", ""cycle_2_roi_peak_below_minimum"", ""cycle_2_recovery_failure""]",COMMON_FV_FACE_FLUX_EDGE_DISSIPATION_V1,0.5264634683460825,0.5264634683460817,0.3647518956252124,0.2707270809701395,0.0633550857910805,0.06335508579108523,0.05967034651481218,0.23148500689160326,shorter/43/F,shorter,43,F,b1_missing_phase,"[240, 120]","[160, 80]",restricted 160x80 diagnostic; native fine metric separately named,
refined,fine,shorter/B_E,0.0038970312500000008,0.08359054261257057,0.01291774799709429,0.009653931038154614,0.06557598467032569,0.036148613869546695,2.0547689779750802e-12,2.1614785775656224e-14,1.1662924257604613e-14,0.9804634545213793,0.022571612915099102,0.061882098998854135,0.0225716129151016,0.061882098998860983,0.03452336032974367,0.0655759846703152,0.24073391453256224,0.034523360329749196,0.0655759846703131,"[{""cycle"": 1, ""event_time"": 0.2558714285714286, ""pre_roi_fraction"": 0.0, ""peak_roi_fraction"": 0.05965909090909091, ""peak_full_domain_fraction"": 0.018046875, ""peak_outside_roi_fraction"": 0.0, ""recovery_fraction"": 1.0, ""peak_time_index"": 135, ""recall"": 0.7974382226252553, ""precision"": 0.9875070185289163, ""mass_ratio"": 0.8075266379505783, ""reference_event_time"": 0.24143333333333333, ""timing_absolute"": 0.01443809523809525, ""support_window"": [0.0, 0.35], ""support_measure"": ""global trapezoid time times cell volume"", ""teacher_active_target_mass"": 0.0006892187499999996, ""predicted_active_target_mass"": 0.0005565624999999999, ""true_positive_target_mass"": 0.0005496093749999999, ""reference_event_present"": true, ""false_positive_event"": false, ""false_negative_target_mass"": 0.00013960937499999976, ""false_positive_target_mass"": 6.953125000000015e-06}, {""cycle"": 2, ""event_time"": null, ""pre_roi_fraction"": 0.0, ""peak_roi_fraction"": 0.0, ""peak_full_domain_fraction"": 0.0, ""peak_outside_roi_fraction"": 0.0, ""recovery_fraction"": 0.0, ""peak_time_index"": 404, ""recall"": 0.0, ""precision"": 0.0, ""mass_ratio"": 0.0, ""reference_event_time"": 1.2268000000000001, ""timing_absolute"": null, ""support_window"": [1.01, 1.36], ""support_measure"": ""global trapezoid time times cell volume"", ""teacher_active_target_mass"": 0.0009125000000000001, ""predicted_active_target_mass"": 0.0, ""true_positive_target_mass"": 0.0, ""reference_event_present"": true, ""false_positive_event"": false, ""false_negative_target_mass"": 0.0009125000000000001, ""false_positive_target_mass"": 0.0}]",True,False,"[""cycle_2_event_missing"", ""cycle_2_roi_peak_below_minimum"", ""cycle_2_recovery_failure""]",COMMON_FV_FACE_FLUX_EDGE_DISSIPATION_V1,0.5264634683460825,0.5264634683460817,0.3647518956252124,0.2707270809701395,0.06555637315059185,0.06555637315058135,0.06186317590936234,0.24076462955064312,shorter/B_E,shorter,,B_E,b1_missing_phase,"[240, 120]","[160, 80]",restricted 160x80 diagnostic; native fine metric separately named,
spatial,coarse,shorter/29/E,0.00408640625,0.06613971147941428,0.011467661392867956,0.0013409888231407088,0.007872832356314799,0.0019508259129245448,8.921347655473373e-13,1.2603881368016516e-14,6.683077205310552e-15,0.9957547210799541,0.002861491330853208,0.007836691859127805,0.0028614913308542705,0.007836691859130714,0.004149122884545468,0.007872832356310816,0.15851516082863826,0.004149122884547567,0.007872832356310326,"[{""cycle"": 1, ""event_time"": 0.23761000000000002, ""pre_roi_fraction"": 0.0, ""peak_roi_fraction"": 0.06740702479338843, ""peak_full_domain_fraction"": 0.020390625, ""peak_outside_roi_fraction"": 0.0, ""recovery_fraction"": 1.0, ""peak_time_index"": 152, ""recall"": 0.9203114266086558, ""precision"": 0.9259301923741499, ""mass_ratio"": 0.9939317609342804, ""reference_event_time"": 0.2409, ""timing_absolute"": 0.0032899999999999874, ""support_window"": [0.0, 0.35], ""support_measure"": ""global trapezoid time times cell volume"", ""teacher_active_target_mass"": 0.0006823437499999996, ""predicted_active_target_mass"": 0.000678203125, ""true_positive_target_mass"": 0.0006279687499999996, ""reference_event_present"": true, ""false_positive_event"": false, ""false_negative_target_mass"": 5.437499999999995e-05, ""false_positive_target_mass"": 5.0234375000000366e-05}, {""cycle"": 2, ""event_time"": 1.2248, ""pre_roi_fraction"": 0.0, ""peak_roi_fraction"": 0.09607438016528926, ""peak_full_domain_fraction"": 0.0290625, ""peak_outside_roi_fraction"": 0.0, ""recovery_fraction"": 1.0, ""peak_time_index"": 629, ""recall"": 0.7799167533818943, ""precision"": 0.8517045454545455, ""mass_ratio"": 0.9157127991675341, ""reference_event_time"": 1.2293, ""timing_absolute"": 0.0044999999999999485, ""support_window"": [1.01, 1.36], ""support_measure"": ""global trapezoid time times cell volume"", ""teacher_active_target_mass"": 0.0009009374999999999, ""predicted_active_target_mass"": 0.0008250000000000002, ""true_positive_target_mass"": 0.0007026562500000003, ""reference_event_present"": true, ""false_positive_event"": false, ""false_negative_target_mass"": 0.00019828124999999967, ""false_positive_target_mass"": 0.00012234374999999995}]",True,False,[],COMMON_FV_FACE_FLUX_EDGE_DISSIPATION_V1,0.5270178122387625,0.5270178122387602,0.3651402125145803,0.2687680406026689,0.007878765145369507,0.007878765145365521,0.007842635890910154,0.15738818890874717,shorter/29/E,shorter,29,E,b1_missing_phase,"[160, 80]","[160, 80]",restricted 160x80 diagnostic; native fine metric separately named,
spatial,coarse,shorter/29/D_E,0.004148671875,0.0669563693979326,0.011497850888226342,0.0014203654333648475,0.00850742779368335,0.0026735985938106045,8.918782687141874e-13,1.3004302413008583e-14,7.551001199350185e-15,0.9958282066103568,0.0031007044218002064,0.008491818527592036,0.0031007044218007,0.008491818527593387,0.004483565983605456,0.00850742779368186,0.1641126445654974,0.004483565983606242,0.008507427793681913,"[{""cycle"": 1, ""event_time"": 0.2356777777777778, ""pre_roi_fraction"": 0.0, ""peak_roi_fraction"": 0.06740702479338843, ""peak_full_domain_fraction"": 0.020390625, ""peak_outside_roi_fraction"": 0.0, ""recovery_fraction"": 1.0, ""peak_time_index"": 151, ""recall"": 0.9204259216853676, ""precision"": 0.9172752167959836, ""mass_ratio"": 1.0034348523013512, ""reference_event_time"": 0.2409, ""timing_absolute"": 0.0052222222222222114, ""support_window"": [0.0, 0.35], ""support_measure"": ""global trapezoid time times cell volume"", ""teacher_active_target_mass"": 0.0006823437499999996, ""predicted_active_target_mass"": 0.0006846874999999996, ""true_positive_target_mass"": 0.0006280468749999997, ""reference_event_present"": true, ""false_positive_event"": false, ""false_negative_target_mass"": 5.4296874999999875e-05, ""false_positive_target_mass"": 5.664062499999994e-05}, {""cycle"": 2, ""event_time"": 1.2260166666666668, ""pre_roi_fraction"": 0.0, ""peak_roi_fraction"": 0.09581611570247933, ""peak_full_domain_fraction"": 0.028984375, ""peak_outside_roi_fraction"": 0.0, ""recovery_fraction"": 1.0, ""peak_time_index"": 625, ""recall"": 0.7738466874783212, ""precision"": 0.8593163216177176, ""mass_ratio"": 0.9005376344086025, ""reference_event_time"": 1.2293, ""timing_absolute"": 0.003283333333333305, ""support_window"": [1.01, 1.36], ""support_measure"": ""global trapezoid time times cell volume"", ""teacher_active_target_mass"": 0.0009009374999999999, ""predicted_active_target_mass"": 0.0008113281250000002, ""true_positive_target_mass"": 0.0006971875, ""reference_event_present"": true, ""false_positive_event"": false, ""false_negative_target_mass"": 0.00020374999999999994, ""false_positive_target_mass"": 0.0001141406250000002}]",True,False,[],COMMON_FV_FACE_FLUX_EDGE_DISSIPATION_V1,0.5270178122387625,0.5270178122387602,0.3651402125145803,0.2687680406026689,0.008513838799559475,0.008513838799557983,0.00849825946467688,0.16294587703892421,shorter/29/D_E,shorter,29,D_E,b1_missing_phase,"[160, 80]","[160, 80]",restricted 160x80 diagnostic; native fine metric separately named,
spatial,coarse,shorter/29/F,0.00372109375,0.0787453733734001,0.011781734882136047,0.0095901330520954,0.06490563311218514,0.03140631347127317,9.047092632166893e-13,1.464433161447441e-14,7.824824816711711e-15,0.9790326063160586,0.02229918113894215,0.0610701872176068,0.022299181138941884,0.06107018721760606,0.034206424764755966,0.06490563311218583,0.26111912695255607,0.0342064247647556,0.06490563311218354,"[{""cycle"": 1, ""event_time"": 0.2384, ""pre_roi_fraction"": 0.0, ""peak_roi_fraction"": 0.0699896694214876, ""peak_full_domain_fraction"": 0.021171875, ""peak_outside_roi_fraction"": 0.0, ""recovery_fraction"": 1.0, ""peak_time_index"": 158, ""recall"": 0.8895122509732083, ""precision"": 0.9138924832372662, ""mass_ratio"": 0.9733226471261738, ""reference_event_time"": 0.2409, ""timing_absolute"": 0.0025000000000000022, ""support_window"": [0.0, 0.35], ""support_measure"": ""global trapezoid time times cell volume"", ""teacher_active_target_mass"": 0.0006823437499999996, ""predicted_active_target_mass"": 0.0006641406249999997, ""true_positive_target_mass"": 0.0006069531249999997, ""reference_event_present"": true, ""false_positive_event"": false, ""false_negative_target_mass"": 7.539062499999983e-05, ""false_positive_target_mass"": 5.718749999999995e-05}, {""cycle"": 2, ""event_time"": null, ""pre_roi_fraction"": 0.0, ""peak_roi_fraction"": 0.0, ""peak_full_domain_fraction"": 0.0, ""peak_outside_roi_fraction"": 0.0, ""recovery_fraction"": 0.0, ""peak_time_index"": 404, ""recall"": 0.0, ""precision"": 0.0, ""mass_ratio"": 0.0, ""reference_event_time"": 1.2293, ""timing_absolute"": null, ""support_window"": [1.01, 1.36], ""support_measure"": ""global trapezoid time times cell volume"", ""teacher_active_target_mass"": 0.0009009374999999999, ""predicted_active_target_mass"": 0.0, ""true_positive_target_mass"": 0.0, ""reference_event_present"": true, ""false_positive_event"": false, ""false_negative_target_mass"": 0.0009009374999999999, ""false_positive_target_mass"": 0.0}]",True,False,"[""cycle_2_event_missing"", ""cycle_2_roi_peak_below_minimum"", ""cycle_2_recovery_failure""]",COMMON_FV_FACE_FLUX_EDGE_DISSIPATION_V1,0.5270178122387625,0.5270178122387602,0.3651402125145803,0.2687680406026689,0.06495454453469346,0.06495454453469415,0.06111650818317502,0.25926268670871006,shorter/29/F,shorter,29,F,b1_missing_phase,"[160, 80]","[160, 80]",restricted 160x80 diagnostic; native fine metric separately named,
spatial,coarse,shorter/43/E,0.003747890625,0.05876566797592112,0.011411788610866615,0.0012573548356343176,0.006571363713738812,0.0010897097379357983,8.926241161769853e-13,1.2582225945279277e-14,7.105144294047629e-15,0.9878301403970035,0.0024295053058849144,0.006653622971717755,0.002429505305885735,0.006653622971720003,0.0034632257278385016,0.006571363713736313,0.1336780954411421,0.0034632257278398187,0.006571363713733948,"[{""cycle"": 1, ""event_time"": 0.23734444444444447, ""pre_roi_fraction"": 0.0, ""peak_roi_fraction"": 0.07076446280991736, ""peak_full_domain_fraction"": 0.02140625, ""peak_outside_roi_fraction"": 0.0, ""recovery_fraction"": 1.0, ""peak_time_index"": 149, ""recall"": 0.934966796427754, ""precision"": 0.9006286533583326, ""mass_ratio"": 1.0381268605449967, ""reference_event_time"": 0.2409, ""timing_absolute"": 0.003555555555555534, ""support_window"": [0.0, 0.35], ""support_measure"": ""global trapezoid time times cell volume"", ""teacher_active_target_mass"": 0.0006823437499999996, ""predicted_active_target_mass"": 0.0007083593749999997, ""true_positive_target_mass"": 0.0006379687499999999, ""reference_event_present"": true, ""false_positive_event"": false, ""false_negative_target_mass"": 4.437499999999971e-05, ""false_positive_target_mass"": 7.039062499999982e-05}, {""cycle"": 2, ""event_time"": 1.2215857142857143, ""pre_roi_fraction"": 0.0, ""peak_roi_fraction"": 0.09891528925619834, ""peak_full_domain_fraction"": 0.029921875, ""peak_outside_roi_fraction"": 0.0, ""recovery_fraction"": 1.0, ""peak_time_index"": 617, ""recall"": 0.8061047519944504, ""precision"": 0.8265315195163154, ""mass_ratio"": 0.9752861602497401, ""reference_event_time"": 1.2293, ""timing_absolute"": 0.007714285714285785, ""support_window"": [1.01, 1.36], ""support_measure"": ""global trapezoid time times cell volume"", ""teacher_active_target_mass"": 0.0009009374999999999, ""predicted_active_target_mass"": 0.0008786718750000002, ""true_positive_target_mass"": 0.0007262500000000001, ""reference_event_present"": true, ""false_positive_event"": false, ""false_negative_target_mass"": 0.00017468749999999982, ""false_positive_target_mass"": 0.0001524218750000001}]",True,False,[],COMMON_FV_FACE_FLUX_EDGE_DISSIPATION_V1,0.5270178122387625,0.5270178122387602,0.3651402125145803,0.2687680406026689,0.0065763157453522,0.0065763157453497,0.006658669660693485,0.1327277039512735,shorter/43/E,shorter,43,E,b1_missing_phase,"[160, 80]","[160, 80]",restricted 160x80 diagnostic; native fine metric separately named,
spatial,coarse,shorter/43/D_E,0.00358140625,0.056482226280149664,0.011516227275442858,0.0013067912968098162,0.0069824337878059755,0.0010933365683148508,8.928952525416478e-13,1.3755779381380043e-14,7.59994695380536e-15,0.987936345811472,0.0025623966688916194,0.007017569090091115,0.0025623966688917586,0.0070175690900914954,0.0036798669789508257,0.006982433787804656,0.1327175000142421,0.003679866978951521,0.006982433787802342,"[{""cycle"": 1, ""event_time"": 0.23711000000000002, ""pre_roi_fraction"": 0.0, ""peak_roi_fraction"": 0.07050619834710743, ""peak_full_domain_fraction"": 0.021328125, ""peak_outside_roi_fraction"": 0.0, ""recovery_fraction"": 1.0, ""peak_time_index"": 146, ""recall"": 0.9386306388825284, ""precision"": 0.9041579353700232, ""mass_ratio"": 1.038126860544997, ""reference_event_time"": 0.2409, ""timing_absolute"": 0.003789999999999988, ""support_window"": [0.0, 0.35], ""support_measure"": ""global trapezoid time times cell volume"", ""teacher_active_target_mass"": 0.0006823437499999996, ""predicted_active_target_mass"": 0.0007083593749999998, ""true_positive_target_mass"": 0.0006404687499999999, ""reference_event_present"": true, ""false_positive_event"": false, ""false_negative_target_mass"": 4.18749999999997e-05, ""false_positive_target_mass"": 6.789062499999992e-05}, {""cycle"": 2, ""event_time"": 1.2217, ""pre_roi_fraction"": 0.0, ""peak_roi_fraction"": 0.09659090909090909, ""peak_full_domain_fraction"": 0.02921875, ""peak_outside_roi_fraction"": 0.0, ""recovery_fraction"": 1.0, ""peak_time_index"": 623, ""recall"": 0.8009885535900105, ""precision"": 0.8407208519159003, ""mass_ratio"": 0.9527402011793276, ""reference_event_time"": 1.2293, ""timing_absolute"": 0.007600000000000051, ""support_window"": [1.01, 1.36], ""support_measure"": ""global trapezoid time times cell volume"", ""teacher_active_target_mass"": 0.0009009374999999999, ""predicted_active_target_mass"": 0.0008583593750000004, ""true_positive_target_mass"": 0.0007216406250000001, ""reference_event_present"": true, ""false_positive_event"": false, ""false_negative_target_mass"": 0.00017929687499999988, ""false_positive_target_mass"": 0.00013671875000000034}]",True,False,[],COMMON_FV_FACE_FLUX_EDGE_DISSIPATION_V1,0.5270178122387625,0.5270178122387602,0.3651402125145803,0.2687680406026689,0.006987695592563991,0.006987695592562671,0.007022891827600276,0.1317739379283676,shorter/43/D_E,shorter,43,D_E,b1_missing_phase,"[160, 80]","[160, 80]",restricted 160x80 diagnostic; native fine metric separately named,
spatial,coarse,shorter/43/F,0.00364375,0.07035972019929759,0.011365363700498503,0.009518217803529157,0.06441953583130235,0.032952493451234306,9.05181176860679e-13,1.431929925890829e-14,8.01435779367094e-15,0.9867537664354427,0.02218103735022505,0.060746629897246246,0.022181037350225093,0.060746629897246364,0.03395024283924945,0.0644195358313022,0.24694288902662007,0.033950242839249536,0.06441953583129965,"[{""cycle"": 1, ""event_time"": 0.24015714285714285, ""pre_roi_fraction"": 0.0, ""peak_roi_fraction"": 0.06947314049586777, ""peak_full_domain_fraction"": 0.021015625, ""peak_outside_roi_fraction"": 0.0, ""recovery_fraction"": 1.0, ""peak_time_index"": 145, ""recall"": 0.9329058850469432, ""precision"": 0.9357987825887218, ""mass_ratio"": 0.9969086329287842, ""reference_event_time"": 0.2409, ""timing_absolute"": 0.0007428571428571562, ""support_window"": [0.0, 0.35], ""support_measure"": ""global trapezoid time times cell volume"", ""teacher_active_target_mass"": 0.0006823437499999996, ""predicted_active_target_mass"": 0.0006802343749999996, ""true_positive_target_mass"": 0.0006365624999999998, ""reference_event_present"": true, ""false_positive_event"": false, ""false_negative_target_mass"": 4.5781249999999815e-05, ""false_positive_target_mass"": 4.3671874999999874e-05}, {""cycle"": 2, ""event_time"": null, ""pre_roi_fraction"": 0.0, ""peak_roi_fraction"": 0.0, ""peak_full_domain_fraction"": 0.0, ""peak_outside_roi_fraction"": 0.0, ""recovery_fraction"": 0.0, ""peak_time_index"": 404, ""recall"": 0.0, ""precision"": 0.0, ""mass_ratio"": 0.0, ""reference_event_time"": 1.2293, ""timing_absolute"": null, ""support_window"": [1.01, 1.36], ""support_measure"": ""global trapezoid time times cell volume"", ""teacher_active_target_mass"": 0.0009009374999999999, ""predicted_active_target_mass"": 0.0, ""true_positive_target_mass"": 0.0, ""reference_event_present"": true, ""false_positive_event"": false, ""false_negative_target_mass"": 0.0009009374999999999, ""false_positive_target_mass"": 0.0}]",True,False,"[""cycle_2_event_missing"", ""cycle_2_roi_peak_below_minimum"", ""cycle_2_recovery_failure""]",COMMON_FV_FACE_FLUX_EDGE_DISSIPATION_V1,0.5270178122387625,0.5270178122387602,0.3651402125145803,0.2687680406026689,0.06446808094185368,0.06446808094185351,0.060792705448674135,0.24518723549609983,shorter/43/F,shorter,43,F,b1_missing_phase,"[160, 80]","[160, 80]",restricted 160x80 diagnostic; native fine metric separately named,
spatial,coarse,shorter/B_E,0.0038390624999999996,0.08294783408479162,0.013065281860570451,0.009866782024636934,0.06683919642110589,0.03874820277367278,9.083738869274465e-13,1.3375342681841286e-14,7.390499755627218e-15,0.9804634545213793,0.023066053944269214,0.06317040181748859,0.023066053944270533,0.0631704018174922,0.03522544706964556,0.06683919642110096,0.2565493993796257,0.035225447069648155,0.06683919642109798,"[{""cycle"": 1, ""event_time"": 0.2558714285714286, ""pre_roi_fraction"": 0.0, ""peak_roi_fraction"": 0.05965909090909091, ""peak_full_domain_fraction"": 0.018046875, ""peak_outside_roi_fraction"": 0.0, ""recovery_fraction"": 1.0, ""peak_time_index"": 135, ""recall"": 0.7991756354476759, ""precision"": 0.9797866367209431, ""mass_ratio"": 0.8156629264941611, ""reference_event_time"": 0.2409, ""timing_absolute"": 0.01497142857142858, ""support_window"": [0.0, 0.35], ""support_measure"": ""global trapezoid time times cell volume"", ""teacher_active_target_mass"": 0.0006823437499999996, ""predicted_active_target_mass"": 0.0005565624999999999, ""true_positive_target_mass"": 0.0005453124999999998, ""reference_event_present"": true, ""false_positive_event"": false, ""false_negative_target_mass"": 0.00013703124999999978, ""false_positive_target_mass"": 1.1250000000000084e-05}, {""cycle"": 2, ""event_time"": null, ""pre_roi_fraction"": 0.0, ""peak_roi_fraction"": 0.0, ""peak_full_domain_fraction"": 0.0, ""peak_outside_roi_fraction"": 0.0, ""recovery_fraction"": 0.0, ""peak_time_index"": 404, ""recall"": 0.0, ""precision"": 0.0, ""mass_ratio"": 0.0, ""reference_event_time"": 1.2293, ""timing_absolute"": null, ""support_window"": [1.01, 1.36], ""support_measure"": ""global trapezoid time times cell volume"", ""teacher_active_target_mass"": 0.0009009374999999999, ""predicted_active_target_mass"": 0.0, ""true_positive_target_mass"": 0.0, ""reference_event_present"": true, ""false_positive_event"": false, ""false_negative_target_mass"": 0.0009009374999999999, ""false_positive_target_mass"": 0.0}]",True,False,"[""cycle_2_event_missing"", ""cycle_2_roi_peak_below_minimum"", ""cycle_2_recovery_failure""]",COMMON_FV_FACE_FLUX_EDGE_DISSIPATION_V1,0.5270178122387625,0.5270178122387602,0.3651402125145803,0.2687680406026689,0.06688956493335226,0.06688956493334733,0.063218315769301,0.2547254478556556,shorter/B_E,shorter,,B_E,b1_missing_phase,"[160, 80]","[160, 80]",restricted 160x80 diagnostic; native fine metric separately named,
spatial,fine,shorter/29/E,0.00408640625,0.06613971147941428,0.011467661392867956,0.0013848694942649453,0.008361491511779102,0.003268066463663528,2.0124005031063056e-12,2.0177395731241524e-14,1.1227778707586498e-14,0.9957547210799541,0.0030679444489345956,0.008402099642235627,0.0030679444489336094,0.008402099642232926,0.004406654963592875,0.00836149151178303,0.1411610638506563,0.0044066549635908055,0.00836149151178322,"[{""cycle"": 1, ""event_time"": 0.23761000000000002, ""pre_roi_fraction"": 0.0, ""peak_roi_fraction"": 0.06740702479338843, ""peak_full_domain_fraction"": 0.020390625, ""peak_outside_roi_fraction"": 0.0, ""recovery_fraction"": 1.0, ""peak_time_index"": 152, ""recall"": 0.9203114266086558, ""precision"": 0.9259301923741499, ""mass_ratio"": 0.9939317609342804, ""reference_event_time"": 0.2409, ""timing_absolute"": 0.0032899999999999874, ""support_window"": [0.0, 0.35], ""support_measure"": ""global trapezoid time times cell volume"", ""teacher_active_target_mass"": 0.0006823437499999996, ""predicted_active_target_mass"": 0.000678203125, ""true_positive_target_mass"": 0.0006279687499999996, ""reference_event_present"": true, ""false_positive_event"": false, ""false_negative_target_mass"": 5.437499999999995e-05, ""false_positive_target_mass"": 5.0234375000000366e-05}, {""cycle"": 2, ""event_time"": 1.2248, ""pre_roi_fraction"": 0.0, ""peak_roi_fraction"": 0.09607438016528926, ""peak_full_domain_fraction"": 0.0290625, ""peak_outside_roi_fraction"": 0.0, ""recovery_fraction"": 1.0, ""peak_time_index"": 629, ""recall"": 0.7799167533818943, ""precision"": 0.8517045454545455, ""mass_ratio"": 0.9157127991675341, ""reference_event_time"": 1.2293, ""timing_absolute"": 0.0044999999999999485, ""support_window"": [1.01, 1.36], ""support_measure"": ""global trapezoid time times cell volume"", ""teacher_active_target_mass"": 0.0009009374999999999, ""predicted_active_target_mass"": 0.0008250000000000002, ""true_positive_target_mass"": 0.0007026562500000003, ""reference_event_present"": true, ""false_positive_event"": false, ""false_negative_target_mass"": 0.00019828124999999967, ""false_positive_target_mass"": 0.00012234374999999995}]",True,False,[],COMMON_FV_FACE_FLUX_EDGE_DISSIPATION_V1,0.5270178122387625,0.5270178122387602,0.3651402125145803,0.2687680406026689,0.00836779254336176,0.00836779254336569,0.008408472528679252,0.14015747180110072,shorter/29/E,shorter,29,E,b1_missing_phase,"[240, 120]","[160, 80]",restricted 160x80 diagnostic; native fine metric separately named,0.14667697601189245
spatial,fine,shorter/29/D_E,0.004148671875,0.0669563693979326,0.011497850888226342,0.0014827741454304167,0.009086569374583825,0.00402954206150202,2.012952299059239e-12,1.8443094749278843e-14,9.716757185771955e-15,0.9958282066103568,0.003342319050752119,0.009153522225708454,0.003342319050754196,0.009153522225714143,0.00478878391254505,0.009086569374576504,0.14570058029392186,0.004788783912548908,0.009086569374577157,"[{""cycle"": 1, ""event_time"": 0.2356777777777778, ""pre_roi_fraction"": 0.0, ""peak_roi_fraction"": 0.06740702479338843, ""peak_full_domain_fraction"": 0.020390625, ""peak_outside_roi_fraction"": 0.0, ""recovery_fraction"": 1.0, ""peak_time_index"": 151, ""recall"": 0.9204259216853676, ""precision"": 0.9172752167959836, ""mass_ratio"": 1.0034348523013512, ""reference_event_time"": 0.2409, ""timing_absolute"": 0.0052222222222222114, ""support_window"": [0.0, 0.35], ""support_measure"": ""global trapezoid time times cell volume"", ""teacher_active_target_mass"": 0.0006823437499999996, ""predicted_active_target_mass"": 0.0006846874999999996, ""true_positive_target_mass"": 0.0006280468749999997, ""reference_event_present"": true, ""false_positive_event"": false, ""false_negative_target_mass"": 5.4296874999999875e-05, ""false_positive_target_mass"": 5.664062499999994e-05}, {""cycle"": 2, ""event_time"": 1.2260166666666668, ""pre_roi_fraction"": 0.0, ""peak_roi_fraction"": 0.09581611570247933, ""peak_full_domain_fraction"": 0.028984375, ""peak_outside_roi_fraction"": 0.0, ""recovery_fraction"": 1.0, ""peak_time_index"": 625, ""recall"": 0.7738466874783212, ""precision"": 0.8593163216177176, ""mass_ratio"": 0.9005376344086025, ""reference_event_time"": 1.2293, ""timing_absolute"": 0.003283333333333305, ""support_window"": [1.01, 1.36], ""support_measure"": ""global trapezoid time times cell volume"", ""teacher_active_target_mass"": 0.0009009374999999999, ""predicted_active_target_mass"": 0.0008113281250000002, ""true_positive_target_mass"": 0.0006971875, ""reference_event_present"": true, ""false_positive_event"": false, ""false_negative_target_mass"": 0.00020374999999999994, ""false_positive_target_mass"": 0.0001141406250000002}]",True,False,[],COMMON_FV_FACE_FLUX_EDGE_DISSIPATION_V1,0.5270178122387625,0.5270178122387602,0.3651402125145803,0.2687680406026689,0.00909341680850475,0.009093416808497424,0.009160465056689701,0.14466471431211464,shorter/29/D_E,shorter,29,D_E,b1_missing_phase,"[240, 120]","[160, 80]",restricted 160x80 diagnostic; native fine metric separately named,0.1522668925877932
spatial,fine,shorter/29/F,0.00372109375,0.0787453733734001,0.011781734882136047,0.009470152921867028,0.06414120423978674,0.029922987307539537,2.0404019423772124e-12,1.976879812244622e-14,1.057437289584323e-14,0.9790326063160586,0.02202030336471583,0.06030643191301901,0.022020303364715398,0.060306431913017836,0.033803557132813244,0.06414120423978902,0.24705810565872777,0.033803557132812044,0.0641412042397868,"[{""cycle"": 1, ""event_time"": 0.2384, ""pre_roi_fraction"": 0.0, ""peak_roi_fraction"": 0.0699896694214876, ""peak_full_domain_fraction"": 0.021171875, ""peak_outside_roi_fraction"": 0.0, ""recovery_fraction"": 1.0, ""peak_time_index"": 158, ""recall"": 0.8895122509732083, ""precision"": 0.9138924832372662, ""mass_ratio"": 0.9733226471261738, ""reference_event_time"": 0.2409, ""timing_absolute"": 0.0025000000000000022, ""support_window"": [0.0, 0.35], ""support_measure"": ""global trapezoid time times cell volume"", ""teacher_active_target_mass"": 0.0006823437499999996, ""predicted_active_target_mass"": 0.0006641406249999997, ""true_positive_target_mass"": 0.0006069531249999997, ""reference_event_present"": true, ""false_positive_event"": false, ""false_negative_target_mass"": 7.539062499999983e-05, ""false_positive_target_mass"": 5.718749999999995e-05}, {""cycle"": 2, ""event_time"": null, ""pre_roi_fraction"": 0.0, ""peak_roi_fraction"": 0.0, ""peak_full_domain_fraction"": 0.0, ""peak_outside_roi_fraction"": 0.0, ""recovery_fraction"": 0.0, ""peak_time_index"": 404, ""recall"": 0.0, ""precision"": 0.0, ""mass_ratio"": 0.0, ""reference_event_time"": 1.2293, ""timing_absolute"": null, ""support_window"": [1.01, 1.36], ""support_measure"": ""global trapezoid time times cell volume"", ""teacher_active_target_mass"": 0.0009009374999999999, ""predicted_active_target_mass"": 0.0, ""true_positive_target_mass"": 0.0, ""reference_event_present"": true, ""false_positive_event"": false, ""false_negative_target_mass"": 0.0009009374999999999, ""false_positive_target_mass"": 0.0}]",True,False,"[""cycle_2_event_missing"", ""cycle_2_roi_peak_below_minimum"", ""cycle_2_recovery_failure""]",COMMON_FV_FACE_FLUX_EDGE_DISSIPATION_V1,0.5270178122387625,0.5270178122387602,0.3651402125145803,0.2687680406026689,0.0641895396059227,0.06418953960592498,0.06035217357983643,0.24530163298946767,shorter/29/F,shorter,29,F,b1_missing_phase,"[240, 120]","[160, 80]",restricted 160x80 diagnostic; native fine metric separately named,0.2545205917565265
spatial,fine,shorter/43/E,0.003747890625,0.05876566797592112,0.011411788610866615,0.0012670702191556235,0.0069247885221760475,0.002369305707596264,2.0137806731947865e-12,2.0197193706515157e-14,1.1268401496552704e-14,0.9878301403970035,0.0025742028435852917,0.00704990235355823,0.002574202843584852,0.007049902353557025,0.00364948689717413,0.006924788522177596,0.11781371060205242,0.003649486897173314,0.006924788522176149,"[{""cycle"": 1, ""event_time"": 0.23734444444444447, ""pre_roi_fraction"": 0.0, ""peak_roi_fraction"": 0.07076446280991736, ""peak_full_domain_fraction"": 0.02140625, ""peak_outside_roi_fraction"": 0.0, ""recovery_fraction"": 1.0, ""peak_time_index"": 149, ""recall"": 0.934966796427754, ""precision"": 0.9006286533583326, ""mass_ratio"": 1.0381268605449967, ""reference_event_time"": 0.2409, ""timing_absolute"": 0.003555555555555534, ""support_window"": [0.0, 0.35], ""support_measure"": ""global trapezoid time times cell volume"", ""teacher_active_target_mass"": 0.0006823437499999996, ""predicted_active_target_mass"": 0.0007083593749999997, ""true_positive_target_mass"": 0.0006379687499999999, ""reference_event_present"": true, ""false_positive_event"": false, ""false_negative_target_mass"": 4.437499999999971e-05, ""false_positive_target_mass"": 7.039062499999982e-05}, {""cycle"": 2, ""event_time"": 1.2215857142857143, ""pre_roi_fraction"": 0.0, ""peak_roi_fraction"": 0.09891528925619834, ""peak_full_domain_fraction"": 0.029921875, ""peak_outside_roi_fraction"": 0.0, ""recovery_fraction"": 1.0, ""peak_time_index"": 617, ""recall"": 0.8061047519944504, ""precision"": 0.8265315195163154, ""mass_ratio"": 0.9752861602497401, ""reference_event_time"": 1.2293, ""timing_absolute"": 0.007714285714285785, ""support_window"": [1.01, 1.36], ""support_measure"": ""global trapezoid time times cell volume"", ""teacher_active_target_mass"": 0.0009009374999999999, ""predicted_active_target_mass"": 0.0008786718750000002, ""true_positive_target_mass"": 0.0007262500000000001, ""reference_event_present"": true, ""false_positive_event"": false, ""false_negative_target_mass"": 0.00017468749999999982, ""false_positive_target_mass"": 0.0001524218750000001}]",True,False,[],COMMON_FV_FACE_FLUX_EDGE_DISSIPATION_V1,0.5270178122387625,0.5270178122387602,0.3651402125145803,0.2687680406026689,0.006930006886760882,0.0069300068867624316,0.007055249615439299,0.11697610779527597,shorter/43/E,shorter,43,E,b1_missing_phase,"[240, 120]","[160, 80]",restricted 160x80 diagnostic; native fine metric separately named,0.12015836706316851
spatial,fine,shorter/43/D_E,0.00358140625,0.056482226280149664,0.011516227275442858,0.001321194575137327,0.0073343901463201015,0.0023790158957456868,2.0137263988246855e-12,2.0080787772805615e-14,1.1063578695808206e-14,0.987936345811472,0.002708924164573543,0.007418860130244827,0.00270892416457244,0.007418860130241806,0.0038653542490211163,0.007334390146323818,0.11663821345112607,0.0038653542490191574,0.007334390146322369,"[{""cycle"": 1, ""event_time"": 0.23711000000000002, ""pre_roi_fraction"": 0.0, ""peak_roi_fraction"": 0.07050619834710743, ""peak_full_domain_fraction"": 0.021328125, ""peak_outside_roi_fraction"": 0.0, ""recovery_fraction"": 1.0, ""peak_time_index"": 146, ""recall"": 0.9386306388825284, ""precision"": 0.9041579353700232, ""mass_ratio"": 1.038126860544997, ""reference_event_time"": 0.2409, ""timing_absolute"": 0.003789999999999988, ""support_window"": [0.0, 0.35], ""support_measure"": ""global trapezoid time times cell volume"", ""teacher_active_target_mass"": 0.0006823437499999996, ""predicted_active_target_mass"": 0.0007083593749999998, ""true_positive_target_mass"": 0.0006404687499999999, ""reference_event_present"": true, ""false_positive_event"": false, ""false_negative_target_mass"": 4.18749999999997e-05, ""false_positive_target_mass"": 6.789062499999992e-05}, {""cycle"": 2, ""event_time"": 1.2217, ""pre_roi_fraction"": 0.0, ""peak_roi_fraction"": 0.09659090909090909, ""peak_full_domain_fraction"": 0.02921875, ""peak_outside_roi_fraction"": 0.0, ""recovery_fraction"": 1.0, ""peak_time_index"": 623, ""recall"": 0.8009885535900105, ""precision"": 0.8407208519159003, ""mass_ratio"": 0.9527402011793276, ""reference_event_time"": 1.2293, ""timing_absolute"": 0.007600000000000051, ""support_window"": [1.01, 1.36], ""support_measure"": ""global trapezoid time times cell volume"", ""teacher_active_target_mass"": 0.0009009374999999999, ""predicted_active_target_mass"": 0.0008583593750000004, ""true_positive_target_mass"": 0.0007216406250000001, ""reference_event_present"": true, ""false_positive_event"": false, ""false_negative_target_mass"": 0.00017929687499999988, ""false_positive_target_mass"": 0.00013671875000000034}]",True,False,[],COMMON_FV_FACE_FLUX_EDGE_DISSIPATION_V1,0.5270178122387625,0.5270178122387602,0.3651402125145803,0.2687680406026689,0.007339917177458793,0.007339917177462512,0.007424487241938852,0.11580896790351701,shorter/43/D_E,shorter,43,D_E,b1_missing_phase,"[240, 120]","[160, 80]",restricted 160x80 diagnostic; native fine metric separately named,0.11913096188223649
spatial,fine,shorter/43/F,0.00364375,0.07035972019929759,0.011365363700498503,0.009397898591329874,0.06365930333235253,0.031523268254484066,2.0417516712494444e-12,2.0466134385665266e-14,1.1002924049607778e-14,0.9867537664354427,0.021901210232112847,0.059980274649257696,0.021901210232111435,0.059980274649253824,0.03354958677086271,0.06365930333235731,0.23389290589409595,0.0335495867708602,0.06365930333235484,"[{""cycle"": 1, ""event_time"": 0.24015714285714285, ""pre_roi_fraction"": 0.0, ""peak_roi_fraction"": 0.06947314049586777, ""peak_full_domain_fraction"": 0.021015625, ""peak_outside_roi_fraction"": 0.0, ""recovery_fraction"": 1.0, ""peak_time_index"": 145, ""recall"": 0.9329058850469432, ""precision"": 0.9357987825887218, ""mass_ratio"": 0.9969086329287842, ""reference_event_time"": 0.2409, ""timing_absolute"": 0.0007428571428571562, ""support_window"": [0.0, 0.35], ""support_measure"": ""global trapezoid time times cell volume"", ""teacher_active_target_mass"": 0.0006823437499999996, ""predicted_active_target_mass"": 0.0006802343749999996, ""true_positive_target_mass"": 0.0006365624999999998, ""reference_event_present"": true, ""false_positive_event"": false, ""false_negative_target_mass"": 4.5781249999999815e-05, ""false_positive_target_mass"": 4.3671874999999874e-05}, {""cycle"": 2, ""event_time"": null, ""pre_roi_fraction"": 0.0, ""peak_roi_fraction"": 0.0, ""peak_full_domain_fraction"": 0.0, ""peak_outside_roi_fraction"": 0.0, ""recovery_fraction"": 0.0, ""peak_time_index"": 404, ""recall"": 0.0, ""precision"": 0.0, ""mass_ratio"": 0.0, ""reference_event_time"": 1.2293, ""timing_absolute"": null, ""support_window"": [1.01, 1.36], ""support_measure"": ""global trapezoid time times cell volume"", ""teacher_active_target_mass"": 0.0009009374999999999, ""predicted_active_target_mass"": 0.0, ""true_positive_target_mass"": 0.0, ""reference_event_present"": true, ""false_positive_event"": false, ""false_negative_target_mass"": 0.0009009374999999999, ""false_positive_target_mass"": 0.0}]",True,False,"[""cycle_2_event_missing"", ""cycle_2_roi_peak_below_minimum"", ""cycle_2_recovery_failure""]",COMMON_FV_FACE_FLUX_EDGE_DISSIPATION_V1,0.5270178122387625,0.5270178122387602,0.3651402125145803,0.2687680406026689,0.06370727554882398,0.06370727554882875,0.06002576892991056,0.23223003190887928,shorter/43/F,shorter,43,F,b1_missing_phase,"[240, 120]","[160, 80]",restricted 160x80 diagnostic; native fine metric separately named,0.23880451036456557
spatial,fine,shorter/B_E,0.0038390624999999996,0.08294783408479162,0.013065281860570451,0.009722729714016222,0.06592268861406436,0.03719175120761316,2.0547689779750802e-12,2.1614785775656224e-14,1.1662924257604613e-14,0.9804634545213793,0.022726377835373374,0.062240139695558444,0.022726377835375875,0.06224013969556529,0.03474243113027585,0.06592268861405387,0.24326247572933046,0.03474243113028138,0.06592268861405093,"[{""cycle"": 1, ""event_time"": 0.2558714285714286, ""pre_roi_fraction"": 0.0, ""peak_roi_fraction"": 0.05965909090909091, ""peak_full_domain_fraction"": 0.018046875, ""peak_outside_roi_fraction"": 0.0, ""recovery_fraction"": 1.0, ""peak_time_index"": 135, ""recall"": 0.7991756354476759, ""precision"": 0.9797866367209431, ""mass_ratio"": 0.8156629264941611, ""reference_event_time"": 0.2409, ""timing_absolute"": 0.01497142857142858, ""support_window"": [0.0, 0.35], ""support_measure"": ""global trapezoid time times cell volume"", ""teacher_active_target_mass"": 0.0006823437499999996, ""predicted_active_target_mass"": 0.0005565624999999999, ""true_positive_target_mass"": 0.0005453124999999998, ""reference_event_present"": true, ""false_positive_event"": false, ""false_negative_target_mass"": 0.00013703124999999978, ""false_positive_target_mass"": 1.1250000000000084e-05}, {""cycle"": 2, ""event_time"": null, ""pre_roi_fraction"": 0.0, ""peak_roi_fraction"": 0.0, ""peak_full_domain_fraction"": 0.0, ""peak_outside_roi_fraction"": 0.0, ""recovery_fraction"": 0.0, ""peak_time_index"": 404, ""recall"": 0.0, ""precision"": 0.0, ""mass_ratio"": 0.0, ""reference_event_time"": 1.2293, ""timing_absolute"": null, ""support_window"": [1.01, 1.36], ""support_measure"": ""global trapezoid time times cell volume"", ""teacher_active_target_mass"": 0.0009009374999999999, ""predicted_active_target_mass"": 0.0, ""true_positive_target_mass"": 0.0, ""reference_event_present"": true, ""false_positive_event"": false, ""false_negative_target_mass"": 0.0009009374999999999, ""false_positive_target_mass"": 0.0}]",True,False,"[""cycle_2_event_missing"", ""cycle_2_roi_peak_below_minimum"", ""cycle_2_recovery_failure""]",COMMON_FV_FACE_FLUX_EDGE_DISSIPATION_V1,0.5270178122387625,0.5270178122387602,0.3651402125145803,0.2687680406026689,0.06597236646668023,0.06597236646666972,0.06228734805530239,0.241532988291807,shorter/B_E,shorter,,B_E,b1_missing_phase,"[240, 120]","[160, 80]",restricted 160x80 diagnostic; native fine metric separately named,0.24843441002827563
