comparison,full/A/passed,full/A/gain/S,full/A/gain/Ephi,full/A/noninferior/ET,full/A/noninferior/EI,full/A/noninferior/EV,full/A/relative_changes/S,full/A/relative_changes/Ephi,full/A/relative_changes/ET,full/A/relative_changes/EI,full/A/relative_changes/EV,full/B/passed,full/B/gain/bottom_current_NRMSE,full/B/gain/power_trace_NRMSE,full/B/noninferior/S,full/B/noninferior/Ephi,full/B/noninferior/ET,full/B/noninferior/EV,full/B/noninferior/EI,full/B/relative_changes/bottom_current_NRMSE,full/B/relative_changes/power_trace_NRMSE,full/B/relative_changes/S,full/B/relative_changes/Ephi,full/B/relative_changes/ET,full/B/relative_changes/EV,full/B/relative_changes/EI,full/B/claim_layer,A_w/passed,A_w/gain/S,A_w/gain/Ephi,A_w/noninferior/ET,A_w/noninferior/EI,A_w/noninferior/EV,A_w/relative_changes/S,A_w/relative_changes/Ephi,A_w/relative_changes/ET,A_w/relative_changes/EI,A_w/relative_changes/EV,outside_cost_flags/S,outside_cost_flags/Ephi,outside_cost_flags/ET,outside_cost_flags/EI,outside_cost_flags/EV,outside_cost_flags/bottom_current_NRMSE,outside_cost_flags/power_trace_NRMSE,continuous_effects/window/S/candidate_error,continuous_effects/window/S/control_error,continuous_effects/window/S/signed_difference,continuous_effects/window/S/relative_error_reduction,continuous_effects/window/Ephi/candidate_error,continuous_effects/window/Ephi/control_error,continuous_effects/window/Ephi/signed_difference,continuous_effects/window/Ephi/relative_error_reduction,continuous_effects/window/ET/candidate_error,continuous_effects/window/ET/control_error,continuous_effects/window/ET/signed_difference,continuous_effects/window/ET/relative_error_reduction,continuous_effects/window/EV/candidate_error,continuous_effects/window/EV/control_error,continuous_effects/window/EV/signed_difference,continuous_effects/window/EV/relative_error_reduction,continuous_effects/window/EI/candidate_error,continuous_effects/window/EI/control_error,continuous_effects/window/EI/signed_difference,continuous_effects/window/EI/relative_error_reduction,continuous_effects/window/bottom_current_NRMSE/candidate_error,continuous_effects/window/bottom_current_NRMSE/control_error,continuous_effects/window/bottom_current_NRMSE/signed_difference,continuous_effects/window/bottom_current_NRMSE/relative_error_reduction,continuous_effects/window/power_trace_NRMSE/candidate_error,continuous_effects/window/power_trace_NRMSE/control_error,continuous_effects/window/power_trace_NRMSE/signed_difference,continuous_effects/window/power_trace_NRMSE/relative_error_reduction,continuous_effects/outside/S/candidate_error,continuous_effects/outside/S/control_error,continuous_effects/outside/S/signed_difference,continuous_effects/outside/S/relative_error_reduction,continuous_effects/outside/Ephi/candidate_error,continuous_effects/outside/Ephi/control_error,continuous_effects/outside/Ephi/signed_difference,continuous_effects/outside/Ephi/relative_error_reduction,continuous_effects/outside/ET/candidate_error,continuous_effects/outside/ET/control_error,continuous_effects/outside/ET/signed_difference,continuous_effects/outside/ET/relative_error_reduction,continuous_effects/outside/EV/candidate_error,continuous_effects/outside/EV/control_error,continuous_effects/outside/EV/signed_difference,continuous_effects/outside/EV/relative_error_reduction,continuous_effects/outside/EI/candidate_error,continuous_effects/outside/EI/control_error,continuous_effects/outside/EI/signed_difference,continuous_effects/outside/EI/relative_error_reduction,continuous_effects/outside/bottom_current_NRMSE/candidate_error,continuous_effects/outside/bottom_current_NRMSE/control_error,continuous_effects/outside/bottom_current_NRMSE/signed_difference,continuous_effects/outside/bottom_current_NRMSE/relative_error_reduction,continuous_effects/outside/power_trace_NRMSE/candidate_error,continuous_effects/outside/power_trace_NRMSE/control_error,continuous_effects/outside/power_trace_NRMSE/signed_difference,continuous_effects/outside/power_trace_NRMSE/relative_error_reduction,continuous_effects/full/S/candidate_error,continuous_effects/full/S/control_error,continuous_effects/full/S/signed_difference,continuous_effects/full/S/relative_error_reduction,continuous_effects/full/Ephi/candidate_error,continuous_effects/full/Ephi/control_error,continuous_effects/full/Ephi/signed_difference,continuous_effects/full/Ephi/relative_error_reduction,continuous_effects/full/ET/candidate_error,continuous_effects/full/ET/control_error,continuous_effects/full/ET/signed_difference,continuous_effects/full/ET/relative_error_reduction,continuous_effects/full/EV/candidate_error,continuous_effects/full/EV/control_error,continuous_effects/full/EV/signed_difference,continuous_effects/full/EV/relative_error_reduction,continuous_effects/full/EI/candidate_error,continuous_effects/full/EI/control_error,continuous_effects/full/EI/signed_difference,continuous_effects/full/EI/relative_error_reduction,continuous_effects/full/bottom_current_NRMSE/candidate_error,continuous_effects/full/bottom_current_NRMSE/control_error,continuous_effects/full/bottom_current_NRMSE/signed_difference,continuous_effects/full/bottom_current_NRMSE/relative_error_reduction,continuous_effects/full/power_trace_NRMSE/candidate_error,continuous_effects/full/power_trace_NRMSE/control_error,continuous_effects/full/power_trace_NRMSE/signed_difference,continuous_effects/full/power_trace_NRMSE/relative_error_reduction
D_vs_P,False,False,False,True,True,True,-0.00123270493719598,-0.0022768950575746158,0.00693685303790015,0.008931142669620876,0.010029977196318558,False,False,False,True,True,True,True,True,0.008931142669610597,0.007042015416298111,-0.00123270493719598,-0.0022768950575746158,0.00693685303790015,0.010029977196318558,0.008931142669620876,limited device-function signal; separate from phase reconstruction and strict usability,False,False,False,True,True,True,-0.004410172445665036,-0.0035297392703276167,0.003723211432952863,0.007733322351449148,0.010420737535394877,False,False,False,False,False,False,False,0.007290377475247525,0.00732267172029703,-3.2294245049504545e-05,0.004410172445664995,0.08372554186835324,0.08402211803796795,-0.0002965761696147179,0.0035297392703276254,0.013099879478694463,0.013051286778545834,4.859270014862839e-05,-0.0037232114329528443,0.004515535102656693,0.00446896518936352,4.6569913293173504e-05,-0.010420737535394853,0.025084495538905512,0.024891997696745053,0.00019249784216045923,-0.007733322351449079,0.025084495538905665,0.02489199769674201,0.0001924978421636546,-0.007733322351578531,0.024857287943693022,0.02476325445088178,9.403349281124004e-05,-0.0037972994623043377,0.0012181470218120805,0.0012038590604026844,1.4287961409396085e-05,-0.011868466898954821,0.0243326926392658,0.024140727452088416,0.0001919651871773835,-0.00795192222597163,0.01382457800982579,0.01370251592812266,0.00012206208170312954,-0.00890800509507983,0.0033926320841909064,0.0033605011876986428,3.213089649226368e-05,-0.009561340614870462,0.024354900640557953,0.024107431711848842,0.0002474689287091103,-0.010265254783962785,0.024354900640555323,0.0241074317118502,0.0002474689287051239,-0.010265254783796696,0.024921701577924584,0.02466378041983882,0.00025792115808576446,-0.01045748679623748,0.003671328125,0.003675859375,-4.531249999999761e-06,0.0012327049371957388,0.05643497185988691,0.05656376160913257,-0.00012878974924565578,0.002276895057574446,0.013536471577675242,0.013443217950396878,9.32536272783644e-05,-0.006936853037900148,0.0038855520585571114,0.0038469670666040844,3.8584991953027024e-05,-0.010029977196318374,0.024730587551360598,0.024511670326602994,0.00021891722475760392,-0.008931142669620806,0.024730587551359415,0.024511670326602064,0.00021891722475735065,-0.008931142669610814,0.02488876620300785,0.02471472473044648,0.0001740414725613683,-0.007042015416298009
D_vs_L,False,False,False,True,True,True,0.018354786980453296,0.017160626790180093,0.006541517396614321,0.01915468127463435,0.021784348864287758,False,False,False,True,True,True,True,True,0.019154681274664576,0.020587827182601007,0.018354786980453296,0.017160626790180093,0.006541517396614321,0.021784348864287758,0.01915468127463435,limited device-function signal; separate from phase reconstruction and strict usability,False,False,False,True,True,True,0.021957169964760118,0.018130049370699258,0.0071517940211819,0.004642836825057723,0.010633242426093316,False,False,False,False,False,False,False,0.007290377475247525,0.0071337407178217824,0.0001566367574257427,-0.021957169964760048,0.08372554186835324,0.08223462407391231,0.001490917794440924,-0.018130049370699286,0.013099879478694463,0.013006857115739748,9.302236295471479e-05,-0.007151794021181823,0.004515535102656693,0.004468025504303467,4.750959835322661e-05,-0.010633242426093314,0.025084495538905512,0.024968570540132733,0.00011592499877277965,-0.004642836825057728,0.025084495538905665,0.024968570540130058,0.00011592499877560725,-0.004642836825171415,0.024857287943693022,0.024737158322497014,0.0001201296211960079,-0.004856241757031476,0.0012181470218120805,0.0012132969798657718,4.850041946308659e-06,-0.003997407087294569,0.0243326926392658,0.02410419573505699,0.00022849690420881016,-0.009479548984763886,0.01382457800982579,0.013739795002352733,8.478300747305663e-05,-0.006170616625541969,0.0033926320841909064,0.0032757672807905746,0.00011686480340033188,-0.03567555121685184,0.024354900640557953,0.023508205033903197,0.0008466956066547557,-0.036017024925283136,0.024354900640555323,0.023508205033902184,0.0008466956066531389,-0.03601702492521586,0.024921701577924584,0.02401405303032621,0.0009076485475983734,-0.037796557975954714,0.003671328125,0.0036051562500000007,6.617187499999939e-05,-0.01835478698045323,0.05643497185988691,0.05548285135453666,0.0009521205053502554,-0.017160626790180267,0.013536471577675242,0.013448497994088579,8.797358358666324e-05,-0.006541517396614349,0.0038855520585571114,0.0038027124440454573,8.283961451165415e-05,-0.021784348864287706,0.024730587551360598,0.024265784189334835,0.0004648033620257633,-0.019154681274634155,0.024730587551359415,0.024265784189332947,0.0004648033620264676,-0.019154681274664576,0.02488876620300785,0.02438669709760786,0.0005020691053999882,-0.020587827182600993
D_vs_R,False,False,False,True,True,True,-0.001381274172298217,-0.0008542487376107107,0.008504305022601395,0.025660329760894125,0.028109839098111624,False,False,False,True,True,True,True,True,0.025660329760951027,0.02552042832025052,-0.001381274172298217,-0.0008542487376107107,0.008504305022601395,0.028109839098111624,0.025660329760894125,limited device-function signal; separate from phase reconstruction and strict usability,False,False,False,True,True,True,-0.003831417624521135,-0.0022769349350468936,0.007258282696791309,0.021848459538516593,0.02694378755237227,False,False,False,False,False,False,False,0.007290377475247525,0.007318417388613862,-2.8039913366337092e-05,0.003831417624521105,0.08372554186835324,0.08391661453962938,-0.00019107267127614624,0.0022769349350468815,0.013099879478694463,0.01300548201363149,9.439746506297204e-05,-0.007258282696791296,0.004515535102656693,0.0043970616088141136,0.00011847349384257969,-0.026943787552372367,0.025084495538905512,0.024548156142677045,0.000536339396228467,-0.021848459538516662,0.025084495538905665,0.02454815614267577,0.0005363393962298964,-0.02184845953857595,0.024857287943693022,0.024359902552367092,0.0004973853913259295,-0.020418201191761298,0.0012181470218120805,0.0012076604446308724,1.0486577181208082e-05,-0.008683382177358201,0.0243326926392658,0.024072986130130602,0.0002597065091351977,-0.01078829638048684,0.01382457800982579,0.01369766963355393,0.00012690837627185939,-0.009264961096811852,0.0033926320841909064,0.0032953682153968053,9.726386879410111e-05,-0.029515326493609884,0.024354900640557953,0.023646904868030776,0.0007079957725271771,-0.029940314661828893,0.024354900640555323,0.023646904868026963,0.0007079957725283602,-0.029940314661883738,0.024921701577924584,0.024174223537149972,0.0007474780407746122,-0.030920457057324713,0.003671328125,0.00367640625,-5.078124999999874e-06,0.0013812741722979416,0.05643497185988691,0.056483222581473314,-4.8250721586401424e-05,0.0008542487376106411,0.013536471577675242,0.013422324039927502,0.00011414753774774064,-0.008504305022601466,0.0038855520585571114,0.003779316091328951,0.00010623596722816051,-0.0281098390981116,0.024730587551360598,0.024111869040626625,0.0006187185107339732,-0.025660329760894163,0.024730587551359415,0.024111869040624134,0.0006187185107352812,-0.025660329760951006,0.02488876620300785,0.024269400702016598,0.0006193655009912521,-0.025520428320250588
D_vs_I,False,False,False,True,True,True,-0.002356487771739366,-0.0023760252115505695,0.004678269597721221,0.0010822850248081608,0.0010487102568616613,False,False,False,True,True,True,True,True,0.0010822850247017837,-0.000864126329360727,-0.002356487771739366,-0.0023760252115505695,0.004678269597721221,0.0010487102568616613,0.0010822850248081608,limited device-function signal; separate from phase reconstruction and strict usability,False,False,False,True,True,True,-0.0050932889979680256,-0.0031296454751295736,0.0031254326663607513,-0.007209607886709722,-0.006301345554285656,False,False,False,False,False,False,False,0.007290377475247525,0.007327699566831684,-3.732209158415888e-05,0.005093288997968015,0.08372554186835324,0.08398839577114178,-0.0002628539027885457,0.0031296454751296165,0.013099879478694463,0.01305906425268701,4.081522600745194e-05,-0.0031254326663607834,0.004515535102656693,0.004544169484837897,-2.8634382181203823e-05,0.006301345554285631,0.025084495538905512,0.025266658237404704,-0.00018216269849919212,0.007209607886709768,0.025084495538905665,0.025266658237402772,-0.00018216269849710698,0.0072096078866277225,0.024857287943693022,0.02515923485066171,-0.0003019469069686885,0.012001434414081413,0.0012181470218120805,0.0012073982802013423,1.0748741610738192e-05,-0.008902399305178443,0.0243326926392658,0.02424215583710505,9.053680216074972e-05,-0.003734684438509106,0.01382457800982579,0.013747223239350218,7.73547704755722e-05,-0.0056269378280080495,0.0033926320841909064,0.003358728555924875,3.390352826603124e-05,-0.010094155482206046,0.024354900640557953,0.024101100466627588,0.0002538001739303651,-0.010530646693158285,0.024354900640555323,0.024101100466632726,0.000253800173922597,-0.010530646692833656,0.024921701577924584,0.024646791266231705,0.0002749103116928796,-0.011154000077467696,0.003671328125,0.00368,-8.671874999999999e-06,0.0023564877717391353,0.05643497185988691,0.05656938213804874,-0.00013441027816182838,0.0023760252115503366,0.013536471577675242,0.013473439196704552,6.303238097069008e-05,-0.004678269597721441,0.0038855520585571114,0.0038814815090867138,4.070549470397682e-06,-0.0010487102568614848,0.024730587551360598,0.02470385094342943,2.673660793116664e-05,-0.0010822850248082272,0.024730587551359415,0.024703850943430875,2.6736607928540268e-05,-0.0010822850247018678,0.02488876620300785,0.024910291842060634,-2.1525639052784318e-05,0.000864126329360726
D_vs_RI,False,False,False,True,True,True,0.01820033367278368,0.015909766106488577,0.005493458504026831,0.014874842314044562,0.01824766351046544,False,False,False,True,True,True,True,True,0.014874842314001794,0.016358868095341823,0.01820033367278368,0.015909766106488577,0.005493458504026831,0.01824766351046544,0.014874842314044562,limited device-function signal; separate from phase reconstruction and strict usability,False,False,False,True,True,True,0.020601532255881273,0.016539450616233964,0.004306069758647861,0.00019667981285369324,0.007402772425938582,False,False,False,False,False,False,False,0.007290377475247525,0.007143216274752476,0.0001471612004950492,-0.02060153225588124,0.08372554186835324,0.08236329816575065,0.0013622437026025863,-0.016539450616233964,0.013099879478694463,0.013043712343431909,5.616713526255396e-05,-0.00430606975864789,0.004515535102656693,0.004482353261528931,3.318184112776224e-05,-0.007402772425938675,0.025084495538905512,0.025079562895168838,4.932643736674236e-06,-0.00019667981285365066,0.025084495538905665,0.025079562895168977,4.932643736688114e-06,-0.0001966798128543168,0.024857287943693022,0.02483982425049104,1.746369320198074e-05,-0.0007030522046320709,0.0012181470218120805,0.0012077915268456376,1.0355494966442919e-05,-0.008573909268504432,0.0243326926392658,0.024070367230702213,0.0002623254085635865,-0.010898271972726192,0.01382457800982579,0.013739144916733871,8.543309309191893e-05,-0.00621822490480195,0.0033926320841909064,0.003288245905087704,0.00010438617910320247,-0.03174524719750793,0.024354900640557953,0.02360101080179967,0.0007538898387582822,-0.03194311655078752,0.024354900640555323,0.023601010801799223,0.0007538898387560999,-0.031943116550695594,0.024921701577924584,0.024114256409410142,0.0008074451685144424,-0.033484141281642454,0.003671328125,0.0036057031249999995,6.562500000000058e-05,-0.018200333672784064,0.05643497185988691,0.0555511658049868,0.0008838060549001131,-0.015909766106488643,0.013536471577675242,0.013462515805736623,7.395577193861948e-05,-0.005493458504026938,0.0038855520585571114,0.0038159204266292692,6.96316319278422e-05,-0.01824766351046536,0.024730587551360598,0.02436811567323089,0.00036247187812970746,-0.014874842314044567,0.024730587551359415,0.02436811567323075,0.00036247187812866316,-0.014874842314001713,0.02488876620300785,0.02448816750096296,0.0004005987020448895,-0.016358868095341927
D_vs_RIM,False,False,False,True,True,True,0.018045927209705263,0.01813772581337562,0.008361492020989642,0.013112247008530448,0.014448990937711166,False,False,False,True,True,True,True,True,0.01311224700849336,0.015070792739476082,0.018045927209705263,0.01813772581337562,0.008361492020989642,0.014448990937711166,0.013112247008530448,limited device-function signal; separate from phase reconstruction and strict usability,False,False,False,True,True,True,0.022511526986710082,0.019550369273996473,0.011912053212449989,-0.008015729820752875,-0.003493305983298253,False,False,False,False,False,False,False,0.007290377475247525,0.007129873143564357,0.00016050433168316846,-0.022511526986709995,0.08372554186835324,0.08212006428674308,0.0016054775816101569,-0.01955036927399645,0.013099879478694463,0.012945669969151119,0.00015420950954334392,-0.011912053212449925,0.004515535102656693,0.00453136454553612,-1.58294428794269e-05,0.0034933059832982227,0.025084495538905512,0.02528719082851269,-0.00020269528960717778,0.008015729820752826,0.025084495538905665,0.0252871908285133,-0.00020269528960763575,0.008015729820770812,0.024857287943693022,0.025052263783638905,-0.0001949758399458837,0.0077827633314805356,0.0012181470218120805,0.0012177537751677852,3.9324664429527326e-07,-0.00032292787944032675,0.0243326926392658,0.024163324809271528,0.00016936782999427136,-0.007009293271151407,0.01382457800982579,0.013739138951314633,8.543905851115738e-05,-0.006218661796340674,0.0033926320841909064,0.0032705378725802364,0.00012209421161067007,-0.037331538837783285,0.024354900640557953,0.02345847998994399,0.000896420650613964,-0.03821307480272518,0.024354900640555323,0.023458479989942698,0.0008964206506126247,-0.03821307480267033,0.024921701577924584,0.023948102686751623,0.0009735988911729609,-0.040654531338366384,0.003671328125,0.0036062500000000005,6.50781249999996e-05,-0.018045927209705326,0.05643497185988691,0.055429604884547234,0.0010053669753396777,-0.018137725813375916,0.013536471577675242,0.013424225027222155,0.0001122465504530875,-0.00836149202098957,0.0038855520585571114,0.0038302093976804903,5.5342660876621114e-05,-0.014448990937711015,0.024730587551360598,0.024410510902798676,0.0003200766485619219,-0.013112247008530531,0.024730587551359415,0.024410510902798402,0.0003200766485610129,-0.01311224700849345,0.02488876620300785,0.024519241791834023,0.00036952441117382717,-0.01507079273947598
D_vs_G,False,False,False,True,True,True,0.013741478988695908,0.011714194052941206,0.007684300200367465,0.006797256773478587,0.008946923307210686,False,False,False,True,True,True,True,True,0.006797256773521434,0.006606570034724755,0.013741478988695908,0.011714194052941206,0.007684300200367465,0.008946923307210686,0.006797256773478587,limited device-function signal; separate from phase reconstruction and strict usability,False,False,False,True,True,True,0.015324122700708254,0.012233377592155155,0.0066722738794194325,-0.0016776052226889302,0.0034542170918297334,False,False,False,False,False,False,False,0.007290377475247525,0.007180344987623763,0.00011003248762376204,-0.015324122700708154,0.08372554186835324,0.08271367425910706,0.001011867609246181,-0.012233377592155259,0.013099879478694463,0.0130130528262305,8.682665246396298e-05,-0.006672273879419377,0.004515535102656693,0.004499991156291548,1.554394636514491e-05,-0.003454217091829692,0.025084495538905512,0.025126648135045532,-4.2152596140019455e-05,0.0016776052226888938,0.025084495538905665,0.02512664813504292,-4.2152596137254306e-05,0.0016776052225790927,0.024857287943693022,0.02493946780794235,-8.217986424932655e-05,0.0032951731320888245,0.0012181470218120805,0.0012092334312080535,8.913590604026989e-06,-0.007371273712737159,0.0243326926392658,0.024149728715298746,0.00018296392396705344,-0.007576231026195535,0.01382457800982579,0.013710754562951892,0.000113823446873898,-0.008301763870929735,0.0033926320841909064,0.0033403113230376213,5.232076115328516e-05,-0.015663438552100395,0.024354900640557953,0.023960549835681876,0.00039435080487607715,-0.016458337040697213,0.024354900640555323,0.023960549835680075,0.00039435080487524796,-0.016458337040663906,0.024921701577924584,0.024499159958835753,0.0004225416190888308,-0.01724718805864356,0.003671328125,0.0036215625,4.97656249999999e-05,-0.013741478988696043,0.05643497185988691,0.055781536121192105,0.0006534357386948075,-0.011714194052941496,0.013536471577675242,0.01343324647906458,0.0001032250986106615,-0.007684300200367478,0.0038855520585571114,0.0038510965926936216,3.445546586348979e-05,-0.008946923307210586,0.024730587551360598,0.024563622303278472,0.00016696524808212584,-0.006797256773478422,0.024730587551359415,0.024563622303276248,0.00016696524808316668,-0.006797256773521498,0.02488876620300785,0.024725416010496794,0.00016335019251105531,-0.006606570034724868
P_vs_D,False,False,False,True,True,True,0.001234226374141001,0.0022820911396113316,-0.006889064609137961,-0.008852083449410797,-0.009930375753955509,False,False,False,True,True,True,True,True,-0.0088520834494007,-0.006992772206616456,0.001234226374141001,0.0022820911396113316,-0.006889064609137961,-0.009930375753955509,-0.008852083449410797,limited device-function signal; separate from phase reconstruction and strict usability,False,False,False,True,True,True,0.004429708222811616,0.0035422424626530653,-0.0037094005504141594,-0.007673977013486248,-0.010313265700398236,False,False,False,False,False,False,False,0.00732267172029703,0.007290377475247525,3.2294245049504545e-05,-0.004429708222811524,0.08402211803796795,0.08372554186835324,0.0002965761696147179,-0.0035422424626530002,0.013051286778545834,0.013099879478694463,-4.859270014862839e-05,0.0037094005504141325,0.00446896518936352,0.004515535102656693,-4.6569913293173504e-05,0.010313265700398255,0.024891997696745053,0.025084495538905512,-0.00019249784216045923,0.007673977013486266,0.02489199769674201,0.025084495538905665,-0.0001924978421636546,0.007673977013613609,0.02476325445088178,0.024857287943693022,-9.403349281124004e-05,0.003782934527058801,0.0012038590604026844,0.0012181470218120805,-1.4287961409396085e-05,0.011729258581728241,0.024140727452088416,0.0243326926392658,-0.0001919651871773835,0.007889188016438786,0.01370251592812266,0.01382457800982579,-0.00012206208170312954,0.008829353172037036,0.0033605011876986428,0.0033926320841909064,-3.213089649226368e-05,0.009470787192630836,0.024107431711848842,0.024354900640557953,-0.0002474689287091103,0.010160950042924943,0.0241074317118502,0.024354900640555323,-0.0002474689287051239,0.010160950042762407,0.02466378041983882,0.024921701577924584,-0.00025792115808576446,0.01034925955113064,0.003675859375,0.003671328125,4.531249999999761e-06,-0.0012342263741407233,0.05656376160913257,0.05643497185988691,0.00012878974924565578,-0.0022820911396113086,0.013443217950396878,0.013536471577675242,-9.32536272783644e-05,0.006889064609137963,0.0038469670666040844,0.0038855520585571114,-3.8584991953027024e-05,0.00993037575395539,0.024511670326602994,0.024730587551360598,-0.00021891722475760392,0.008852083449410797,0.024511670326602064,0.024730587551359415,-0.00021891722475735065,0.008852083449401027,0.02471472473044648,0.02488876620300785,-0.0001740414725613683,0.006992772206616427
P_vs_L,False,False,False,True,True,True,0.019611667316777315,0.01948188004413947,-0.00039261214851071563,0.010133038988133622,0.011637646340554619,False,False,False,True,True,True,True,True,0.010133038988173871,0.013451088990267434,0.019611667316777315,0.01948188004413947,-0.00039261214851071563,0.011637646340554619,0.010133038988133622,limited device-function signal; separate from phase reconstruction and strict usability,False,False,False,True,True,True,0.0264841420439143,0.02173651286408321,0.0034158646020891205,-0.0030667692115013854,0.00021031327129803263,False,False,False,False,False,False,False,0.00732267172029703,0.0071337407178217824,0.00018893100247524726,-0.02648414204391436,0.08402211803796795,0.08223462407391231,0.001787493964055642,-0.02173651286408318,0.013051286778545834,0.013006857115739748,4.44296628060864e-05,-0.0034158646020892025,0.00446896518936352,0.004468025504303467,9.39685060053104e-07,-0.0002103132712980571,0.024891997696745053,0.024968570540132733,-7.657284338767958e-05,0.0030667692115013967,0.02489199769674201,0.024968570540130058,-7.657284338804735e-05,0.0030667692115164957,0.02476325445088178,0.024737158322497014,2.6096128384767853e-05,-0.0010549363853582516,0.0012038590604026844,0.0012132969798657718,-9.437919463087426e-06,0.007778738115816863,0.024140727452088416,0.02410419573505699,3.653171703142666e-05,-0.0015155750240734012,0.01370251592812266,0.013739795002352733,-3.7279074230072914e-05,0.0027132190999712424,0.0033605011876986428,0.0032757672807905746,8.47339069080682e-05,-0.025866888470666538,0.024107431711848842,0.023508205033903197,0.0005992266779456454,-0.02549010769139759,0.0241074317118502,0.023508205033902184,0.000599226677948015,-0.02549010769149951,0.02466378041983882,0.02401405303032621,0.0006497273895126089,-0.027056132036191505,0.003675859375,0.0036051562500000007,7.070312499999915e-05,-0.019611667316776993,0.05656376160913257,0.05548285135453666,0.0010809102545959112,-0.019481880044139643,0.013443217950396878,0.013448497994088579,-5.280043691701167e-06,0.00039261214851071813,0.0038469670666040844,0.0038027124440454573,4.425462255862713e-05,-0.01163764634055453,0.024511670326602994,0.024265784189334835,0.00024588613726815936,-0.010133038988133336,0.024511670326602064,0.024265784189332947,0.00024588613726911693,-0.010133038988173526,0.02471472473044648,0.02438669709760786,0.0003280276328386199,-0.013451088990267479
P_vs_R,False,False,False,True,True,True,-0.0001487526031705863,0.0014258929285254952,0.0015566537067069164,0.01658109893110049,0.017900322079528637,False,False,False,True,True,True,True,True,0.016581098931167246,0.018349197571775264,-0.0001487526031705863,0.0014258929285254952,0.0015566537067069164,0.017900322079528637,0.01658109893110049,limited device-function signal; separate from phase reconstruction and strict usability,False,False,False,True,True,True,0.0005813185361341137,0.0012572420719945503,0.0035219582685466107,0.014006817948751684,0.016352643411971336,False,False,False,False,False,False,False,0.00732267172029703,0.007318417388613862,4.254331683167453e-06,-0.0005813185361340789,0.08402211803796795,0.08391661453962938,0.00010550349833857164,-0.0012572420719945132,0.013051286778545834,0.01300548201363149,4.5804764914343654e-05,-0.003521958268546621,0.00446896518936352,0.0043970616088141136,7.190358054940619e-05,-0.0163526434119714,0.024891997696745053,0.024548156142677045,0.00034384155406800773,-0.014006817948751582,0.02489199769674201,0.02454815614267577,0.0003438415540662418,-0.014006817948680528,0.02476325445088178,0.024359902552367092,0.00040335189851468944,-0.01655802594643374,0.0012038590604026844,0.0012076604446308724,-3.801384228188003e-06,0.0031477260392923645,0.024140727452088416,0.024072986130130602,6.774132195781421e-05,-0.002813997465525242,0.01370251592812266,0.01369766963355393,4.846294568729842e-06,-0.00035380431112597144,0.0033605011876986428,0.0032953682153968053,6.513297230183743e-05,-0.019765005924837098,0.024107431711848842,0.023646904868030776,0.0004605268438180668,-0.01947514257735583,0.0241074317118502,0.023646904868026963,0.0004605268438232363,-0.01947514257757743,0.02466378041983882,0.024174223537149972,0.0004895568826888477,-0.02025119367066819,0.003675859375,0.00367640625,-5.468750000001132e-07,0.0001487526031705988,0.05656376160913257,0.056483222581473314,8.053902765925436e-05,-0.001425892928525574,0.013443217950396878,0.013422324039927502,2.0893910469376234e-05,-0.0015566537067071007,0.0038469670666040844,0.003779316091328951,6.765097527513348e-05,-0.01790032207952863,0.024511670326602994,0.024111869040626625,0.0003998012859763693,-0.016581098931100602,0.024511670326602064,0.024111869040624134,0.00039980128597793055,-0.016581098931166993,0.02471472473044648,0.024269400702016598,0.00044532402842988386,-0.018349197571775333
P_vs_I,False,False,False,True,True,True,-0.0011251698369565864,-9.935637802201043e-05,-0.0022430239129344067,-0.007779378901958287,-0.008892079584001511,False,False,False,True,True,True,True,True,-0.007779378902053614,-0.007850855897398224,-0.0011251698369565864,-9.935637802201043e-05,-0.0022430239129344067,-0.008892079584001511,-0.007779378901958287,limited device-function signal; separate from phase reconstruction and strict usability,False,False,False,True,True,True,-0.0006861425593118651,0.00040151102442843753,-0.0005955613657062888,-0.01482825853499711,-0.01654962380371252,False,False,False,False,False,False,False,0.00732267172029703,0.007327699566831684,-5.027846534654337e-06,0.0006861425593118753,0.08402211803796795,0.08398839577114178,3.372226682617219e-05,-0.0004015110244284248,0.013051286778545834,0.01305906425268701,-7.777474141176452e-06,0.0005955613657062653,0.00446896518936352,0.004544169484837897,-7.520429547437733e-05,0.0165496238037125,0.024891997696745053,0.025266658237404704,-0.00037466054065965135,0.01482825853499714,0.02489199769674201,0.025266658237402772,-0.00037466054066076157,0.014828258535042216,0.02476325445088178,0.02515923485066171,-0.00039598039977992855,0.015738968300521017,0.0012038590604026844,0.0012073982802013423,-3.539219798657893e-06,0.002931277819998024,0.024140727452088416,0.02424215583710505,-0.00010142838501663379,0.004183967205647066,0.01370251592812266,0.013747223239350218,-4.470731122755735e-05,0.003252097565389578,0.0033605011876986428,0.003358728555924875,1.7726317737675606e-06,-0.0005277686911140389,0.024107431711848842,0.024101100466627588,6.331245221254805e-06,-0.00026269527526445735,0.0241074317118502,0.024101100466632726,6.331245217473108e-06,-0.0002626952751074718,0.02466378041983882,0.024646791266231705,1.6989153607115115e-05,-0.0006893048845020289,0.003675859375,0.00368,-4.140625000000238e-06,0.001125169836956541,0.05656376160913257,0.05656938213804874,-5.620528916172596e-06,9.935637802194197e-05,0.013443217950396878,0.013473439196704552,-3.0221246307674324e-05,0.0022430239129342944,0.0038469670666040844,0.0038814815090867138,-3.451444248262934e-05,0.008892079584001511,0.024511670326602994,0.02470385094342943,-0.00019218061682643728,0.007779378901958234,0.024511670326602064,0.024703850943430875,-0.00019218061682881038,0.007779378902053935,0.02471472473044648,0.024910291842060634,-0.0001955671116141526,0.007850855897398201
P_vs_RI,False,False,False,True,True,True,0.019457023378761797,0.018228164782364817,-0.0014334508956729886,0.005891085519173016,0.008136081601219269,False,False,False,True,True,True,True,True,0.005891085519140873,0.009251702050576557,0.019457023378761797,0.018228164782364817,-0.0014334508956729886,0.008136081601219269,0.005891085519173016,limited device-function signal; separate from phase reconstruction and strict usability,False,False,False,True,True,True,0.025122499255529285,0.020140279823168808,0.0005806962707008511,-0.007478806516995411,-0.00298684003340794,False,False,False,False,False,False,False,0.00732267172029703,0.007143216274752476,0.00017945544554455375,-0.02512249925552923,0.08402211803796795,0.08236329816575065,0.0016588198722173042,-0.020140279823168905,0.013051286778545834,0.013043712343431909,7.574435113925568e-06,-0.0005806962707008978,0.00446896518936352,0.004482353261528931,-1.3388072165411262e-05,0.002986840033407989,0.024891997696745053,0.025079562895168838,-0.000187565198423785,0.0074788065169953954,0.02489199769674201,0.025079562895168977,-0.00018756519842696648,0.007478806517122183,0.02476325445088178,0.02483982425049104,-7.65697996092593e-05,0.0030825419228860396,0.0012038590604026844,0.0012077915268456376,-3.932466442953166e-06,0.0032559149120904296,0.024140727452088416,0.024070367230702213,7.036022138620299e-05,-0.002923105439640139,0.01370251592812266,0.013739144916733871,-3.662898861121061e-05,0.002666031171022709,0.0033605011876986428,0.003288245905087704,7.225528261093879e-05,-0.02197380752429212,0.024107431711848842,0.02360101080179967,0.0005064209100491719,-0.0214575940963746,0.0241074317118502,0.023601010801799223,0.000506420910050976,-0.02145759409645165,0.02466378041983882,0.024114256409410142,0.0005495240104286779,-0.02278834566154142,0.003675859375,0.0036057031249999995,7.015625000000034e-05,-0.019457023378762095,0.05656376160913257,0.0555511658049868,0.0010125958041457689,-0.018228164782364775,0.013443217950396878,0.013462515805736623,-1.929785533974493e-05,0.0014334508956730385,0.0038469670666040844,0.0038159204266292692,3.104663997481518e-05,-0.008136081601219258,0.024511670326602994,0.02436811567323089,0.00014355465337210355,-0.005891085519172945,0.024511670326602064,0.02436811567323075,0.0001435546533713125,-0.0058910855191405265,0.02471472473044648,0.02448816750096296,0.00022655722948352122,-0.00925170205057646
P_vs_RIM,False,False,False,True,True,True,0.01930242634315431,0.020461208896358357,0.0014148245530902915,0.004144092854390852,0.004375131274478687,False,False,False,True,True,True,True,True,0.004144092854364321,0.007972633912259339,0.01930242634315431,0.020461208896358357,0.0014148245530902915,0.004375131274478687,0.004144092854390852,limited device-function signal; separate from phase reconstruction and strict usability,False,False,False,True,True,True,0.02704095470572277,0.023161863884852436,0.008158466085293003,-0.01562819430784835,-0.013770544290917943,False,False,False,False,False,False,False,0.00732267172029703,0.007129873143564357,0.000192798576732673,-0.027040954705722875,0.08402211803796795,0.08212006428674308,0.0019020537512248747,-0.02316186388485253,0.013051286778545834,0.012945669969151119,0.00010561680939471553,-0.008158466085292915,0.00446896518936352,0.00453136454553612,-6.23993561726004e-05,0.013770544290917952,0.024891997696745053,0.02528719082851269,-0.000395193131767637,0.015628194307848342,0.02489199769674201,0.0252871908285133,-0.00039519313177129034,0.01562819430799245,0.02476325445088178,0.025052263783638905,-0.00028900933275712373,0.011536256174416892,0.0012038590604026844,0.0012177537751677852,-1.3894714765100812e-05,0.011410118406889214,0.024140727452088416,0.024163324809271528,-2.259735718311215e-05,0.0009351923777658477,0.01370251592812266,0.013739138951314633,-3.6623023191972165e-05,0.002665598136953662,0.0033605011876986428,0.0032705378725802364,8.996331511840639e-05,-0.027507192585246365,0.024107431711848842,0.02345847998994399,0.0006489517219048536,-0.027663843615743255,0.0241074317118502,0.023458479989942698,0.0006489517219075008,-0.02766384361585761,0.02466378041983882,0.023948102686751623,0.0007156777330871965,-0.029884527490485313,0.003675859375,0.0036062500000000005,6.960937499999936e-05,-0.019302426343154044,0.05656376160913257,0.055429604884547234,0.0011341567245853335,-0.020461208896358496,0.013443217950396878,0.013424225027222155,1.8992923174723092e-05,-0.001414824553090277,0.0038469670666040844,0.0038302093976804903,1.675766892359409e-05,-0.004375131274478639,0.024511670326602994,0.024410510902798676,0.000101159423804318,-0.0041440928543907685,0.024511670326602064,0.024410510902798402,0.00010115942380366227,-0.004144092854364123,0.02471472473044648,0.024519241791834023,0.00019548293861245888,-0.00797263391225922
P_vs_G,False,False,False,True,True,True,0.014992665458624462,0.014023018051008444,0.0007422979506731606,-0.0021149965601181156,-0.001072298757027247,False,False,False,True,True,True,True,True,-0.0021149965600654823,-0.00043240041121158984,0.014992665458624462,0.014023018051008444,0.0007422979506731606,-0.001072298757027247,-0.0021149965601181156,limited device-function signal; separate from phase reconstruction and strict usability,False,False,False,True,True,True,0.01982171231585457,0.01581895364437682,0.0029381231926044406,-0.009338708332258559,-0.0068946728672234,False,False,False,False,False,False,False,0.00732267172029703,0.007180344987623763,0.00014232673267326659,-0.01982171231585461,0.08402211803796795,0.08271367425910706,0.0013084437788608988,-0.01581895364437691,0.013051286778545834,0.0130130528262305,3.823395231533459e-05,-0.002938123192604447,0.00446896518936352,0.004499991156291548,-3.1025966928028594e-05,0.00689467286722345,0.024891997696745053,0.025126648135045532,-0.0002346504383004787,0.009338708332258583,0.02489199769674201,0.02512664813504292,-0.0002346504383009089,0.00933870833227668,0.02476325445088178,0.02493946780794235,-0.0001762133570605666,0.007065642234933667,0.0012038590604026844,0.0012092334312080535,-5.374370805369096e-06,0.004444444444444473,0.024140727452088416,0.024149728715298746,-9.001263210330068e-06,0.000372727301264808,0.01370251592812266,0.013710754562951892,-8.23863482923154e-06,0.0006008885062747105,0.0033605011876986428,0.0033403113230376213,2.0189864661021486e-05,-0.006044306266237864,0.024107431711848842,0.023960549835681876,0.00014688187616696685,-0.006130154657312259,0.0241074317118502,0.023960549835680075,0.00014688187617012405,-0.0061301546574443755,0.02466378041983882,0.024499159958835753,0.00016462046100306632,-0.006719432881766796,0.003675859375,0.0036215625,5.429687499999966e-05,-0.014992665458624543,0.05656376160913257,0.055781536121192105,0.0007822254879404633,-0.014023018051008584,0.013443217950396878,0.01343324647906458,9.971471332297088e-06,-0.0007422979506732652,0.0038469670666040844,0.0038510965926936216,-4.129526089537237e-06,0.0010722987570273013,0.024511670326602994,0.024563622303278472,-5.195197667547807e-05,0.002114996560118265,0.024511670326602064,0.024563622303276248,-5.195197667418397e-05,0.0021149965600657517,0.02471472473044648,0.024725416010496794,-1.0691280050312973e-05,0.0004324004112113977
L_vs_D,False,False,False,True,True,True,-0.018023961015470345,-0.016871108002217222,-0.006499004048569934,-0.018794675260361864,-0.02131990853892119,False,False,False,True,True,True,True,True,-0.018794675260390963,-0.020172518850665736,-0.018023961015470345,-0.016871108002217222,-0.006499004048569934,-0.02131990853892119,-0.018794675260361864,limited device-function signal; separate from phase reconstruction and strict usability,False,False,False,True,True,True,-0.021485411140583572,-0.01780720388510814,-0.007101009066992227,-0.0046213805094458636,-0.010521366188754587,False,False,False,False,False,False,False,0.0071337407178217824,0.007290377475247525,-0.0001566367574257427,0.021485411140583555,0.08223462407391231,0.08372554186835324,-0.001490917794440924,0.017807203885108147,0.013006857115739748,0.013099879478694463,-9.302236295471479e-05,0.007101009066992181,0.004468025504303467,0.004515535102656693,-4.750959835322661e-05,0.010521366188754544,0.024968570540132733,0.025084495538905512,-0.00011592499877277965,0.004621380509445827,0.024968570540130058,0.025084495538905665,-0.00011592499877560725,0.004621380509558515,0.024737158322497014,0.024857287943693022,-0.0001201296211960079,0.004832772644711936,0.0012132969798657718,0.0012181470218120805,-4.850041946308659e-06,0.003981491445173679,0.02410419573505699,0.0243326926392658,-0.00022849690420881016,0.009390530986286505,0.013739795002352733,0.01382457800982579,-8.478300747305663e-05,0.006132773630616262,0.0032757672807905746,0.0033926320841909064,-0.00011686480340033188,0.03444664805974751,0.023508205033903197,0.024354900640557953,-0.0008466956066547557,0.03476489677173067,0.023508205033902184,0.024354900640555323,-0.0008466956066531389,0.03476489677166805,0.02401405303032621,0.024921701577924584,-0.0009076485475983734,0.036420007067348936,0.0036051562500000007,0.003671328125,-6.617187499999939e-05,0.018023961015470213,0.05548285135453666,0.05643497185988691,-0.0009521205053502554,0.016871108002217472,0.013448497994088579,0.013536471577675242,-8.797358358666324e-05,0.006499004048569956,0.0038027124440454573,0.0038855520585571114,-8.283961451165415e-05,0.021319908538921073,0.024265784189334835,0.024730587551360598,-0.0004648033620257633,0.018794675260361604,0.024265784189332947,0.024730587551359415,-0.0004648033620264676,0.018794675260390914,0.02438669709760786,0.02488876620300785,-0.0005020691053999882,0.020172518850665733
L_vs_P,False,False,False,True,True,True,-0.019234447726934726,-0.019109589317365783,0.00039276635335256814,-0.010031390516920473,-0.011503769539075613,False,False,False,True,True,True,True,True,-0.010031390516959919,-0.01327255862309958,-0.019234447726934726,-0.019109589317365783,0.00039276635335256814,-0.011503769539075613,-0.010031390516920473,limited device-function signal; separate from phase reconstruction and strict usability,False,False,False,True,True,True,-0.025800829218052622,-0.02127408836858776,-0.0034042361921830916,0.0030762032168150356,-0.00021026904892650016,False,False,False,False,False,False,False,0.0071337407178217824,0.00732267172029703,-0.00018893100247524726,0.0258008292180526,0.08223462407391231,0.08402211803796795,-0.001787493964055642,0.021274088368587796,0.013006857115739748,0.013051286778545834,-4.44296628060864e-05,0.0034042361921831077,0.004468025504303467,0.00446896518936352,-9.39685060053104e-07,0.00021026904892651466,0.024968570540132733,0.024891997696745053,7.657284338767958e-05,-0.00307620321681501,0.024968570540130058,0.02489199769674201,7.657284338804735e-05,-0.003076203216830109,0.024737158322497014,0.02476325445088178,-2.6096128384767853e-05,0.0010538246673728047,0.0012132969798657718,0.0012038590604026844,9.437919463087426e-06,-0.007839721254355503,0.02410419573505699,0.024140727452088416,-3.653171703142666e-05,0.0015132815323783966,0.013739795002352733,0.01370251592812266,3.7279074230072914e-05,-0.0027206006857152243,0.0032757672807905746,0.0033605011876986428,-8.47339069080682e-05,0.025214663580016783,0.023508205033903197,0.024107431711848842,-0.0005992266779456454,0.024856512510668005,0.023508205033902184,0.0241074317118502,-0.000599226677948015,0.024856512510764928,0.02401405303032621,0.02466378041983882,-0.0006497273895126089,0.026343382014137107,0.0036051562500000007,0.003675859375,-7.070312499999915e-05,0.01923444772693439,0.05548285135453666,0.05656376160913257,-0.0010809102545959112,0.01910958931736595,0.013448497994088579,0.013443217950396878,5.280043691701167e-06,-0.00039276635335250276,0.0038027124440454573,0.0038469670666040844,-4.425462255862713e-05,0.011503769539075615,0.024265784189334835,0.024511670326602994,-0.00024588613726815936,0.010031390516920147,0.024265784189332947,0.024511670326602064,-0.00024588613726911693,0.01003139051695967,0.02438669709760786,0.02471472473044648,-0.0003280276328386199,0.013272558623099617
L_vs_R,False,False,False,True,True,True,-0.019380339155935383,-0.017710944617114945,0.0019500314612593004,0.006383376935602458,0.0061906313605749,False,False,False,True,True,True,True,True,0.006383376935628442,0.004833098148217462,-0.019380339155935383,-0.017710944617114945,0.0019500314612593004,0.0061906313605749,0.006383376935602458,limited device-function signal; separate from phase reconstruction and strict usability,False,False,False,True,True,True,-0.02523450918219059,-0.020043592975533528,0.00010573249855837421,0.017126108983998013,0.016138935908267163,False,False,False,False,False,False,False,0.0071337407178217824,0.007318417388613862,-0.0001846766707920798,0.025234509182190612,0.08223462407391231,0.08391661453962938,-0.0016819904657170703,0.020043592975533486,0.013006857115739748,0.01300548201363149,1.3751021082572534e-06,-0.00010573249855827527,0.004468025504303467,0.0043970616088141136,7.096389548935308e-05,-0.016138935908267094,0.024968570540132733,0.024548156142677045,0.0004204143974556873,-0.017126108983998023,0.024968570540130058,0.02454815614267577,0.00042041439745428913,-0.017126108983941846,0.024737158322497014,0.024359902552367092,0.0003772557701299216,-0.015486752022875416,0.0012132969798657718,0.0012076604446308724,5.636535234899423e-06,-0.0046673179203300386,0.02410419573505699,0.024072986130130602,3.120960492638755e-05,-0.0012964575627500974,0.013739795002352733,0.01369766963355393,4.2125368798802756e-05,-0.0030753675570924788,0.0032757672807905746,0.0032953682153968053,-1.9600934606230774e-05,0.005948025630231557,0.023508205033903197,0.023646904868030776,-0.00013869983412757858,0.005865454058433306,0.023508205033902184,0.023646904868026963,-0.00013869983412477874,0.005865454058315844,0.02401405303032621,0.024174223537149972,-0.0001601705068237612,0.006625673274577637,0.0036051562500000007,0.00367640625,-7.124999999999927e-05,0.019380339155935067,0.05548285135453666,0.056483222581473314,-0.0010003712269366569,0.017710944617115087,0.013448497994088579,0.013422324039927502,2.61739541610774e-05,-0.0019500314612594938,0.0038027124440454573,0.003779316091328951,2.3396352716506356e-05,-0.00619063136057485,0.024265784189334835,0.024111869040626625,0.00015391514870820994,-0.006383376935602758,0.024265784189332947,0.024111869040624134,0.00015391514870881362,-0.006383376935628515,0.02438669709760786,0.024269400702016598,0.00011729639559126398,-0.0048330981482174185
L_vs_I,False,False,False,True,True,True,-0.020337975543478447,-0.01920704703580773,-0.0018511385439046045,-0.017732731431134123,-0.02029355668881965,False,False,False,True,True,True,True,True,-0.017732731431267634,-0.02101921357535808,-0.020337975543478447,-0.01920704703580773,-0.0018511385439046045,-0.02029355668881965,-0.017732731431134123,limited device-function signal; separate from phase reconstruction and strict usability,False,False,False,True,True,True,-0.026469268730372444,-0.020881119125173975,-0.003997770126333578,-0.011797670054787197,-0.016756412978981724,False,False,False,False,False,False,False,0.0071337407178217824,0.007327699566831684,-0.0001939588490099016,0.026469268730372475,0.08223462407391231,0.08398839577114178,-0.0017537716972294698,0.020881119125173986,0.013006857115739748,0.01305906425268701,-5.220713694726285e-05,0.003997770126333622,0.004468025504303467,0.004544169484837897,-7.614398053443043e-05,0.016756412978981672,0.024968570540132733,0.025266658237404704,-0.00029808769727197176,0.011797670054787157,0.024968570540130058,0.025266658237402772,-0.0002980876972727142,0.011797670054817466,0.024737158322497014,0.02515923485066171,-0.0004220765281646964,0.0167762068548597,0.0012132969798657718,0.0012073982802013423,5.8986996644295325e-06,-0.004885463033329707,0.02410419573505699,0.02424215583710505,-0.00013796010204806045,0.005690917217721192,0.013739795002352733,0.013747223239350218,-7.428236997484433e-06,0.0005403445385407935,0.0032757672807905746,0.003358728555924875,-8.296127513430064e-05,0.024700202398897364,0.023508205033903197,0.024101100466627588,-0.0005928954327243906,0.024600346923799754,0.023508205033902184,0.024101100466632726,-0.0005928954327305419,0.024600346924049776,0.02401405303032621,0.024646791266231705,-0.0006327382359054938,0.02567223575153177,0.0036051562500000007,0.00368,-7.484374999999939e-05,0.02033797554347805,0.05548285135453666,0.05656938213804874,-0.0010865307835120838,0.01920704703580778,0.013448497994088579,0.013473439196704552,-2.4941202615973157e-05,0.001851138543904507,0.0038027124440454573,0.0038814815090867138,-7.876906504125647e-05,0.020293556688819603,0.024265784189334835,0.02470385094342943,-0.00043806675409459664,0.017732731431133852,0.024265784189332947,0.024703850943430875,-0.0004380667540979273,0.017732731431267634,0.02438669709760786,0.024910291842060634,-0.0005235947444527725,0.021019213575358076
L_vs_RI,False,False,False,True,True,True,-0.00015166944727347195,-0.001229757278001227,-0.001041247553601424,-0.004199400777158857,-0.003461283545547883,False,False,False,True,True,True,True,True,-0.0041994007772303546,-0.004143650330352751,-0.00015166944727347195,-0.001229757278001227,-0.001041247553601424,-0.003461283545547883,-0.004199400777158857,limited device-function signal; separate from phase reconstruction and strict usability,False,False,False,True,True,True,-0.0013265112753459022,-0.0015622746381451329,-0.0028255167487436263,-0.004425609628845893,-0.00319648104232132,False,False,False,False,False,False,False,0.0071337407178217824,0.007143216274752476,-9.475556930693511e-06,0.0013265112753458874,0.08223462407391231,0.08236329816575065,-0.00012867409183833778,0.001562274638145178,0.013006857115739748,0.013043712343431909,-3.685522769216083e-05,0.0028255167487436506,0.004468025504303467,0.004482353261528931,-1.4327757225464366e-05,0.0031964810423212864,0.024968570540132733,0.025079562895168838,-0.00011099235503610541,0.004425609628845861,0.024968570540130058,0.025079562895168977,-0.00011099235503891913,0.004425609628958105,0.024737158322497014,0.02483982425049104,-0.00010266592799402716,0.004133118131542268,0.0012132969798657718,0.0012077915268456376,5.505453020134259e-06,-0.004558280876926446,0.02410419573505699,0.024070367230702213,3.382850435477633e-05,-0.0014054004257828545,0.013739795002352733,0.013739144916733871,6.500856188623033e-07,-4.7316308460443324e-05,0.0032757672807905746,0.003288245905087704,-1.2478624297129412e-05,0.003794918220021759,0.023508205033903197,0.02360101080179967,-9.280576789647346e-05,0.003932279370398639,0.023508205033902184,0.023601010801799223,-9.280576789703898e-05,0.003932279370422731,0.02401405303032621,0.024114256409410142,-0.00010020337908393101,0.004155358447827884,0.0036051562500000007,0.0036057031249999995,-5.468749999988122e-07,0.0001516694472728508,0.05548285135453666,0.0555511658049868,-6.831445045014234e-05,0.0012297572780013422,0.013448497994088579,0.013462515805736623,-1.4017811648043763e-05,0.0010412475536014654,0.0038027124440454573,0.0038159204266292692,-1.3207982583811947e-05,0.0034612835455478663,0.024265784189334835,0.02436811567323089,-0.00010233148389605581,0.004199400777158524,0.024265784189332947,0.02436811567323075,-0.00010233148389780442,0.004199400777230355,0.02438669709760786,0.02448816750096296,-0.00010147040335509866,0.004143650330352799
L_vs_RIM,False,False,False,True,True,True,-0.00030329289428082537,0.0009606142800463363,0.0018081466019232106,-0.0059288686762903955,-0.00717896876648173,False,False,False,True,True,True,True,True,-0.005928868676356269,-0.005405741961821214,-0.00030329289428082537,0.0009606142800463363,0.0018081466019232106,-0.00717896876648173,-0.0059288686762903955,limited device-function signal; separate from phase reconstruction and strict usability,False,False,False,True,True,True,0.0005424464334147008,0.0013950279771971213,0.00472645654758966,-0.012600066592636128,-0.013977917820593192,False,False,False,False,False,False,False,0.0071337407178217824,0.007129873143564357,3.867574257425746e-06,-0.0005424464334147228,0.08223462407391231,0.08212006428674308,0.00011455978716923276,-0.0013950279771970386,0.013006857115739748,0.012945669969151119,6.118714658862913e-05,-0.004726456547589741,0.004468025504303467,0.00453136454553612,-6.33390412326535e-05,0.01397791782059321,0.024968570540132733,0.02528719082851269,-0.00031862028837995743,0.012600066592636128,0.024968570540130058,0.0252871908285133,-0.000318620288383243,0.012600066592765802,0.024737158322497014,0.025052263783638905,-0.0003151054611418916,0.01257792365046384,0.0012132969798657718,0.0012177537751677852,-4.456795302013386e-06,0.003659849300322926,0.02410419573505699,0.024163324809271528,-5.912907421453881e-05,0.0024470587007898725,0.013739795002352733,0.013739138951314633,6.560510381007495e-07,-4.775052064220908e-05,0.0032757672807905746,0.0032705378725802364,5.229408210338186e-06,-0.0015989443981618834,0.023508205033903197,0.02345847998994399,4.9725043959208265e-05,-0.0021197044301473067,0.023508205033902184,0.023458479989942698,4.972504395948582e-05,-0.002119704430159297,0.02401405303032621,0.023948102686751623,6.595034357458757e-05,-0.0027538859523543735,0.0036051562500000007,0.0036062500000000005,-1.0937499999997928e-06,0.0003032928942806601,0.05548285135453666,0.055429604884547234,5.324646998942223e-05,-0.0009606142800462347,0.013448497994088579,0.013424225027222155,2.427296686642426e-05,-0.0018081466019232995,0.0038027124440454573,0.0038302093976804903,-2.7496953635033038e-05,0.007178968766481719,0.024265784189334835,0.024410510902798676,-0.00014472671346384136,0.0059288686762901666,0.024265784189332947,0.024410510902798402,-0.00014472671346545465,0.005928868676356225,0.02438669709760786,0.024519241791834023,-0.000132544694226161,0.005405741961821309
L_vs_G,False,False,False,True,True,True,-0.004530157908361597,-0.005354545382302117,0.0011353558536849157,-0.0121251707206021,-0.01256373281832498,False,False,False,True,True,True,True,True,-0.012125170720589357,-0.013699219974504712,-0.004530157908361597,-0.005354545382302117,0.0011353558536849157,-0.01256373281832498,-0.0121251707206021,limited device-function signal; separate from phase reconstruction and strict usability,False,False,False,True,True,True,-0.006490533516468784,-0.005791668541940007,-0.00047611506488800777,-0.006291232880056115,-0.00710349217984345,False,False,False,False,False,False,False,0.0071337407178217824,0.007180344987623763,-4.660426980198067e-05,0.006490533516468777,0.08223462407391231,0.08271367425910706,-0.0004790501851947432,0.0057916685419400205,0.013006857115739748,0.0130130528262305,-6.195710490751807e-06,0.00047611506488798305,0.004468025504303467,0.004499991156291548,-3.19656519880817e-05,0.007103492179843407,0.024968570540132733,0.025126648135045532,-0.0001580775949127991,0.0062912328800560635,0.024968570540130058,0.02512664813504292,-0.00015807759491286155,0.006291232880059283,0.024737158322497014,0.02493946780794235,-0.00020230948544533445,0.008112020954228472,0.0012132969798657718,0.0012092334312080535,4.06354865771833e-06,-0.0033604336043362437,0.02410419573505699,0.024149728715298746,-4.5532980241756726e-05,0.0018854447923015716,0.013739795002352733,0.013710754562951892,2.9040439400841375e-05,-0.0021180774017581783,0.0032757672807905746,0.0033403113230376213,-6.454404224704672e-05,0.019322762462856802,0.023508205033903197,0.023960549835681876,-0.00045234480177867853,0.01887873211928759,0.023508205033902184,0.023960549835680075,-0.00045234480177789096,0.01887873211925617,0.02401405303032621,0.024499159958835753,-0.0004851069285095426,0.019800961719693033,0.0036051562500000007,0.0036215625,-1.6406249999999494e-05,0.004530157908361199,0.05548285135453666,0.055781536121192105,-0.0002986847666554479,0.005354545382302067,0.013448497994088579,0.01343324647906458,1.5251515023998255e-05,-0.0011353558536848496,0.0038027124440454573,0.0038510965926936216,-4.8384148648164364e-05,0.012563732818325013,0.024265784189334835,0.024563622303278472,-0.00029783811394363743,0.01212517072060193,0.024265784189332947,0.024563622303276248,-0.0002978381139433009,0.012125170720589384,0.02438669709760786,0.024725416010496794,-0.00033871891288893285,0.013699219974504628
R_vs_D,False,False,False,True,True,True,0.001383184729640787,0.0008549791024296448,-0.008432591690732353,-0.025018350633563217,-0.027341280113387892,False,False,False,True,True,True,True,True,-0.025018350633617306,-0.02488534369037549,0.001383184729640787,0.0008549791024296448,-0.008432591690732353,-0.027341280113387892,-0.025018350633563217,limited device-function signal; separate from phase reconstruction and strict usability,False,False,False,True,True,True,0.003846153846153909,0.0022821311993009427,-0.0072059796593166615,-0.02138131083388207,-0.02623686698235972,False,False,False,False,False,False,False,0.007318417388613862,0.007290377475247525,2.8039913366337092e-05,-0.0038461538461538325,0.08391661453962938,0.08372554186835324,0.00019107267127614624,-0.002282131199300874,0.01300548201363149,0.013099879478694463,-9.439746506297204e-05,0.007205979659316686,0.0043970616088141136,0.004515535102656693,-0.00011847349384257969,0.02623686698235972,0.024548156142677045,0.025084495538905512,-0.000536339396228467,0.02138131083388206,0.02454815614267577,0.025084495538905665,-0.0005363393962298964,0.021381310833938905,0.024359902552367092,0.024857287943693022,-0.0004973853913259295,0.020009640329733958,0.0012076604446308724,0.0012181470218120805,-1.0486577181208082e-05,0.008608630151727081,0.024072986130130602,0.0243326926392658,-0.0002597065091351977,0.010673151261365477,0.01369766963355393,0.01382457800982579,-0.00012690837627185939,0.009179909591573776,0.0032953682153968053,0.0033926320841909064,-9.726386879410111e-05,0.028669147252168736,0.023646904868030776,0.024354900640557953,-0.0007079957725271771,0.02906995117640343,0.023646904868026963,0.024354900640555323,-0.0007079957725283602,0.029069951176455167,0.024174223537149972,0.024921701577924584,-0.0007474780407746122,0.029993057995555183,0.00367640625,0.003671328125,5.078124999999874e-06,-0.0013831847296406075,0.056483222581473314,0.05643497185988691,4.8250721586401424e-05,-0.0008549791024294873,0.013422324039927502,0.013536471577675242,-0.00011414753774774064,0.008432591690732516,0.003779316091328951,0.0038855520585571114,-0.00010623596722816051,0.027341280113387767,0.024111869040626625,0.024730587551360598,-0.0006187185107339732,0.02501835063356328,0.024111869040624134,0.024730587551359415,-0.0006187185107352812,0.025018350633617348,0.024269400702016598,0.02488876620300785,-0.0006193655009912521,0.02488534369037554
R_vs_P,False,False,False,True,True,True,0.00014877473379952498,-0.0014238626528376226,-0.001554234302119431,-0.016310650422809294,-0.01758553533312477,False,False,False,True,True,True,True,True,-0.016310650422873888,-0.01801857124798488,0.00014877473379952498,-0.0014238626528376226,-0.001554234302119431,-0.01758553533312477,-0.016310650422809294,limited device-function signal; separate from phase reconstruction and strict usability,False,False,False,True,True,True,-0.0005809808012252234,-0.0012556633991408865,-0.0035095976122169917,-0.013813337051407868,-0.016089536951539078,False,False,False,False,False,False,False,0.007318417388613862,0.00732267172029703,-4.254331683167453e-06,0.0005809808012252615,0.08391661453962938,0.08402211803796795,-0.00010550349833857164,0.0012556633991408495,0.01300548201363149,0.013051286778545834,-4.5804764914343654e-05,0.0035095976122170303,0.0043970616088141136,0.00446896518936352,-7.190358054940619e-05,0.01608953695153903,0.024548156142677045,0.024891997696745053,-0.00034384155406800773,0.013813337051407859,0.02454815614267577,0.02489199769674201,-0.0003438415540662418,0.013813337051338581,0.024359902552367092,0.02476325445088178,-0.00040335189851468944,0.016288323463894527,0.0012076604446308724,0.0012038590604026844,3.801384228188003e-06,-0.003157665505226559,0.024072986130130602,0.024140727452088416,-6.774132195781421e-05,0.0028061011041302653,0.01369766963355393,0.01370251592812266,-4.846294568729842e-06,0.00035367917790796177,0.0032953682153968053,0.0033605011876986428,-6.513297230183743e-05,0.019381922119314,0.023646904868030776,0.024107431711848842,-0.0004605268438180668,0.019103106847823903,0.023646904868026963,0.0241074317118502,-0.0004605268438232363,0.019103106848037288,0.024174223537149972,0.02466378041983882,-0.0004895568826888477,0.019849223207285105,0.00367640625,0.003675859375,5.468750000001132e-07,-0.00014877473379959483,0.056483222581473314,0.05656376160913257,-8.053902765925436e-05,0.0014238626528376708,0.013422324039927502,0.013443217950396878,-2.0893910469376234e-05,0.0015542343021195393,0.003779316091328951,0.0038469670666040844,-6.765097527513348e-05,0.01758553533312479,0.024111869040626625,0.024511670326602994,-0.0003998012859763693,0.016310650422809325,0.024111869040624134,0.024511670326602064,-0.00039980128597793055,0.016310650422873607,0.024269400702016598,0.02471472473044648,-0.00044532402842988386,0.018018571247984894
R_vs_L,False,False,False,True,True,True,0.019763359771161258,0.018030277869899934,-0.0019462362393615025,-0.006342887891331818,-0.006152543233486386,False,False,False,True,True,True,True,True,-0.006342887891357474,-0.004809851663051566,0.019763359771161258,0.018030277869899934,-0.0019462362393615025,-0.006152543233486386,-0.006342887891331818,limited device-function signal; separate from phase reconstruction and strict usability,False,False,False,True,True,True,0.025887774464624643,0.02045355572131394,-0.00010572132037901966,-0.016837743946131904,-0.015882607523390994,False,False,False,False,False,False,False,0.007318417388613862,0.0071337407178217824,0.0001846766707920798,-0.025887774464624647,0.08391661453962938,0.08223462407391231,0.0016819904657170703,-0.02045355572131391,0.01300548201363149,0.013006857115739748,-1.3751021082572534e-06,0.00010572132037900417,0.0043970616088141136,0.004468025504303467,-7.096389548935308e-05,0.01588260752339099,0.024548156142677045,0.024968570540132733,-0.0004204143974556873,0.01683774394613191,0.02454815614267577,0.024968570540130058,-0.00042041439745428913,0.016837743946077732,0.024359902552367092,0.024737158322497014,-0.0003772557701299216,0.015250570223614979,0.0012076604446308724,0.0012132969798657718,-5.636535234899423e-06,0.004645635263612835,0.024072986130130602,0.02410419573505699,-3.120960492638755e-05,0.0012947789368054075,0.01369766963355393,0.013739795002352733,-4.2125368798802756e-05,0.0030659386687784673,0.0032953682153968053,0.0032757672807905746,1.9600934606230774e-05,-0.005983616333544939,0.023646904868030776,0.023508205033903197,0.00013869983412757858,-0.0059000605927823635,0.023646904868026963,0.023508205033902184,0.00013869983412477874,-0.005900060592663348,0.024174223537149972,0.02401405303032621,0.0001601705068237612,-0.006669865624994165,0.00367640625,0.0036051562500000007,7.124999999999927e-05,-0.019763359771160838,0.056483222581473314,0.05548285135453666,0.0010003712269366569,-0.01803027786989997,0.013422324039927502,0.013448497994088579,-2.61739541610774e-05,0.0019462362393616317,0.003779316091328951,0.0038027124440454573,-2.3396352716506356e-05,0.006152543233486352,0.024111869040626625,0.024265784189334835,-0.00015391514870820994,0.006342887891332083,0.024111869040624134,0.024265784189332947,-0.00015391514870881362,0.006342887891357507,0.024269400702016598,0.02438669709760786,-0.00011729639559126398,0.00480985166305159
R_vs_I,False,False,False,True,True,True,-0.0009765625000000338,-0.0015230775610236462,-0.003793772030347881,-0.023963142594991164,-0.026321242937416868,False,False,False,True,True,True,True,True,-0.023963142595149027,-0.025727965939038172,-0.0009765625000000338,-0.0015230775610236462,-0.003793772030347881,-0.026321242937416868,-0.023963142594991164,limited device-function signal; separate from phase reconstruction and strict usability,False,False,False,True,True,True,-0.0012667247248832247,-0.0008546565374101755,-0.004103068797176269,-0.028436767853375646,-0.032372884971527696,False,False,False,False,False,False,False,0.007318417388613862,0.007327699566831684,-9.28217821782179e-06,0.0012667247248832059,0.08391661453962938,0.08398839577114178,-7.178123151239946e-05,0.0008546565374101256,0.01300548201363149,0.01305906425268701,-5.3582239055520106e-05,0.004103068797176257,0.0043970616088141136,0.004544169484837897,-0.00014710787602378352,0.03237288497152768,0.024548156142677045,0.025266658237404704,-0.0007185020947276591,0.028436767853375677,0.02454815614267577,0.025266658237402772,-0.0007185020947270034,0.02843676785335192,0.024359902552367092,0.02515923485066171,-0.000799332298294618,0.031770930357748695,0.0012076604446308724,0.0012073982802013423,2.621644295301099e-07,-0.00021713169037007596,0.024072986130130602,0.02424215583710505,-0.000169169706974448,0.006978327674782014,0.01369766963355393,0.013747223239350218,-4.955360579628719e-05,0.0036046265441040948,0.0032953682153968053,0.003358728555924875,-6.336034052806987e-05,0.018864382599868224,0.023646904868030776,0.024101100466627588,-0.000454195598596812,0.018845429868471375,0.023646904868026963,0.024101100466632726,-0.00045419559860576317,0.018845429868838748,0.024174223537149972,0.024646791266231705,-0.0004725677290817326,0.019173600489293396,0.00367640625,0.00368,-3.5937500000001246e-06,0.0009765625,0.056483222581473314,0.05656938213804874,-8.615955657542695e-05,0.0015230775610235447,0.013422324039927502,0.013473439196704552,-5.111515677705056e-05,0.0037937720303479194,0.003779316091328951,0.0038814815090867138,-0.00010216541775776283,0.02632124293741689,0.024111869040626625,0.02470385094342943,-0.0005919819028028066,0.023963142594991216,0.024111869040624134,0.024703850943430875,-0.0005919819028067409,0.02396314259514898,0.024269400702016598,0.024910291842060634,-0.0006408911400440365,0.025727965939038144
R_vs_RI,False,False,False,True,True,True,0.019608692826035026,0.016778347726463815,-0.002985457279239961,-0.010515652340150384,-0.009592531082376931,False,False,False,True,True,True,True,True,-0.010515652340246977,-0.008933571649971765,0.019608692826035026,0.016778347726463815,-0.002985457279239961,-0.009592531082376931,-0.010515652340150384,limited device-function signal; separate from phase reconstruction and strict usability,False,False,False,True,True,True,0.024526922764557802,0.01885932701180551,-0.0029309393517612157,-0.021188836293241753,-0.019028320111861168,False,False,False,False,False,False,False,0.007318417388613862,0.007143216274752476,0.0001752011138613863,-0.0245269227645577,0.08391661453962938,0.08236329816575065,0.0015533163738787326,-0.018859327011805593,0.01300548201363149,0.013043712343431909,-3.8230329800418086e-05,0.0029309393517612525,0.0043970616088141136,0.004482353261528931,-8.529165271481745e-05,0.019028320111861174,0.024548156142677045,0.025079562895168838,-0.0005314067524917927,0.021188836293241753,0.02454815614267577,0.025079562895168977,-0.0005314067524932083,0.02118883629329804,0.024359902552367092,0.02483982425049104,-0.00047992169812394875,0.01932065594684962,0.0012076604446308724,0.0012077915268456376,-1.3108221476516337e-07,0.0001085304970697143,0.024072986130130602,0.024070367230702213,2.6188994283887768e-06,-0.00010880180610817192,0.01369766963355393,0.013739144916733871,-4.147528317994045e-05,0.0030187674292179167,0.0032953682153968053,0.003288245905087704,7.122310309101362e-06,-0.002165990778877358,0.023646904868030776,0.02360101080179967,4.589406623110512e-05,-0.0019445805358304646,0.023646904868026963,0.023601010801799223,4.5894066227739755e-05,-0.001944580535687912,0.024174223537149972,0.024114256409410142,5.996712773983018e-05,-0.0024867914946955505,0.00367640625,0.0036057031249999995,7.070312500000045e-05,-0.01960869282603528,0.056483222581473314,0.0555511658049868,0.0009320567764865145,-0.016778347726463805,0.013422324039927502,0.013462515805736623,-4.019176580912116e-05,0.0029854572792400447,0.003779316091328951,0.0038159204266292692,-3.66043353003183e-05,0.009592531082376898,0.024111869040626625,0.02436811567323089,-0.00025624663260426575,0.010515652340150394,0.024111869040624134,0.02436811567323075,-0.00025624663260661804,0.010515652340246984,0.024269400702016598,0.02448816750096296,-0.00021876679894636264,0.008933571649971772
R_vs_RIM,False,False,False,True,True,True,0.019454072790294725,0.0190082122923413,-0.0001416087178810332,-0.012234150418286075,-0.01328734308426049,False,False,False,True,True,True,True,True,-0.012234150418377035,-0.010189592807907688,0.019454072790294725,0.0190082122923413,-0.0001416087178810332,-0.01328734308426049,-0.012234150418286075,limited device-function signal; separate from phase reconstruction and strict usability,False,False,False,True,True,True,0.02644426362896672,0.021877116980975456,0.004620235539983714,-0.029225653843777014,-0.029638519561245493,False,False,False,False,False,False,False,0.007318417388613862,0.007129873143564357,0.00018854424504950555,-0.02644426362896679,0.08391661453962938,0.08212006428674308,0.001796550252886303,-0.021877116980975497,0.01300548201363149,0.012945669969151119,5.9812044480371876e-05,-0.004620235539983808,0.0043970616088141136,0.00453136454553612,-0.0001343029367220066,0.029638519561245524,0.024548156142677045,0.02528719082851269,-0.0007390346858356447,0.029225653843777066,0.02454815614267577,0.0252871908285133,-0.0007390346858375321,0.029225653843850896,0.024359902552367092,0.025052263783638905,-0.0006923612312718132,0.027636673366180142,0.0012076604446308724,0.0012177537751677852,-1.0093330536912809e-05,0.008288482238966721,0.024072986130130602,0.024163324809271528,-9.033867914092636e-05,0.0037386692375324104,0.01369766963355393,0.013739138951314633,-4.146931776070201e-05,0.0030183345483040247,0.0032953682153968053,0.0032705378725802364,2.483034281656896e-05,-0.0075921282015241065,0.023646904868030776,0.02345847998994399,0.00018842487808678685,-0.008032271407506286,0.023646904868026963,0.023458479989942698,0.00018842487808426456,-0.00803227140739926,0.024174223537149972,0.023948102686751623,0.00022612085039834875,-0.009442119626597467,0.00367640625,0.0036062500000000005,7.015624999999947e-05,-0.01945407279029454,0.056483222581473314,0.055429604884547234,0.001053617696926079,-0.019008212292341398,0.013422324039927502,0.013424225027222155,-1.900987294653142e-06,0.0001416087178811587,0.003779316091328951,0.0038302093976804903,-5.0893306351539394e-05,0.013287343084260494,0.024111869040626625,0.024410510902798676,-0.0002986418621720513,0.012234150418286127,0.024111869040624134,0.024410510902798402,-0.0002986418621742683,0.012234150418377054,0.024269400702016598,0.024519241791834023,-0.000249841089817425,0.010189592807907877
R_vs_G,False,False,False,True,True,True,0.01514367072223654,0.012579188546487922,-0.0008130900563835996,-0.01839115001338988,-0.01863897714247265,False,False,False,True,True,True,True,True,-0.018391150013402562,-0.018443180421579396,0.01514367072223654,0.012579188546487922,-0.0008130900563835996,-0.01863897714247265,-0.01839115001338988,limited device-function signal; separate from phase reconstruction and strict usability,False,False,False,True,True,True,0.019229215480326425,0.014543426964131984,-0.0005817860497537151,-0.023023046657848146,-0.022873277724896515,False,False,False,False,False,False,False,0.007318417388613862,0.007180344987623763,0.00013807240099009913,-0.01922921548032641,0.08391661453962938,0.08271367425910706,0.0012029402805223272,-0.014543426964132022,0.01300548201363149,0.0130130528262305,-7.570812599009061e-06,0.0005817860497536742,0.0043970616088141136,0.004499991156291548,-0.00010292954747743478,0.022873277724896557,0.024548156142677045,0.025126648135045532,-0.0005784919923684864,0.023023046657848156,0.02454815614267577,0.02512664813504292,-0.0005784919923671507,0.02302304665779742,0.024359902552367092,0.02493946780794235,-0.000579565255575256,0.023238878232625493,0.0012076604446308724,0.0012092334312080535,-1.572986577181093e-06,0.0013008130081300084,0.024072986130130602,0.024149728715298746,-7.674258516814428e-05,0.003177782494903525,0.01369766963355393,0.013710754562951892,-1.3084929397961381e-05,0.0009543551624298097,0.0032953682153968053,0.0033403113230376213,-4.4943107640815945e-05,0.013454766126393736,0.023646904868030776,0.023960549835681876,-0.00031364496765109995,0.013090057189923954,0.023646904868026963,0.023960549835680075,-0.00031364496765311223,0.013090057190008997,0.024174223537149972,0.024499159958835753,-0.0003249364216857814,0.013263165848614755,0.00367640625,0.0036215625,5.484374999999977e-05,-0.015143670722236546,0.056483222581473314,0.055781536121192105,0.000701686460281209,-0.012579188546488096,0.013422324039927502,0.01343324647906458,-1.0922439137079146e-05,0.0008130900563837473,0.003779316091328951,0.0038510965926936216,-7.178050136467072e-05,0.018638977142472646,0.024111869040626625,0.024563622303278472,-0.00045175326265184737,0.01839115001338998,0.024111869040624134,0.024563622303276248,-0.0004517532626521145,0.018391150013402524,0.024269400702016598,0.024725416010496794,-0.00045601530848019683,0.01844318042157922
I_vs_D,False,False,False,True,True,True,0.0023620539229249273,0.002381684153144391,-0.004656485304090858,-0.0010811149502873688,-0.0010476116158149487,False,False,False,True,True,True,True,True,-0.0010811149501812212,0.0008648736894873843,0.0023620539229249273,0.002381684153144391,-0.004656485304090858,-0.0010476116158149487,-0.0010811149502873688,limited device-function signal; separate from phase reconstruction and strict usability,False,False,False,True,True,True,0.005119363395225528,0.0031394709060449783,-0.003115694772141491,0.007261963798182096,0.006341304303969849,False,False,False,False,False,False,False,0.007327699566831684,0.007290377475247525,3.732209158415888e-05,-0.005119363395225562,0.08398839577114178,0.08372554186835324,0.0002628539027885457,-0.00313947090604505,0.01305906425268701,0.013099879478694463,-4.081522600745194e-05,0.003115694772141464,0.004544169484837897,0.004515535102656693,2.8634382181203823e-05,-0.006341304303969952,0.025266658237404704,0.025084495538905512,0.00018216269849919212,-0.007261963798182114,0.025266658237402772,0.025084495538905665,0.00018216269849710698,-0.007261963798098847,0.02515923485066171,0.024857287943693022,0.0003019469069686885,-0.01214721845973954,0.0012073982802013423,0.0012181470218120805,-1.0748741610738192e-05,0.008823845905520211,0.02424215583710505,0.0243326926392658,-9.053680216074972e-05,0.0037207884677197267,0.013747223239350218,0.01382457800982579,-7.73547704755722e-05,0.005595452564309156,0.003358728555924875,0.0033926320841909064,-3.390352826603124e-05,0.009993281742519566,0.024101100466627588,0.024354900640557953,-0.0002538001739303651,0.010420907794947643,0.024101100466632726,0.024354900640555323,-0.000253800173922597,0.010420907794629786,0.024646791266231705,0.024921701577924584,-0.0002749103116928796,0.011030960740513462,0.00368,0.003671328125,8.671874999999999e-06,-0.0023620539229247672,0.05656938213804874,0.05643497185988691,0.00013441027816182838,-0.0023816841531441035,0.013473439196704552,0.013536471577675242,-6.303238097069008e-05,0.004656485304091018,0.0038814815090867138,0.0038855520585571114,-4.070549470397682e-06,0.001047611615814792,0.02470385094342943,0.024730587551360598,-2.673660793116664e-05,0.0010811149502873985,0.024703850943430875,0.024730587551359415,-2.6736607928540268e-05,0.0010811149501812611,0.024910291842060634,0.02488876620300785,2.1525639052784318e-05,-0.0008648736894873998
I_vs_P,False,False,False,True,True,True,0.0011264372701962348,9.936625069277688e-05,0.0022480663795816725,0.00784037212747023,0.008971858059886387,False,False,False,True,True,True,True,True,0.007840372127567058,0.007912979559640015,0.0011264372701962348,9.936625069277688e-05,0.0022480663795816725,0.008971858059886387,0.00784037212747023,limited device-function signal; separate from phase reconstruction and strict usability,False,False,False,True,True,True,0.0006866136741755225,-0.00040134987802775636,0.0005959162704141433,0.01505144525658714,0.016828122907148465,False,False,False,False,False,False,False,0.007327699566831684,0.00732267172029703,5.027846534654337e-06,-0.0006866136741754403,0.08398839577114178,0.08402211803796795,-3.372226682617219e-05,0.0004013498780277569,0.01305906425268701,0.013051286778545834,7.777474141176452e-06,-0.0005959162704141097,0.004544169484837897,0.00446896518936352,7.520429547437733e-05,-0.016828122907148524,0.025266658237404704,0.024891997696745053,0.00037466054065965135,-0.015051445256587082,0.025266658237402772,0.02489199769674201,0.00037466054066076157,-0.015051445256633489,0.02515923485066171,0.02476325445088178,0.00039598039977992855,-0.015990644548169675,0.0012073982802013423,0.0012038590604026844,3.539219798657893e-06,-0.0029398954703834246,0.02424215583710505,0.024140727452088416,0.00010142838501663379,-0.004201546337737172,0.013747223239350218,0.01370251592812266,4.470731122755735e-05,-0.0032627082108185324,0.003358728555924875,0.0033605011876986428,-1.7726317737675606e-06,0.000527490298249722,0.024101100466627588,0.024107431711848842,-6.331245221254805e-06,0.0002626262845802918,0.024101100466632726,0.0241074317118502,-6.331245217473108e-06,0.00026262628442330627,0.024646791266231705,0.02466378041983882,-1.6989153607115115e-05,0.0006888300705697459,0.00368,0.003675859375,4.140625000000238e-06,-0.0011264372701962344,0.05656938213804874,0.05656376160913257,5.620528916172596e-06,-9.936625069273397e-05,0.013473439196704552,0.013443217950396878,3.0221246307674324e-05,-0.002248066379581637,0.0038814815090867138,0.0038469670666040844,3.451444248262934e-05,-0.008971858059886317,0.02470385094342943,0.024511670326602994,0.00019218061682643728,-0.007840372127470241,0.024703850943430875,0.024511670326602064,0.00019218061682881038,-0.007840372127567274,0.024910291842060634,0.02471472473044648,0.0001955671116141526,-0.007912979559639988
I_vs_L,False,False,False,True,True,True,0.020760195899969858,0.01958318213620868,0.0018545716128996743,0.018052857912052984,0.020713915711559616,False,False,False,True,True,True,True,True,0.01805285791219136,0.021470506742142334,0.020760195899969858,0.01958318213620868,0.0018545716128996743,0.020713915711559616,0.018052857912052984,limited device-function signal; separate from phase reconstruction and strict usability,False,False,False,True,True,True,0.02718894009216598,0.021326439039268705,0.00401381644179718,0.011938516736184254,0.017041975356024905,False,False,False,False,False,False,False,0.007327699566831684,0.0071337407178217824,0.0001939588490099016,-0.02718894009216588,0.08398839577114178,0.08223462407391231,0.0017537716972294698,-0.021326439039268674,0.01305906425268701,0.013006857115739748,5.220713694726285e-05,-0.004013816441797102,0.004544169484837897,0.004468025504303467,7.614398053443043e-05,-0.01704197535602492,0.025266658237404704,0.024968570540132733,0.00029808769727197176,-0.01193851673618429,0.025266658237402772,0.024968570540130058,0.0002980876972727142,-0.011938516736215377,0.02515923485066171,0.024737158322497014,0.0004220765281646964,-0.017062450046287037,0.0012073982802013423,0.0012132969798657718,-5.8986996644295325e-06,0.0048617113223854425,0.02424215583710505,0.02410419573505699,0.00013796010204806045,-0.005723489120502467,0.013747223239350218,0.013739795002352733,7.428236997484433e-06,-0.0005406366686120379,0.003358728555924875,0.0032757672807905746,8.296127513430064e-05,-0.025325753639702686,0.024101100466627588,0.023508205033903197,0.0005928954327243906,-0.02522078703454067,0.024101100466632726,0.023508205033902184,0.0005928954327305419,-0.02522078703480357,0.024646791266231705,0.02401405303032621,0.0006327382359054938,-0.026348664888281803,0.00368,0.0036051562500000007,7.484374999999939e-05,-0.02076019589996947,0.05656938213804874,0.05548285135453666,0.0010865307835120838,-0.019583182136208688,0.013473439196704552,0.013448497994088579,2.4941202615973157e-05,-0.0018545716128994805,0.0038814815090867138,0.0038027124440454573,7.876906504125647e-05,-0.02071391571155967,0.02470385094342943,0.024265784189334835,0.00043806675409459664,-0.01805285791205269,0.024703850943430875,0.024265784189332947,0.0004380667540979273,-0.018052857912191467,0.024910291842060634,0.02438669709760786,0.0005235947444527725,-0.021470506742142348
I_vs_R,False,False,False,True,True,True,0.0009775171065493984,0.001525400864852469,0.0038082195471512877,0.02455147304447295,0.027032779288338804,False,False,False,True,True,True,True,True,0.02455147304463866,0.026407373956736535,0.0009775171065493984,0.001525400864852469,0.0038082195471512877,0.027032779288338804,0.02455147304447295,limited device-function signal; separate from phase reconstruction and strict usability,False,False,False,True,True,True,0.0012683313515655975,0.0008553876000145475,0.004119973331196701,0.029269086058913443,0.033455950612313226,False,False,False,False,False,False,False,0.007327699566831684,0.007318417388613862,9.28217821782179e-06,-0.0012683313515655659,0.08398839577114178,0.08391661453962938,7.178123151239946e-05,-0.0008553876000145788,0.01305906425268701,0.01300548201363149,5.3582239055520106e-05,-0.004119973331196736,0.004544169484837897,0.0043970616088141136,0.00014710787602378352,-0.03345595061231332,0.025266658237404704,0.024548156142677045,0.0007185020947276591,-0.02926908605891354,0.025266658237402772,0.02454815614267577,0.0007185020947270034,-0.029269086058888227,0.02515923485066171,0.024359902552367092,0.000799332298294618,-0.03281344400193209,0.0012073982802013423,0.0012076604446308724,-2.621644295301099e-07,0.00021708455443392172,0.02424215583710505,0.024072986130130602,0.000169169706974448,-0.007027366944008184,0.013747223239350218,0.01369766963355393,4.955360579628719e-05,-0.003617666882175463,0.003358728555924875,0.0032953682153968053,6.336034052806987e-05,-0.019227089777717143,0.024101100466627588,0.023646904868030776,0.000454195598596812,-0.0192074016084387,0.024101100466632726,0.023646904868026963,0.00045419559860576317,-0.019207401608820396,0.024646791266231705,0.024174223537149972,0.0004725677290817326,-0.01954841396893303,0.00368,0.00367640625,3.5937500000001246e-06,-0.0009775171065493637,0.05656938213804874,0.056483222581473314,8.615955657542695e-05,-0.001525400864852422,0.013473439196704552,0.013422324039927502,5.111515677705056e-05,-0.0038082195471513813,0.0038814815090867138,0.003779316091328951,0.00010216541775776283,-0.027032779288338693,0.02470385094342943,0.024111869040626625,0.0005919819028028066,-0.024551473044472916,0.024703850943430875,0.024111869040624134,0.0005919819028067409,-0.02455147304463856,0.024910291842060634,0.024269400702016598,0.0006408911400440365,-0.026407373956736535
I_vs_RI,False,False,False,True,True,True,0.020605377765258948,0.018329342297449026,0.0008113929911433399,0.013777645949348313,0.017180935430395446,False,False,False,True,True,True,True,True,0.013777645949413317,0.017237890139434664,0.020605377765258948,0.018329342297449026,0.0008113929911433399,0.017180935430395446,0.013777645949348313,limited device-function signal; separate from phase reconstruction and strict usability,False,False,False,True,True,True,0.025826362381223118,0.019730846646290576,0.0011769585874708737,0.007460071892716566,0.013791019962554345,False,False,False,False,False,False,False,0.007327699566831684,0.007143216274752476,0.00018448329207920808,-0.025826362381223156,0.08398839577114178,0.08236329816575065,0.001625097605391132,-0.019730846646290656,0.01305906425268701,0.013043712343431909,1.535190925510202e-05,-0.0011769585874708,0.004544169484837897,0.004482353261528931,6.181622330896606e-05,-0.013791019962554385,0.025266658237404704,0.025079562895168838,0.00018709534223586635,-0.007460071892716469,0.025266658237402772,0.025079562895168977,0.0001870953422337951,-0.007460071892633868,0.02515923485066171,0.02483982425049104,0.00031941060017066925,-0.012858810793089814,0.0012073982802013423,0.0012077915268456376,-3.9324664429527326e-07,0.00032559149120903186,0.02424215583710505,0.024070367230702213,0.00017178860640283677,-0.007136933340332163,0.013747223239350218,0.013739144916733871,8.078322616346736e-06,-0.0005879785580038543,0.003358728555924875,0.003288245905087704,7.048265083717123e-05,-0.021434726255757708,0.024101100466627588,0.02360101080179967,0.0005000896648279171,-0.02118933248358079,0.024101100466632726,0.023601010801799223,0.0005000896648335029,-0.021189332483817935,0.024646791266231705,0.024114256409410142,0.0005325348568215628,-0.02208381829322148,0.00368,0.0036057031249999995,7.429687500000058e-05,-0.02060537776525928,0.05656938213804874,0.0555511658049868,0.0010182163330619415,-0.01832934229744887,0.013473439196704552,0.013462515805736623,1.0923390967929394e-05,-0.0008113929911433004,0.0038814815090867138,0.0038159204266292692,6.556108245744452e-05,-0.01718093543039534,0.02470385094342943,0.02436811567323089,0.0003357352701985408,-0.013777645949348383,0.024703850943430875,0.02436811567323075,0.0003357352702001229,-0.01377764594941322,0.024910291842060634,0.02448816750096296,0.00042212434109767383,-0.017237890139434775
I_vs_RIM,False,False,False,True,True,True,0.02045060658578869,0.020562608300663806,0.003666071552182773,0.012016956211970296,0.013386242391153066,False,False,False,True,True,True,True,True,0.012016956212040786,0.015948700761083557,0.02045060658578869,0.020562608300663806,0.003666071552182773,0.013386242391153066,0.012016956211970296,limited device-function signal; separate from phase reconstruction and strict usability,False,False,False,True,True,True,0.027746135069162004,0.0227512179955796,0.008759244118388996,-0.0008119759623450955,0.002825846204404623,False,False,False,False,False,False,False,0.007327699566831684,0.007129873143564357,0.00019782642326732734,-0.027746135069161904,0.08398839577114178,0.08212006428674308,0.0018683314843987026,-0.022751217995579553,0.01305906425268701,0.012945669969151119,0.00011339428353589198,-0.00875924411838902,0.004544169484837897,0.00453136454553612,1.2804939301776924e-05,-0.002825846204404625,0.025266658237404704,0.02528719082851269,-2.0532591107985665e-05,0.0008119759623450573,0.025266658237402772,0.0252871908285133,-2.053259111052877e-05,0.0008119759624456435,0.02515923485066171,0.025052263783638905,0.00010697106702280482,-0.00426991620185091,0.0012073982802013423,0.0012177537751677852,-1.0355494966442919e-05,0.008503767491926828,0.02424215583710505,0.024163324809271528,7.883102783352164e-05,-0.0032624247058614664,0.013747223239350218,0.013739138951314633,8.084288035585183e-06,-0.0005884130049367275,0.003358728555924875,0.0032705378725802364,8.819068334463883e-05,-0.026965192509775804,0.024101100466627588,0.02345847998994399,0.0006426204766835988,-0.027393952078696993,0.024101100466632726,0.023458479989942698,0.0006426204766900277,-0.02739395207897255,0.024646791266231705,0.023948102686751623,0.0006986885794800814,-0.029175112058735353,0.00368,0.0036062500000000005,7.37499999999996e-05,-0.020450606585788345,0.05656938213804874,0.055429604884547234,0.001139777253501506,-0.02056260830066381,0.013473439196704552,0.013424225027222155,4.9214169482397416e-05,-0.0036660715521825704,0.0038814815090867138,0.0038302093976804903,5.127211140622343e-05,-0.013386242391153047,0.02470385094342943,0.024410510902798676,0.0002933400406307553,-0.012016956211970298,0.024703850943430875,0.024410510902798402,0.00029334004063247265,-0.012016956212040686,0.024910291842060634,0.024519241791834023,0.0003910500502266115,-0.015948700761083456
I_vs_G,False,False,False,True,True,True,0.016135991025972875,0.014123777716428346,0.0029920330653213736,0.0057087932072724685,0.007889938790613298,False,False,False,True,True,True,True,True,0.005708793207422139,0.007477157572812929,0.016135991025972875,0.014123777716428346,0.0029920330653213736,0.007889938790613298,0.0057087932072724685,limited device-function signal; separate from phase reconstruction and strict usability,False,False,False,True,True,True,0.020521935848751734,0.015411254831233368,0.0035357903384335377,0.005572175867098357,0.009817425637510847,False,False,False,False,False,False,False,0.007327699566831684,0.007180344987623763,0.00014735457920792092,-0.020521935848751838,0.08398839577114178,0.08271367425910706,0.0012747215120347266,-0.01541125483123329,0.01305906425268701,0.0130130528262305,4.6011426456511045e-05,-0.003535790338433431,0.004544169484837897,0.004499991156291548,4.417832854634873e-05,-0.009817425637510757,0.025266658237404704,0.025126648135045532,0.00014001010235917266,-0.00557217586709835,0.025266658237402772,0.02512664813504292,0.00014001010235985267,-0.005572175867126106,0.02515923485066171,0.02493946780794235,0.00021976704271936195,-0.008812018139752409,0.0012073982802013423,0.0012092334312080535,-1.835151006711203e-06,0.0015176151761515655,0.02424215583710505,0.024149728715298746,9.242712180630372e-05,-0.0038272530054448417,0.013747223239350218,0.013710754562951892,3.646867639832581e-05,-0.0026598591806805683,0.003358728555924875,0.0033403113230376213,1.8417232887253925e-05,-0.005513627655073128,0.024101100466627588,0.023960549835681876,0.00014055063094571205,-0.005865918432990336,0.024101100466632726,0.023960549835680075,0.00014055063095265094,-0.005865918433280548,0.024646791266231705,0.024499159958835753,0.0001476313073959512,-0.006025974263770939,0.00368,0.0036215625,5.8437499999999896e-05,-0.01613599102597285,0.05656938213804874,0.055781536121192105,0.0007878460168566359,-0.014123777716428254,0.013473439196704552,0.01343324647906458,4.019271763997141e-05,-0.0029920330653212535,0.0038814815090867138,0.0038510965926936216,3.0384916393092105e-05,-0.007889938790613282,0.02470385094342943,0.024563622303278472,0.0001402286401509592,-0.005708793207272356,0.024703850943430875,0.024563622303276248,0.0001402286401546264,-0.005708793207422236,0.024910291842060634,0.024725416010496794,0.00018487583156383963,-0.007477157572812976
RI_vs_D,False,False,False,True,True,True,-0.017875002659970322,-0.015660609472692974,-0.0054634452940151386,-0.014656824362822925,-0.01792065345630709,False,False,False,True,True,True,True,True,-0.014656824362781401,-0.016095562904860927,-0.017875002659970322,-0.015660609472692974,-0.0054634452940151386,-0.01792065345630709,-0.014656824362822925,limited device-function signal; separate from phase reconstruction and strict usability,False,False,False,True,True,True,-0.0201856763925729,-0.016270347998995634,-0.004287607023706113,-0.00019664113751156813,-0.007348374084887496,False,False,False,False,False,False,False,0.007143216274752476,0.007290377475247525,-0.0001471612004950492,0.02018567639257285,0.08236329816575065,0.08372554186835324,-0.0013622437026025863,0.016270347998995627,0.013043712343431909,0.013099879478694463,-5.616713526255396e-05,0.004287607023706119,0.004482353261528931,0.004515535102656693,-3.318184112776224e-05,0.007348374084887532,0.025079562895168838,0.025084495538905512,-4.932643736674236e-06,0.0001966411375116106,0.025079562895168977,0.025084495538905665,-4.932643736688114e-06,0.00019664113751216572,0.02483982425049104,0.024857287943693022,-1.746369320198074e-05,0.0007025582694918375,0.0012077915268456376,0.0012181470218120805,-1.0355494966442919e-05,0.008501022274830516,0.024070367230702213,0.0243326926392658,-0.0002623254085635865,0.01078078009912764,0.013739144916733871,0.01382457800982579,-8.543309309191893e-05,0.006179797533870324,0.003288245905087704,0.0033926320841909064,-0.00010438617910320247,0.03076849375728785,0.02360101080179967,0.024354900640557953,-0.0007538898387582822,0.03095433850807161,0.023601010801799223,0.024354900640555323,-0.0007538898387560999,0.030954338507985346,0.024114256409410142,0.024921701577924584,-0.0008074451685144424,0.03239927923820696,0.0036057031249999995,0.003671328125,-6.562500000000058e-05,0.017875002659970773,0.0555511658049868,0.05643497185988691,-0.0008838060549001131,0.0156606094726931,0.013462515805736623,0.013536471577675242,-7.395577193861948e-05,0.005463445294015101,0.0038159204266292692,0.0038855520585571114,-6.96316319278422e-05,0.017920653456307,0.02436811567323089,0.024730587551360598,-0.00036247187812970746,0.014656824362822896,0.02436811567323075,0.024730587551359415,-0.00036247187812866316,0.014656824362781373,0.02448816750096296,0.02488876620300785,-0.0004005987020448895,0.016095562904860916
RI_vs_P,False,False,False,True,True,True,-0.019085672993134965,-0.01790184696596061,0.0014355086267998213,-0.005856583882669996,-0.008070420005498421,False,False,False,True,True,True,True,True,-0.005856583882638229,-0.009166892690672845,-0.019085672993134965,-0.01790184696596061,0.0014355086267998213,-0.008070420005498421,-0.005856583882669996,limited device-function signal; separate from phase reconstruction and strict usability,False,False,False,True,True,True,-0.024506826524414303,-0.0197426571830493,-0.0005803592582439221,0.007535160524633647,0.002995787972856871,False,False,False,False,False,False,False,0.007143216274752476,0.00732267172029703,-0.00017945544554455375,0.02450682652441427,0.08236329816575065,0.08402211803796795,-0.0016588198722173042,0.01974265718304935,0.013043712343431909,0.013051286778545834,-7.574435113925568e-06,0.0005803592582439565,0.004482353261528931,0.00446896518936352,1.3388072165411262e-05,-0.0029957879728568226,0.025079562895168838,0.024891997696745053,0.000187565198423785,-0.007535160524633655,0.025079562895168977,0.02489199769674201,0.00018756519842696648,-0.007535160524762441,0.02483982425049104,0.02476325445088178,7.65697996092593e-05,-0.0030920733686736757,0.0012077915268456376,0.0012038590604026844,3.932466442953166e-06,-0.003266550522648126,0.024070367230702213,0.024140727452088416,-7.036022138620299e-05,0.002914585798039604,0.013739144916733871,0.01370251592812266,3.662898861121061e-05,-0.002673157893291256,0.003288245905087704,0.0033605011876986428,-7.225528261093879e-05,0.021501341191437318,0.02360101080179967,0.024107431711848842,-0.0005064209100491719,0.021006837895563346,0.023601010801799223,0.0241074317118502,-0.000506420910050976,0.021006837895636954,0.024114256409410142,0.02466378041983882,-0.0005495240104286779,0.02228060747681071,0.0036057031249999995,0.003675859375,-7.015625000000034e-05,0.01908567299313524,0.0555511658049868,0.05656376160913257,-0.0010125958041457689,0.017901846965960644,0.013462515805736623,0.013443217950396878,1.929785533974493e-05,-0.001435508626799864,0.0038159204266292692,0.0038469670666040844,-3.104663997481518e-05,0.008070420005498402,0.02436811567323089,0.024511670326602994,-0.00014355465337210355,0.0058565838826699634,0.02436811567323075,0.024511670326602064,-0.0001435546533713125,0.005856583882637989,0.02448816750096296,0.02471472473044648,-0.00022655722948352122,0.009166892690672834
RI_vs_L,False,False,False,True,True,True,0.00015169245438418396,0.0012312714430194754,0.001042332880162932,0.0042171101126432554,0.00347330564121247,False,False,False,True,True,True,True,True,0.0042171101127153575,0.004160891610248117,0.00015169245438418396,0.0012312714430194754,0.001042332880162932,0.00347330564121247,0.0042171101126432554,limited device-function signal; separate from phase reconstruction and strict usability,False,False,False,True,True,True,0.0013282732447818457,0.001564719159203376,0.0028335229151984684,0.004445282714831595,0.0032067312981235905,False,False,False,False,False,False,False,0.007143216274752476,0.0071337407178217824,9.475556930693511e-06,-0.0013282732447819079,0.08236329816575065,0.08223462407391231,0.00012867409183833778,-0.0015647191592034204,0.013043712343431909,0.013006857115739748,3.685522769216083e-05,-0.002833522915198561,0.004482353261528931,0.004468025504303467,1.4327757225464366e-05,-0.003206731298123655,0.025079562895168838,0.024968570540132733,0.00011099235503610541,-0.004445282714831578,0.025079562895168977,0.024968570540130058,0.00011099235503891913,-0.00444528271494482,0.02483982425049104,0.024737158322497014,0.00010266592799402716,-0.004150271694734586,0.0012077915268456376,0.0012132969798657718,-5.505453020134259e-06,0.00453759723422642,0.024070367230702213,0.02410419573505699,-3.382850435477633e-05,0.0014034280474073402,0.013739144916733871,0.013739795002352733,-6.500856188623033e-07,4.7314069733239705e-05,0.003288245905087704,0.0032757672807905746,1.2478624297129412e-05,-0.003809374484660566,0.02360101080179967,0.023508205033903197,9.280576789647346e-05,-0.003947803235620606,0.023601010801799223,0.023508205033902184,9.280576789703898e-05,-0.003947803235644809,0.024114256409410142,0.02401405303032621,0.00010020337908393101,-0.00417269750164162,0.0036057031249999995,0.0036051562500000007,5.468749999988122e-07,-0.0001516924543836229,0.0555511658049868,0.05548285135453666,6.831445045014234e-05,-0.0012312714430195992,0.013462515805736623,0.013448497994088579,1.4017811648043763e-05,-0.0010423328801629772,0.0038159204266292692,0.0038027124440454573,1.3207982583811947e-05,-0.0034733056412123986,0.02436811567323089,0.024265784189334835,0.00010233148389605581,-0.004217110112642919,0.02436811567323075,0.024265784189332947,0.00010233148389780442,-0.0042171101127153054,0.02448816750096296,0.02438669709760786,0.00010147040335509866,-0.004160891610248019
RI_vs_R,False,False,False,True,True,True,-0.01923158655276456,-0.01650148015443142,0.0029943969233316554,0.010627406451673656,0.009685438956614723,False,False,False,True,True,True,True,True,0.010627406451772313,0.009014099756002002,-0.01923158655276456,-0.01650148015443142,0.0029943969233316554,0.009685438956614723,0.010627406451673656,limited device-function signal; separate from phase reconstruction and strict usability,False,False,False,True,True,True,-0.023939754260800652,-0.018510236410278245,0.002939555009214389,0.021647522095068494,0.019397420437286206,False,False,False,False,False,False,False,0.007143216274752476,0.007318417388613862,-0.0001752011138613863,0.02393975426080064,0.08236329816575065,0.08391661453962938,-0.0015533163738787326,0.01851023641027827,0.013043712343431909,0.01300548201363149,3.8230329800418086e-05,-0.0029395550092143896,0.004482353261528931,0.0043970616088141136,8.529165271481745e-05,-0.019397420437286206,0.025079562895168838,0.024548156142677045,0.0005314067524917927,-0.021647522095068483,0.025079562895168977,0.02454815614267577,0.0005314067524932083,-0.021647522095127325,0.02483982425049104,0.024359902552367092,0.00047992169812394875,-0.019701297946173923,0.0012077915268456376,0.0012076604446308724,1.3108221476516337e-07,-0.00010854227721712739,0.024070367230702213,0.024072986130130602,-2.6188994283887768e-06,0.0001087899695630945,0.013739144916733871,0.01369766963355393,4.147528317994045e-05,-0.0030279079792041586,0.003288245905087704,0.0032953682153968053,-7.122310309101362e-06,0.0021613094026410318,0.02360101080179967,0.023646904868030776,-4.589406623110512e-05,0.0019408064813231096,0.023601010801799223,0.023646904868026963,-4.5894066227739755e-05,0.001940806481181112,0.024114256409410142,0.024174223537149972,-5.996712773983018e-05,0.002480622703255553,0.0036057031249999995,0.00367640625,-7.070312500000045e-05,0.0192315865527648,0.0555511658049868,0.056483222581473314,-0.0009320567764865145,0.016501480154431425,0.013462515805736623,0.013422324039927502,4.019176580912116e-05,-0.002994396923331699,0.0038159204266292692,0.003779316091328951,3.66043353003183e-05,-0.009685438956614778,0.02436811567323089,0.024111869040626625,0.00025624663260426575,-0.010627406451673593,0.02436811567323075,0.024111869040624134,0.00025624663260661804,-0.010627406451772403,0.02448816750096296,0.024269400702016598,0.00021876679894636264,-0.009014099756001981
RI_vs_I,False,False,False,True,True,True,-0.02018936820652166,-0.017999424681308177,-0.0008107351663117212,-0.01359040219953389,-0.016890736772534724,False,False,False,True,True,True,True,True,-0.01359040219959714,-0.016945780634529683,-0.02018936820652166,-0.017999424681308177,-0.0008107351663117212,-0.016890736772534724,-0.01359040219953389,limited device-function signal; separate from phase reconstruction and strict usability,False,False,False,True,True,True,-0.02517615390705409,-0.01934907305313137,-0.001175574984397771,-0.007404831318725435,-0.013603414994802119,False,False,False,False,False,False,False,0.007143216274752476,0.007327699566831684,-0.00018448329207920808,0.025176153907054077,0.08236329816575065,0.08398839577114178,-0.001625097605391132,0.019349073053131383,0.013043712343431909,0.01305906425268701,-1.535190925510202e-05,0.001175574984397798,0.004482353261528931,0.004544169484837897,-6.181622330896606e-05,0.01360341499480211,0.025079562895168838,0.025266658237404704,-0.00018709534223586635,0.00740483131872538,0.025079562895168977,0.025266658237402772,-0.0001870953422337951,0.007404831318644001,0.02483982425049104,0.02515923485066171,-0.00031941060017066925,0.012695560976579867,0.0012077915268456376,0.0012073982802013423,3.9324664429527326e-07,-0.00032569753555522496,0.024070367230702213,0.02424215583710505,-0.00017178860640283677,0.007086358472289667,0.013739144916733871,0.013747223239350218,-8.078322616346736e-06,0.0005876330423749687,0.003288245905087704,0.003358728555924875,-7.048265083717123e-05,0.020984920235021187,0.02360101080179967,0.024101100466627588,-0.0005000896648279171,0.02074966101736242,0.023601010801799223,0.024101100466632726,-0.0005000896648335029,0.020749661017589793,0.024114256409410142,0.024646791266231705,-0.0005325348568215628,0.021606660723872073,0.0036057031249999995,0.00368,-7.429687500000058e-05,0.02018936820652184,0.0555511658049868,0.05656938213804874,-0.0010182163330619415,0.017999424681308107,0.013462515805736623,0.013473439196704552,-1.0923390967929394e-05,0.0008107351663115825,0.0038159204266292692,0.0038814815090867138,-6.556108245744452e-05,0.01689073677253472,0.02436811567323089,0.02470385094342943,-0.0003357352701985408,0.01359040219953389,0.02436811567323075,0.024703850943430875,-0.0003357352702001229,0.013590402199597174,0.02448816750096296,0.024910291842060634,-0.00042212434109767383,0.016945780634529672
RI_vs_RIM,False,False,False,True,True,True,-0.00015164644714017218,0.0021930684999965895,0.002852364172741482,-0.0017367612556984584,-0.0037305978779839685,False,False,False,True,True,True,True,True,-0.001736761255692935,-0.0012673430579492049,-0.00015164644714017218,0.0021930684999965895,0.002852364172741482,-0.0037305978779839685,-0.0017367612556984584,limited device-function signal; separate from phase reconstruction and strict usability,False,False,False,True,True,True,0.0018714401952807783,0.0029619299634040426,0.007573371985723413,-0.008210794736034505,-0.010816009949027497,False,False,False,False,False,False,False,0.007143216274752476,0.007129873143564357,1.3343131188119257e-05,-0.001871440195280849,0.08236329816575065,0.08212006428674308,0.00024323387900757054,-0.002961929963404053,0.013043712343431909,0.012945669969151119,9.804237428078996e-05,-0.007573371985723387,0.004482353261528931,0.00453136454553612,-4.901128400718914e-05,0.010816009949027539,0.025079562895168838,0.02528719082851269,-0.00020762793334385202,0.008210794736034477,0.025079562895168977,0.0252871908285133,-0.00020762793334432386,0.008210794736053018,0.02483982425049104,0.025052263783638905,-0.00021243953314786443,0.00847985375623439,0.0012077915268456376,0.0012177537751677852,-9.962248322147645e-06,0.008180839612486501,0.024070367230702213,0.024163324809271528,-9.295757856931514e-05,0.0038470524773829284,0.013739144916733871,0.013739138951314633,5.965419238446179e-09,-4.34191637532777e-07,0.003288245905087704,0.0032705378725802364,1.7708032507467598e-05,-0.005414409860815095,0.02360101080179967,0.02345847998994399,0.00014253081185568173,-0.006075875841775824,0.023601010801799223,0.023458479989942698,0.0001425308118565248,-0.006075875841812017,0.024114256409410142,0.023948102686751623,0.00016615372265851858,-0.00693807458702933,0.0036057031249999995,0.0036062500000000005,-5.468750000009806e-07,0.0001516464471406076,0.0555511658049868,0.055429604884547234,0.00012156092043956457,-0.0021930684999966754,0.013462515805736623,0.013424225027222155,3.829077851446802e-05,-0.002852364172741373,0.0038159204266292692,0.0038302093976804903,-1.4288971051221091e-05,0.003730597877984021,0.02436811567323089,0.024410510902798676,-4.239522956778555e-05,0.001736761255698438,0.02436811567323075,0.024410510902798402,-4.239522956765024e-05,0.0017367612556928869,0.02448816750096296,0.024519241791834023,-3.107429087106234e-05,0.0012673430579493994
RI_vs_G,False,False,False,True,True,True,-0.00437915264474928,-0.004129866838102222,0.002178872152584829,-0.007959193788022222,-0.009134064861185084,False,False,False,True,True,True,True,True,-0.007959193787938197,-0.009595329333715454,-0.00437915264474928,-0.004129866838102222,0.002178872152584829,-0.009134064861185084,-0.007959193788022222,limited device-function signal; separate from phase reconstruction and strict usability,False,False,False,True,True,True,-0.005170881473701224,-0.004236011717467959,0.0023560587673638294,-0.0018739164740012135,-0.00391953987241894,False,False,False,False,False,False,False,0.007143216274752476,0.007180344987623763,-3.712871287128716e-05,0.005170881473701261,0.08236329816575065,0.08271367425910706,-0.0003503760933564054,0.004236011717468013,0.013043712343431909,0.0130130528262305,3.0659517201409026e-05,-0.002356058767363889,0.004482353261528931,0.004499991156291548,-1.763789476261733e-05,0.003919539872418887,0.025079562895168838,0.025126648135045532,-4.708523987669369e-05,0.0018739164740012582,0.025079562895168977,0.02512664813504292,-4.708523987394242e-05,0.0018739164738919012,0.02483982425049104,0.02493946780794235,-9.964355745130729e-05,0.003995416350447312,0.0012077915268456376,0.0012092334312080535,-1.4419043624159297e-06,0.001192411924119119,0.024070367230702213,0.024149728715298746,-7.936148459653306e-05,0.003286226753605681,0.013739144916733871,0.013710754562951892,2.8390353781979072e-05,-0.002070663117162974,0.003288245905087704,0.0033403113230376213,-5.206541794991731e-05,0.015586995616495347,0.02360101080179967,0.023960549835681876,-0.00035953903388220507,0.015005458403412053,0.023601010801799223,0.023960549835680075,-0.000359539033880852,0.015005458403356653,0.024114256409410142,0.024499159958835753,-0.0003849035494256116,0.015710887641549265,0.0036057031249999995,0.0036215625,-1.5859375000000682e-05,0.004379152644749529,0.0555511658049868,0.055781536121192105,-0.00023037031620530557,0.004129866838102125,0.013462515805736623,0.01343324647906458,2.9269326672042018e-05,-0.002178872152584832,0.0038159204266292692,0.0038510965926936216,-3.517616606435242e-05,0.009134064861185065,0.02436811567323089,0.024563622303278472,-0.00019550663004758162,0.007959193788022345,0.02436811567323075,0.024563622303276248,-0.00019550663004549648,0.00795919378793819,0.02448816750096296,0.024725416010496794,-0.0002372485095338342,0.009595329333715319
RIM_vs_D,False,False,False,True,True,True,-0.01772604430447077,-0.017814609314162927,-0.008292157214602948,-0.012942541211250448,-0.01424319119717904,False,False,False,True,True,True,True,True,-0.012942541211214312,-0.014847036135088648,-0.01772604430447077,-0.017814609314162927,-0.008292157214602948,-0.01424319119717904,-0.012942541211250448,limited device-function signal; separate from phase reconstruction and strict usability,False,False,False,True,True,True,-0.022015915119363412,-0.019175481529095945,-0.011771826587729224,0.008080500933048533,0.003505551948896095,False,False,False,False,False,False,False,0.007129873143564357,0.007290377475247525,-0.00016050433168316846,0.022015915119363405,0.08212006428674308,0.08372554186835324,-0.0016054775816101569,0.019175481529095983,0.012945669969151119,0.013099879478694463,-0.00015420950954334392,0.01177182658772924,0.00453136454553612,0.004515535102656693,1.58294428794269e-05,-0.003505551948896013,0.02528719082851269,0.025084495538905512,0.00020269528960717778,-0.008080500933048462,0.0252871908285133,0.025084495538905665,0.00020269528960763575,-0.00808050093306667,0.025052263783638905,0.024857287943693022,0.0001949758399458837,-0.007843809847138061,0.0012177537751677852,0.0012181470218120805,-3.9324664429527326e-07,0.0003228236306896948,0.024163324809271528,0.0243326926392658,-0.00016936782999427136,0.006960505049940946,0.013739138951314633,0.01382457800982579,-8.543905851115738e-05,0.006180229042104024,0.0032705378725802364,0.0033926320841909064,-0.00012209421161067007,0.035988049567652336,0.02345847998994399,0.024354900640557953,-0.000896420650613964,0.03680658212668564,0.023458479989942698,0.024354900640555323,-0.0008964206506126247,0.03680658212663457,0.023948102686751623,0.024921701577924584,-0.0009735988911729609,0.03906630886052198,0.0036062500000000005,0.003671328125,-6.50781249999996e-05,0.01772604430447078,0.055429604884547234,0.05643497185988691,-0.0010053669753396777,0.01781460931416312,0.013424225027222155,0.013536471577675242,-0.0001122465504530875,0.008292157214602969,0.0038302093976804903,0.0038855520585571114,-5.5342660876621114e-05,0.014243191197178984,0.024410510902798676,0.024730587551360598,-0.0003200766485619219,0.012942541211250491,0.024410510902798402,0.024730587551359415,-0.0003200766485610129,0.012942541211214298,0.024519241791834023,0.02488876620300785,-0.00036952441117382717,0.014847036135088532
RIM_vs_P,False,False,False,True,True,True,-0.01893689825933568,-0.020050942375837502,-0.0014128256526676616,-0.004126990223694698,-0.004356072883770993,False,False,False,True,True,True,True,True,-0.004126990223668385,-0.007909573776140167,-0.01893689825933568,-0.020050942375837502,-0.0014128256526676616,-0.004356072883770993,-0.004126990223694698,limited device-function signal; separate from phase reconstruction and strict usability,False,False,False,True,True,True,-0.026328993582802933,-0.02263753634924287,-0.008092444154114533,0.015876312402974133,0.01396281992106711,False,False,False,False,False,False,False,0.007129873143564357,0.00732267172029703,-0.000192798576732673,0.02632899358280294,0.08212006428674308,0.08402211803796795,-0.0019020537512248747,0.022637536349242926,0.012945669969151119,0.013051286778545834,-0.00010561680939471553,0.008092444154114586,0.00453136454553612,0.00446896518936352,6.23993561726004e-05,-0.013962819921067071,0.02528719082851269,0.024891997696745053,0.000395193131767637,-0.015876312402974158,0.0252871908285133,0.02489199769674201,0.00039519313177129034,-0.015876312403122927,0.025052263783638905,0.02476325445088178,0.00028900933275712373,-0.01167089460435733,0.0012177537751677852,0.0012038590604026844,1.3894714765100812e-05,-0.01154181184669012,0.024163324809271528,0.024140727452088416,2.259735718311215e-05,-0.000936067781220018,0.013739138951314633,0.01370251592812266,3.6623023191972165e-05,-0.002672722541180006,0.0032705378725802364,0.0033605011876986428,-8.996331511840639e-05,0.026770802952763018,0.02345847998994399,0.024107431711848842,-0.0006489517219048536,0.026919156285980184,0.023458479989942698,0.0241074317118502,-0.0006489517219075008,0.02691915628608843,0.023948102686751623,0.02466378041983882,-0.0007156777330871965,0.029017357473371197,0.0036062500000000005,0.003675859375,-6.960937499999936e-05,0.018936898259335422,0.055429604884547234,0.05656376160913257,-0.0011341567245853335,0.0200509423758376,0.013424225027222155,0.013443217950396878,-1.8992923174723092e-05,0.0014128256526676486,0.0038302093976804903,0.0038469670666040844,-1.675766892359409e-05,0.004356072883771045,0.024410510902798676,0.024511670326602994,-0.000101159423804318,0.004126990223694671,0.024410510902798402,0.024511670326602064,-0.00010115942380366227,0.004126990223668137,0.024519241791834023,0.02471472473044648,-0.00019548293861245888,0.007909573776139989
RIM_vs_L,False,False,False,True,True,True,0.00030338490876788676,-0.0009596923858360504,-0.0018048831086634122,0.00596422981159858,0.00723087902112862,False,False,False,True,True,True,True,True,0.005964229811665242,0.005435122833389319,0.00030338490876788676,-0.0009596923858360504,-0.0018048831086634122,0.00723087902112862,0.00596422981159858,limited device-function signal; separate from phase reconstruction and strict usability,False,False,False,True,True,True,-0.0005421523448088918,-0.0013930845852261288,-0.004704222245555835,0.012760854205403127,0.014176069758699287,False,False,False,False,False,False,False,0.007129873143564357,0.0071337407178217824,-3.867574257425746e-06,0.0005421523448089216,0.08212006428674308,0.08223462407391231,-0.00011455978716923276,0.0013930845852261342,0.012945669969151119,0.013006857115739748,-6.118714658862913e-05,0.004704222245555889,0.00453136454553612,0.004468025504303467,6.33390412326535e-05,-0.014176069758699228,0.02528719082851269,0.024968570540132733,0.00031862028837995743,-0.012760854205403183,0.0252871908285133,0.024968570540130058,0.000318620288383243,-0.012760854205536187,0.025052263783638905,0.024737158322497014,0.0003151054611418916,-0.012738143041083339,0.0012177537751677852,0.0012132969798657718,4.456795302013386e-06,-0.0036732929991356578,0.024163324809271528,0.02410419573505699,5.912907421453881e-05,-0.0024530614862432465,0.013739138951314633,0.013739795002352733,-6.560510381007495e-07,4.774824063880079e-05,0.0032705378725802364,0.0032757672807905746,-5.229408210338186e-06,0.001596391856345858,0.02345847998994399,0.023508205033903197,-4.9725043959208265e-05,0.002115220787273886,0.023458479989942698,0.023508205033902184,-4.972504395948582e-05,0.0021152207872857653,0.023948102686751623,0.02401405303032621,-6.595034357458757e-05,0.002746322892320685,0.0036062500000000005,0.0036051562500000007,1.0937499999997928e-06,-0.00030338490876768986,0.055429604884547234,0.05548285135453666,-5.324646998942223e-05,0.0009596923858360418,0.013424225027222155,0.013448497994088579,-2.427296686642426e-05,0.0018048831086634465,0.0038302093976804903,0.0038027124440454573,2.7496953635033038e-05,-0.007230879021128622,0.024410510902798676,0.024265784189334835,0.00014472671346384136,-0.005964229811598276,0.024410510902798402,0.024265784189332947,0.00014472671346545465,-0.005964229811665334,0.024519241791834023,0.02438669709760786,0.000132544694226161,-0.0054351228333895385
RIM_vs_R,False,False,False,True,True,True,-0.01908283394959421,-0.018653639944255986,0.00014162877375009902,0.012385678674219028,0.013466274088136242,False,False,False,True,True,True,True,True,0.012385678674312256,0.01029448946370817,-0.01908283394959421,-0.018653639944255986,0.00014162877375009902,0.013466274088136242,0.012385678674219028,limited device-function signal; separate from phase reconstruction and strict usability,False,False,False,True,True,True,-0.025762980578676258,-0.021408755140352894,-0.004598987136169257,0.030105506969251784,0.030543792348233224,False,False,False,False,False,False,False,0.007129873143564357,0.007318417388613862,-0.00018854424504950555,0.02576298057867621,0.08212006428674308,0.08391661453962938,-0.001796550252886303,0.021408755140352898,0.012945669969151119,0.01300548201363149,-5.9812044480371876e-05,0.004598987136169241,0.00453136454553612,0.0043970616088141136,0.0001343029367220066,-0.030543792348233234,0.02528719082851269,0.024548156142677045,0.0007390346858356447,-0.03010550696925174,0.0252871908285133,0.02454815614267577,0.0007390346858375321,-0.030105506969330342,0.025052263783638905,0.024359902552367092,0.0006923612312718132,-0.02842216752646798,0.0012177537751677852,0.0012076604446308724,1.0093330536912809e-05,-0.008357755345707263,0.024163324809271528,0.024072986130130602,9.033867914092636e-05,-0.0037526993391092667,0.013739138951314633,0.01369766963355393,4.146931776070201e-05,-0.003027472473063453,0.0032705378725802364,0.0032953682153968053,-2.483034281656896e-05,0.007534922106899988,0.02345847998994399,0.023646904868030776,-0.00018842487808678685,0.007968268115356003,0.023458479989942698,0.023646904868026963,-0.00018842487808426456,0.007968268115250643,0.023948102686751623,0.024174223537149972,-0.00022612085039834875,0.00935379992870733,0.0036062500000000005,0.00367640625,-7.015624999999947e-05,0.01908283394959398,0.055429604884547234,0.056483222581473314,-0.001053617696926079,0.018653639944256062,0.013424225027222155,0.013422324039927502,1.900987294653142e-06,-0.00014162877375012428,0.0038302093976804903,0.003779316091328951,5.0893306351539394e-05,-0.013466274088136165,0.024410510902798676,0.024111869040626625,0.0002986418621720513,-0.012385678674219136,0.024410510902798402,0.024111869040624134,0.0002986418621742683,-0.012385678674312173,0.024519241791834023,0.024269400702016598,0.000249841089817425,-0.010294489463708256
RIM_vs_I,False,False,False,True,True,True,-0.020040760869565345,-0.02014830656484912,-0.0036526805638783274,-0.011874263704978185,-0.0132094179210163,False,False,False,True,True,True,True,True,-0.011874263705047012,-0.015698332749612076,-0.020040760869565345,-0.02014830656484912,-0.0036526805638783274,-0.0132094179210163,-0.011874263704978185,limited device-function signal; separate from phase reconstruction and strict usability,False,False,False,True,True,True,-0.026997070699073786,-0.022245114545224556,-0.008683185972728496,0.0008126358030833402,-0.0028178832995780553,False,False,False,False,False,False,False,0.007129873143564357,0.007327699566831684,-0.00019782642326732734,0.026997070699073755,0.08212006428674308,0.08398839577114178,-0.0018683314843987026,0.022245114545224598,0.012945669969151119,0.01305906425268701,-0.00011339428353589198,0.008683185972728547,0.00453136454553612,0.004544169484837897,-1.2804939301776924e-05,0.0028178832995781056,0.02528719082851269,0.025266658237404704,2.0532591107985665e-05,-0.0008126358030833281,0.0252871908285133,0.025266658237402772,2.053259111052877e-05,-0.0008126358031841363,0.025052263783638905,0.02515923485066171,-0.00010697106702280482,0.004251761536380405,0.0012177537751677852,0.0012073982802013423,1.0355494966442919e-05,-0.008576701769623218,0.024163324809271528,0.02424215583710505,-7.883102783352164e-05,0.0032518159013260606,0.013739138951314633,0.013747223239350218,-8.084288035585183e-06,0.0005880669786786363,0.0032705378725802364,0.003358728555924875,-8.819068334463883e-05,0.026257163053283517,0.02345847998994399,0.024101100466627588,-0.0006426204766835988,0.02666353254588627,0.023458479989942698,0.024101100466632726,-0.0006426204766900277,0.026663532546147284,0.023948102686751623,0.024646791266231705,-0.0006986885794800814,0.0283480543951109,0.0036062500000000005,0.00368,-7.37499999999996e-05,0.020040760869565077,0.055429604884547234,0.05656938213804874,-0.001139777253501506,0.020148306564849117,0.013424225027222155,0.013473439196704552,-4.9214169482397416e-05,0.003652680563878241,0.0038302093976804903,0.0038814815090867138,-5.127211140622343e-05,0.013209417921016264,0.024410510902798676,0.02470385094342943,-0.0002933400406307553,0.011874263704978238,0.024410510902798402,0.024703850943430875,-0.00029334004063247265,0.011874263705046961,0.024519241791834023,0.024910291842060634,-0.0003910500502266115,0.015698332749611965
RIM_vs_RI,False,False,False,True,True,True,0.00015166944727299084,-0.0021882694751411535,-0.002844251332143404,0.001739782843133742,0.003744567353005057,False,False,False,True,True,True,True,True,0.0017397828431281995,0.0012689512545124872,0.00015166944727299084,-0.0021882694751411535,-0.002844251332143404,0.003744567353005057,0.001739782843133742,limited device-function signal; separate from phase reconstruction and strict usability,False,False,False,True,True,True,-0.0018679444489564498,-0.002953182842654972,-0.007516447135554831,0.008278770017313503,0.010934275178139661,False,False,False,False,False,False,False,0.007129873143564357,0.007143216274752476,-1.3343131188119257e-05,0.0018679444489564379,0.08212006428674308,0.08236329816575065,-0.00024323387900757054,0.002953182842655,0.012945669969151119,0.013043712343431909,-9.804237428078996e-05,0.007516447135554882,0.00453136454553612,0.004482353261528931,4.901128400718914e-05,-0.010934275178139607,0.02528719082851269,0.025079562895168838,0.00020762793334385202,-0.008278770017313475,0.0252871908285133,0.025079562895168977,0.00020762793334432386,-0.008278770017332349,0.025052263783638905,0.02483982425049104,0.00021243953314786443,-0.008552376659575867,0.0012177537751677852,0.0012077915268456376,9.962248322147645e-06,-0.0082483177772954,0.024163324809271528,0.024070367230702213,9.295757856931514e-05,-0.0038619094456833203,0.013739138951314633,0.013739144916733871,-5.965419238446179e-09,4.341914489058851e-07,0.0032705378725802364,0.003288245905087704,-1.7708032507467598e-05,0.005385251899825638,0.02345847998994399,0.02360101080179967,-0.00014253081185568173,0.0060391825186069115,0.023458479989942698,0.023601010801799223,-0.0001425308118565248,0.006039182518642772,0.023948102686751623,0.024114256409410142,-0.00016615372265851858,0.00689026938411752,0.0036062500000000005,0.0036057031249999995,5.468750000009806e-07,-0.00015166944727340592,0.055429604884547234,0.0555511658049868,-0.00012156092043956457,0.00218826947514128,0.013424225027222155,0.013462515805736623,-3.829077851446802e-05,0.002844251332143388,0.0038302093976804903,0.0038159204266292692,1.4288971051221091e-05,-0.0037445673530049906,0.024410510902798676,0.02436811567323089,4.239522956778555e-05,-0.001739782843133808,0.024410510902798402,0.02436811567323075,4.239522956765024e-05,-0.001739782843128257,0.024519241791834023,0.02448816750096296,3.107429087106234e-05,-0.0012689512545125403
RIM_vs_G,False,False,False,True,True,True,-0.004228147381137442,-0.006309099051705158,-0.0006715764395811346,-0.006233258213686058,-0.005423700629259452,False,False,False,True,True,True,True,True,-0.006233258213607385,-0.008338554084398446,-0.004228147381137442,-0.006309099051705158,-0.0006715764395811346,-0.005423700629259452,-0.006233258213686058,limited device-function signal; separate from phase reconstruction and strict usability,False,False,False,True,True,True,-0.007029167003312662,-0.00717668484299762,-0.005178097559364153,0.006389339819792379,0.006971877978184002,False,False,False,False,False,False,False,0.007129873143564357,0.007180344987623763,-5.047184405940642e-05,0.007029167003312686,0.08212006428674308,0.08271367425910706,-0.000593609972363976,0.007176684842997605,0.012945669969151119,0.0130130528262305,-6.738285707938094e-05,0.005178097559364159,0.00453136454553612,0.004499991156291548,3.137338924457181e-05,-0.0069718779781839935,0.02528719082851269,0.025126648135045532,0.00016054269346715833,-0.0063893398197922835,0.0252871908285133,0.02512664813504292,0.00016054269347038144,-0.006389339819921291,0.025052263783638905,0.02493946780794235,0.00011279597569655714,-0.0045227900035875734,0.0012177537751677852,0.0012092334312080535,8.520343959731716e-06,-0.007046070460704712,0.024163324809271528,0.024149728715298746,1.359609397278208e-05,-0.0005629915819371778,0.013739138951314633,0.013710754562951892,2.8384388362740626e-05,-0.0020702280266498008,0.0032705378725802364,0.0033403113230376213,-6.97734504573849e-05,0.02088830761856475,0.02345847998994399,0.023960549835681876,-0.0005020698457378868,0.020954020219945413,0.023458479989942698,0.023960549835680075,-0.0005020698457373768,0.02095402021992565,0.023948102686751623,0.024499159958835753,-0.0005510572720841302,0.022492904777552947,0.0036062500000000005,0.0036215625,-1.53124999999997e-05,0.004228147381137193,0.055429604884547234,0.055781536121192105,-0.00035193123664487014,0.00630909905170518,0.013424225027222155,0.01343324647906458,-9.021451842426004e-06,0.0006715764395811563,0.0038302093976804903,0.0038510965926936216,-2.0887195013131327e-05,0.005423700629259454,0.024410510902798676,0.024563622303278472,-0.00015311140047979607,0.006233258213686255,0.024410510902798402,0.024563622303276248,-0.00015311140047784624,0.006233258213607429,0.024519241791834023,0.024725416010496794,-0.00020617421866277186,0.008338554084398209
G_vs_D,False,False,False,True,True,True,-0.01355521035047747,-0.011578560547830194,-0.007625702016831583,-0.0067513660051697144,-0.008867585698050113,False,False,False,True,True,True,True,True,-0.0067513660052119845,-0.006563209729990983,-0.01355521035047747,-0.011578560547830194,-0.007625702016831583,-0.008867585698050113,-0.0067513660051697144,limited device-function signal; separate from phase reconstruction and strict usability,False,False,False,True,True,True,-0.015092838196286425,-0.012085530731317354,-0.006628049716425036,0.0016804243112898837,-0.003442326548629797,False,False,False,False,False,False,False,0.007180344987623763,0.007290377475247525,-0.00011003248762376204,0.015092838196286373,0.08271367425910706,0.08372554186835324,-0.001011867609246181,0.012085530731317351,0.0130130528262305,0.013099879478694463,-8.682665246396298e-05,0.006628049716425055,0.004499991156291548,0.004515535102656693,-1.554394636514491e-05,0.0034423265486297483,0.025126648135045532,0.025084495538905512,4.2152596140019455e-05,-0.0016804243112897854,0.02512664813504292,0.025084495538905665,4.2152596137254306e-05,-0.0016804243111796513,0.02493946780794235,0.024857287943693022,8.217986424932655e-05,-0.0033060671958855536,0.0012092334312080535,0.0012181470218120805,-8.913590604026989e-06,0.007317335628968191,0.024149728715298746,0.0243326926392658,-0.00018296392396705344,0.007519263349909933,0.013710754562951892,0.01382457800982579,-0.000113823446873898,0.008233412028417653,0.0033403113230376213,0.0033926320841909064,-5.232076115328516e-05,0.015421878899598673,0.023960549835681876,0.024354900640557953,-0.00039435080487607715,0.016191846178972624,0.023960549835680075,0.024354900640555323,-0.00039435080487524796,0.016191846178940317,0.024499159958835753,0.024921701577924584,-0.0004225416190888308,0.01695476602059609,0.0036215625,0.003671328125,-4.97656249999999e-05,0.013555210350477687,0.055781536121192105,0.05643497185988691,-0.0006534357386948075,0.011578560547830463,0.01343324647906458,0.013536471577675242,-0.0001032250986106615,0.007625702016831548,0.0038510965926936216,0.0038855520585571114,-3.445546586348979e-05,0.008867585698050018,0.024563622303278472,0.024730587551360598,-0.00016696524808212584,0.006751366005169568,0.024563622303276248,0.024730587551359415,-0.00016696524808316668,0.006751366005211978,0.024725416010496794,0.02488876620300785,-0.00016335019251105531,0.006563209729991137
G_vs_P,False,False,False,True,True,True,-0.014771205712949686,-0.013829092438119627,-0.0007417473531330127,0.002119479251444162,0.0010734498159306006,False,False,False,True,True,True,True,True,0.002119479251391305,0.00043258746220813365,-0.014771205712949686,-0.013829092438119627,-0.0007417473531330127,0.0010734498159306006,0.002119479251444162,limited device-function signal; separate from phase reconstruction and strict usability,False,False,False,True,True,True,-0.01943644862281132,-0.01557261122921989,-0.0029295159139545467,0.009426741925625448,0.0069425394052906875,False,False,False,False,False,False,False,0.007180344987623763,0.00732267172029703,-0.00014232673267326659,0.019436448622811353,0.08271367425910706,0.08402211803796795,-0.0013084437788608988,0.015572611229219935,0.0130130528262305,0.013051286778545834,-3.823395231533459e-05,0.002929515913954517,0.004499991156291548,0.00446896518936352,3.1025966928028594e-05,-0.00694253940529066,0.025126648135045532,0.024891997696745053,0.0002346504383004787,-0.009426741925625537,0.02512664813504292,0.02489199769674201,0.0002346504383009089,-0.009426741925643967,0.02493946780794235,0.02476325445088178,0.0001762133570605666,-0.007115920785375263,0.0012092334312080535,0.0012038590604026844,5.374370805369096e-06,-0.004464285714285587,0.024149728715298746,0.024140727452088416,9.001263210330068e-06,-0.00037286627870658506,0.013710754562951892,0.01370251592812266,8.23863482923154e-06,-0.0006012497903631342,0.0033403113230376213,0.0033605011876986428,-2.0189864661021486e-05,0.00600799212180847,0.023960549835681876,0.024107431711848842,-0.00014688187616696685,0.006092804821459907,0.023960549835680075,0.0241074317118502,-0.00014688187617012405,0.0060928048215904695,0.024499159958835753,0.02466378041983882,-0.00016462046100306632,0.00667458346615224,0.0036215625,0.003675859375,-5.429687499999966e-05,0.014771205712949653,0.055781536121192105,0.05656376160913257,-0.0007822254879404633,0.013829092438119694,0.01343324647906458,0.013443217950396878,-9.971471332297088e-06,0.0007417473531330376,0.0038510965926936216,0.0038469670666040844,4.129526089537237e-06,-0.001073449815930605,0.024563622303278472,0.024511670326602994,5.195197667547807e-05,-0.0021194792514442895,0.024563622303276248,0.024511670326602064,5.195197667418397e-05,-0.002119479251391665,0.024725416010496794,0.02471472473044648,1.0691280050312973e-05,-0.0004325874622079784
G_vs_L,False,False,False,True,True,True,0.004550773631517579,0.0053833708860210805,-0.0011340682826217626,0.012273995005467208,0.012723588585807353,False,False,False,True,True,True,True,True,0.012273995005454149,0.013889495224925802,0.004550773631517579,0.0053833708860210805,-0.0011340682826217626,0.012723588585807353,0.012273995005467208,limited device-function signal; separate from phase reconstruction and strict usability,False,False,False,True,True,True,0.0065329357549472064,0.005825407370552017,0.0004763418584228396,0.0063310630722217855,0.007154312784762162,False,False,False,False,False,False,False,0.007180344987623763,0.0071337407178217824,4.660426980198067e-05,-0.006532935754947289,0.08271367425910706,0.08223462407391231,0.0004790501851947432,-0.005825407370551927,0.0130130528262305,0.013006857115739748,6.195710490751807e-06,-0.00047634185842282406,0.004499991156291548,0.004468025504303467,3.19656519880817e-05,-0.007154312784762196,0.025126648135045532,0.024968570540132733,0.0001580775949127991,-0.006331063072221754,0.02512664813504292,0.024968570540130058,0.00015807759491286155,-0.006331063072224863,0.02493946780794235,0.024737158322497014,0.00020230948544533445,-0.00817836401448524,0.0012092334312080535,0.0012132969798657718,-4.06354865771833e-06,0.0033491789109768577,0.024149728715298746,0.02410419573505699,4.5532980241756726e-05,-0.0018890064095993253,0.013710754562951892,0.013739795002352733,-2.9040439400841375e-05,0.0021136006320231493,0.0033403113230376213,0.0032757672807905746,6.454404224704672e-05,-0.019703488286710646,0.023960549835681876,0.023508205033903197,0.00045234480177867853,-0.019241996618895918,0.023960549835680075,0.023508205033902184,0.00045234480177789096,-0.019241996618863277,0.024499159958835753,0.02401405303032621,0.0004851069285095426,-0.020200960158492265,0.0036215625,0.0036051562500000007,1.6406249999999494e-05,-0.004550773631517124,0.055781536121192105,0.05548285135453666,0.0002986847666554479,-0.005383370886021144,0.01343324647906458,0.013448497994088579,-1.5251515023998255e-05,0.0011340682826217474,0.0038510965926936216,0.0038027124440454573,4.8384148648164364e-05,-0.012723588585807244,0.024563622303278472,0.024265784189334835,0.00029783811394363743,-0.012273995005467109,0.024563622303276248,0.024265784189332947,0.0002978381139433009,-0.01227399500545423,0.024725416010496794,0.02438669709760786,0.00033871891288893285,-0.013889495224925552
G_vs_R,False,False,False,True,True,True,-0.014917761060818503,-0.012422918314709572,0.000813751709807209,0.018735721477695266,0.018992986992900605,False,False,False,True,True,True,True,True,0.018735721477708425,0.018789722666794528,-0.014917761060818503,-0.012422918314709572,0.000813751709807209,0.018992986992900605,0.018735721477695266,limited device-function signal; separate from phase reconstruction and strict usability,False,False,False,True,True,True,-0.018866428854538264,-0.01433494769923353,0.0005821247217960728,0.02356559853237923,0.0234087116885303,False,False,False,False,False,False,False,0.007180344987623763,0.007318417388613862,-0.00013807240099009913,0.018866428854538264,0.08271367425910706,0.08391661453962938,-0.0012029402805223272,0.014334947699233491,0.0130130528262305,0.01300548201363149,7.570812599009061e-06,-0.0005821247217960845,0.004499991156291548,0.0043970616088141136,0.00010292954747743478,-0.023408711688530204,0.025126648135045532,0.024548156142677045,0.0005784919923684864,-0.023565598532379273,0.02512664813504292,0.02454815614267577,0.0005784919923671507,-0.023565598532325982,0.02493946780794235,0.024359902552367092,0.000579565255575256,-0.023791772332805827,0.0012092334312080535,0.0012076604446308724,1.572986577181093e-06,-0.0013025073266035303,0.024149728715298746,0.024072986130130602,7.674258516814428e-05,-0.003187912988995123,0.013710754562951892,0.01369766963355393,1.3084929397961381e-05,-0.0009552668262569064,0.0033403113230376213,0.0032953682153968053,4.4943107640815945e-05,-0.013638265803144645,0.023960549835681876,0.023646904868030776,0.00031364496765109995,-0.013263679513301874,0.023960549835680075,0.023646904868026963,0.00031364496765311223,-0.013263679513389137,0.024499159958835753,0.024174223537149972,0.0003249364216857814,-0.013441441922071862,0.0036215625,0.00367640625,-5.484374999999977e-05,0.014917761060818546,0.055781536121192105,0.056483222581473314,-0.000701686460281209,0.012422918314709652,0.01343324647906458,0.013422324039927502,1.0922439137079146e-05,-0.0008137517098072422,0.0038510965926936216,0.003779316091328951,7.178050136467072e-05,-0.01899298699290064,0.024563622303278472,0.024111869040626625,0.00045175326265184737,-0.01873572147769531,0.024563622303276248,0.024111869040624134,0.0004517532626521145,-0.01873572147770841,0.024725416010496794,0.024269400702016598,0.00045601530848019683,-0.01878972266679435
G_vs_I,False,False,False,True,True,True,-0.01587975543478258,-0.013927074807605655,-0.002983107509016986,-0.0056763878826859475,-0.007828174969263597,False,False,False,True,True,True,True,True,-0.005676387882833923,-0.007421664617018908,-0.01587975543478258,-0.013927074807605655,-0.002983107509016986,-0.007828174969263597,-0.0056763878826859475,limited device-function signal; separate from phase reconstruction and strict usability,False,False,False,True,True,True,-0.020109255007521195,-0.015177352779879121,-0.0035233325731622626,-0.005541298775787532,-0.009721980813821845,False,False,False,False,False,False,False,0.007180344987623763,0.007327699566831684,-0.00014735457920792092,0.020109255007521143,0.08271367425910706,0.08398839577114178,-0.0012747215120347266,0.015177352779879083,0.0130130528262305,0.01305906425268701,-4.6011426456511045e-05,0.0035233325731622855,0.004499991156291548,0.004544169484837897,-4.417832854634873e-05,0.009721980813821807,0.025126648135045532,0.025266658237404704,-0.00014001010235917266,0.005541298775787573,0.02512664813504292,0.025266658237402772,-0.00014001010235985267,0.005541298775814885,0.02493946780794235,0.02515923485066171,-0.00021976704271936195,0.008735044766815747,0.0012092334312080535,0.0012073982802013423,1.835151006711203e-06,-0.0015199218325911978,0.024149728715298746,0.02424215583710505,-9.242712180630372e-05,0.0038126609872226602,0.013710754562951892,0.013747223239350218,-3.646867639832581e-05,0.0026528030980058626,0.0033403113230376213,0.003358728555924875,-1.8417232887253925e-05,0.005483394260832886,0.023960549835681876,0.024101100466627588,-0.00014055063094571205,0.005831710097235154,0.023960549835680075,0.024101100466632726,-0.00014055063095265094,0.005831710097521814,0.024499159958835753,0.024646791266231705,-0.0001476313073959512,0.0059898794046354675,0.0036215625,0.00368,-5.8437499999999896e-05,0.015879755434782594,0.055781536121192105,0.05656938213804874,-0.0007878460168566359,0.013927074807605688,0.01343324647906458,0.013473439196704552,-4.019271763997141e-05,0.002983107509016869,0.0038510965926936216,0.0038814815090867138,-3.0384916393092105e-05,0.00782817496926358,0.024563622303278472,0.02470385094342943,-0.0001402286401509592,0.005676387882685763,0.024563622303276248,0.024703850943430875,-0.0001402286401546264,0.0056763878828339775,0.024725416010496794,0.024910291842060634,-0.00018487583156383963,0.007421664617019097
G_vs_RI,False,False,False,True,True,True,0.004398413970922749,0.004146993368492589,-0.0021741349903982897,0.008023050804143549,0.009218265092447095,False,False,False,True,True,True,True,True,0.00802305080405817,0.009688291683095856,0.004398413970922749,0.004146993368492589,-0.0021741349903982897,0.009218265092447095,0.008023050804143549,limited device-function signal; separate from phase reconstruction and strict usability,False,False,False,True,True,True,0.005197758466661257,0.004254031846215008,-0.002350520802219888,0.0018774346296826362,0.003934963117253513,False,False,False,False,False,False,False,0.007180344987623763,0.007143216274752476,3.712871287128716e-05,-0.005197758466661151,0.08271367425910706,0.08236329816575065,0.0003503760933564054,-0.004254031846214978,0.0130130528262305,0.013043712343431909,-3.0659517201409026e-05,0.0023505208022198687,0.004499991156291548,0.004482353261528931,1.763789476261733e-05,-0.003934963117253609,0.025126648135045532,0.025079562895168838,4.708523987669369e-05,-0.001877434629682595,0.02512664813504292,0.025079562895168977,4.708523987394242e-05,-0.001877434629572905,0.02493946780794235,0.02483982425049104,9.964355745130729e-05,-0.004011443738348497,0.0012092334312080535,0.0012077915268456376,1.4419043624159297e-06,-0.0011938354677663021,0.024149728715298746,0.024070367230702213,7.936148459653306e-05,-0.0032970616457943525,0.013710754562951892,0.013739144916733871,-2.8390353781979072e-05,0.002066384331342208,0.0033403113230376213,0.003288245905087704,5.206541794991731e-05,-0.01583379693999154,0.023960549835681876,0.02360101080179967,0.00035953903388220507,-0.015234052342147475,0.023960549835680075,0.023601010801799223,0.000359539033880852,-0.01523405234209041,0.024499159958835753,0.024114256409410142,0.0003849035494256116,-0.015961659480215662,0.0036215625,0.0036057031249999995,1.5859375000000682e-05,-0.004398413970922999,0.055781536121192105,0.0555511658049868,0.00023037031620530557,-0.0041469933684925575,0.01343324647906458,0.013462515805736623,-2.9269326672042018e-05,0.002174134990398313,0.0038510965926936216,0.0038159204266292692,3.517616606435242e-05,-0.009218265092447053,0.024563622303278472,0.02436811567323089,0.00019550663004758162,-0.008023050804143672,0.024563622303276248,0.02436811567323075,0.00019550663004549648,-0.008023050804058185,0.024725416010496794,0.02448816750096296,0.0002372485095338342,-0.009688291683095818
G_vs_RIM,False,False,False,True,True,True,0.004246100519930834,0.006349156509015314,0.0006720277575898765,0.006272355424655953,0.00545327757427055,False,False,False,True,True,True,True,True,0.00627235542457629,0.008408670235938692,0.004246100519930834,0.006349156509015314,0.0006720277575898765,0.00545327757427055,0.006272355424655953,limited device-function signal; separate from phase reconstruction and strict usability,False,False,False,True,True,True,0.007078925956061906,0.00722856195400963,0.005205049815108133,-0.0063487753367265165,-0.006923607431999255,False,False,False,False,False,False,False,0.007180344987623763,0.007129873143564357,5.047184405940642e-05,-0.0070789259560619655,0.08271367425910706,0.08212006428674308,0.000593609972363976,-0.00722856195400956,0.0130130528262305,0.012945669969151119,6.738285707938094e-05,-0.005205049815108165,0.004499991156291548,0.00453136454553612,-3.137338924457181e-05,0.006923607431999268,0.025126648135045532,0.02528719082851269,-0.00016054269346715833,0.006348775336726509,0.02512664813504292,0.0252871908285133,-0.00016054269347038144,0.006348775336853851,0.02493946780794235,0.025052263783638905,-0.00011279597569655714,0.0045024264741384545,0.0012092334312080535,0.0012177537751677852,-8.520343959731716e-06,0.006996770721205747,0.024149728715298746,0.024163324809271528,-1.359609397278208e-05,0.0005626748007611093,0.013710754562951892,0.013739138951314633,-2.8384388362740626e-05,0.0020659510369115397,0.0033403113230376213,0.0032705378725802364,6.97734504573849e-05,-0.021333937467092667,0.023960549835681876,0.02345847998994399,0.0005020698457378868,-0.021402488394521413,0.023960549835680075,0.023458479989942698,0.0005020698457373768,-0.021402488394500763,0.024499159958835753,0.023948102686751623,0.0005510572720841302,-0.023010477251251382,0.0036215625,0.0036062500000000005,1.53124999999997e-05,-0.0042461005199305735,0.055781536121192105,0.055429604884547234,0.00035193123664487014,-0.006349156509015241,0.01343324647906458,0.013424225027222155,9.021451842426004e-06,-0.0006720277575897882,0.0038510965926936216,0.0038302093976804903,2.0887195013131327e-05,-0.00545327757427061,0.024563622303278472,0.024410510902798676,0.00015311140047979607,-0.006272355424656206,0.024563622303276248,0.024410510902798402,0.00015311140047784624,-0.00627235542457627,0.024725416010496794,0.024519241791834023,0.00020617421866277186,-0.008408670235938498
